path,batch,status,arm,seed,data_config,train_fraction,device,phase0_optimizer,method,conversion,activation,c1,c2,c3,c4,restart_every,stop_lr,epochs,stop_reason,params_base,params_clean,params_live_selected_numel,single_dendrite_clean_missing_coefficients,params_pai_count,params_numel,clean_error,base_conv_linear_macs,selected_conv_linear_macs_proxy,selected_conv_linear_plus_top_macs_proxy,dendrites_attempted,dendrites_retained,val_accuracy,test_accuracy,test_samples,train_acc_at_best_val,seconds_total,epochs_sha256,result_sha256
outputs/pai-faithful/gd-all-max1-tanh-sw25-c4x8-seed0,pai-faithful,evaluated,gd-all-max1-tanh-sw25-c4x8,0,configs/data/speech_commands_v2_mfcc32_paper.yaml,1.0,mps,tracked,gd,all,tanh,4,8,0,0,0,0,176,pai_training_complete,10332,20664,20688,24,20688,20688,,160068,320136,328256,1,1,0.7363329583802025,0.7079754601226994,4890,0.7226390054979281,625.4634732500417,5db9977813fd426c0d5f066ece42958fe093c1d98a9783f29b4daeec259ad39b,75823f14f922d8d584c47bd45315823fe0f15abdbd03dded7544113e92a7a15e
outputs/pai-faithful/gd-all-max1-tanh-sw25-c4x8-seed1,pai-faithful,evaluated,gd-all-max1-tanh-sw25-c4x8,1,configs/data/speech_commands_v2_mfcc32_paper.yaml,1.0,mps,tracked,gd,all,tanh,4,8,0,0,0,0,221,pai_training_complete,10332,20664,20688,24,20688,20688,,160068,320136,328256,1,1,0.7734533183352081,0.7423312883435583,4890,0.7376161200335835,769.7189978749957,fe1c59287de89b5120fbde66288f4c08d7dc9db1aca21a70b411e7dc8bb001fc,d905bd1182086e825b5aaa86dd8c4c2c0e9e12fe888e02ed0f621533722f7157
outputs/pai-faithful/gd-all-max1-tanh-sw25-c4x8-seed2,pai-faithful,evaluated,gd-all-max1-tanh-sw25-c4x8,2,configs/data/speech_commands_v2_mfcc32_paper.yaml,1.0,mps,tracked,gd,all,tanh,4,8,0,0,0,0,200,pai_training_complete,10332,20664,20688,24,20688,20688,,160068,320136,328256,1,1,0.7712035995500562,0.7382413087934561,4890,0.7344744468217642,703.9227687499952,2bd6fbe25fd60c1e3aea3b74232e154e5c747839e28b2b8a01a05c46562dced5,852d6374342694cfe1173eb32127396e8c4124419ecf5a8c7445e421963a030d
outputs/pai-faithful/gd-all-max1-tanh-sw25-c4x8-seed3,pai-faithful,evaluated,gd-all-max1-tanh-sw25-c4x8,3,configs/data/speech_commands_v2_mfcc32_paper.yaml,1.0,mps,tracked,gd,all,tanh,4,8,0,0,0,0,159,pai_training_complete,10332,20664,20688,24,20688,20688,,160068,320136,328256,1,1,0.7829021372328459,0.7521472392638037,4890,0.7530536521951088,2107.023804458091,1a04c05344064b7d36747659945e2f5fe6c7a2067ebe31c67b11373d5aca9d67,8979b93d0d77dc2cf1d52cf09c8b4022956794c104f45b585bb2caf99151103b
outputs/pai-faithful/gd-all-max1-tanh-sw25-c4x8-seed4,pai-faithful,evaluated,gd-all-max1-tanh-sw25-c4x8,4,configs/data/speech_commands_v2_mfcc32_paper.yaml,1.0,mps,tracked,gd,all,tanh,4,8,0,0,0,0,76,pai_training_complete,10332,20664,20688,24,20688,20688,,160068,320136,328256,1,1,0.7235095613048369,0.7,4890,0.6618097121035669,733.6557831669925,eb7ac379d57b7a9995fdfd834e7fc9d4e457efc3957122a76d980235f27eb2b5,6213fbb3b41543de777e91d7699efd9a58cc400a8205ca16aeec97d5ee615b1d
outputs/pai-faithful/none-c12x24-seed0,pai-faithful,evaluated,none-c12x24,0,configs/data/speech_commands_v2_mfcc32_paper.yaml,1.0,mps,tracked,none,all,tanh,12,24,0,0,0,0,600,epoch_cap,32700,32700,32700,0,32700,32700,,1097100,1097100,1097100,0,0,0.8465691788526434,0.8190184049079755,4890,0.7901578961622837,2024.9008758750279,af417d92147fcf72e0f70b2856843393c16e5daf9cbc839bf6b3c0b7f2233d7c,d00a2ad00f54847d9225d5c7aabd348a9b01863c2f01b697a92b8410b630a14e
outputs/pai-faithful/none-c12x24-seed1,pai-faithful,evaluated,none-c12x24,1,configs/data/speech_commands_v2_mfcc32_paper.yaml,1.0,mps,tracked,none,all,tanh,12,24,0,0,0,0,600,epoch_cap,32700,32700,32700,0,32700,32700,,1097100,1097100,1097100,0,0,0.8535433070866142,0.8406952965235174,4890,0.8068412642526338,2826.2821942080045,150001a81eaac6c92dd404a0a096424304746e66b403c248f7198683a118f62c,cac3d88ea9349e0f1dda0d37b89994bcc4d7c916ab84612d28c18db3393bd432
outputs/pai-faithful/none-c12x24-seed2,pai-faithful,evaluated,none-c12x24,2,configs/data/speech_commands_v2_mfcc32_paper.yaml,1.0,mps,tracked,none,all,tanh,12,24,0,0,0,0,600,epoch_cap,32700,32700,32700,0,32700,32700,,1097100,1097100,1097100,0,0,0.8429696287964005,0.8259713701431493,4890,0.8012891693524361,3213.5177196670556,7608f2bb1aa9bab929706af085f492f0e4ca1d39ad33c563a8ad06458366b4ea,e116c585eb3a2b090f0d56ccfedb1428ce2d119112ee30d935defb61345be849
outputs/pai-faithful/none-c12x24-seed3,pai-faithful,evaluated,none-c12x24,3,configs/data/speech_commands_v2_mfcc32_paper.yaml,1.0,mps,tracked,none,all,tanh,12,24,0,0,0,0,600,epoch_cap,32700,32700,32700,0,32700,32700,,1097100,1097100,1097100,0,0,0.8431946006749156,0.8286298568507158,4890,0.8008558351163232,2967.429429166019,3894f16e11fcd2fb80a74fe13d06a8ea0f491f57cc470ce6c4ab950d4ec378a2,743aa1f90826adead52b26eebef09060b7fedd2a292625a0420d0e45ebeff5c2
outputs/pai-faithful/none-c12x24-seed4,pai-faithful,evaluated,none-c12x24,4,configs/data/speech_commands_v2_mfcc32_paper.yaml,1.0,mps,tracked,none,all,tanh,12,24,0,0,0,0,600,epoch_cap,32700,32700,32700,0,32700,32700,,1097100,1097100,1097100,0,0,0.8418447694038245,0.8265848670756646,4890,0.789859978874956,4600.749065999989,f71e0d8ca37a71c18d96e30d79dcca20dac901e8041dd9d306f083dee5c058d8,5b5dd2e5035bccb1742dcf70a613b7a75decc9afb9d4c9948eff7871f00bef49
outputs/pai-faithful/none-c16x32-seed0,pai-faithful,evaluated,none-c16x32,0,configs/data/speech_commands_v2_mfcc32_paper.yaml,1.0,mps,tracked,none,all,tanh,16,32,0,0,0,0,600,epoch_cap,44748,44748,44748,0,44748,44748,,1874064,1874064,1874064,0,0,0.8530933633295839,0.8392638036809816,4890,0.8104433550903231,2678.6471342919394,1dfb59a2adcebced612be7e3e76f2db8ee78190ef4565bed5a0ff87bc598297d,cb3d79310421e08d2a296661220af6709164467c2d3b2db9f0362cd157db402a
outputs/pai-faithful/none-c16x32-seed1,pai-faithful,evaluated,none-c16x32,1,configs/data/speech_commands_v2_mfcc32_paper.yaml,1.0,mps,tracked,none,all,tanh,16,32,0,0,0,0,600,epoch_cap,44748,44748,44748,0,44748,44748,,1874064,1874064,1874064,0,0,0.8492688413948256,0.8243353783231084,4890,0.7923787341223627,3269.9836841659853,6a825738dd9787b49df95f9533a1a7cc9abc5814a958bb85b611011ed224a89b,a2ad893f5bab302ee50babdc523d5bbe60b48b6a7fd6a780bde0c1a2fb943853
outputs/pai-faithful/none-c16x32-seed2,pai-faithful,evaluated,none-c16x32,2,configs/data/speech_commands_v2_mfcc32_paper.yaml,1.0,mps,tracked,none,all,tanh,16,32,0,0,0,0,600,epoch_cap,44748,44748,44748,0,44748,44748,,1874064,1874064,1874064,0,0,0.8211473565804275,0.8128834355828221,4890,0.7661078460580126,4280.519993084017,31e72294f9bdf30a2106e1ef02399b95e6a9c56e9332994f26ff8eacbf794fbd,2545875c2c4b94cc8081809b9215f0a54497e480b89e42a43239e577e50678f6
outputs/pai-faithful/none-c16x32-seed3,pai-faithful,evaluated,none-c16x32,3,configs/data/speech_commands_v2_mfcc32_paper.yaml,1.0,mps,tracked,none,all,tanh,16,32,0,0,0,0,600,epoch_cap,44748,44748,44748,0,44748,44748,,1874064,1874064,1874064,0,0,0.8402699662542182,0.8267893660531698,4890,0.7948162392004984,4175.872315166984,2102645ba84e681695d56179800395ee035f3c7faec979fcd610643941ae593b,21dc407e36bc7cd92a24461c75b8f664a3ac49202666c4e6fe5d37f0287538a3
outputs/pai-faithful/none-c16x32-seed4,pai-faithful,evaluated,none-c16x32,4,configs/data/speech_commands_v2_mfcc32_paper.yaml,1.0,mps,tracked,none,all,tanh,16,32,0,0,0,0,600,epoch_cap,44748,44748,44748,0,44748,44748,,1874064,1874064,1874064,0,0,0.8535433070866142,0.8294478527607362,4890,0.8003954174904531,4952.110413375078,09dd54db61271d989f56d46d2be9d8afee2d6e212bc4ff0f269bf8a2ee934ccc,66ec0b68b2d513b598502b390cceed6e74bc4f330bd8cbc963a1cd5177d7e263
outputs/pai-faithful/none-c20x40-seed0,pai-faithful,evaluated,none-c20x40,0,configs/data/speech_commands_v2_mfcc32_paper.yaml,1.0,mps,tracked,none,all,tanh,20,40,0,0,0,0,600,epoch_cap,57372,57372,57372,0,57372,57372,,2856660,2856660,2856660,0,0,0.8188976377952756,0.7987730061349694,4890,0.7602849172602443,3088.189324459061,28bd65f1b04ae335a76cfe2c19296f3379d87f612f7140556c1d89b1033196db,81bf6744737a645daf25f7844401ec8149860bd6f2a797ea1b326ed6cc730f3e
outputs/pai-faithful/none-c20x40-seed1,pai-faithful,evaluated,none-c20x40,1,configs/data/speech_commands_v2_mfcc32_paper.yaml,1.0,mps,tracked,none,all,tanh,20,40,0,0,0,0,600,epoch_cap,57372,57372,57372,0,57372,57372,,2856660,2856660,2856660,0,0,0.809673790776153,0.7903885480572597,4890,0.7402432088400184,3938.771181707969,7ad8087ac58565403691bb45fb7c517e5b2b4318a7da47afa69922ab886e138d,b6a739097ac76712f4ddc3537603887ca2563a3e23781f41a1a9f5079072ef84
outputs/pai-faithful/none-c20x40-seed2,pai-faithful,evaluated,none-c20x40,2,configs/data/speech_commands_v2_mfcc32_paper.yaml,1.0,mps,tracked,none,all,tanh,20,40,0,0,0,0,600,epoch_cap,57372,57372,57372,0,57372,57372,,2856660,2856660,2856660,0,0,0.833970753655793,0.8132924335378323,4890,0.7715786907889391,4472.3735396249685,deaa41c8a5433b0b0ead42bad64d04ad085d0be18cc90c13c37a7f2d95059c0c,071ff8be3623284a25e1cc5b5395e8c195aa8be1f9c601ea63d1de47070ddf47
outputs/pai-faithful/none-c20x40-seed3,pai-faithful,evaluated,none-c20x40,3,configs/data/speech_commands_v2_mfcc32_paper.yaml,1.0,mps,tracked,none,all,tanh,20,40,0,0,0,0,600,epoch_cap,57372,57372,57372,0,57372,57372,,2856660,2856660,2856660,0,0,0.8553430821147356,0.847443762781186,4890,0.8150475313490236,5248.5349707499845,28a9ccaa2065638ee538395027f3648fa17a9515ef663e9b01ce9900abb8459e,f5b64ade162a72f21384990091818466818a7ca5a7b966ff648a6fa4151c1def
outputs/pai-faithful/none-c20x40-seed4,pai-faithful,evaluated,none-c20x40,4,configs/data/speech_commands_v2_mfcc32_paper.yaml,1.0,mps,tracked,none,all,tanh,20,40,0,0,0,0,600,epoch_cap,57372,57372,57372,0,57372,57372,,2856660,2856660,2856660,0,0,0.8380202474690663,0.8210633946830266,4890,0.7756141158627414,5966.157424499979,db94a039fc5049b68c1726da958c6bdfa4d8866a38d4872beb58b3c76a2b2ea8,3c02a0585000c1329f4b40623e669efbfb69414c75806737c72ae2535b81f1a2
outputs/pai-faithful/none-c24x48-seed0,pai-faithful,evaluated,none-c24x48,0,configs/data/speech_commands_v2_mfcc32_paper.yaml,1.0,mps,tracked,none,all,tanh,24,48,0,0,0,0,600,epoch_cap,70572,70572,70572,0,70572,70572,,4044888,4044888,4044888,0,0,0.820697412823397,0.7858895705521473,4890,0.7422202962922839,3686.249142209068,47a8825c09b9b36ed9611081ef37c374f326c3c6a4fe31827323c42a86711381,5ba41c8f2230c3ab9aa8da5a98942be5d1d1030745b3b26567723428364f87cd
outputs/pai-faithful/none-c24x48-seed1,pai-faithful,evaluated,none-c24x48,1,configs/data/speech_commands_v2_mfcc32_paper.yaml,1.0,mps,tracked,none,all,tanh,24,48,0,0,0,0,600,epoch_cap,70572,70572,70572,0,70572,70572,,4044888,4044888,4044888,0,0,0.8422947131608549,0.8331288343558282,4890,0.7943829049643854,4267.374051082996,8b349b601c3c324788c1c962aeccabe41d4c88619663f1593ab9651eb4314568,e2392383ab5fd2758a32db8040af755726e477ff68b220d9244263c1242b7ee5
outputs/pai-faithful/none-c24x48-seed2,pai-faithful,evaluated,none-c24x48,2,configs/data/speech_commands_v2_mfcc32_paper.yaml,1.0,mps,tracked,none,all,tanh,24,48,0,0,0,0,600,epoch_cap,70572,70572,70572,0,70572,70572,,4044888,4044888,4044888,0,0,0.8285714285714286,0.8188139059304703,4890,0.7650245104677301,6062.0916144580115,01fccf71b09b5c61a040293e7f325e777a1043e87287e6d8f9a13dac13edf893,667d014a220b1db8894244af1ae63e746b530fb426fd7a6bea3a0a776b03aaa7
outputs/pai-faithful/none-c24x48-seed3,pai-faithful,evaluated,none-c24x48,3,configs/data/speech_commands_v2_mfcc32_paper.yaml,1.0,mps,tracked,none,all,tanh,24,48,0,0,0,0,600,epoch_cap,70572,70572,70572,0,70572,70572,,4044888,4044888,4044888,0,0,0.7824521934758155,0.7670756646216769,4890,0.7145952387400807,5698.201910999953,b39561ddaedf3d32c59d3c8ebdd0e87bc9036e72dff7449ee2d7f2310bfaa01e,9c168b06eae8744b8da6f41bca4e6a19118e361b29f36b93391cc8b035beb0d9
outputs/pai-faithful/none-c24x48-seed4,pai-faithful,evaluated,none-c24x48,4,configs/data/speech_commands_v2_mfcc32_paper.yaml,1.0,mps,tracked,none,all,tanh,24,48,0,0,0,0,600,epoch_cap,70572,70572,70572,0,70572,70572,,4044888,4044888,4044888,0,0,0.7595050618672666,0.7380368098159509,4890,0.6775180781626629,6936.600767957978,5cad7aa47b17c2a6da492932b6f098395a0774ad015c00b6f7dac877406c2eb5,44d5947f7c372fe3fa5e5bd8d6ec2ed270f3d59308394856325262bc9a594051
outputs/pai-faithful/none-c28x56-seed0,pai-faithful,evaluated,none-c28x56,0,configs/data/speech_commands_v2_mfcc32_paper.yaml,1.0,mps,tracked,none,all,tanh,28,56,0,0,0,0,600,epoch_cap,84348,84348,84348,0,84348,84348,,5438748,5438748,5438748,0,0,0.8332958380202474,0.8159509202453987,4890,0.7705766053679278,3807.7277662500273,8b815f1129f066fea40a594680e84725e2b1d1cfba843b551942d695fb44c528,bc34042c3b3d0e2a6b62b615fcd84d20c87715935ffdf1578246019222090814
outputs/pai-faithful/none-c28x56-seed1,pai-faithful,evaluated,none-c28x56,1,configs/data/speech_commands_v2_mfcc32_paper.yaml,1.0,mps,tracked,none,all,tanh,28,56,0,0,0,0,600,epoch_cap,84348,84348,84348,0,84348,84348,,5438748,5438748,5438748,0,0,0.837570303712036,0.8198364008179959,4890,0.7895620615876283,4808.532154750079,ffc5bf488b1de5a1ff3740b02ffca7d897245037502acec6fb554f77a0756e66,6dabdd5279f99860475d69122ea33e4b167c1afa4284b64af3ea4194bf2acdd2
outputs/pai-faithful/none-c28x56-seed2,pai-faithful,evaluated,none-c28x56,2,configs/data/speech_commands_v2_mfcc32_paper.yaml,1.0,mps,tracked,none,all,tanh,28,56,0,0,0,0,600,epoch_cap,84348,84348,84348,0,84348,84348,,5438748,5438748,5438748,0,0,0.8305961754780652,0.8128834355828221,4890,0.7729057768870352,7034.379926083027,ccc34a41b729789f0acc32aa5177dd0a90200b78cf08bf30c8672f0e49f6888e,57a3bb3de6413250d8cb511a16cba6e0a10e141f9fa0cdd3bf5d04bda7f799ff
outputs/pai-faithful/none-c28x56-seed3,pai-faithful,evaluated,none-c28x56,3,configs/data/speech_commands_v2_mfcc32_paper.yaml,1.0,mps,tracked,none,all,tanh,28,56,0,0,0,0,600,epoch_cap,84348,84348,84348,0,84348,84348,,5438748,5438748,5438748,0,0,0.7826771653543307,0.7529652351738241,4890,0.7096118950247813,6239.560338750016,58b5fcfaa6af16cdac222d38580d4cc5b50028f06ae3e5be1c50ab4a96c52ac3,b60327f3e570bb4f17fe2e64c04f2a7ad98f1a3e871d4dfec7f5117a657dfdcd
outputs/pai-faithful/none-c28x56-seed4,pai-faithful,evaluated,none-c28x56,4,configs/data/speech_commands_v2_mfcc32_paper.yaml,1.0,mps,tracked,none,all,tanh,28,56,0,0,0,0,600,epoch_cap,84348,84348,84348,0,84348,84348,,5438748,5438748,5438748,0,0,0.8382452193475816,0.8171779141104294,4890,0.7713078568913685,7513.806966833072,c5f665139a79dae1dd12e5373700f6c9bf872cb4e04b7667010b3e5b9a401b5c,9c41a1d249e7c191d4ba52f72499f958d4e21fd17b0a66a401a1821fc617a661
outputs/pai-faithful/none-c4x8-seed0,pai-faithful,evaluated,none-c4x8,0,configs/data/speech_commands_v2_mfcc32_paper.yaml,1.0,mps,tracked,none,all,tanh,4,8,0,0,0,0,600,epoch_cap,10332,10332,10332,0,10332,10332,,160068,160068,160068,0,0,0.7147356580427446,0.6852760736196319,4890,0.6628930476938494,1126.7627862499794,a7011436d92a2d868902681e7e6f8f80e6e28edbace2fbddbcfc33ed77f72399,fbb85b28a65e47be76a8cb2d1d81d9723e279df18acfae8e59fc2d8f15280e88
outputs/pai-faithful/none-c4x8-seed1,pai-faithful,evaluated,none-c4x8,1,configs/data/speech_commands_v2_mfcc32_paper.yaml,1.0,mps,tracked,none,all,tanh,4,8,0,0,0,0,600,epoch_cap,10332,10332,10332,0,10332,10332,,160068,160068,160068,0,0,0.7241844769403825,0.691002044989775,4890,0.6704222300463126,1059.1450857910095,4657d69beffc2255244198fe385f75c6aea96331497c9595ea7e4f161f7c6000,7618cb838cb11f2d8f391a8474a53aa97d66ccd54bdfca1e5d34f84dfe68d753
outputs/pai-faithful/none-c4x8-seed2,pai-faithful,evaluated,none-c4x8,2,configs/data/speech_commands_v2_mfcc32_paper.yaml,1.0,mps,tracked,none,all,tanh,4,8,0,0,0,0,600,epoch_cap,10332,10332,10332,0,10332,10332,,160068,160068,160068,0,0,0.7239595050618672,0.6842535787321063,4890,0.6757034910489397,2035.3635829159757,053d40dfb6584309ffe35e0b2702f36791cc481b8eb0b7eaa368cc96644261b6,4640317e340619301c57bf422694a670756c99139602fcef11f2cdb9cb23f1ff
outputs/pai-faithful/none-c4x8-seed3,pai-faithful,evaluated,none-c4x8,3,configs/data/speech_commands_v2_mfcc32_paper.yaml,1.0,mps,tracked,none,all,tanh,4,8,0,0,0,0,600,epoch_cap,10332,10332,10332,0,10332,10332,,160068,160068,160068,0,0,0.7032620922384701,0.678118609406953,4890,0.6455055114698156,1563.804286208935,104a8c3b43e65da7050a887d812c21ef7cff3f2c0bee98fb60350e561a8edb3e,00eb58384e15bc22a47b1fac893ff90a2f2b2f82169e0cd3dc86becca507f454
outputs/pai-faithful/none-c4x8-seed4,pai-faithful,evaluated,none-c4x8,4,configs/data/speech_commands_v2_mfcc32_paper.yaml,1.0,mps,tracked,none,all,tanh,4,8,0,0,0,0,600,epoch_cap,10332,10332,10332,0,10332,10332,,160068,160068,160068,0,0,0.6951631046119235,0.6595092024539877,4890,0.6269804728759851,1372.707966707996,7f5c03483d71c124be7771a60f31a2008a00c777690254b007d8893163d18fed,efb6c8c48a153a9f76533b43063ce1b13962abcfee9000457e7816681a62b983
outputs/pai-faithful/none-c6x12-seed0,pai-faithful,evaluated,none-c6x12,0,configs/data/speech_commands_v2_mfcc32_paper.yaml,1.0,mps,tracked,none,all,tanh,6,12,0,0,0,0,600,epoch_cap,15708,15708,15708,0,15708,15708,,317214,317214,317214,0,0,0.8200224971878515,0.7993865030674847,4890,0.7596619992958319,1521.6991451249924,c060fe5625cdffea9b7fac5815a6eb34b573ad45737f67b35b49cba7bc969538,6e8ce1cd72c4cd5ba43e4b4a4f1755b0c803409266eea3d0be362e6f7c952629
outputs/pai-faithful/none-c6x12-seed1,pai-faithful,evaluated,none-c6x12,1,configs/data/speech_commands_v2_mfcc32_paper.yaml,1.0,mps,tracked,none,all,tanh,6,12,0,0,0,0,600,epoch_cap,15708,15708,15708,0,15708,15708,,317214,317214,317214,0,0,0.8026996625421823,0.772597137014315,4890,0.7446848847601766,1261.8334759169957,423b796ffad99341c12275528df9fa1c70a0e9cc5763a6fd55c82d35f1b60d51,cbb07ef5a02a05e97dfb9c823ef31ab4434d3afc7af7dfb98c75f68aef4dec6c
outputs/pai-faithful/none-c6x12-seed2,pai-faithful,evaluated,none-c6x12,2,configs/data/speech_commands_v2_mfcc32_paper.yaml,1.0,mps,tracked,none,all,tanh,6,12,0,0,0,0,600,epoch_cap,15708,15708,15708,0,15708,15708,,317214,317214,317214,0,0,0.8159730033745782,0.7957055214723926,4890,0.7556536576117867,2497.5565526660066,8fc48701c7153d1ca646423b48038b450024238916afbc29b113ee0570809cb1,b32e1d33e4ffd0e15cd4d85fb1d3770a771d3efaff59fc4e6a0af8fc18affcd3
outputs/pai-faithful/none-c6x12-seed3,pai-faithful,evaluated,none-c6x12,3,configs/data/speech_commands_v2_mfcc32_paper.yaml,1.0,mps,tracked,none,all,tanh,6,12,0,0,0,0,600,epoch_cap,15708,15708,15708,0,15708,15708,,317214,317214,317214,0,0,0.8002249718785152,0.7801635991820041,4890,0.756682826422555,1870.1912712500198,a433d00204be4c3ae0d0defbb6272158b3e587bd822eaac8d4cfdfe028b16717,81251c2e48a638c796899c8e80f75898fcf261b5c05c59172d7473c64152ecff
outputs/pai-faithful/none-c6x12-seed4,pai-faithful,evaluated,none-c6x12,4,configs/data/speech_commands_v2_mfcc32_paper.yaml,1.0,mps,tracked,none,all,tanh,6,12,0,0,0,0,600,epoch_cap,15708,15708,15708,0,15708,15708,,317214,317214,317214,0,0,0.8159730033745782,0.7838445807770961,4890,0.7606911681066002,1720.1211937910412,20ed6099ed89e501860c8c8618057f6ca70234aedeafead6f0ebdd313116ec8d,1ada64852db1b4af32b1bd8dd5aa2b4f05f846c9f8aece01b529fd25c2760bcc
outputs/pai-faithful/none-c8x16-seed0,pai-faithful,evaluated,none-c8x16,0,configs/data/speech_commands_v2_mfcc32_paper.yaml,1.0,mps,tracked,none,all,tanh,8,16,0,0,0,0,600,epoch_cap,21228,21228,21228,0,21228,21228,,525768,525768,525768,0,0,0.8283464566929134,0.8032719836400818,4890,0.7826828805893346,1778.5071912499843,6ef68cf6aa6a6ec1d163aa9a3b981d0a9b7e5670d7ecd66c4c2b88075e842e1e,7b75f93ae9a06013964d2c57b967935e9ee2e2d32ad4c5de4bff3a4501f64e1c
outputs/pai-faithful/none-c8x16-seed1,pai-faithful,evaluated,none-c8x16,1,configs/data/speech_commands_v2_mfcc32_paper.yaml,1.0,mps,tracked,none,all,tanh,8,16,0,0,0,0,600,epoch_cap,21228,21228,21228,0,21228,21228,,525768,525768,525768,0,0,0.8269966254218223,0.7928425357873211,4890,0.7654849280936002,1556.020072208019,7e39ccf5efad48c9352c69202b8d2d8d0ed7981a68c7c569a0eec2579a5d9ab0,2cc66fdd0dcd619355c8f8321acd61e5f4fda4c5829134217b41238ed22fa12c
outputs/pai-faithful/none-c8x16-seed2,pai-faithful,evaluated,none-c8x16,2,configs/data/speech_commands_v2_mfcc32_paper.yaml,1.0,mps,tracked,none,all,tanh,8,16,0,0,0,0,600,epoch_cap,21228,21228,21228,0,21228,21228,,525768,525768,525768,0,0,0.8292463442069741,0.7959100204498978,4890,0.7726078595997075,2530.772345375037,05b135f7b4504732c8a8bc08bc341d9f181b5fc5be950f05d9f672854d99ef84,26e292d65ce612470de5842898059f5ce4cbfb7c86c86e1e58658408d13a2f97
outputs/pai-faithful/none-c8x16-seed3,pai-faithful,evaluated,none-c8x16,3,configs/data/speech_commands_v2_mfcc32_paper.yaml,1.0,mps,tracked,none,all,tanh,8,16,0,0,0,0,600,epoch_cap,21228,21228,21228,0,21228,21228,,525768,525768,525768,0,0,0.8305961754780652,0.8134969325153374,4890,0.794220404625843,2145.226013540989,82f5ac66610dfde62d609167748635f0e58d1e021ea3a53f9292f6fda3c4f996,4eec027c4c0e4a92fd980f691ebfcabb58903e03b07a7584d99f8869468740d7
outputs/pai-faithful/none-c8x16-seed4,pai-faithful,evaluated,none-c8x16,4,configs/data/speech_commands_v2_mfcc32_paper.yaml,1.0,mps,tracked,none,all,tanh,8,16,0,0,0,0,600,epoch_cap,21228,21228,21228,0,21228,21228,,525768,525768,525768,0,0,0.8312710911136107,0.7944785276073619,4890,0.7762099504373967,1917.5401839580154,d635bf1ce7f2238eedc707bd98a9a8ad6a1cf68d92bc45209a986a98d4676d6d,15ec30ef96583920843e351423bba699a4808329a604dbeaf03ee3b1963a0c16
outputs/pai-faithful/none-r25-c16x32-seed0,pai-faithful,evaluated,none-r25-c16x32,0,configs/data/speech_commands_v2_mfcc32_paper.yaml,1.0,mps,tracked,none,all,tanh,16,32,0,0,25,0,600,epoch_cap,44748,44748,44748,0,44748,44748,,1874064,1874064,1874064,0,0,0.8515185601799775,0.8316973415132924,4890,0.8003683341006961,1741.9187277499586,d3f68cc194ae9bba90fdcf04c3bfa166f410dde3052baa4c021340ff97f2d677,2287aa1bde86d5e6a6edb8dd29eaf212bb629695baff2c5d9de0c62cbd4e8b7a
outputs/pai-faithful/none-r25-c16x32-seed1,pai-faithful,evaluated,none-r25-c16x32,1,configs/data/speech_commands_v2_mfcc32_paper.yaml,1.0,mps,tracked,none,all,tanh,16,32,0,0,25,0,600,epoch_cap,44748,44748,44748,0,44748,44748,,1874064,1874064,1874064,0,0,0.8359955005624297,0.8194274028629857,4890,0.7779703707716058,1603.874753333046,f5807190a491fe00051428257e1197938e32fd5a2046780940e2133a922d2244,99efe491783311dd63330260e542d4b18b03fa049823133d1c7de059e954f086
outputs/pai-faithful/none-r25-c16x32-seed2,pai-faithful,evaluated,none-r25-c16x32,2,configs/data/speech_commands_v2_mfcc32_paper.yaml,1.0,mps,tracked,none,all,tanh,16,32,0,0,25,0,600,epoch_cap,44748,44748,44748,0,44748,44748,,1874064,1874064,1874064,0,0,0.833970753655793,0.8143149284253579,4890,0.7723370257021369,3089.262729375041,9cea5436680382050483a93f10b8e1f9db4515f5502be160900e89ae22ef3407,f5e349744220d49e8b92f51977e16182f6b5650e9da75aa704c11aa3ad8c1d05
outputs/pai-faithful/none-r25-c16x32-seed3,pai-faithful,evaluated,none-r25-c16x32,3,configs/data/speech_commands_v2_mfcc32_paper.yaml,1.0,mps,tracked,none,all,tanh,16,32,0,0,25,0,600,epoch_cap,44748,44748,44748,0,44748,44748,,1874064,1874064,1874064,0,0,0.8490438695163105,0.8394683026584867,4890,0.803428757143244,3357.230287207989,f948309f5ea931b9470db895364a7b6d05e1c541bcb02ccb6e0c67cb41f7fddf,cf9ce8400af98f7a0cb3b83b0580ec6d46ff42df88ebbe0ed380c3710d9ef590
outputs/pai-faithful/none-r25-c16x32-seed4,pai-faithful,evaluated,none-r25-c16x32,4,configs/data/speech_commands_v2_mfcc32_paper.yaml,1.0,mps,tracked,none,all,tanh,16,32,0,0,25,0,600,epoch_cap,44748,44748,44748,0,44748,44748,,1874064,1874064,1874064,0,0,0.8528683914510686,0.8372188139059304,4890,0.800801668336809,3991.5474088749615,cd60bfe90f2c8f00eb8ffe41d5cb9774ab8eb2df7572e5d5e0d9504b139b4265,000f1eca59ff4afe885309427f268cc383767fcd948e97c7dd2e7dea412fce8e
outputs/pai-faithful/none-r25-c28x56-seed0,pai-faithful,evaluated,none-r25-c28x56,0,configs/data/speech_commands_v2_mfcc32_paper.yaml,1.0,mps,tracked,none,all,tanh,28,56,0,0,25,0,600,epoch_cap,84348,84348,84348,0,84348,84348,,5438748,5438748,5438748,0,0,0.7658042744656918,0.7406952965235174,4890,0.6893264360967418,1953.1916442909278,57cfe177c871186f369d955af77e4bd0629827c705f9854525af3dcd08d62caf,a08919c198b09f55542b86a2af174ba2ae9a2b10ccbd629745e20102b1da4b23
outputs/pai-faithful/none-r25-c28x56-seed1,pai-faithful,evaluated,none-r25-c28x56,1,configs/data/speech_commands_v2_mfcc32_paper.yaml,1.0,mps,tracked,none,all,tanh,28,56,0,0,25,0,600,epoch_cap,84348,84348,84348,0,84348,84348,,5438748,5438748,5438748,0,0,0.785376827896513,0.7642126789366053,4890,0.6991847899683125,2264.183225292014,67b2552963b855962d3db6de278a759a84b57338a8ee706400cd966218177837,fb952edd96fbe409e252edc214880a62040a83cf0667b2fe6fad546df264e121
outputs/pai-faithful/none-r25-c28x56-seed2,pai-faithful,evaluated,none-r25-c28x56,2,configs/data/speech_commands_v2_mfcc32_paper.yaml,1.0,mps,tracked,none,all,tanh,28,56,0,0,25,0,600,epoch_cap,84348,84348,84348,0,84348,84348,,5438748,5438748,5438748,0,0,0.8281214848143982,0.8083844580777096,4890,0.7724995260406793,1893.9088055409957,a88f45fbd23600ee507427ebb45465e7e4cf045d439248b5cb3f8a17c30c199e,bce3e1d98a1fdd871ac8ef63a2026e132aee54bfe1c7374a13bf4523f3d10ce0
outputs/pai-faithful/none-r25-c28x56-seed3,pai-faithful,evaluated,none-r25-c28x56,3,configs/data/speech_commands_v2_mfcc32_paper.yaml,1.0,mps,tracked,none,all,tanh,28,56,0,0,25,0,600,epoch_cap,84348,84348,84348,0,84348,84348,,5438748,5438748,5438748,0,0,0.8240719910011248,0.7920245398773006,4890,0.7578203287923516,5203.930519542075,d4cb3799d0ac521680ed1c5a16cd8118ae6cc01ac49c379c5afb0a25a894fa35,151bb2e9391f3d53dbf1b77446e12e16cda4a6beb6884f8e819912d1a57f5137
outputs/pai-faithful/none-r25-c28x56-seed4,pai-faithful,evaluated,none-r25-c28x56,4,configs/data/speech_commands_v2_mfcc32_paper.yaml,1.0,mps,tracked,none,all,tanh,28,56,0,0,25,0,600,epoch_cap,84348,84348,84348,0,84348,84348,,5438748,5438748,5438748,0,0,0.82429696287964,0.7903885480572597,4890,0.7441161335752783,4016.171179124969,a86e68d88c23bf062fc3559c51d87d39f330ee1e07ca7c0d30f1dce0d5593c41,5455528408a7f348e4c9e0b87817e250f33cfcaa1e292e0a062361598ecc4764
outputs/pai-faithful/none-r25-c8x16-seed0,pai-faithful,evaluated,none-r25-c8x16,0,configs/data/speech_commands_v2_mfcc32_paper.yaml,1.0,mps,tracked,none,all,tanh,8,16,0,0,25,0,600,epoch_cap,21228,21228,21228,0,21228,21228,,525768,525768,525768,0,0,0.8274465691788526,0.8177914110429448,4890,0.7807328765268261,1248.7377443329897,fa4c4566e087da8e8177fee840c4b8734a67b3be4dfce81736b8731477cb51da,ce1f63e03a59b7ee28987c4f907995ff59276b90eaa027f2369e898bd9b9677f
outputs/pai-faithful/none-r25-c8x16-seed1,pai-faithful,evaluated,none-r25-c8x16,1,configs/data/speech_commands_v2_mfcc32_paper.yaml,1.0,mps,tracked,none,all,tanh,8,16,0,0,25,0,600,epoch_cap,21228,21228,21228,0,21228,21228,,525768,525768,525768,0,0,0.8359955005624297,0.8278118609406953,4890,0.7537307369390353,2042.2295984170632,3ef3a7a29d5336afaf6b32a0ec8cc14025aefdc61d5f3b326c5eebde09f6312a,40acaa4a99f9ee821678b6897d9a1ef9273757365ac4993bf8648bdbeeaef75c
outputs/pai-faithful/none-r25-c8x16-seed2,pai-faithful,evaluated,none-r25-c8x16,2,configs/data/speech_commands_v2_mfcc32_paper.yaml,1.0,mps,tracked,none,all,tanh,8,16,0,0,25,0,600,epoch_cap,21228,21228,21228,0,21228,21228,,525768,525768,525768,0,0,0.8323959505061868,0.8032719836400818,4890,0.7771307856891368,2414.897123791976,88a675f0cb86403a08dbcc99a9d4c87e64425456279a21769f5d9ce3ef229516,5ba107154ff1b563b80c3e244fd80785d983c6cacbeb528916e5958904b8dba7
outputs/pai-faithful/none-r25-c8x16-seed3,pai-faithful,evaluated,none-r25-c8x16,3,configs/data/speech_commands_v2_mfcc32_paper.yaml,1.0,mps,tracked,none,all,tanh,8,16,0,0,25,0,600,epoch_cap,21228,21228,21228,0,21228,21228,,525768,525768,525768,0,0,0.8348706411698538,0.8229038854805726,4890,0.7948162392004984,1762.0818164580269,641cfef31695886b5858599bc80fe91c5104d04b761b4fd3cbdcaee5afacbfac,6a4b1a5b42fdfce5946997fcdb7aa5bed8bbce6968f363adacf093a74749236e
outputs/pai-faithful/none-r25-c8x16-seed4,pai-faithful,evaluated,none-r25-c8x16,4,configs/data/speech_commands_v2_mfcc32_paper.yaml,1.0,mps,tracked,none,all,tanh,8,16,0,0,25,0,600,epoch_cap,21228,21228,21228,0,21228,21228,,525768,525768,525768,0,0,0.8310461192350956,0.8014314928425358,4890,0.7801912087316849,2404.632320584031,aaae94f63b0fafd8d782d4feae5be80557e0c1e2ca443fa2108f37321020af61,f21e7c4d2a8e07b3eb72faf40275a1aa04840d72a9ffb204d98f73e75e456c75
outputs/pai-faithful/pb-all-max1-relu-sw25-c4x8-seed0,pai-faithful,evaluated,pb-all-max1-relu-sw25-c4x8,0,configs/data/speech_commands_v2_mfcc32_paper.yaml,1.0,mps,tracked,pb,all,relu,4,8,0,0,0,0,332,pai_training_complete,10332,20664,20688,24,20664,20688,,160068,320136,328256,1,1,0.7284589426321709,0.6989775051124745,4890,0.6711805649595103,6577.472617166932,58f1dd8bd2c3f221494d488c0f4bde311bd85deb825784b715ddc89ecf55f661,50374739f33f67595dc97e1c24b7bf7abe7f3306d3535a9dc0b5ab9b22434c92
outputs/pai-faithful/pb-all-max1-relu-sw25-c4x8-seed1,pai-faithful,evaluated,pb-all-max1-relu-sw25-c4x8,1,configs/data/speech_commands_v2_mfcc32_paper.yaml,1.0,mps,tracked,pb,all,relu,4,8,0,0,0,0,252,pai_training_complete,10332,20664,20688,24,20664,20688,,160068,320136,328256,1,1,0.7694038245219348,0.7460122699386503,4890,0.7082577255369282,3478.5309340000385,a2a2115062013e991eb3772a0ebb764c8bb3542caa20843aa3bf0fcaedbc9e9e,c6a947dc19bbd214a42ce8fb5e5eea6a4055aa0337224ec5dad1c0e0729e4f60
outputs/pai-faithful/pb-all-max1-relu-sw25-c4x8-seed2,pai-faithful,evaluated,pb-all-max1-relu-sw25-c4x8,2,configs/data/speech_commands_v2_mfcc32_paper.yaml,1.0,mps,tracked,pb,all,relu,4,8,0,0,0,0,313,pai_training_complete,10332,20664,20688,24,20664,20688,,160068,320136,328256,1,1,0.7392575928008999,0.7,4890,0.6784930801939171,9322.681087124976,82fdc6a25d86c11d7a899963746b8cdec7563b6757b25a3367bcb08bede1c363,f5ca5ddcf011c2a12dcd98cac27935b50d0724a4419bf193772f1d0dcb5c5b4e
outputs/pai-faithful/pb-all-max1-relu-sw25-c4x8-seed3,pai-faithful,evaluated,pb-all-max1-relu-sw25-c4x8,3,configs/data/speech_commands_v2_mfcc32_paper.yaml,1.0,mps,tracked,pb,all,relu,4,8,0,0,0,0,236,pai_training_complete,10332,10332,10332,0,10332,10332,,160068,160068,160068,1,0,0.7032620922384701,0.678118609406953,4890,0.6455055114698156,10754.56606333307,afd28129db1ed18d2db618399fe550ec37d736bd5d8ca4b39cbfae2d55a1cf00,7767d97fe54f5305bc956507e2514956bac81de5c24906118d11fe3ea9f855e2
outputs/pai-faithful/pb-all-max1-relu-sw25-c4x8-seed4,pai-faithful,evaluated,pb-all-max1-relu-sw25-c4x8,4,configs/data/speech_commands_v2_mfcc32_paper.yaml,1.0,mps,tracked,pb,all,relu,4,8,0,0,0,0,206,pai_training_complete,10332,20664,20688,24,20664,20688,,160068,320136,328256,1,1,0.7012373453318336,0.6670756646216769,4890,0.629986729139019,8618.470548957936,8fe7480a7ad360178ff35d9f9f45f5a4f6e564e69d451ba2e126a79d17888d42,2ccc27dd2e6b6b38ddd22b677488925cc07d231c8974143cac753fc5b6fda2e1
outputs/pai-faithful/pb-all-max1-tanh-sw25-c4x8-seed0,pai-faithful,evaluated,pb-all-max1-tanh-sw25-c4x8,0,configs/data/speech_commands_v2_mfcc32_paper.yaml,1.0,mps,tracked,pb,all,tanh,4,8,0,0,0,0,216,pai_training_complete,10332,20664,20688,24,20664,20688,,160068,320136,328256,1,1,0.766029246344207,0.7241308793456033,4890,0.7045473011402107,2230.2315241670003,b2b6ef0f9966f5814d00a44b57222a9f004ede5127af4aed5d021185ca2e4c6b,f5f9904a4f38262bcc4dc2025523233914670c16569bfbd1f96b3777116ccd90
outputs/pai-faithful/pb-all-max1-tanh-sw25-c4x8-seed1,pai-faithful,evaluated,pb-all-max1-tanh-sw25-c4x8,1,configs/data/speech_commands_v2_mfcc32_paper.yaml,1.0,mps,tracked,pb,all,tanh,4,8,0,0,0,0,266,pai_training_complete,10332,20664,20688,24,20664,20688,,160068,320136,328256,1,1,0.7815523059617547,0.7437627811860941,4890,0.73349944479051,3491.981920165941,50ff8401fb31164beab208ffb4e69f723dab54027558259221210495b38fcdc6,7db8ae4ab024f0a73d7c444917c4fc9dde6bb0f1e67a1544c8e6585928eb3df3
outputs/pai-faithful/pb-all-max1-tanh-sw25-c4x8-seed2,pai-faithful,evaluated,pb-all-max1-tanh-sw25-c4x8,2,configs/data/speech_commands_v2_mfcc32_paper.yaml,1.0,mps,tracked,pb,all,tanh,4,8,0,0,0,0,245,pai_training_complete,10332,20664,20688,24,20664,20688,,160068,320136,328256,1,1,0.7736782902137233,0.7413087934560327,4890,0.7258890122687756,2799.0700353750726,f1c5683f9d3af1a6f38c053a6c743af60ceacb87a397312782c97ba9df15f3ff,4ec1b93b40717d73bf65e997783140b847de4f26f5dd7d8a699bd5c391c897c9
outputs/pai-faithful/pb-all-max1-tanh-sw25-c4x8-seed3,pai-faithful,evaluated,pb-all-max1-tanh-sw25-c4x8,3,configs/data/speech_commands_v2_mfcc32_paper.yaml,1.0,mps,tracked,pb,all,tanh,4,8,0,0,0,0,104,pai_training_complete,10332,20664,20688,24,20664,20688,,160068,320136,328256,1,1,0.7565804274465692,0.7153374233128834,4890,0.6928201933754029,3125.186550750048,875f7ff108a35e57dcf8d7a10458a2cc9dac03419341f966e435709f0ea0f409,0111c9535ac90512cbb57230d20c378b22f3aa6aa25766c3a4e4e8741a5c8f28
outputs/pai-faithful/pb-all-max1-tanh-sw25-c4x8-seed4,pai-faithful,evaluated,pb-all-max1-tanh-sw25-c4x8,4,configs/data/speech_commands_v2_mfcc32_paper.yaml,1.0,mps,tracked,pb,all,tanh,4,8,0,0,0,0,197,pai_training_complete,10332,20664,20688,24,20664,20688,,160068,320136,328256,1,1,0.756355455568054,0.7153374233128834,4890,0.7231265065135553,5860.856082875049,404ec38ee1205116b466f7769f691a79379e0790d94bc74647ddc3f064aa25de,7656237c650bc3e55d16d53b34f44958e5b8a5b5ac173d8078dd1289d24dbda0
outputs/pai-faithful/pb-all-max1-tanh-sw25-c8x16-seed0,pai-faithful,evaluated,pb-all-max1-tanh-sw25-c8x16,0,configs/data/speech_commands_v2_mfcc32_paper.yaml,1.0,mps,tracked,pb,all,tanh,8,16,0,0,0,0,349,pai_training_complete,21228,42456,42492,36,42456,42492,,525768,1051536,1067764,1,1,0.8587176602924634,0.8421267893660531,4890,0.8370663272215151,5219.340640292037,ce73ff2eaaf9802e6c2e4afd37198be744c5a4770e990239d29ebb377a7c5289,0e8749872444e60cfe18bd4636afef0d582fc385be3e7f668eba3ed0c785af61
outputs/pai-faithful/pb-all-max1-tanh-sw25-c8x16-seed1,pai-faithful,evaluated,pb-all-max1-tanh-sw25-c8x16,1,configs/data/speech_commands_v2_mfcc32_paper.yaml,1.0,mps,tracked,pb,all,tanh,8,16,0,0,0,0,270,pai_training_complete,21228,42456,42492,36,42456,42492,,525768,1051536,1067764,1,1,0.8503937007874016,0.8255623721881391,4890,0.820030875064323,3721.6364469591063,9b74f8a76140907a703c60d2cab00be27fab1ba13c5a225dc069e36230ae626b,056cb5b84a88364b655420c520a80b5794323d84ffc3374692948eda6332d844
outputs/pai-faithful/pb-all-max1-tanh-sw25-c8x16-seed2,pai-faithful,evaluated,pb-all-max1-tanh-sw25-c8x16,2,configs/data/speech_commands_v2_mfcc32_paper.yaml,1.0,mps,tracked,pb,all,tanh,8,16,0,0,0,0,280,pai_training_complete,21228,42456,42492,36,42456,42492,,525768,1051536,1067764,1,1,0.8497187851518561,0.8202453987730062,4890,0.8117433577986621,3263.43029249995,37f2368659f3a18e2a71494de713d7374d0d7919f15f947dc0d27edad3fcc384,767c28622ed17e18282e79db4602d6c0ffb0c421d2b9018c918f11c49ec4495e
outputs/pai-faithful/pb-all-max1-tanh-sw25-c8x16-seed3,pai-faithful,evaluated,pb-all-max1-tanh-sw25-c8x16,3,configs/data/speech_commands_v2_mfcc32_paper.yaml,1.0,mps,tracked,pb,all,tanh,8,16,0,0,0,0,263,pai_training_complete,21228,42456,42492,36,42456,42492,,525768,1051536,1067764,1,1,0.8566929133858268,0.8329243353783231,4890,0.8351975733282778,7881.675249667023,1a39d94140c02135017e61d6c6cd9c26c5eeaef678db8fc1c1a308103543053a,35c25925f9218111eb414432b46402b54f9f6f02ce0caca0534bcfb2efaa902f
outputs/pai-faithful/pb-all-max1-tanh-sw25-c8x16-seed4,pai-faithful,evaluated,pb-all-max1-tanh-sw25-c8x16,4,configs/data/speech_commands_v2_mfcc32_paper.yaml,1.0,mps,tracked,pb,all,tanh,8,16,0,0,0,0,237,pai_training_complete,21228,42456,42492,36,42456,42492,,525768,1051536,1067764,1,1,0.861867266591676,0.8259713701431493,4890,0.8184058716788993,7592.863669250044,b98e9f60a6449105eeb945e17fb73194dd37fcb5da76ea2bc0403c7547a71b10,603dbc1a3277b16af84692bd56f2a5a010b1cd0cda66b5fed747b7a58d1ef7cc
outputs/pai-faithful/pb-linear-max3-tanh-sw25-c8x16-seed0,pai-faithful,evaluated,pb-linear-max3-tanh-sw25-c8x16,0,configs/data/speech_commands_v2_mfcc32_paper.yaml,1.0,mps,tracked,pb,linear,tanh,8,16,0,0,0,0,573,pai_training_complete,21228,81240,81300,0,81168,81300,,525768,,,3,3,0.8470191226096738,0.8257668711656442,4890,0.850553855320532,2808.154205458937,b6e946f562c43fbf39f76b2d9f4d335c14ddb75ca58e661a0b5973b143d20b3f,0e115cd5e7015013cff43658be03377f12c5a565c0203c83b6bf8c49548358af
outputs/pai-faithful/pb-linear-max3-tanh-sw25-c8x16-seed1,pai-faithful,evaluated,pb-linear-max3-tanh-sw25-c8x16,1,configs/data/speech_commands_v2_mfcc32_paper.yaml,1.0,mps,tracked,pb,linear,tanh,8,16,0,0,0,0,426,pai_training_complete,21228,41208,41220,12,41208,41220,,525768,545736,545748,2,1,0.8407199100112486,0.8102249488752556,4890,0.7654036779243291,1556.1476957909763,9f4823d29c78e62bd4ae503bb22834f638af018d26e25513b102a0070a5e58b7,5a470b356cb33af134c5139cc26204d9b211429550f0efd4d91e25768485b501
outputs/pai-faithful/pb-linear-max3-tanh-sw25-c8x16-seed2,pai-faithful,evaluated,pb-linear-max3-tanh-sw25-c8x16,2,configs/data/speech_commands_v2_mfcc32_paper.yaml,1.0,mps,tracked,pb,linear,tanh,8,16,0,0,0,0,568,pai_training_complete,21228,81240,81300,0,81168,81300,,525768,,,3,3,0.8490438695163105,0.8222903885480572,4890,0.826557971995775,2657.4639943329385,0273cdbaac57a7897d20c70dcc746e5ef15a61f6934ce4c780c2355e45c06c7f,878d43d7d5c779a592e5bbd4ba4ea9441130d06bd5873143f9f10f4dbc16d6ab
outputs/pai-faithful/pb-linear-max3-tanh-sw25-c8x16-seed3,pai-faithful,evaluated,pb-linear-max3-tanh-sw25-c8x16,3,configs/data/speech_commands_v2_mfcc32_paper.yaml,1.0,mps,tracked,pb,linear,tanh,8,16,0,0,0,0,600,epoch_cap,21228,61224,61248,0,61188,61248,,525768,,,3,2,0.8510686164229472,0.8314928425357874,4890,0.8516371909108144,6875.3484595420305,7006ee37acb206c5e40b172847e5fdec38141f77c29d8a1d35321e1027c06e46,762290e8041320225823ad7f0248a1ace7dee63436dcf017ffb7f812cfa035fa
outputs/pai-faithful/pb-linear-max3-tanh-sw25-c8x16-seed4,pai-faithful,evaluated,pb-linear-max3-tanh-sw25-c8x16,4,configs/data/speech_commands_v2_mfcc32_paper.yaml,1.0,mps,tracked,pb,linear,tanh,8,16,0,0,0,0,425,pai_training_complete,21228,81240,81300,0,81168,81300,,525768,,,3,3,0.8591676040494938,0.8253578732106339,4890,0.8426725889012269,5080.318168416969,46f77c126548d28371aaf985d219ead556640783bfc82e131e4186b130725827,65b3231a9c6177fdd3c7e36b2f0859fdde67537f9be39c5219af9205ea2551f2
outputs/pai-faithful-b21/det-none-c16x32-seed0,pai-faithful-b21,evaluated,none-c16x32,0,configs/data/speech_commands_v2_mfcc32_paper.yaml,1.0,mps,detached,none,all,tanh,16,32,0,0,0,0,600,epoch_cap,44748,44748,44748,0,44748,44748,,1874064,1874064,1874064,0,0,0.8467941507311586,0.8202453987730062,4890,0.7733661945129052,4651.811980916071,eb775d63af6c2fe3f0b763840b65e50710eb0cbb19a9d04c4ad5dd077592e1db,4d133fe3f712d761990b21ae97e09030237a6a9597aeb8e27d5f2dd9463f276a
outputs/pai-faithful-b21/det-none-c16x32-seed1,pai-faithful-b21,evaluated,none-c16x32,1,configs/data/speech_commands_v2_mfcc32_paper.yaml,1.0,mps,detached,none,all,tanh,16,32,0,0,0,0,600,epoch_cap,44748,44748,44748,0,44748,44748,,1874064,1874064,1874064,0,0,0.8323959505061868,0.8047034764826176,4890,0.7539474040570918,2323.1297313750256,3b9e567a01a46663b3a6b06066e5cd47ea557a5cf04cc1797f0ca204a5710697,ce5ddc590ea4e99d23d3f89b68021bc3030997a8a99d38d47d0d8f0fad84f740
outputs/pai-faithful-b21/det-none-c16x32-seed2,pai-faithful-b21,evaluated,none-c16x32,2,configs/data/speech_commands_v2_mfcc32_paper.yaml,1.0,mps,detached,none,all,tanh,16,32,0,0,0,0,600,epoch_cap,44748,44748,44748,0,44748,44748,,1874064,1874064,1874064,0,0,0.8278965129358831,0.7985685071574642,4890,0.7407577932454026,4220.289069375023,c017f377be964091fa1b046beb47b60e0f9debbc5174f91da2c77b1985aeb5e4,87001f4bc9ee22de90a9d093399c2963a9e2d7b9b81524183622a49b58296dc4
outputs/pai-faithful-b21/det-none-c16x32-seed3,pai-faithful-b21,evaluated,none-c16x32,3,configs/data/speech_commands_v2_mfcc32_paper.yaml,1.0,mps,detached,none,all,tanh,16,32,0,0,0,0,600,epoch_cap,44748,44748,44748,0,44748,44748,,1874064,1874064,1874064,0,0,0.8359955005624297,0.8194274028629857,4890,0.7684370175771199,2702.798758208053,89dd64226583dcfd3f584a229a4b0c2ebc3f3a3dcc2b005d57bcf3ffb2a5190e,4e1ffa80376b70ea420f54452d36cba467f059191e017acf8395ea30633d8197
outputs/pai-faithful-b21/det-none-c16x32-seed4,pai-faithful-b21,evaluated,none-c16x32,4,configs/data/speech_commands_v2_mfcc32_paper.yaml,1.0,mps,detached,none,all,tanh,16,32,0,0,0,0,600,epoch_cap,44748,44748,44748,0,44748,44748,,1874064,1874064,1874064,0,0,0.8490438695163105,0.8235173824130879,4890,0.7736099450207188,4870.054020832991,4786b47e26bdfbabb025e50486e0a340b0df5bd8656332da63a6c328eab6268a,8c4118409fa7ade48a47090aab05414a38f4080c929e6572529806dc996f6dbb
outputs/pai-faithful-b21/det-none-c8x16-seed0,pai-faithful-b21,evaluated,none-c8x16,0,configs/data/speech_commands_v2_mfcc32_paper.yaml,1.0,mps,detached,none,all,tanh,8,16,0,0,0,0,600,epoch_cap,21228,21228,21228,0,21228,21228,,525768,525768,525768,0,0,0.8287964004499437,0.8098159509202454,4890,0.7630474230154646,3229.9225082499906,10382acfab8656b6347aaa865ffc4340d05782612619a71f30a19c80bd708b44,c0b574280cff62a1a379391985ce2e468456171c8e927652cdfd58eef9001797
outputs/pai-faithful-b21/det-none-c8x16-seed1,pai-faithful-b21,evaluated,none-c8x16,1,configs/data/speech_commands_v2_mfcc32_paper.yaml,1.0,mps,detached,none,all,tanh,8,16,0,0,0,0,600,epoch_cap,21228,21228,21228,0,21228,21228,,525768,525768,525768,0,0,0.8335208098987626,0.8196319018404908,4890,0.7532161525336512,1686.5879460419528,b68d3cd6b0ab0e023e169b63b43783f380ac388467d897d312a1a47074e2c83e,9428f0628bd99dc39f69b0c7ec1510ada71df4e7874f603a2b1fa93b5aa73963
outputs/pai-faithful-b21/det-none-c8x16-seed2,pai-faithful-b21,evaluated,none-c8x16,2,configs/data/speech_commands_v2_mfcc32_paper.yaml,1.0,mps,detached,none,all,tanh,8,16,0,0,0,0,600,epoch_cap,21228,21228,21228,0,21228,21228,,525768,525768,525768,0,0,0.831496062992126,0.808997955010225,4890,0.7481515586490806,2646.248131542001,7eb7d833eb47ef1cd62d982cbb6fda29cdcfa68e0ddbd7530a03c027cad2d7af,c1afb6b882254e9c738befba76d155d258672efce923fe62e0f50d9b631d37c1
outputs/pai-faithful-b21/det-none-c8x16-seed3,pai-faithful-b21,evaluated,none-c8x16,3,configs/data/speech_commands_v2_mfcc32_paper.yaml,1.0,mps,detached,none,all,tanh,8,16,0,0,0,0,600,epoch_cap,21228,21228,21228,0,21228,21228,,525768,525768,525768,0,0,0.8413948256467941,0.821881390593047,4890,0.7805432927985266,1739.5492494999198,f38d1e6e50f24ce7ba54db0d056a8bd1ec65334f3728a97c3a2c90d3506f53c4,4d0f551a32e9936c7be0abd3b2297b5b5c7678912978dd1d767e4a1fc09c02b3
outputs/pai-faithful-b21/det-none-c8x16-seed4,pai-faithful-b21,evaluated,none-c8x16,4,configs/data/speech_commands_v2_mfcc32_paper.yaml,1.0,mps,detached,none,all,tanh,8,16,0,0,0,0,600,epoch_cap,21228,21228,21228,0,21228,21228,,525768,525768,525768,0,0,0.8301462317210349,0.7955010224948875,4890,0.7559786582888715,3425.4034717920003,d3eb0f7b67c25ed4432f7844c46fccf091da47b3d30cc1ebca4707fd0dcbffd1,9dcdcacd75c7f5926d5e06e8136992444d95786ffdb3e05d080010e4d1320cbd
outputs/pai-faithful-b21/det-pb-all-max1-relu-sw25-c8x16-seed0,pai-faithful-b21,evaluated,pb-all-max1-relu-sw25-c8x16,0,configs/data/speech_commands_v2_mfcc32_paper.yaml,1.0,mps,detached,pb,all,relu,8,16,0,0,0,0,317,pai_training_complete,21228,42456,42492,36,42456,42492,,525768,1051536,1067764,1,1,0.8330708661417323,0.8214723926380368,4890,0.7904016466700973,12466.285208959016,3b95fafd540e1d2ce1023a05745f4cac092086b5a9bc29f47fcbc4e97b68e79b,2389a427cdb40cc945092a977180e3ae67d04279acb52fb82bac6c596c7b6d63
outputs/pai-faithful-b21/det-pb-all-max1-relu-sw25-c8x16-seed1,pai-faithful-b21,evaluated,pb-all-max1-relu-sw25-c8x16,1,configs/data/speech_commands_v2_mfcc32_paper.yaml,1.0,mps,detached,pb,all,relu,8,16,0,0,0,0,328,pai_training_complete,21228,21228,21228,0,21228,21228,,525768,525768,525768,1,0,0.8150731158605174,0.7826175869120654,4890,0.7376702868130975,13991.64218437497,ddd9eec12920a76b8be8f3190f131987b6ae8f744c13bf82e457cfe839354243,ffb684743291658e6055d201c3d3809b231849675826cb7183705a4cd603b872
outputs/pai-faithful-b21/det-pb-all-max1-relu-sw25-c8x16-seed2,pai-faithful-b21,evaluated,pb-all-max1-relu-sw25-c8x16,2,configs/data/speech_commands_v2_mfcc32_paper.yaml,1.0,mps,detached,pb,all,relu,8,16,0,0,0,0,292,pai_training_complete,21228,42456,42492,36,42456,42492,,525768,1051536,1067764,1,1,0.8285714285714286,0.803680981595092,4890,0.7642932589442895,12521.312280958984,07583a84431e6dc9e251b61101f3e7eefc2d38e118470f9b7a9875d5643afff6,c0c8e0d6409caded59bc0a3470fd3d525d3e4ffc7e996d82c7ac71312ed27a34
outputs/pai-faithful-b21/det-pb-all-max1-relu-sw25-c8x16-seed3,pai-faithful-b21,evaluated,pb-all-max1-relu-sw25-c8x16,3,configs/data/speech_commands_v2_mfcc32_paper.yaml,1.0,mps,detached,pb,all,relu,8,16,0,0,0,0,416,pai_training_complete,21228,42456,42492,36,42456,42492,,525768,1051536,1067764,1,1,0.8427446569178852,0.8130879345603272,4890,0.7947620724209842,14312.54295695899,fc41daafd0e6d5645a190e35d2dffe56ae6042516744a8f372c567a63888bbe4,a8befa4d85d93218cb3dbff567e85e748137c7619ebd359728f7104bdf4d92e5
outputs/pai-faithful-b21/det-pb-all-max1-relu-sw25-c8x16-seed4,pai-faithful-b21,evaluated,pb-all-max1-relu-sw25-c8x16,4,configs/data/speech_commands_v2_mfcc32_paper.yaml,1.0,mps,detached,pb,all,relu,8,16,0,0,0,0,333,pai_training_complete,21228,42456,42492,36,42456,42492,,525768,1051536,1067764,1,1,0.8407199100112486,0.8102249488752556,4890,0.79858083037673,5413.771654209006,e4d9bd471d8d68668cc40409f483ca42c8bb9f4c268f1df9c33f12ee1d38f1e8,592e8110a02c01ec444a44f41d389792d08d5520a6bd6e6a6f528956084bfffc
outputs/pai-faithful-b21/f20-det-none-c8x16-seed0,pai-faithful-b21,evaluated,none-c8x16,0,configs/data/speech_commands_v2_mfcc32_paper_frac20.yaml,0.2,mps,detached,none,all,tanh,8,16,0,0,0,0,600,epoch_cap,21228,21228,21228,0,21228,21228,,525768,525768,525768,0,0,0.7642294713160855,0.723721881390593,4890,0.8102654387865655,624.2858015419915,71c6b57cab6fa4093ff9913f81a81c1b991082a55c13bfe6206f9254bf8c218b,57c795be35f06bc066931ea0f3ac1b63ce5eabac6a43e750918e67e1aa244284
outputs/pai-faithful-b21/f20-det-none-c8x16-seed1,pai-faithful-b21,evaluated,none-c8x16,1,configs/data/speech_commands_v2_mfcc32_paper_frac20.yaml,0.2,mps,detached,none,all,tanh,8,16,0,0,0,0,600,epoch_cap,21228,21228,21228,0,21228,21228,,525768,525768,525768,0,0,0.7752530933633296,0.7390593047034765,4890,0.8224539544962081,378.81463050004095,919a04c3d96894769e493b0371e100d87dd5b0d9e724aa6bb60b29ad5748ba70,3c6a70ecc9932e73d569ecdeb538e712a70b1d431040fd097399cfc00d413070
outputs/pai-faithful-b21/f20-det-none-c8x16-seed2,pai-faithful-b21,evaluated,none-c8x16,2,configs/data/speech_commands_v2_mfcc32_paper_frac20.yaml,0.2,mps,detached,none,all,tanh,8,16,0,0,0,0,600,epoch_cap,21228,21228,21228,0,21228,21228,,525768,525768,525768,0,0,0.7698537682789651,0.7539877300613497,4890,0.8353196099674973,701.0036263749935,9726c314052fda495c2ada2f8efc89e528cc4c16053471deba061b80149a6e69,6d1d1711b488b9cec54b1334e76de46f5c768073d8ba156e2d6cc65d80c2475c
outputs/pai-faithful-b21/f20-det-none-c8x16-seed3,pai-faithful-b21,evaluated,none-c8x16,3,configs/data/speech_commands_v2_mfcc32_paper_frac20.yaml,0.2,mps,detached,none,all,tanh,8,16,0,0,0,0,600,epoch_cap,21228,21228,21228,0,21228,21228,,525768,525768,525768,0,0,0.7604049493813273,0.7392638036809815,4890,0.8231310942578548,452.40394745906815,10ef150466136012afa0e31c7cd66e53f55b0fe145432b804d9ff0fcb80492c3,e1007e243741f053463dbab0de9b76690d379f3d5e9561fb0fb4952795fb5d61
outputs/pai-faithful-b21/f20-det-none-c8x16-seed4,pai-faithful-b21,evaluated,none-c8x16,4,configs/data/speech_commands_v2_mfcc32_paper_frac20.yaml,0.2,mps,detached,none,all,tanh,8,16,0,0,0,0,600,epoch_cap,21228,21228,21228,0,21228,21228,,525768,525768,525768,0,0,0.7752530933633296,0.743558282208589,4890,0.8257042253521126,640.3682857089443,43c1b46830f96ae916e8c698f1b337f19e3409d75c4b47ee8ce0461666113186,2f6ff59d29d691a14bc487055d8523ea5df7c8081eba3c5d1132e0c6e0726f06
outputs/pai-faithful-b21/f20-det-pb-all-max1-relu-sw25-c8x16-seed0,pai-faithful-b21,evaluated,pb-all-max1-relu-sw25-c8x16,0,configs/data/speech_commands_v2_mfcc32_paper_frac20.yaml,0.2,mps,detached,pb,all,relu,8,16,0,0,0,0,250,pai_training_complete,21228,42456,42492,36,42456,42492,,525768,1051536,1067764,1,1,0.7736782902137233,0.7496932515337423,4890,0.8731040086673889,2799.454140249989,43ae9d82f2152a00a8c1ca0c106d08d0fd5ae8131c3e49be5f9f0f0a32214b38,4034fdb20e5fab393084d38547a71467f721f5fa4b17fe9be0cff3ee68d39ca1
outputs/pai-faithful-b21/f20-det-pb-all-max1-relu-sw25-c8x16-seed1,pai-faithful-b21,evaluated,pb-all-max1-relu-sw25-c8x16,1,configs/data/speech_commands_v2_mfcc32_paper_frac20.yaml,0.2,mps,detached,pb,all,relu,8,16,0,0,0,0,186,pai_training_complete,21228,42456,42492,36,42456,42492,,525768,1051536,1067764,1,1,0.7883014623172103,0.7484662576687117,4890,0.8762188515709642,1108.1998546670657,da8062fa15d106b3e8c66d0e174c74d5fb3b8f1022eb706ab4f9f44b876449ff,65f35de6beed721b08646d35b7ddcd2c11099fc73e02f5c8d66fb46fc38a2d16
outputs/pai-faithful-b21/f20-det-pb-all-max1-relu-sw25-c8x16-seed2,pai-faithful-b21,evaluated,pb-all-max1-relu-sw25-c8x16,2,configs/data/speech_commands_v2_mfcc32_paper_frac20.yaml,0.2,mps,detached,pb,all,relu,8,16,0,0,0,0,287,pai_training_complete,21228,42456,42492,36,42456,42492,,525768,1051536,1067764,1,1,0.774578177727784,0.7498977505112474,4890,0.8679577464788732,2669.194073916995,e691fbde31cdef64d9cdaea0ea663bf221bd1cbc1f66b097ab1f2548e8789675,a4b11fbb1f449de778d36623b9955c1c8f235f75b9fa1e272fbb02632107e080
outputs/pai-faithful-b21/f20-det-pb-all-max1-relu-sw25-c8x16-seed3,pai-faithful-b21,evaluated,pb-all-max1-relu-sw25-c8x16,3,configs/data/speech_commands_v2_mfcc32_paper_frac20.yaml,0.2,mps,detached,pb,all,relu,8,16,0,0,0,0,241,pai_training_complete,21228,42456,42492,36,42456,42492,,525768,1051536,1067764,1,1,0.766029246344207,0.7331288343558282,4890,0.8773022751895991,2186.5700418329798,28cce4bb9fd603df55df0c24274fdf57c54ad64537e41168428a972f7f67af3c,463685e8086ecb58661d4e4771af9a60290f09482e086fbf32060a36c6e38a27
outputs/pai-faithful-b21/f20-det-pb-all-max1-relu-sw25-c8x16-seed4,pai-faithful-b21,evaluated,pb-all-max1-relu-sw25-c8x16,4,configs/data/speech_commands_v2_mfcc32_paper_frac20.yaml,0.2,mps,detached,pb,all,relu,8,16,0,0,0,0,175,pai_training_complete,21228,42456,42492,36,42456,42492,,525768,1051536,1067764,1,1,0.7622047244094489,0.7357873210633947,4890,0.8332881906825569,1023.6832925420022,861a92bef58ce063118276a0cc30b13d10a11284db12602cad9c684f158ac07a,8c30c78517444f44579f0d833cb84d6a6b754f40df0804a56a0f9dc129530cde
outputs/pai-faithful-b21/f20-gd-all-max1-tanh-sw25-c8x16-seed0,pai-faithful-b21,evaluated,gd-all-max1-tanh-sw25-c8x16,0,configs/data/speech_commands_v2_mfcc32_paper_frac20.yaml,0.2,mps,tracked,gd,all,tanh,8,16,0,0,0,0,236,pai_training_complete,21228,42456,42492,36,42492,42492,,525768,1051536,1067764,1,1,0.7718785151856018,0.7361963190184049,4890,0.8877302275189599,872.1419821659802,6bdc67d0d573b7ee60f8f58ad32524074bedaa6f0961655a95261ce5fb220fe2,fd8c44dfa20808b8f165c2ee5bcd89d9f0ae12a518bc0af72219ee8f23eb2d3e
outputs/pai-faithful-b21/f20-gd-all-max1-tanh-sw25-c8x16-seed1,pai-faithful-b21,evaluated,gd-all-max1-tanh-sw25-c8x16,1,configs/data/speech_commands_v2_mfcc32_paper_frac20.yaml,0.2,mps,tracked,gd,all,tanh,8,16,0,0,0,0,241,pai_training_complete,21228,42456,42492,36,42492,42492,,525768,1051536,1067764,1,1,0.7772778402699663,0.7576687116564417,4890,0.8739165763813651,646.9234046249185,e810be26d8fc55cc365f19a63ee6436f8339e1a874e568f8afea69544ce6bf5d,a952a27529d0257e8acf25545ca5270d192d94142d8db84cf9e00319732e208b
outputs/pai-faithful-b21/f20-gd-all-max1-tanh-sw25-c8x16-seed2,pai-faithful-b21,evaluated,gd-all-max1-tanh-sw25-c8x16,2,configs/data/speech_commands_v2_mfcc32_paper_frac20.yaml,0.2,mps,tracked,gd,all,tanh,8,16,0,0,0,0,283,pai_training_complete,21228,42456,42492,36,42492,42492,,525768,1051536,1067764,1,1,0.7723284589426321,0.7468302658486707,4890,0.9050650054171181,1231.248217958957,e6b929b8bbbf12dbb85187b313523699c39ca034ca3ad210347217c2f168d0e6,a59ee11e91a8ac20827de7c188639cf2b925e5583436e35f1d7d1e08e21661fe
outputs/pai-faithful-b21/f20-gd-all-max1-tanh-sw25-c8x16-seed3,pai-faithful-b21,evaluated,gd-all-max1-tanh-sw25-c8x16,3,configs/data/speech_commands_v2_mfcc32_paper_frac20.yaml,0.2,mps,tracked,gd,all,tanh,8,16,0,0,0,0,237,pai_training_complete,21228,42456,42492,36,42492,42492,,525768,1051536,1067764,1,1,0.7570303712035995,0.7312883435582822,4890,0.8336944745395449,545.0691917500226,5bedb2f8c25ac8e11f8d25ff82a98910326a84502a12f0180d2f7c73b379d65a,049ebf29a7eeb8d86121e3f02683c0989aea1245a52e2c948fc7ab9f099f7a33
outputs/pai-faithful-b21/f20-gd-all-max1-tanh-sw25-c8x16-seed4,pai-faithful-b21,evaluated,gd-all-max1-tanh-sw25-c8x16,4,configs/data/speech_commands_v2_mfcc32_paper_frac20.yaml,0.2,mps,tracked,gd,all,tanh,8,16,0,0,0,0,199,pai_training_complete,21228,42456,42492,36,42492,42492,,525768,1051536,1067764,1,1,0.7716535433070866,0.7423312883435583,4890,0.8846153846153846,1078.9193876669742,c1e5709e3a43da26e6d1223a974f7cbe1a5d0726da852485b0af6c8b1e5036aa,8a02aa050633d68808481bd38a8bab491ad08138b53a196826e9b1be479f8967
outputs/pai-faithful-b21/f20-none-c12x24-seed0,pai-faithful-b21,evaluated,none-c12x24,0,configs/data/speech_commands_v2_mfcc32_paper_frac20.yaml,0.2,mps,tracked,none,all,tanh,12,24,0,0,0,0,600,epoch_cap,32700,32700,32700,0,32700,32700,,1097100,1097100,1097100,0,0,0.7838020247469066,0.745398773006135,4890,0.8729685807150596,1201.5071806249907,5116049786fdcecbbf47ba0c35776018296aa8102d5b7eea7d9a3488c4b53522,853f00d93ff8d5d5aefabcab2272681db87e91f28adaff8c4721306668e99cd9
outputs/pai-faithful-b21/f20-none-c12x24-seed1,pai-faithful-b21,evaluated,none-c12x24,1,configs/data/speech_commands_v2_mfcc32_paper_frac20.yaml,0.2,mps,tracked,none,all,tanh,12,24,0,0,0,0,600,epoch_cap,32700,32700,32700,0,32700,32700,,1097100,1097100,1097100,0,0,0.777052868391451,0.7541922290388549,4890,0.8739165763813651,784.2178237920161,d95671db8b1d7c1eb204e5923886b067457498e69dcfd2a7b9c6a63f95054c23,b5224595a9cb87ee0bd1241efbfbac49cebc4a467c605564436531a37550d6e0
outputs/pai-faithful-b21/f20-none-c12x24-seed2,pai-faithful-b21,evaluated,none-c12x24,2,configs/data/speech_commands_v2_mfcc32_paper_frac20.yaml,0.2,mps,tracked,none,all,tanh,12,24,0,0,0,0,600,epoch_cap,32700,32700,32700,0,32700,32700,,1097100,1097100,1097100,0,0,0.785376827896513,0.7638036809815951,4890,0.8995124593716143,699.3644129999448,ad3fcf728f04be176dfedc557c0050d5af415bd61eee0e14b26ecc9d9bfd5963,8f84c8b003b233b310059c1c0e5b5090af3ae473dd3fd7b12072be28355cbe95
outputs/pai-faithful-b21/f20-none-c12x24-seed3,pai-faithful-b21,evaluated,none-c12x24,3,configs/data/speech_commands_v2_mfcc32_paper_frac20.yaml,0.2,mps,tracked,none,all,tanh,12,24,0,0,0,0,600,epoch_cap,32700,32700,32700,0,32700,32700,,1097100,1097100,1097100,0,0,0.7597300337457817,0.7370143149284254,4890,0.8531960996749729,635.9179004580947,a008bc0a9f4e22bde6e1deb0d185b96f7c398cd1112af8cca658ccb1fa8277c6,11edb37cac60a8db1639bfe6b0227e6bfc01b9bd17103dce23f9c63236316ddb
outputs/pai-faithful-b21/f20-none-c12x24-seed4,pai-faithful-b21,evaluated,none-c12x24,4,configs/data/speech_commands_v2_mfcc32_paper_frac20.yaml,0.2,mps,tracked,none,all,tanh,12,24,0,0,0,0,600,epoch_cap,32700,32700,32700,0,32700,32700,,1097100,1097100,1097100,0,0,0.7838020247469066,0.7670756646216769,4890,0.896397616468039,695.3764182089362,3007c33f33aedb7272c65b1a566b91938db8122e681d6531fd1ec62885408e72,20d0b9678b449d43f80cad9cf006b23ad67e9be58382249b71221b7735683786
outputs/pai-faithful-b21/f20-none-c16x32-seed0,pai-faithful-b21,evaluated,none-c16x32,0,configs/data/speech_commands_v2_mfcc32_paper_frac20.yaml,0.2,mps,tracked,none,all,tanh,16,32,0,0,0,0,600,epoch_cap,44748,44748,44748,0,44748,44748,,1874064,1874064,1874064,0,0,0.7797525309336333,0.7505112474437627,4890,0.8988353196099675,1398.5279580419883,2a1a81a8e99cd1289372de6e97a356c809bf7078d34f3368221a8c147b37057d,9804a105a50937b2611708462562bf1669814bbad575db252d732461eb2d9591
outputs/pai-faithful-b21/f20-none-c16x32-seed1,pai-faithful-b21,evaluated,none-c16x32,1,configs/data/speech_commands_v2_mfcc32_paper_frac20.yaml,0.2,mps,tracked,none,all,tanh,16,32,0,0,0,0,600,epoch_cap,44748,44748,44748,0,44748,44748,,1874064,1874064,1874064,0,0,0.7883014623172103,0.7521472392638037,4890,0.8721560130010835,1181.0195545420283,c0c84a29501e12bb9d5d7b271021e98dfafb3be7458137596a62cdd83ebdcd55,49f00fd80f2db30dd4ae9d44902da20af965bc4c34542897406ba036f80d5f4e
outputs/pai-faithful-b21/f20-none-c16x32-seed2,pai-faithful-b21,evaluated,none-c16x32,2,configs/data/speech_commands_v2_mfcc32_paper_frac20.yaml,0.2,mps,tracked,none,all,tanh,16,32,0,0,0,0,600,epoch_cap,44748,44748,44748,0,44748,44748,,1874064,1874064,1874064,0,0,0.7739032620922385,0.7529652351738241,4890,0.8794691224268689,1136.767010416952,68644b32b45b952518052869fa9e8cbb96eb0dd08925446fe9ac8a15c4824627,e0f93974463dbc270cf84202f3a13eabf5ef4137796447b08d10cca854fd8294
outputs/pai-faithful-b21/f20-none-c16x32-seed3,pai-faithful-b21,evaluated,none-c16x32,3,configs/data/speech_commands_v2_mfcc32_paper_frac20.yaml,0.2,mps,tracked,none,all,tanh,16,32,0,0,0,0,600,epoch_cap,44748,44748,44748,0,44748,44748,,1874064,1874064,1874064,0,0,0.7739032620922385,0.7552147239263803,4890,0.8049837486457205,660.1355763749452,fffe8bc86e5cf3fed06db08dec2556a1afefd76bdb7852546f9d11ea38750d8f,508ebcf338381414d14b8a5e6f1e72e87416b6aa1e5a86e7702f84d9df313c5a
outputs/pai-faithful-b21/f20-none-c16x32-seed4,pai-faithful-b21,evaluated,none-c16x32,4,configs/data/speech_commands_v2_mfcc32_paper_frac20.yaml,0.2,mps,tracked,none,all,tanh,16,32,0,0,0,0,600,epoch_cap,44748,44748,44748,0,44748,44748,,1874064,1874064,1874064,0,0,0.7777277840269966,0.754601226993865,4890,0.8615926327193932,985.2822544579394,92dc98171cebb5ffccb7b4c18cd0d0fd8a0d2f57b6aae1de505c6f15565497d3,01c2faaf04d2bf6e40671c9443156e56aad817239ab5416dbac65299142ad4ea
outputs/pai-faithful-b21/f20-none-c24x48-seed0,pai-faithful-b21,evaluated,none-c24x48,0,configs/data/speech_commands_v2_mfcc32_paper_frac20.yaml,0.2,mps,tracked,none,all,tanh,24,48,0,0,0,0,600,epoch_cap,70572,70572,70572,0,70572,70572,,4044888,4044888,4044888,0,0,0.7788526434195725,0.7554192229038855,4890,0.8477789815817984,1873.9470774589572,a31adc62b17a5a40dcfc266dc5ff4aa05b98e99f473c388d8fbb7b4c3cb743bf,8e9c9913c81268ae9a1c160a5ee50dccc3f17fb26a8af3f1f54d2246b3e87856
outputs/pai-faithful-b21/f20-none-c24x48-seed1,pai-faithful-b21,evaluated,none-c24x48,1,configs/data/speech_commands_v2_mfcc32_paper_frac20.yaml,0.2,mps,tracked,none,all,tanh,24,48,0,0,0,0,600,epoch_cap,70572,70572,70572,0,70572,70572,,4044888,4044888,4044888,0,0,0.7804274465691788,0.7621676891615542,4890,0.8192036836403034,1588.0954462500522,ed6dc3cf8d1a860f6d3f521f789081e632cae76ea0eae2a66b24b2404e70df81,b1bef016d44ccdbb06a378e96b7b9d52968905303ea6879ca492803762891a6c
outputs/pai-faithful-b21/f20-none-c24x48-seed2,pai-faithful-b21,evaluated,none-c24x48,2,configs/data/speech_commands_v2_mfcc32_paper_frac20.yaml,0.2,mps,tracked,none,all,tanh,24,48,0,0,0,0,600,epoch_cap,70572,70572,70572,0,70572,70572,,4044888,4044888,4044888,0,0,0.7669291338582677,0.741717791411043,4890,0.8155471289274107,1456.6002547920216,5a1ca8cfe385c7e26389278a94f390916892d47be82fe92b631ee2b478e3dd29,52f15fdf921698609f43666c4bd5f00441d6a2055f10246ef42884fc7beb2869
outputs/pai-faithful-b21/f20-none-c24x48-seed3,pai-faithful-b21,evaluated,none-c24x48,3,configs/data/speech_commands_v2_mfcc32_paper_frac20.yaml,0.2,mps,tracked,none,all,tanh,24,48,0,0,0,0,600,epoch_cap,70572,70572,70572,0,70572,70572,,4044888,4044888,4044888,0,0,0.7696287964004499,0.7498977505112474,4890,0.8366738894907909,957.3838208329398,456b754ec7de55a0ddadff861104c34ddac868e3776d307c82dee587850de8a5,70be67bb3d40cff482c3f09526d98c5f7eac4e256c3bbe3e3b53b5d13fe22b1b
outputs/pai-faithful-b21/f20-none-c24x48-seed4,pai-faithful-b21,evaluated,none-c24x48,4,configs/data/speech_commands_v2_mfcc32_paper_frac20.yaml,0.2,mps,tracked,none,all,tanh,24,48,0,0,0,0,600,epoch_cap,70572,70572,70572,0,70572,70572,,4044888,4044888,4044888,0,0,0.7716535433070866,0.7439672801635991,4890,0.879875406283857,1635.516815250041,8ef9a030b31d3aef371d469602df36401feab431fe34021bb2a90c3d8f0882ed,35203d092c1f66e665c0b655b2d70d5715d71c4f4a42065294cf77cc52f654d3
outputs/pai-faithful-b21/f20-none-c4x8-seed0,pai-faithful-b21,evaluated,none-c4x8,0,configs/data/speech_commands_v2_mfcc32_paper_frac20.yaml,0.2,mps,tracked,none,all,tanh,4,8,0,0,0,0,600,epoch_cap,10332,10332,10332,0,10332,10332,,160068,160068,160068,0,0,0.6794150731158605,0.6392638036809816,4890,0.6765980498374865,807.8670249159914,36507bf33f1dc1cebd0ce758624cf0a1db4f058aa98ba155708f74de54531eae,66c54487a88dc0ce475afe5e584f82274e904bbad4b2e2e8eeda9db9a6ce483b
outputs/pai-faithful-b21/f20-none-c4x8-seed1,pai-faithful-b21,evaluated,none-c4x8,1,configs/data/speech_commands_v2_mfcc32_paper_frac20.yaml,0.2,mps,tracked,none,all,tanh,4,8,0,0,0,0,600,epoch_cap,10332,10332,10332,0,10332,10332,,160068,160068,160068,0,0,0.6852643419572554,0.6517382413087934,4890,0.6631906825568797,626.1592470840551,f37ecf1b0f6a70327cd19a6ae094abfe9d63ffea08dedae6a31e59941fa28bb3,2a2026b4851034973fb4d2504f34076c3e78e1c7c320e38f158ac4008f846c1d
outputs/pai-faithful-b21/f20-none-c4x8-seed2,pai-faithful-b21,evaluated,none-c4x8,2,configs/data/speech_commands_v2_mfcc32_paper_frac20.yaml,0.2,mps,tracked,none,all,tanh,4,8,0,0,0,0,600,epoch_cap,10332,10332,10332,0,10332,10332,,160068,160068,160068,0,0,0.6881889763779527,0.6607361963190184,4890,0.7122156013001083,375.4050242919475,8e33a391c758be0a5c32f41110a64d54d191578edcf0a7e144f130fa147f9952,b3fe36888526fdbffb545f5c668a7aa360199945c23cb937bf015304ef879806
outputs/pai-faithful-b21/f20-none-c4x8-seed3,pai-faithful-b21,evaluated,none-c4x8,3,configs/data/speech_commands_v2_mfcc32_paper_frac20.yaml,0.2,mps,tracked,none,all,tanh,4,8,0,0,0,0,600,epoch_cap,10332,10332,10332,0,10332,10332,,160068,160068,160068,0,0,0.6825646794150732,0.660122699386503,4890,0.6988082340195017,439.26728779205587,21c55b03b4cff0045e5815f386abcdf7acd71542e67dc6cfbb8d5dfcd0e18746,318d6fc4b00498112d46bc4e511cee0d4fca564c6c8d206b6805fabb339b51f8
outputs/pai-faithful-b21/f20-none-c4x8-seed4,pai-faithful-b21,evaluated,none-c4x8,4,configs/data/speech_commands_v2_mfcc32_paper_frac20.yaml,0.2,mps,tracked,none,all,tanh,4,8,0,0,0,0,600,epoch_cap,10332,10332,10332,0,10332,10332,,160068,160068,160068,0,0,0.6791901012373454,0.6343558282208589,4890,0.698943661971831,331.5627464170102,50ebcb3fa7d14bf10858957e7f1fd1d54752ea838c4147d0f443f1eda45cabe5,96505317d871daa7d364c644e06d7e62885cec160eae645e8b44f6e3b38f8310
outputs/pai-faithful-b21/f20-none-c8x16-seed0,pai-faithful-b21,evaluated,none-c8x16,0,configs/data/speech_commands_v2_mfcc32_paper_frac20.yaml,0.2,mps,tracked,none,all,tanh,8,16,0,0,0,0,600,epoch_cap,21228,21228,21228,0,21228,21228,,525768,525768,525768,0,0,0.7597300337457817,0.7294478527607362,4890,0.8378927410617552,913.7001379999565,1ee942fbdea9613aa41516de37143821fb2e6494109988ba53f3ff911f3878f6,9aa02ccdf004035427d9a83be8efcd4460ebbf763fb669a118a022398b883141
outputs/pai-faithful-b21/f20-none-c8x16-seed1,pai-faithful-b21,evaluated,none-c8x16,1,configs/data/speech_commands_v2_mfcc32_paper_frac20.yaml,0.2,mps,tracked,none,all,tanh,8,16,0,0,0,0,600,epoch_cap,21228,21228,21228,0,21228,21228,,525768,525768,525768,0,0,0.7759280089988752,0.7470347648261759,4890,0.8380281690140845,724.8499376670225,a6fa7a74804c9e51faa2bc25662db81f9e05f9c73e241b10a1746671aa6d2850,150854ca69cd1653505025882b4af2e3909e75f77182749644b276ee245374ac
outputs/pai-faithful-b21/f20-none-c8x16-seed2,pai-faithful-b21,evaluated,none-c8x16,2,configs/data/speech_commands_v2_mfcc32_paper_frac20.yaml,0.2,mps,tracked,none,all,tanh,8,16,0,0,0,0,600,epoch_cap,21228,21228,21228,0,21228,21228,,525768,525768,525768,0,0,0.7595050618672666,0.7396728016359918,4890,0.8458829902491874,516.3955238750204,0a1f3a51f2c9432e4485794c600fc30b669accf057860d2f45c32ba4ac16d868,825c8b916d123d66ccf35b96e54e979d89b81f32c8e97ae9c7823a7e408b5aa2
outputs/pai-faithful-b21/f20-none-c8x16-seed3,pai-faithful-b21,evaluated,none-c8x16,3,configs/data/speech_commands_v2_mfcc32_paper_frac20.yaml,0.2,mps,tracked,none,all,tanh,8,16,0,0,0,0,600,epoch_cap,21228,21228,21228,0,21228,21228,,525768,525768,525768,0,0,0.7489313835770529,0.7192229038854806,4890,0.8280065005417118,543.4558421670226,17c950ef3fb97969e75ab1c69bbe7fbd2e5d0983a7e2cd35d7d526edd0198d00,98767a5bde86b0ca3abe895879a2e2210e4eb10b2b267dc9c4fd7e7aed9b7fa2
outputs/pai-faithful-b21/f20-none-c8x16-seed4,pai-faithful-b21,evaluated,none-c8x16,4,configs/data/speech_commands_v2_mfcc32_paper_frac20.yaml,0.2,mps,tracked,none,all,tanh,8,16,0,0,0,0,600,epoch_cap,21228,21228,21228,0,21228,21228,,525768,525768,525768,0,0,0.7577052868391451,0.7253578732106339,4890,0.8167659804983749,489.5701316659106,be8ff679fe9af4e3cf1ca378b69b4e1076b31996aa655726f2c40e02372ddf1f,59374e9d34da912d9494d48b036c1c35ab636a4b90fdb8e2368f8350b0e3fd9c
outputs/pai-faithful-b21/f20-none-r25-c16x32-seed0,pai-faithful-b21,evaluated,none-r25-c16x32,0,configs/data/speech_commands_v2_mfcc32_paper_frac20.yaml,0.2,mps,tracked,none,all,tanh,16,32,0,0,25,0,600,epoch_cap,44748,44748,44748,0,44748,44748,,1874064,1874064,1874064,0,0,0.7943757030371204,0.7627811860940695,4890,0.9199620801733478,1184.298476084019,edfe2547596c8e2adc32278d3fc12df43b63af92ddeb5383f772cedf2fb7324d,6a8d897809618e3ac5ae5fa0c3dd48fa6661d8f631f2b12b78645b3cd2e249cd
outputs/pai-faithful-b21/f20-none-r25-c16x32-seed1,pai-faithful-b21,evaluated,none-r25-c16x32,1,configs/data/speech_commands_v2_mfcc32_paper_frac20.yaml,0.2,mps,tracked,none,all,tanh,16,32,0,0,25,0,600,epoch_cap,44748,44748,44748,0,44748,44748,,1874064,1874064,1874064,0,0,0.7849268841394825,0.7505112474437627,4890,0.8610509209100758,983.0107406669995,b5f6c6acd3fe0308aa33761d61e4c7b4f0cbddab7c7ed13d620f5e2560e22d54,a8aa8199ed95198600231bd0fd373029a072d4ee17b97077157da6eaa60b9fc5
outputs/pai-faithful-b21/f20-none-r25-c16x32-seed2,pai-faithful-b21,evaluated,none-r25-c16x32,2,configs/data/speech_commands_v2_mfcc32_paper_frac20.yaml,0.2,mps,tracked,none,all,tanh,16,32,0,0,25,0,600,epoch_cap,44748,44748,44748,0,44748,44748,,1874064,1874064,1874064,0,0,0.777052868391451,0.7607361963190185,4890,0.8774377031419285,732.3912223749794,6cf787aae9667e81120369e51badc99290aad2995d734f5aceb48a05dd0df7ef,0d4f27c58c5074d3f3622f0d726eae6674b0f19188f16d1651a977904d6a1f4a
outputs/pai-faithful-b21/f20-none-r25-c16x32-seed3,pai-faithful-b21,evaluated,none-r25-c16x32,3,configs/data/speech_commands_v2_mfcc32_paper_frac20.yaml,0.2,mps,tracked,none,all,tanh,16,32,0,0,25,0,600,epoch_cap,44748,44748,44748,0,44748,44748,,1874064,1874064,1874064,0,0,0.7851518560179978,0.7642126789366053,4890,0.8503521126760564,763.1808568750275,86c41165b6d22c2b408f810041220654be48e272ac88880ca4268d63eeb46824,2b0234fca12693f9e4c1e781230fc25c24d049d14f021ef52fcade93b16720aa
outputs/pai-faithful-b21/f20-none-r25-c16x32-seed4,pai-faithful-b21,evaluated,none-r25-c16x32,4,configs/data/speech_commands_v2_mfcc32_paper_frac20.yaml,0.2,mps,tracked,none,all,tanh,16,32,0,0,25,0,600,epoch_cap,44748,44748,44748,0,44748,44748,,1874064,1874064,1874064,0,0,0.7806524184476941,0.749079754601227,4890,0.8592903575297941,1230.3447262919508,f9ecba0b9ba4b71b2d9b8e6640b48c25fe5cfd792a6d7ae5296b8235e4737a9a,8654addacfa70c35f77691175193b3e701206af7900c27807184e2fb4a8e27ed
outputs/pai-faithful-b21/f20-none-r25-c8x16-seed0,pai-faithful-b21,evaluated,none-r25-c8x16,0,configs/data/speech_commands_v2_mfcc32_paper_frac20.yaml,0.2,mps,tracked,none,all,tanh,8,16,0,0,25,0,600,epoch_cap,21228,21228,21228,0,21228,21228,,525768,525768,525768,0,0,0.7691788526434196,0.7404907975460123,4890,0.8208288190682557,1058.3125741659896,06ba7b30eb804bf8de2b7775d33e2c50fba2dfe8b0b345f1b6b5f5f7a8feb994,211357025e4a906cd08374fee2a9b38b265e2e1c92dce92f782c7e3f538fabec
outputs/pai-faithful-b21/f20-none-r25-c8x16-seed1,pai-faithful-b21,evaluated,none-r25-c8x16,1,configs/data/speech_commands_v2_mfcc32_paper_frac20.yaml,0.2,mps,tracked,none,all,tanh,8,16,0,0,25,0,600,epoch_cap,21228,21228,21228,0,21228,21228,,525768,525768,525768,0,0,0.7772778402699663,0.7478527607361963,4890,0.8391115926327194,800.5074424170889,653b0635306edb620f7a9cfe9fbf0e28f458a8c1cb2957076e30e917a4580d53,40f3bc0caaac4a851f6b741355c559aa4420abeae75bdd83bafc78c3bfec6605
outputs/pai-faithful-b21/f20-none-r25-c8x16-seed2,pai-faithful-b21,evaluated,none-r25-c8x16,2,configs/data/speech_commands_v2_mfcc32_paper_frac20.yaml,0.2,mps,tracked,none,all,tanh,8,16,0,0,25,0,600,epoch_cap,21228,21228,21228,0,21228,21228,,525768,525768,525768,0,0,0.766029246344207,0.7503067484662577,4890,0.846830985915493,525.7502564160386,0771f5d05ad265835365db2f7b1a0d0324b7011825be43d0002dfb33ca1f2103,48a7e8a3f9983b3360fe1e0142997057bb5fd143b10c25b7a8cadbe96cd91bd0
outputs/pai-faithful-b21/f20-none-r25-c8x16-seed3,pai-faithful-b21,evaluated,none-r25-c8x16,3,configs/data/speech_commands_v2_mfcc32_paper_frac20.yaml,0.2,mps,tracked,none,all,tanh,8,16,0,0,25,0,600,epoch_cap,21228,21228,21228,0,21228,21228,,525768,525768,525768,0,0,0.7597300337457817,0.7333333333333333,4890,0.8507583965330444,467.04287870798726,48e1d0c112654c7f33b9571e04b23be12ca2a40aca02e574e5416814272ac5ea,d6c07dd1760c4c7788bd4fe047dfcbf13e00048672a90e998ff96f166c4363f0
outputs/pai-faithful-b21/f20-none-r25-c8x16-seed4,pai-faithful-b21,evaluated,none-r25-c8x16,4,configs/data/speech_commands_v2_mfcc32_paper_frac20.yaml,0.2,mps,tracked,none,all,tanh,8,16,0,0,25,0,600,epoch_cap,21228,21228,21228,0,21228,21228,,525768,525768,525768,0,0,0.7786276715410574,0.7468302658486707,4890,0.8447995666305526,822.3038205410121,6b3488b9ed371890ebdf70e447536e5a460482e5d00a76638f4cf24c7e408b95,4aab923fbf2eb136285a25e83c52ee4f25704e24c2984f7c65b54686e83afad1
outputs/pai-faithful-b21/f20-pb-all-max1-relu-sw25-c8x16-seed0,pai-faithful-b21,evaluated,pb-all-max1-relu-sw25-c8x16,0,configs/data/speech_commands_v2_mfcc32_paper_frac20.yaml,0.2,mps,tracked,pb,all,relu,8,16,0,0,0,0,250,pai_training_complete,21228,42456,42492,36,42456,42492,,525768,1051536,1067764,1,1,0.7736782902137233,0.7496932515337423,4890,0.8731040086673889,2314.6626488330076,ec100236a7056d26d6b213d3c04a4cbdda76b0d61488eb2ae1ff2b3e34ed461a,ecfe377e5523e01c5a1b24f4555b7a1fbde93cee2a63c68d02746d7373a47df4
outputs/pai-faithful-b21/f20-pb-all-max1-relu-sw25-c8x16-seed1,pai-faithful-b21,evaluated,pb-all-max1-relu-sw25-c8x16,1,configs/data/speech_commands_v2_mfcc32_paper_frac20.yaml,0.2,mps,tracked,pb,all,relu,8,16,0,0,0,0,277,pai_training_complete,21228,42456,42492,36,42456,42492,,525768,1051536,1067764,1,1,0.7847019122609674,0.7558282208588957,4890,0.882854821235103,1915.2451004580362,52d730381af25b4dd3a4b2c1fb54e67060c49e7aab0ff630acae67f665e55195,39477bb91f5e8bc7364a43c62a078460af0f1f7d6c923217e1f315719ed25857
outputs/pai-faithful-b21/f20-pb-all-max1-relu-sw25-c8x16-seed2,pai-faithful-b21,evaluated,pb-all-max1-relu-sw25-c8x16,2,configs/data/speech_commands_v2_mfcc32_paper_frac20.yaml,0.2,mps,tracked,pb,all,relu,8,16,0,0,0,0,267,pai_training_complete,21228,42456,42492,36,42456,42492,,525768,1051536,1067764,1,1,0.7741282339707537,0.7519427402862986,4890,0.8819068255687974,2826.4408074169187,a1163bed8d58a91818154727d9c7047924a723cdcb88d9a6a580359f62b8ae1a,dcc4bf8580e9bde03dcf5121b0f87208b66ab4c3c3e2438dac4e2dcb255b2594
outputs/pai-faithful-b21/f20-pb-all-max1-relu-sw25-c8x16-seed3,pai-faithful-b21,evaluated,pb-all-max1-relu-sw25-c8x16,3,configs/data/speech_commands_v2_mfcc32_paper_frac20.yaml,0.2,mps,tracked,pb,all,relu,8,16,0,0,0,0,311,pai_training_complete,21228,42456,42492,36,42456,42492,,525768,1051536,1067764,1,1,0.7759280089988752,0.7476482617586913,4890,0.8968039003250271,1752.4961092079757,e1811d6fcbd2d6c446532145a78d765fe1c4c946584ab9f88e2b27e28098668a,3512d56bc2c6053b468e3d2088bd176580879191288cd38e9160aff4a5557ba6
outputs/pai-faithful-b21/f20-pb-all-max1-relu-sw25-c8x16-seed4,pai-faithful-b21,evaluated,pb-all-max1-relu-sw25-c8x16,4,configs/data/speech_commands_v2_mfcc32_paper_frac20.yaml,0.2,mps,tracked,pb,all,relu,8,16,0,0,0,0,311,pai_training_complete,21228,42456,42492,36,42456,42492,,525768,1051536,1067764,1,1,0.7808773903262092,0.7388548057259714,4890,0.8969393282773565,5876.306703999988,34a5b6e0400b604c60494e970628e5d64a7023622b6b0fe994262392185095ed,134ed12a73ced185f16b0da886c5e2c658375c7894bcfab46aa305ec51bae9eb
outputs/pai-faithful-b21/f20-pb-all-max1-tanh-sw25-c4x8-seed0,pai-faithful-b21,evaluated,pb-all-max1-tanh-sw25-c4x8,0,configs/data/speech_commands_v2_mfcc32_paper_frac20.yaml,0.2,mps,tracked,pb,all,tanh,4,8,0,0,0,0,250,pai_training_complete,10332,20664,20688,24,20664,20688,,160068,320136,328256,1,1,0.6897637795275591,0.6556237218813906,4890,0.7149241603466956,3039.7304527079687,65e0747a51a7ae34f75c00a4ebebd583dcf54fa355575439117933d28f2e0007,997c49805f43ac37aa22677c72b61cdcdc0f08c32dd20c7111270f856ef608b3
outputs/pai-faithful-b21/f20-pb-all-max1-tanh-sw25-c4x8-seed1,pai-faithful-b21,evaluated,pb-all-max1-tanh-sw25-c4x8,1,configs/data/speech_commands_v2_mfcc32_paper_frac20.yaml,0.2,mps,tracked,pb,all,tanh,4,8,0,0,0,0,132,pai_training_complete,10332,20664,20688,24,20664,20688,,160068,320136,328256,1,1,0.6947131608548931,0.6584867075664622,4890,0.7012459371614301,996.0041763329646,15285bf647bc569f267ba37cb6ecf737bd66b8aab9921c1d682837d1650d3219,aefc75f13b68299dfedfdd67100fd09c14255793c481cebe6d043c6435126d81
outputs/pai-faithful-b21/f20-pb-all-max1-tanh-sw25-c4x8-seed2,pai-faithful-b21,evaluated,pb-all-max1-tanh-sw25-c4x8,2,configs/data/speech_commands_v2_mfcc32_paper_frac20.yaml,0.2,mps,tracked,pb,all,tanh,4,8,0,0,0,0,324,pai_training_complete,10332,20664,20688,24,20664,20688,,160068,320136,328256,1,1,0.7158605174353205,0.6852760736196319,4890,0.7751895991332611,2114.0081412920263,e2d3def6ae381128a267f7c108a06ddc658433c2f7573dd7ef9a650ecfb79d89,9d703acfdf87c249ebcba1269279a0380753e3ad52b086b46108149498c26106
outputs/pai-faithful-b21/f20-pb-all-max1-tanh-sw25-c4x8-seed3,pai-faithful-b21,evaluated,pb-all-max1-tanh-sw25-c4x8,3,configs/data/speech_commands_v2_mfcc32_paper_frac20.yaml,0.2,mps,tracked,pb,all,tanh,4,8,0,0,0,0,303,pai_training_complete,10332,20664,20688,24,20664,20688,,160068,320136,328256,1,1,0.6924634420697413,0.6623721881390593,4890,0.7226435536294691,1498.5178966670064,7240b510959ac4f9750bd8a833672e23bd1c39a06925b06bef8f186f5454a63d,2a2f8086a6381c6230f153de42a07d1edcf671b3889c455e3820587a0fecb1b2
outputs/pai-faithful-b21/f20-pb-all-max1-tanh-sw25-c4x8-seed4,pai-faithful-b21,evaluated,pb-all-max1-tanh-sw25-c4x8,4,configs/data/speech_commands_v2_mfcc32_paper_frac20.yaml,0.2,mps,tracked,pb,all,tanh,4,8,0,0,0,0,182,pai_training_complete,10332,20664,20688,24,20664,20688,,160068,320136,328256,1,1,0.6989876265466817,0.6605316973415133,4890,0.7518959913326111,2020.41487554193,4254c4b6b6fbfb9f05a92e71d761d89a1d281465d59e32fd475b68c62749664b,2a226c0fa6ac82c0eef7da1be7d76da3de8c2159669615dc0331583c75fe9120
outputs/pai-faithful-b21/f20-pb-all-max1-tanh-sw25-c8x16-seed0,pai-faithful-b21,evaluated,pb-all-max1-tanh-sw25-c8x16,0,configs/data/speech_commands_v2_mfcc32_paper_frac20.yaml,0.2,mps,tracked,pb,all,tanh,8,16,0,0,0,0,252,pai_training_complete,21228,42456,42492,36,42456,42492,,525768,1051536,1067764,1,1,0.7772778402699663,0.747239263803681,4890,0.8903033586132177,2605.3818790419027,f4b36e8d3bc0cbd3f041a57c13d478f37aeccde9c79c0bc71da2f8c1d2a5f6d2,ece03cb124cd7d35b0983649589f61faaaa656758960ddd20e4087c0d5df9e15
outputs/pai-faithful-b21/f20-pb-all-max1-tanh-sw25-c8x16-seed1,pai-faithful-b21,evaluated,pb-all-max1-tanh-sw25-c8x16,1,configs/data/speech_commands_v2_mfcc32_paper_frac20.yaml,0.2,mps,tracked,pb,all,tanh,8,16,0,0,0,0,278,pai_training_complete,21228,42456,42492,36,42456,42492,,525768,1051536,1067764,1,1,0.7835770528683914,0.7605316973415133,4890,0.882854821235103,1675.884355874965,a34a746e7371fc90a94e76252f3b47934f2aacee4988f239856d393790211421,ed9f11674713a5d56b746a0c2d992702b4c9c487be54fa873f59853323521907
outputs/pai-faithful-b21/f20-pb-all-max1-tanh-sw25-c8x16-seed2,pai-faithful-b21,evaluated,pb-all-max1-tanh-sw25-c8x16,2,configs/data/speech_commands_v2_mfcc32_paper_frac20.yaml,0.2,mps,tracked,pb,all,tanh,8,16,0,0,0,0,268,pai_training_complete,21228,42456,42492,36,42456,42492,,525768,1051536,1067764,1,1,0.7761529808773904,0.7494887525562373,4890,0.8957204767063922,1958.8483278340427,2e1311478848bd419cd6e2e01d2af09ac19b47b0d38caa86254d715cb5ad7afb,ac48436473ee46f21f3189b869273c4e1cab34a7ee8b253405414c1bed4b71d4
outputs/pai-faithful-b21/f20-pb-all-max1-tanh-sw25-c8x16-seed3,pai-faithful-b21,evaluated,pb-all-max1-tanh-sw25-c8x16,3,configs/data/speech_commands_v2_mfcc32_paper_frac20.yaml,0.2,mps,tracked,pb,all,tanh,8,16,0,0,0,0,259,pai_training_complete,21228,42456,42492,36,42456,42492,,525768,1051536,1067764,1,1,0.7588301462317211,0.7319018404907975,4890,0.896397616468039,1314.9791023340076,45794d470a5967c075b7682220941777951d2fa8e972066266685da1145e9f4c,be68b89c6482f8289a5c51a9d112dcc1efed9ee184ce951df7ce212d353c91a9
outputs/pai-faithful-b21/f20-pb-all-max1-tanh-sw25-c8x16-seed4,pai-faithful-b21,evaluated,pb-all-max1-tanh-sw25-c8x16,4,configs/data/speech_commands_v2_mfcc32_paper_frac20.yaml,0.2,mps,tracked,pb,all,tanh,8,16,0,0,0,0,266,pai_training_complete,21228,42456,42492,36,42456,42492,,525768,1051536,1067764,1,1,0.7651293588301462,0.7325153374233129,4890,0.8483206933911159,4808.263548791991,96af13ec353fc30cb3b036472242cc00b6db70852c89be2c23f6e47910cfd544,02b538e2e629338eddc7f4c8298100416f2e9b6b3f2b146fab07b3d0c52d8d02
outputs/pai-faithful-b21/pb-all-max1-relu-sw25-c8x16-seed0,pai-faithful-b21,evaluated,pb-all-max1-relu-sw25-c8x16,0,configs/data/speech_commands_v2_mfcc32_paper.yaml,1.0,mps,tracked,pb,all,relu,8,16,0,0,0,0,327,pai_training_complete,21228,42456,42492,36,42456,42492,,525768,1051536,1067764,1,1,0.8490438695163105,0.8267893660531698,4890,0.8168892018525039,11283.514829291962,891f193829323cf6d944d3b24a541d0e01cefa0f3789212bbb164e79023730d2,4038f75ca17b0bce91a0e768f03c0a5dd8c97e635925729572fd3e794ce7d91b
outputs/pai-faithful-b21/pb-all-max1-relu-sw25-c8x16-seed1,pai-faithful-b21,evaluated,pb-all-max1-relu-sw25-c8x16,1,configs/data/speech_commands_v2_mfcc32_paper.yaml,1.0,mps,tracked,pb,all,relu,8,16,0,0,0,0,389,pai_training_complete,21228,42456,42492,36,42456,42492,,525768,1051536,1067764,1,1,0.8326209223847019,0.8002044989775051,4890,0.7683286840180917,14872.561857667053,3ce47dc7ceab41eb1fa9bb73d7ec29a6845ce0779459c3d971c8994fe6d096e8,f8ebbf93c8e991fc2310916949adce89655c5a99125ce5c35c6b40a8bbae70ef
outputs/pai-faithful-b21/pb-all-max1-relu-sw25-c8x16-seed2,pai-faithful-b21,evaluated,pb-all-max1-relu-sw25-c8x16,2,configs/data/speech_commands_v2_mfcc32_paper.yaml,1.0,mps,tracked,pb,all,relu,8,16,0,0,0,0,273,pai_training_complete,21228,42456,42492,36,42456,42492,,525768,1051536,1067764,1,1,0.8353205849268841,0.8106339468302658,4890,0.7810849605936679,8877.002459499985,23b7be8782f80f1418ec35a185fad5f16064f5edde8657bf89c82b6da679b84b,e0cfafc4b109df12c7b07d1ec125bd21d58c43478b4aa248a747f16ac3e4aab9
outputs/pai-faithful-b21/pb-all-max1-relu-sw25-c8x16-seed3,pai-faithful-b21,evaluated,pb-all-max1-relu-sw25-c8x16,3,configs/data/speech_commands_v2_mfcc32_paper.yaml,1.0,mps,tracked,pb,all,relu,8,16,0,0,0,0,341,pai_training_complete,21228,42456,42492,36,42456,42492,,525768,1051536,1067764,1,1,0.8384701912260968,0.8171779141104294,4890,0.804268342225713,13104.450814125012,70ba88981a366477e50ac895c2928a980fec4f34c29d5b96ee49e1ca8394caf3,3c3ee2c1c4e5235c4e90c0b73edf8057298b41f4d96ec8a3366e2ff872b3d51f
outputs/pai-faithful-b21/pb-all-max1-relu-sw25-c8x16-seed4,pai-faithful-b21,evaluated,pb-all-max1-relu-sw25-c8x16,4,configs/data/speech_commands_v2_mfcc32_paper.yaml,1.0,mps,tracked,pb,all,relu,8,16,0,0,0,0,231,pai_training_complete,21228,42456,42492,36,42456,42492,,525768,1051536,1067764,1,1,0.8260967379077615,0.7989775051124745,4890,0.7687620182542046,4455.2043960420415,39432ed3163d6bd2bc65a5ac81c286f916a5dafbdabbb8b10ffdfa789d874142,8c5f8aa1e311e7cb1c4af69aed9f55a5828eb0b5ded0aa2b96ecd36970e18e0e
outputs/pai-faithful-b21-f10-aborted/f10-gd-all-max1-tanh-sw25-c8x16-seed0,pai-faithful-b21-f10-aborted,partial,f10-gd-all-max1-tanh-sw25-c8x16-seed0,0,,,,,,,,,,,,,,173,no_final_result,,,,,,,,,,,1,,0.6929133858267716,,,,,33a2f61ae7566443dee587da5c9f9477f4719abee4edfc7d95aa0f59b149b1a7,
outputs/pai-faithful-b21-f10-aborted/f10-none-c12x24-seed0,pai-faithful-b21-f10-aborted,evaluated,none-c12x24,0,configs/data/speech_commands_v2_mfcc32_paper_frac10.yaml,0.1,mps,tracked,none,all,tanh,12,24,0,0,0,0,600,epoch_cap,32700,32700,32700,0,32700,32700,,1097100,1097100,1097100,0,0,0.7061867266591676,0.6760736196319018,4890,0.9347590687601516,741.8892510000151,5a108ddb64ab1316d3749fbcc0252c8c4d0b98a5fbc6e57b7d00f4e037b281e7,69a840c63a2298245978f75c08bd2dc04908485b1b30ecc90156c721751fc9fb
outputs/pai-faithful-b21-f10-aborted/f10-none-c16x32-seed0,pai-faithful-b21-f10-aborted,evaluated,none-c16x32,0,configs/data/speech_commands_v2_mfcc32_paper_frac10.yaml,0.1,mps,tracked,none,all,tanh,16,32,0,0,0,0,600,epoch_cap,44748,44748,44748,0,44748,44748,,1874064,1874064,1874064,0,0,0.7199100112485939,0.6826175869120654,4890,0.9428803465078506,813.9388997909846,cdb9546353e22c753f7506c32fb1063a8bffe907728ca619990b8abfa8df33f3,772a40d000dc7e4872a7a47afa88f3e5fd9ea191c4ef30c05290469d86056f56
outputs/pai-faithful-b21-f10-aborted/f10-none-c24x48-seed0,pai-faithful-b21-f10-aborted,evaluated,none-c24x48,0,configs/data/speech_commands_v2_mfcc32_paper_frac10.yaml,0.1,mps,tracked,none,all,tanh,24,48,0,0,0,0,600,epoch_cap,70572,70572,70572,0,70572,70572,,4044888,4044888,4044888,0,0,0.703037120359955,0.6858895705521473,4890,0.800487276664862,1050.7539417500375,1fba7d822ec307b04844f12933104f833b4113d6ff650708ee3a6985956cef44,50e18f1816fa60a93c61e3bf935bdf6ba9856dfe6477a5cb9c4f4cb9836a0258
outputs/pai-faithful-b21-f10-aborted/f10-none-c4x8-seed0,pai-faithful-b21-f10-aborted,evaluated,none-c4x8,0,configs/data/speech_commands_v2_mfcc32_paper_frac10.yaml,0.1,mps,tracked,none,all,tanh,4,8,0,0,0,0,600,epoch_cap,10332,10332,10332,0,10332,10332,,160068,160068,160068,0,0,0.6393700787401575,0.6098159509202454,4890,0.7165674066053059,476.2146864590468,49e62b687b9ca7a1bcaba70c60e215d9303482027ec1ec3cb324260048f654e3,883c5286079151d38f36e25463180ef1487b57c39f2ce615fa888d2e41397599
outputs/pai-faithful-b21-f10-aborted/f10-none-c8x16-seed0,pai-faithful-b21-f10-aborted,evaluated,none-c8x16,0,configs/data/speech_commands_v2_mfcc32_paper_frac10.yaml,0.1,mps,tracked,none,all,tanh,8,16,0,0,0,0,600,epoch_cap,21228,21228,21228,0,21228,21228,,525768,525768,525768,0,0,0.6868391451068616,0.669120654396728,4890,0.871142393069843,597.625753665925,01fe7eb209bda0e9da575292156e376760524df00b4f9525aa5ddc9375974a81,a32a0bc07924ea9c105e093578dab5693aca9d3a3e2eb2e45d9e1048cdcf0eed
outputs/pai-faithful-b21-f10-aborted/f10-none-r25-c16x32-seed0,pai-faithful-b21-f10-aborted,evaluated,none-r25-c16x32,0,configs/data/speech_commands_v2_mfcc32_paper_frac10.yaml,0.1,mps,tracked,none,all,tanh,16,32,0,0,25,0,600,epoch_cap,44748,44748,44748,0,44748,44748,,1874064,1874064,1874064,0,0,0.7338582677165354,0.7079754601226994,4890,0.9472116946399567,715.1673506670631,e456e0e7570b429778eb0e66d06279f1761a4290429e720d50b5cbe5ee975fa8,7898a831020460cea5af966dfb19f8fd37939fbe9f5e2be36239f66632108bd8
outputs/pai-faithful-b21-f10-aborted/f10-none-r25-c8x16-seed0,pai-faithful-b21-f10-aborted,evaluated,none-r25-c8x16,0,configs/data/speech_commands_v2_mfcc32_paper_frac10.yaml,0.1,mps,tracked,none,all,tanh,8,16,0,0,25,0,600,epoch_cap,21228,21228,21228,0,21228,21228,,525768,525768,525768,0,0,0.7064116985376828,0.6746421267893661,4890,0.8952355170546833,626.1492236250779,87d3b4a4a0cc55206767d44b6d1f687c927c86e4bee791bc47b2f3f4294ed921,514908612c04af9f3070c84a1e7e2c49391f34dea38916bc72d62542d5e61d37
outputs/pai-faithful-b21-f10-aborted/f10-pb-all-max1-relu-sw25-c8x16-seed0,pai-faithful-b21-f10-aborted,partial,f10-pb-all-max1-relu-sw25-c8x16-seed0,0,,,,,,,,,,,,,,115,no_final_result,,,,,,,,,,,0,,0.6868391451068616,,,,,70f677e499a7ce520dca6caab2e57507b17885a9ee3b56444e09afe15b366c05,
outputs/pai-faithful-b21-f10-aborted/f10-pb-all-max1-tanh-sw25-c4x8-seed0,pai-faithful-b21-f10-aborted,failed,f10-pb-all-max1-tanh-sw25-c4x8-seed0,0,,,,,,,,,,,,,,133,initial_correlation_batches_40_exceeds_epoch_batches_29,,,,,,,,,,,0,,0.6393700787401575,,,,,46a46e95d96866607f21f0477b62195cb78ad180a1fd3d19582318d41e53d7e6,
outputs/pai-faithful-b21-f10-aborted/f10-pb-all-max1-tanh-sw25-c8x16-seed0,pai-faithful-b21-f10-aborted,partial,f10-pb-all-max1-tanh-sw25-c8x16-seed0,0,,,,,,,,,,,,,,123,no_final_result,,,,,,,,,,,0,,0.6868391451068616,,,,,6f7e1b2d2f043e89245c0d459a3811329bab604a5b6b6a419c7b383d9a0037b4,
outputs/pai-faithful-b21-interrupted-1940/det-pb-all-max1-relu-sw25-c8x16-seed0,pai-faithful-b21-interrupted-1940,partial,det-pb-all-max1-relu-sw25-c8x16-seed0,0,,,,,,,,,,,,,,109,no_final_result,,,,,,,,,,,0,,0.8139482564679416,,,,,2f0647396065e8a13af1a76c4be81dc4ebd1e2c0c33ba9a40ad514189538b992,
outputs/pai-faithful-b21-interrupted-1940/f20-det-pb-all-max1-relu-sw25-c8x16-seed0,pai-faithful-b21-interrupted-1940,partial,f20-det-pb-all-max1-relu-sw25-c8x16-seed0,0,,,,,,,,,,,,,,151,no_final_result,,,,,,,,,,,0,,0.7572553430821147,,,,,7da57fc7e11fd8431ee68fdee4f0c3321af9b1546b7e22f38e21ff4debd9d6cf,
outputs/pai-faithful-b21-interrupted-1940/f20-none-c12x24-seed1,pai-faithful-b21-interrupted-1940,partial,f20-none-c12x24-seed1,1,,,,,,,,,,,,,,81,no_final_result,,,,,,,,,,,0,,0.7741282339707537,,,,,1efb1556b62e47b0f9d3e4ba4ace2e266303aa8afc356f642e7702a2a25fe229,
outputs/pai-faithful-b21-interrupted-1940/f20-none-c4x8-seed1,pai-faithful-b21-interrupted-1940,partial,f20-none-c4x8-seed1,1,,,,,,,,,,,,,,353,no_final_result,,,,,,,,,,,0,,0.6852643419572554,,,,,878cd9ce93e78c53ecc4987c4574a22d9354ffc108ebade85c1223557f86f2fc,
outputs/pai-faithful-b21-interrupted-1940/f20-none-c8x16-seed1,pai-faithful-b21-interrupted-1940,partial,f20-none-c8x16-seed1,1,,,,,,,,,,,,,,181,no_final_result,,,,,,,,,,,0,,0.7759280089988752,,,,,ece9aed16a02860e1dddecd501afd7c2fbcf3dc555f9c6dc2a6f89f04a8bda05,
outputs/pai-faithful-b21-interrupted-1940/pb-all-max1-relu-sw25-c8x16-seed0,pai-faithful-b21-interrupted-1940,partial,pb-all-max1-relu-sw25-c8x16-seed0,0,,,,,,,,,,,,,,33,no_final_result,,,,,,,,,,,0,,0.8033745781777278,,,,,b9a54a016b29e41236c0f6221a5a2a70f14c94194b70e9056648a6de4d98f11a,
outputs/pai-faithful-b22/none-c12x24-seed0,pai-faithful-b22,evaluated,none-c12x24,0,configs/data/speech_commands_v2_mfcc32_paper.yaml,1.0,cpu,tracked,none,all,tanh,12,24,0,0,0,0,600,epoch_cap,32700,32700,32700,0,32700,32700,,1097100,1097100,1097100,0,0,0.8184476940382452,0.8049079754601227,4890,0.7618015870866398,9612.585895833909,7289f7ec8fe2227c3391b2e6e4d78e40fb2fcd200a4b982a2c1702b6c5e4203b,157fcb51e0bffb328ef661375e771d85c787d1602d8ce06d1bdc8ce84bbdbec7
outputs/pai-faithful-b22/none-c12x24-seed1,pai-faithful-b22,evaluated,none-c12x24,1,configs/data/speech_commands_v2_mfcc32_paper.yaml,1.0,cpu,tracked,none,all,tanh,12,24,0,0,0,0,600,epoch_cap,32700,32700,32700,0,32700,32700,,1097100,1097100,1097100,0,0,0.8359955005624297,0.8184049079754602,4890,0.7842266338054871,9700.729255042039,0048d948693099b43f30aa850547debb7c3273d5e032345b1c432532439e13ef,50a61abba70589849a5d65478a4588dd99ff0cb22745cac3dfce571496cc2d98
outputs/pai-faithful-b22/none-c12x24-seed2,pai-faithful-b22,evaluated,none-c12x24,2,configs/data/speech_commands_v2_mfcc32_paper.yaml,1.0,cpu,tracked,none,all,tanh,12,24,0,0,0,0,600,epoch_cap,32700,32700,32700,0,32700,32700,,1097100,1097100,1097100,0,0,0.8404949381327335,0.8316973415132924,4890,0.8101725211927525,9716.26059958397,cc0dad6c7cd9f2ffd6e29d80a61da084ef68b03060663c3b23a8d7c50fd7a4a9,92f00d5df0fcd7fd567eda91d3ae2e4476315b94a43ff7781ea86841806891f2
outputs/pai-faithful-b22/none-c12x24-seed3,pai-faithful-b22,evaluated,none-c12x24,3,configs/data/speech_commands_v2_mfcc32_paper.yaml,1.0,cpu,tracked,none,all,tanh,12,24,0,0,0,0,600,epoch_cap,32700,32700,32700,0,32700,32700,,1097100,1097100,1097100,0,0,0.8494938132733408,0.839877300613497,4890,0.8094412696693118,10844.244415874942,b7c96c3f5a82234a28b95cbee8bd40768d1461d0714ca1b657c361fb320345dc,77ee5a1dde93f15f5196a62e0054aa6e3534f77530eccafc213d7eab3aaf0866
outputs/pai-faithful-b22/none-c12x24-seed4,pai-faithful-b22,evaluated,none-c12x24,4,configs/data/speech_commands_v2_mfcc32_paper.yaml,1.0,cpu,tracked,none,all,tanh,12,24,0,0,0,0,600,epoch_cap,32700,32700,32700,0,32700,32700,,1097100,1097100,1097100,0,0,0.853318335208099,0.8415132924335378,4890,0.8026704222300464,9858.578649500036,803ff026eeb1ee011f15de66b05879fb86d6359cb507b448d63a320cc7ecf629,3a7bfda142eca8550a9edd30db169c8dd8c09a9262fa4e5746ec2de26b670e65
outputs/pai-faithful-b22/none-c12x32x64-seed0,pai-faithful-b22,evaluated,none-c12x32x64,0,configs/data/speech_commands_v2_mfcc32_paper.yaml,1.0,cpu,tracked,none,all,tanh,12,32,64,0,0,0,600,epoch_cap,42084,42084,42084,0,42084,42084,,3312492,3312492,3312492,0,0,0.9201349831271091,0.908997955010225,4890,0.8690247271348482,13803.405975125032,6c73f3929454f33580593117000e67b57a2440a2f5b66f26810f156715e6463b,074c5aaa31cbefcce8cb705ec06abedfbe43ec1f7fdce0198946b30f9046f5ba
outputs/pai-faithful-b22/none-c12x32x64-seed1,pai-faithful-b22,evaluated,none-c12x32x64,1,configs/data/speech_commands_v2_mfcc32_paper.yaml,1.0,cpu,tracked,none,all,tanh,12,32,64,0,0,0,600,epoch_cap,42084,42084,42084,0,42084,42084,,3312492,3312492,3312492,0,0,0.9232845894263217,0.9169734151329243,4890,0.8859518457330119,14674.309133708011,aa9d9e8c6c4a76a72141e5d858fb5bb5f19a339922597eb23ac8e9e420621107,ebf041c953d14a27f4e2894620645eeb762db3c00862c3d0f3e434ea915bb28c
outputs/pai-faithful-b22/none-c12x32x64-seed2,pai-faithful-b22,evaluated,none-c12x32x64,2,configs/data/speech_commands_v2_mfcc32_paper.yaml,1.0,cpu,tracked,none,all,tanh,12,32,64,0,0,0,600,epoch_cap,42084,42084,42084,0,42084,42084,,3312492,3312492,3312492,0,0,0.9237345331833521,0.9222903885480572,4890,0.891178939956125,14800.162803749903,bd9d4618af714bac7fca92b77fa6642bdde7e8d40a04bb9c49b32d38a72df7d9,d18da238832c5a844d1ea2e83736f4d04151bcd775c5da510bbb20653702cda8
outputs/pai-faithful-b22/none-c12x32x64-seed3,pai-faithful-b22,evaluated,none-c12x32x64,3,configs/data/speech_commands_v2_mfcc32_paper.yaml,1.0,cpu,tracked,none,all,tanh,12,32,64,0,0,0,600,epoch_cap,42084,42084,42084,0,42084,42084,,3312492,3312492,3312492,0,0,0.922384701912261,0.9196319018404908,4890,0.8879830999647916,15921.415337292012,c1d2ae8a04636f2d184b6c1163714a5dd612345d4f1826ea9828e92e8c585e4a,7c1fbb1fd9b426b57c85b2a0660c1cf2d8c68b4a4c03f239cdf1ccf4a8551e26
outputs/pai-faithful-b22/none-c12x32x64-seed4,pai-faithful-b22,evaluated,none-c12x32x64,4,configs/data/speech_commands_v2_mfcc32_paper.yaml,1.0,cpu,tracked,none,all,tanh,12,32,64,0,0,0,600,epoch_cap,42084,42084,42084,0,42084,42084,,3312492,3312492,3312492,0,0,0.9237345331833521,0.9143149284253579,4890,0.8834601738753622,15129.736046166974,935244ce2f33bcbc2432820560a4fbf5502938c923b976991bcbc855670dab83,2865daeaabf4fbc8f2c456bbc5685ddd6d207675cb3aa29d1c9d9fbbd4500b70
outputs/pai-faithful-b22/none-c16x32-seed0,pai-faithful-b22,evaluated,none-c16x32,0,configs/data/speech_commands_v2_mfcc32_paper.yaml,1.0,cpu,tracked,none,all,tanh,16,32,0,0,0,0,600,epoch_cap,44748,44748,44748,0,44748,44748,,1874064,1874064,1874064,0,0,0.8443194600674916,0.8220858895705522,4890,0.7894537280286,12831.850752042024,1301b6e129a306396f32b20fc51db4c6836a6c404a8ba0f40b60e0b2359315fb,1ee6f6cfe37bf9ba4ae8e3b4a1dde7788017b9a79b932d4e468d49215046483c
outputs/pai-faithful-b22/none-c16x32-seed1,pai-faithful-b22,evaluated,none-c16x32,1,configs/data/speech_commands_v2_mfcc32_paper.yaml,1.0,cpu,tracked,none,all,tanh,16,32,0,0,0,0,600,epoch_cap,44748,44748,44748,0,44748,44748,,1874064,1874064,1874064,0,0,0.8380202474690663,0.8153374233128834,4890,0.7878016412534192,13074.475641667028,54dc76a22dcbecd4eed5a4ded2e21fbf8580ff6103a3a27b52205243616838f4,32b760eadf2aac9d05926c3c6a9053b74a204e6aa18840722dc40d5dd15dbc33
outputs/pai-faithful-b22/none-c16x32-seed2,pai-faithful-b22,evaluated,none-c16x32,2,configs/data/speech_commands_v2_mfcc32_paper.yaml,1.0,cpu,tracked,none,all,tanh,16,32,0,0,0,0,600,epoch_cap,44748,44748,44748,0,44748,44748,,1874064,1874064,1874064,0,0,0.8587176602924634,0.854601226993865,4890,0.813476694743114,12825.576458250056,066371ceaa1930a1b558667f37b49ffd0737e670d4e40d7219ce9a81a5886829,a775f2b7f78a9cd682ff519e0d6aaef5d0e8a896b17a4c07aa006a92c72ee29f
outputs/pai-faithful-b22/none-c16x32-seed3,pai-faithful-b22,evaluated,none-c16x32,3,configs/data/speech_commands_v2_mfcc32_paper.yaml,1.0,cpu,tracked,none,all,tanh,16,32,0,0,0,0,600,epoch_cap,44748,44748,44748,0,44748,44748,,1874064,1874064,1874064,0,0,0.8413948256467941,0.8269938650306748,4890,0.7952495734366113,14483.339756125002,eff89ac0a389bf05a7ada40fbaeaeef30c6c19d4037b0dc10c6e8b2b9abc2b8e,e0c111f2bad5a6118474794649483eee4a9d7797d2bc1e3383e343bb173d9246
outputs/pai-faithful-b22/none-c16x32-seed4,pai-faithful-b22,evaluated,none-c16x32,4,configs/data/speech_commands_v2_mfcc32_paper.yaml,1.0,cpu,tracked,none,all,tanh,16,32,0,0,0,0,600,epoch_cap,44748,44748,44748,0,44748,44748,,1874064,1874064,1874064,0,0,0.8438695163104611,0.83640081799591,4890,0.792947485307261,12063.83809062501,97059343a2adc2ff293ac1951b69b80070310e0badde8a04b68ce15ff106bb65,05c06288f7974f70899329f817c317e8a1e4aded567a835e920bf47382227fe2
outputs/pai-faithful-b22/none-c16x42x84-seed0,pai-faithful-b22,evaluated,none-c16x42x84,0,configs/data/speech_commands_v2_mfcc32_paper.yaml,1.0,cpu,tracked,none,all,tanh,16,42,84,0,0,0,600,epoch_cap,64306,64306,64306,0,64306,64306,,5676624,5676624,5676624,0,0,0.9185601799775028,0.9083844580777096,4890,0.8734393196652493,19896.85673708399,9ca0ee6e2deac891c6fc7a249a6b8d22945fb6db8e9e89580068e38b777ca7ee,2aaaa377e09dac7f90f236fafc25908ee6260157685d8c68da7ec312d0f74c80
outputs/pai-faithful-b22/none-c16x42x84-seed1,pai-faithful-b22,evaluated,none-c16x42x84,1,configs/data/speech_commands_v2_mfcc32_paper.yaml,1.0,cpu,tracked,none,all,tanh,16,42,84,0,0,0,600,epoch_cap,64306,64306,64306,0,64306,64306,,5676624,5676624,5676624,0,0,0.9237345331833521,0.9132924335378323,4890,0.8818080871001814,19910.300611958024,df13f13eab2849099934653ec0389d9c81ed00f4f786ee5f0d96b8dedbf0c354,b80cc53a3c20d9f5abd67f8bc544c99e65251ba1fd3d0a968d8004549a788620
outputs/pai-faithful-b22/none-c16x42x84-seed2,pai-faithful-b22,evaluated,none-c16x42x84,2,configs/data/speech_commands_v2_mfcc32_paper.yaml,1.0,cpu,tracked,none,all,tanh,16,42,84,0,0,0,600,epoch_cap,64306,64306,64306,0,64306,64306,,5676624,5676624,5676624,0,0,0.9210348706411698,0.914519427402863,4890,0.8784768301600628,20226.12757433299,acf6c51bfd6a710ade819448afd20ad5be89f83cb3fe64be1aa209a370650118,0c1249c2958f526f0cc0164e315929384e6775c3603db5e2c53fe9ea2b329b18
outputs/pai-faithful-b22/none-c16x42x84-seed3,pai-faithful-b22,evaluated,none-c16x42x84,3,configs/data/speech_commands_v2_mfcc32_paper.yaml,1.0,cpu,tracked,none,all,tanh,16,42,84,0,0,0,600,epoch_cap,64306,64306,64306,0,64306,64306,,5676624,5676624,5676624,0,0,0.9232845894263217,0.9175869120654396,4890,0.8834060070958482,21662.621353542083,88d7b42e3217a86e754d8281213ecfe307800491bcd83b54abb3f3b1ca633be0,383007d2bfc383810e2ecf622aea8e7cea9e0a39dee6a17d8820d81b6c122efb
outputs/pai-faithful-b22/none-c16x42x84-seed4,pai-faithful-b22,evaluated,none-c16x42x84,4,configs/data/speech_commands_v2_mfcc32_paper.yaml,1.0,cpu,tracked,none,all,tanh,16,42,84,0,0,0,600,epoch_cap,64306,64306,64306,0,64306,64306,,5676624,5676624,5676624,0,0,0.924859392575928,0.9190184049079755,4890,0.8857622620047125,18726.428589291056,ea319a7d9bf314fd8386947617088715bdde211ac474e010b7fb85e554d9d752,74e1ce908a8931d1f9aa092650aa148fe275730f1e3acd57cfc944a70dd8ef8c
outputs/pai-faithful-b22/none-c20x40-seed0,pai-faithful-b22,evaluated,none-c20x40,0,configs/data/speech_commands_v2_mfcc32_paper.yaml,1.0,cpu,tracked,none,all,tanh,20,40,0,0,0,0,600,epoch_cap,57372,57372,57372,0,57372,57372,,2856660,2856660,2856660,0,0,0.8440944881889764,0.8296523517382413,4890,0.7871516398992497,16285.67537000007,e02f5772535e9ebea4a591b87bf36b70f1f36e9cab08704f000be7f5fb49b366,f77e10f07946c31909ab525ebbdc7ec11dd30fb4eaa277cc9af1317eaa218f21
outputs/pai-faithful-b22/none-c20x40-seed1,pai-faithful-b22,evaluated,none-c20x40,1,configs/data/speech_commands_v2_mfcc32_paper.yaml,1.0,cpu,tracked,none,all,tanh,20,40,0,0,0,0,600,epoch_cap,57372,57372,57372,0,57372,57372,,2856660,2856660,2856660,0,0,0.7725534308211474,0.7462167689161554,4890,0.6988327059014706,16504.750072999974,ac5d9007bca4ef0054b14bc30b5d47c2a449aab78cfd55f83c8ded0b5aff2e3b,4c9aba52b24c4cc023e642bed19195125c221fc4ee37a6ca038734906460f7d6
outputs/pai-faithful-b22/none-c20x40-seed2,pai-faithful-b22,evaluated,none-c20x40,2,configs/data/speech_commands_v2_mfcc32_paper.yaml,1.0,cpu,tracked,none,all,tanh,20,40,0,0,0,0,600,epoch_cap,57372,57372,57372,0,57372,57372,,2856660,2856660,2856660,0,0,0.8535433070866142,0.8484662576687116,4890,0.8227933808195433,16889.186406541965,a42f45da42de7aab1889b24c74236abd9cb34dcf39ac38440c630af9d10d92a2,d80c361efdc04db45c34ac65c3ec92c574f9024f15c0f2890085f272e1d3519e
outputs/pai-faithful-b22/none-c20x40-seed3,pai-faithful-b22,evaluated,none-c20x40,3,configs/data/speech_commands_v2_mfcc32_paper.yaml,1.0,cpu,tracked,none,all,tanh,20,40,0,0,0,0,600,epoch_cap,57372,57372,57372,0,57372,57372,,2856660,2856660,2856660,0,0,0.8521934758155231,0.8392638036809816,4890,0.806922514421905,17779.256048624986,90f99f41a711bf31fe2335c2e593f31fb2463152d3bdbbf1e6a653fa600e2dac,f3be0a5663c7ae209d75db69a5b7849276bc02ffd1fcc452a21459e47aa6e1e2
outputs/pai-faithful-b22/none-c20x40-seed4,pai-faithful-b22,evaluated,none-c20x40,4,configs/data/speech_commands_v2_mfcc32_paper.yaml,1.0,cpu,tracked,none,all,tanh,20,40,0,0,0,0.0,600,epoch_cap,57372,57372,57372,0,57372,57372,,2856660,2856660,2856660,0,0,0.8366704161979752,0.821881390593047,4890,0.782872464317634,13129.929629457998,45cad2096fd04f60d5aa5f7e4fb0dfad5eee24cb5be82bfd37a9f2d77ec51bab,77fed8855ed0001c57661529c6fcdc199bca7e2f8c810cac7f9a92d32a768674
outputs/pai-faithful-b22/none-c24x48-seed0,pai-faithful-b22,evaluated,none-c24x48,0,configs/data/speech_commands_v2_mfcc32_paper.yaml,1.0,cpu,tracked,none,all,tanh,24,48,0,0,0,0,600,epoch_cap,70572,70572,70572,0,70572,70572,,4044888,4044888,4044888,0,0,0.8609673790776153,0.8388548057259714,4890,0.79858083037673,20049.53299408406,70d8f30faec04fe2b693d4c7032966a513f69ecf1a2491d4c8533b228759314d,2bd43902da10e9622cb48b00f389b776077f4d3d2a560aad71125bfa83dc9dba
outputs/pai-faithful-b22/none-c24x48-seed1,pai-faithful-b22,evaluated,none-c24x48,1,configs/data/speech_commands_v2_mfcc32_paper.yaml,1.0,cpu,tracked,none,all,tanh,24,48,0,0,0,0,600,epoch_cap,70572,70572,70572,0,70572,70572,,4044888,4044888,4044888,0,0,0.8269966254218223,0.8065439672801636,4890,0.7705224385884137,19972.573195124976,b171f822b8d68d084d63226452e59731570ae1802b79f053d57cf778cf027d9a,c170c31f9f3398c0e4dc3f46a8109555763edb775266e11f6fc4dbf133736375
outputs/pai-faithful-b22/none-c24x48-seed2,pai-faithful-b22,evaluated,none-c24x48,2,configs/data/speech_commands_v2_mfcc32_paper.yaml,1.0,cpu,tracked,none,all,tanh,24,48,0,0,0,0,600,epoch_cap,70572,70572,70572,0,70572,70572,,4044888,4044888,4044888,0,0,0.8213723284589426,0.7979550102249489,4890,0.7677328494434363,21348.01817829092,b7fe09075c218b705c2ee5656ee1cbbe7e1d49789cdd3dfe3eb948a77d6023fa,437da10a3cdafac686b7c6bde4f0a887799fa88051caf8f9397ce3ab9df1d324
outputs/pai-faithful-b22/none-c24x48-seed3,pai-faithful-b22,evaluated,none-c24x48,3,configs/data/speech_commands_v2_mfcc32_paper.yaml,1.0,cpu,tracked,none,all,tanh,24,48,0,0,0,0,600,epoch_cap,70572,70572,70572,0,70572,70572,,4044888,4044888,4044888,0,0,0.7950506186726659,0.7650306748466258,4890,0.7169785770387022,20493.696661416907,9a3ce2a693f00c1872403d6bb03997195064cbd489135203cb9c916046c3f0f8,2e8450d10e9b2fb8d86c2e4eb7ff628ed49c767a4b5fff773d2153a4b1babdc6
outputs/pai-faithful-b22/none-c24x48-seed4,pai-faithful-b22,evaluated,none-c24x48,4,configs/data/speech_commands_v2_mfcc32_paper.yaml,1.0,cpu,tracked,none,all,tanh,24,48,0,0,0,0.0,600,epoch_cap,70572,70572,70572,0,70572,70572,,4044888,4044888,4044888,0,0,0.7750281214848144,0.7613496932515338,4890,0.7138369038268829,13836.496410541004,6bd5d9332a01a599f595f685005130263c3ffb2db503096488b1c76031a0f7e7,19782da2b384b66b237424d77723b42e8804db411b10f339e8818b91fbbd3bce
outputs/pai-faithful-b22/pb-all-max1-sigmoid-sw25-c8x16-seed0,pai-faithful-b22,evaluated,pb-all-max1-sigmoid-sw25-c8x16,0,configs/data/speech_commands_v2_mfcc32_paper.yaml,1.0,cpu,tracked,pb,all,sigmoid,8,16,0,0,0,0,270,pai_training_complete,21228,42456,42492,36,42456,42492,,525768,1051536,1067764,1,1,0.8562429696287964,0.8333333333333334,4890,0.8256642201337919,4358.378521500039,12776c7955f0a3b72590fa25780774d935e6806e8fdc9f99f940b97adcf9c2de,78f73a2a0b31cadfe1cbd7b7a59794e12c97679d9f5b7e6556c2c644e1b75875
outputs/pai-faithful-b22/pb-all-max1-sigmoid-sw25-c8x16-seed1,pai-faithful-b22,evaluated,pb-all-max1-sigmoid-sw25-c8x16,1,configs/data/speech_commands_v2_mfcc32_paper.yaml,1.0,cpu,tracked,pb,all,sigmoid,8,16,0,0,0,0,164,pai_training_complete,21228,42456,42492,36,42456,42492,,525768,1051536,1067764,1,1,0.8458942632170978,0.8267893660531698,4890,0.8264225550469897,3356.8553467079764,05f87ef72540c680bdf68f4ba3904af6abd20a85f9cf61345d09509b5bdf834e,83d9d305d19884d2f4f6e3871e213bdf6de51360e1887a45c1f39053ccfa00b1
outputs/pai-faithful-b22/pb-all-max1-sigmoid-sw25-c8x16-seed2,pai-faithful-b22,evaluated,pb-all-max1-sigmoid-sw25-c8x16,2,configs/data/speech_commands_v2_mfcc32_paper.yaml,1.0,cpu,tracked,pb,all,sigmoid,8,16,0,0,0,0,248,pai_training_complete,21228,42456,42492,36,42456,42492,,525768,1051536,1067764,1,1,0.8409448818897638,0.8286298568507158,4890,0.814749614061696,4793.095860707923,54e16b0768a5d557583177c22f0b35b398c96409cf330d849f11288dde0b8841,e96f170abc1304f04e8376b09e2a9949d6b069ae04dd6f15e23cf719d81105ee
outputs/pai-faithful-b22/pb-all-max1-sigmoid-sw25-c8x16-seed3,pai-faithful-b22,evaluated,pb-all-max1-sigmoid-sw25-c8x16,3,configs/data/speech_commands_v2_mfcc32_paper.yaml,1.0,cpu,tracked,pb,all,sigmoid,8,16,0,0,0,0,305,pai_training_complete,21228,42456,42492,36,42456,42492,,525768,1051536,1067764,1,1,0.8526434195725534,0.8312883435582822,4890,0.8269371394523739,5838.99126208399,c75a7e21c253fc56387564dfb1a2a7a7c4c24890e1dcbd60e2a9a5805b9e3073,07bb5ef2e2dac5c668431a74dd88f6e370031f562f29e285145e58a22bda0672
outputs/pai-faithful-b22/pb-all-max1-sigmoid-sw25-c8x16-seed4,pai-faithful-b22,evaluated,pb-all-max1-sigmoid-sw25-c8x16,4,configs/data/speech_commands_v2_mfcc32_paper.yaml,1.0,cpu,tracked,pb,all,sigmoid,8,16,0,0,0,0,247,pai_training_complete,21228,42456,42492,36,42456,42492,,525768,1051536,1067764,1,1,0.8589426321709787,0.847239263803681,4890,0.8364975760366168,4581.439078374999,8af16f74de23f0a4aa0d26de1934d232c1ec26cae165adb43953478c03cf7855,ecf34e3e96db12cc25bf8a690f099e2c8e1a105074f00b5af8d46503adb7e401
outputs/pai-faithful-b22/pb-all-max1-tanh-sw25-c12x24-seed0,pai-faithful-b22,evaluated,pb-all-max1-tanh-sw25-c12x24,0,configs/data/speech_commands_v2_mfcc32_paper.yaml,1.0,cpu,tracked,pb,all,tanh,12,24,0,0,0,0,411,pai_training_complete,32700,65400,65448,48,65400,65448,,1097100,2194200,2218536,1,1,0.8578177727784027,0.839877300613497,4890,0.8187308723559841,10473.21683254093,06b23ce80c90bf74fbdc68883604c1519616b5697d00f1af2d67a020d25cdf56,0553f7576ea0ea8d50187260d88f362fd77a714a1a69eeb57dfb221e211507e7
outputs/pai-faithful-b22/pb-all-max1-tanh-sw25-c12x24-seed1,pai-faithful-b22,evaluated,pb-all-max1-tanh-sw25-c12x24,1,configs/data/speech_commands_v2_mfcc32_paper.yaml,1.0,cpu,tracked,pb,all,tanh,12,24,0,0,0,0,368,pai_training_complete,32700,65400,65448,48,65400,65448,,1097100,2194200,2218536,1,1,0.8623172103487065,0.8357873210633947,4890,0.8284808926685264,10253.311140375095,31d0a335635fe9914fb211f07f8dcf0cace23ec5941dba64b71dbefa8f76b95f,c9b4a744fdb451f99f0af5242fe830122435ebb8455cb6e66dc7d220973786eb
outputs/pai-faithful-b22/pb-all-max1-tanh-sw25-c12x24-seed2,pai-faithful-b22,evaluated,pb-all-max1-tanh-sw25-c12x24,2,configs/data/speech_commands_v2_mfcc32_paper.yaml,1.0,cpu,tracked,pb,all,tanh,12,24,0,0,0,0,205,pai_training_complete,32700,65400,65448,48,65400,65448,,1097100,2194200,2218536,1,1,0.8652418447694038,0.8447852760736196,4890,0.8399100831460066,6708.345959666069,102ce9dd654c21048b0762f60871793bf55c5b256b266b9172bd0f21a1445430,5f2985d6865fccbc60156ec445a66ea8324e1ce8178a26973acefb37f6cee71d
outputs/pai-faithful-b22/pb-all-max1-tanh-sw25-c12x24-seed3,pai-faithful-b22,evaluated,pb-all-max1-tanh-sw25-c12x24,3,configs/data/speech_commands_v2_mfcc32_paper.yaml,1.0,cpu,tracked,pb,all,tanh,12,24,0,0,0,0,282,pai_training_complete,32700,65400,65448,48,65400,65448,,1097100,2194200,2218536,1,1,0.8611923509561304,0.8533742331288343,4890,0.8309454811364191,8098.225352790905,db5acd798e5b66fb202141ed5501256a47c122ecf615c082027aa47ec9eaa631,067d6ba7aee9c9380e28331b8b69d272102b062a84d0a5f97856a6aa999bae2f
outputs/pai-faithful-b22/pb-all-max1-tanh-sw25-c12x24-seed4,pai-faithful-b22,evaluated,pb-all-max1-tanh-sw25-c12x24,4,configs/data/speech_commands_v2_mfcc32_paper.yaml,1.0,cpu,tracked,pb,all,tanh,12,24,0,0,0,0,353,pai_training_complete,32700,65400,65448,48,65400,65448,,1097100,2194200,2218536,1,1,0.8755905511811024,0.8562372188139059,4890,0.8485767678682664,9845.76908204204,307cc203fe797abcdf810cb04c7f7cc1e85ae043a5925e7c883d55986718ff59,1b62444cdcd762dabf79aad05201e7f1da4019dbff1f82d7e0749f6c04c1d044
outputs/pai-faithful-b22/pb-all-max1-tanh-sw25-c8x16-seed0,pai-faithful-b22,evaluated,pb-all-max1-tanh-sw25-c8x16,0,configs/data/speech_commands_v2_mfcc32_paper.yaml,1.0,cpu,tracked,pb,all,tanh,8,16,0,0,0,0,337,pai_training_complete,21228,42456,42492,36,42456,42492,,525768,1051536,1067764,1,1,0.8636670416197976,0.8394683026584867,4890,0.8332746526555264,5930.009623834048,85f248b8f82a9279ea62aa6fd108a5d251d516f455cbfb9c188456614ea9e952,171f9c0c306de40b2b3122f36ac0c050593d9b0647a440969db4ee31b596c701
outputs/pai-faithful-b22/pb-all-max1-tanh-sw25-c8x16-seed1,pai-faithful-b22,evaluated,pb-all-max1-tanh-sw25-c8x16,1,configs/data/speech_commands_v2_mfcc32_paper.yaml,1.0,cpu,tracked,pb,all,tanh,8,16,0,0,0,0,169,pai_training_complete,21228,42456,42492,36,42456,42492,,525768,1051536,1067764,1,1,0.8492688413948256,0.8339468302658487,4890,0.823497548953227,3556.1084071659716,541a1344fb0783de5eb4592935425a79a269527efd5264b1476d36402f958170,a4e26b1ade4946148c3ae0a67b847b2458603a41f778b3e53ab4f8925994c5db
outputs/pai-faithful-b22/pb-all-max1-tanh-sw25-c8x16-seed2,pai-faithful-b22,evaluated,pb-all-max1-tanh-sw25-c8x16,2,configs/data/speech_commands_v2_mfcc32_paper.yaml,1.0,cpu,tracked,pb,all,tanh,8,16,0,0,0,0,266,pai_training_complete,21228,42456,42492,36,42456,42492,,525768,1051536,1067764,1,1,0.8413948256467941,0.8255623721881391,4890,0.8098204371259107,5461.0915993750095,f71d41fb7921c5f8c8d6b0f38c2ecc8f9432df93b441f0b4ca69e0fabd04e2cf,51d29573f96440a0521d389be9be04b1ad22e9f9f325fffc5e597e1b3dabf94d
outputs/pai-faithful-b22/pb-all-max1-tanh-sw25-c8x16-seed3,pai-faithful-b22,evaluated,pb-all-max1-tanh-sw25-c8x16,3,configs/data/speech_commands_v2_mfcc32_paper.yaml,1.0,cpu,tracked,pb,all,tanh,8,16,0,0,0,0,258,pai_training_complete,21228,42456,42492,36,42456,42492,,525768,1051536,1067764,1,1,0.8443194600674916,0.8325153374233129,4890,0.8198683747257807,5108.835186167038,bcee4bff01c3ecc092a2dd5c35437dfe5310b10e7c8dc86813e7db9cdcf863f5,9323182896a5258effeb66921d49308ce0c3fabc2b0d697abe8294a7021d34b6
outputs/pai-faithful-b22/pb-all-max1-tanh-sw25-c8x16-seed4,pai-faithful-b22,evaluated,pb-all-max1-tanh-sw25-c8x16,4,configs/data/speech_commands_v2_mfcc32_paper.yaml,1.0,cpu,tracked,pb,all,tanh,8,16,0,0,0,0,218,pai_training_complete,21228,42456,42492,36,42456,42492,,525768,1051536,1067764,1,1,0.8542182227221597,0.8323108384458078,4890,0.8316767326598598,4262.305599957937,5dabbc856c4f31c3869c159e4033b91a40524ea225856369b0ad905b3687d43e,9435ad75d66e1f1b07afc11016e389e483b97a118e2d9092c653f3bbb4e22f36
outputs/pai-faithful-b22-interrupted-1038/none-c12x32x64-seed1,pai-faithful-b22-interrupted-1038,partial,none-c12x32x64-seed1,1,,,,,,,,,,,,,,202,no_final_result,,,,,,,,,,,0,,0.9237345331833521,,,,,1d969a96ccdda719d35fe61d9eaf15d584f1d64c05c55b774f8c17b46ab20725,
outputs/pai-faithful-b22-interrupted-1038/none-c16x32-seed0,pai-faithful-b22-interrupted-1038,partial,none-c16x32-seed0,0,,,,,,,,,,,,,,589,no_final_result,,,,,,,,,,,0,,0.8443194600674916,,,,,b1c7606471944c066bc8ef843de53b416ccb466771cdf7243e238ba3f954904b,
outputs/pai-faithful-b22-interrupted-1038/none-c16x42x84-seed0,pai-faithful-b22-interrupted-1038,partial,none-c16x42x84-seed0,0,,,,,,,,,,,,,,500,no_final_result,,,,,,,,,,,0,,0.9185601799775028,,,,,0f7b3478e69c029376cc98f97df2afbc917f564f57fd603baaa8e56b06079f68,
outputs/pai-faithful-b22-interrupted-1038/none-c16x42x84-seed1,pai-faithful-b22-interrupted-1038,partial,none-c16x42x84-seed1,1,,,,,,,,,,,,,,96,no_final_result,,,,,,,,,,,0,,0.9172103487064117,,,,,b13b4f7c03ca587123779647119ce574e3ae4873627703f2899393430d17b57f,
outputs/pai-faithful-b22-interrupted-1038/none-c20x40-seed0,pai-faithful-b22-interrupted-1038,partial,none-c20x40-seed0,0,,,,,,,,,,,,,,462,no_final_result,,,,,,,,,,,0,,0.8445444319460067,,,,,29843341d75dece5862891b82a54b66d34335f1ac18f458570e42a206d4019b9,
outputs/pai-faithful-b22-interrupted-1038/none-c24x48-seed0,pai-faithful-b22-interrupted-1038,partial,none-c24x48-seed0,0,,,,,,,,,,,,,,378,no_final_result,,,,,,,,,,,0,,0.8609673790776153,,,,,cb8b0a2a37378503cbbca38201689176d03e5a79ccd987ea235a0ead94c3dda6,
outputs/pai-faithful-b22-interrupted-1038/pb-all-max1-tanh-sw25-c12x24-seed1,pai-faithful-b22-interrupted-1038,partial,pb-all-max1-tanh-sw25-c12x24-seed1,1,,,,,,,,,,,,,,268,no_final_result,,,,,,,,,,,1,,0.8602924634420698,,,,,afd4e8c4fd7a517e9e5b7a21511b9ac33993c474acf317365d7aebcacb7fa0c2,
outputs/pai-faithful-b23/none-c12x24x48-seed0,pai-faithful-b23,evaluated,none-c12x24x48,0,configs/data/speech_commands_v2_mfcc32_paper.yaml,1.0,cpu,tracked,none,all,tanh,12,24,48,0,0,0,600,epoch_cap,28140,28140,28140,0,28140,28140,,2160396,2160396,2160396,0,0,0.912710911136108,0.9010224948875256,4890,0.8598163746174471,12766.511720750015,59a0f292cce211eba2314e8500c5cb6281f1bdb4a50930855886c1cfa420bd5f,a0cacd7446472d9a4767926db04920fd952957ce5777fb17330f66f84a283b4b
outputs/pai-faithful-b23/none-c12x24x48-seed1,pai-faithful-b23,evaluated,none-c12x24x48,1,configs/data/speech_commands_v2_mfcc32_paper.yaml,1.0,cpu,tracked,none,all,tanh,12,24,48,0,0,0,600,epoch_cap,28140,28140,28140,0,28140,28140,,2160396,2160396,2160396,0,0,0.9163104611923509,0.9098159509202454,4890,0.8717059827207974,12701.450112916995,a1da9f7cc704a17ff9a198cfe9ab1772cfcef4a513d85d367c0105fbef2d59fe,ccdfa82fcb08ff22c517241d66529e26741c6d3cddc404fc7e48265571321109
outputs/pai-faithful-b23/none-c12x24x48-seed2,pai-faithful-b23,evaluated,none-c12x24x48,2,configs/data/speech_commands_v2_mfcc32_paper.yaml,1.0,cpu,tracked,none,all,tanh,12,24,48,0,0,0,600,epoch_cap,28140,28140,28140,0,28140,28140,,2160396,2160396,2160396,0,0,0.9039370078740158,0.8971370143149284,4890,0.8465996804160009,13955.812942916993,be873a8ad5b1d3434410c1e9f4f470e50dafd8e8d4fe8b999a48e2a579912c29,474a73c4410e50ba2ca84e98aaec94fde49f6a1c8ad9b44ee6330ad733a4257f
outputs/pai-faithful-b23/none-c12x24x48-seed3,pai-faithful-b23,evaluated,none-c12x24x48,3,configs/data/speech_commands_v2_mfcc32_paper.yaml,1.0,cpu,tracked,none,all,tanh,12,24,48,0,0,0,600,epoch_cap,28140,28140,28140,0,28140,28140,,2160396,2160396,2160396,0,0,0.9129358830146231,0.9079754601226994,4890,0.8695122281504754,13600.839062124956,fb692a8c030db1166da3da816a85135822edf9ad399ce73236c80341028acce7,65bfb1d1393f49bedb2336e4f31c3df191f4753b7c01e1472c9ff1b6b04241c4
outputs/pai-faithful-b23/none-c12x24x48-seed4,pai-faithful-b23,evaluated,none-c12x24x48,4,configs/data/speech_commands_v2_mfcc32_paper.yaml,1.0,cpu,tracked,none,all,tanh,12,24,48,0,0,0.0,600,epoch_cap,28140,28140,28140,0,28140,28140,,2160396,2160396,2160396,0,0,0.9138357705286839,0.9032719836400818,4890,0.8652872193483736,10794.81894208293,0025a035535680292535a11e30b80fe22a841ef8b9e727217bb68992c4c231ae,74fa3ef040597c174cf56b3eba99a3c04630aff0c119f457b862a7edc45fb3b0
outputs/pai-faithful-b23/none-c6x12x24-seed0,pai-faithful-b23,evaluated,none-c6x12x24,0,configs/data/speech_commands_v2_mfcc32_paper.yaml,1.0,cpu,tracked,none,all,tanh,6,12,24,0,0,0,600,epoch_cap,10836,10836,10836,0,10836,10836,,579294,579294,579294,0,0,0.8528683914510686,0.8265848670756646,4890,0.7657015952116567,6704.930029124953,47c1a6b5fb7b2777739433490c59f21a0dca1e1baf54f6ccfcf82f5923f29e4c,222946698b21db431ef627c1006f0c078a0b846c8add38d402fdb6f1c8681030
outputs/pai-faithful-b23/none-c6x12x24-seed1,pai-faithful-b23,evaluated,none-c6x12x24,1,configs/data/speech_commands_v2_mfcc32_paper.yaml,1.0,cpu,tracked,none,all,tanh,6,12,24,0,0,0,600,epoch_cap,10836,10836,10836,0,10836,10836,,579294,579294,579294,0,0,0.865466816647919,0.8482617586912066,4890,0.785526636513826,6740.837153083063,70276c46ae0f83ec8cd2bccf3342c34f8de82269d61b26ddac96b36649c84b13,022257b40e7eaa8c6cae14706e357a94024b8eb3eb273a1db4b2f0454e0dea05
outputs/pai-faithful-b23/none-c6x12x24-seed2,pai-faithful-b23,evaluated,none-c6x12x24,2,configs/data/speech_commands_v2_mfcc32_paper.yaml,1.0,cpu,tracked,none,all,tanh,6,12,24,0,0,0,600,epoch_cap,10836,10836,10836,0,10836,10836,,579294,579294,579294,0,0,0.8744656917885264,0.8605316973415132,4890,0.7894808114183571,6587.205659916974,869754ecdc656dbebdaa452c677e9cbfb824ad46231cab77ea082b60fcef5b65,bc27b5e46213c46f878ba8613bdb5677559044309058b9ddd9a285c477180b72
outputs/pai-faithful-b23/none-c6x12x24-seed3,pai-faithful-b23,evaluated,none-c6x12x24,3,configs/data/speech_commands_v2_mfcc32_paper.yaml,1.0,cpu,tracked,none,all,tanh,6,12,24,0,0,0,600,epoch_cap,10836,10836,10836,0,10836,10836,,579294,579294,579294,0,0,0.8746906636670416,0.8576687116564418,4890,0.7932995693741028,7624.29337179102,6f9e3c4cd33193ac24df6cc73dc12182a4f8b635b3249dc63bf561598e2bcc37,1c1328efac37e4e8b8c83138d6e2350cf940b89e61a05a94b55df59d22ceb448
outputs/pai-faithful-b23/none-c6x12x24-seed4,pai-faithful-b23,evaluated,none-c6x12x24,4,configs/data/speech_commands_v2_mfcc32_paper.yaml,1.0,cpu,tracked,none,all,tanh,6,12,24,0,0,0,600,epoch_cap,10836,10836,10836,0,10836,10836,,579294,579294,579294,0,0,0.8767154105736783,0.8554192229038855,4890,0.7906724805676678,7237.597332375008,2df5e66db1687cdd29a01270e24b85f17f0d3b9ba1cf7010ed62c63fc42b5fce,49519cf6f5e96f4c6108dca1bedbf2469cf19480651f58c6c5992f76993496a1
outputs/pai-faithful-b23/none-c8x20x40-seed0,pai-faithful-b23,evaluated,none-c8x20x40,0,configs/data/speech_commands_v2_mfcc32_paper.yaml,1.0,cpu,tracked,none,all,tanh,8,20,40,0,0,0,600,epoch_cap,21272,21272,21272,0,21272,21272,,1369896,1369896,1369896,0,0,0.9057367829021372,0.8979550102249488,4890,0.8465996804160009,9663.850586749963,7c265ed6b51585ccdd25e131d10dcc21bb082b3b58e860e8911174cb4b4e7d51,faf1176fac7a417a021972e945dbafedc9d3cfebc9c3020d2f4db8407b62b5e7
outputs/pai-faithful-b23/none-c8x20x40-seed1,pai-faithful-b23,evaluated,none-c8x20x40,1,configs/data/speech_commands_v2_mfcc32_paper.yaml,1.0,cpu,tracked,none,all,tanh,8,20,40,0,0,0,600,epoch_cap,21272,21272,21272,0,21272,21272,,1369896,1369896,1369896,0,0,0.9019122609673791,0.8865030674846626,4890,0.8396392492484359,9670.970458000083,c5e8e33ac83857a50971061395fec4b906734bd2827b0a5be5314b2f3192679e,f275fa0d0fa1ebd209111a91ec5fb6c9a77c6997a92ae583a64b3d0e7a9ff1f6
outputs/pai-faithful-b23/none-c8x20x40-seed2,pai-faithful-b23,evaluated,none-c8x20x40,2,configs/data/speech_commands_v2_mfcc32_paper.yaml,1.0,cpu,tracked,none,all,tanh,8,20,40,0,0,0,600,epoch_cap,21272,21272,21272,0,21272,21272,,1369896,1369896,1369896,0,0,0.906636670416198,0.905316973415133,4890,0.8603851258023454,9433.18899533304,d22c98bf5adfb3cc86cf7bd49a2179d74731284319e1084d47873ddc5768a8eb,1a816a743a333a2dee041d70f5eabac1c9f7df4a87860c922cc6eac17ed0f3b3
outputs/pai-faithful-b23/none-c8x20x40-seed3,pai-faithful-b23,evaluated,none-c8x20x40,3,configs/data/speech_commands_v2_mfcc32_paper.yaml,1.0,cpu,tracked,none,all,tanh,8,20,40,0,0,0,600,epoch_cap,21272,21272,21272,0,21272,21272,,1369896,1369896,1369896,0,0,0.9061867266591676,0.8961145194274028,4890,0.8579205373344527,10594.044799624942,6198cc3abbccaa7392862c12b47ca7e1857507873c4398d0d34509142fcca013,7b07ba1ce5659c81175357783ccde0a450b4834b49522eefbaf022a47bef3295
outputs/pai-faithful-b23/none-c8x20x40-seed4,pai-faithful-b23,evaluated,none-c8x20x40,4,configs/data/speech_commands_v2_mfcc32_paper.yaml,1.0,cpu,tracked,none,all,tanh,8,20,40,0,0,0,600,epoch_cap,21272,21272,21272,0,21272,21272,,1369896,1369896,1369896,0,0,0.8978627671541057,0.8895705521472392,4890,0.8411830024645884,10255.99164837494,7f8634d8728f4aa05c108da6c83b0a0e363691fd145a38c03941cb1c38dea556,fd6a0e34a2b2f19d015be97b96b8c3f355c98db114d0b5b6b1f0c1ec10a11df5
outputs/pai-faithful-b23/pb-all-max1-tanh-sw25-c6x12x24-seed0,pai-faithful-b23,evaluated,pb-all-max1-tanh-sw25-c6x12x24,0,configs/data/speech_commands_v2_mfcc32_paper.yaml,1.0,cpu,tracked,pb,all,tanh,6,12,24,0,0,0,337,pai_training_complete,10836,21672,21726,54,21672,21726,,579294,1158588,1173258,1,1,0.8789651293588302,0.8595092024539878,4890,0.8013704195217073,7092.114843290998,42598ded3fdebed556d46a0e7b6ecdd11516f15070c5091065a72409b86f1214,f53dd12c5c293f5af628ca6a6b2dc377aa0bc9c6acb877e17868974e4d260764
outputs/pai-faithful-b23/pb-all-max1-tanh-sw25-c6x12x24-seed1,pai-faithful-b23,evaluated,pb-all-max1-tanh-sw25-c6x12x24,1,configs/data/speech_commands_v2_mfcc32_paper.yaml,1.0,cpu,tracked,pb,all,tanh,6,12,24,0,0,0,314,pai_training_complete,10836,21672,21726,54,21672,21726,,579294,1158588,1173258,1,1,0.893363329583802,0.881799591002045,4890,0.8253933862362213,6758.545762332971,6a06d8b32518607da73564815531950780cf14ef673ea125b9037e55331cba3c,25ab28fd07b200d3b25ef858e7afbfe4b17e5f3bcc73f571493dc78ba3267442
outputs/pai-faithful-b23/pb-all-max1-tanh-sw25-c6x12x24-seed2,pai-faithful-b23,evaluated,pb-all-max1-tanh-sw25-c6x12x24,2,configs/data/speech_commands_v2_mfcc32_paper.yaml,1.0,cpu,tracked,pb,all,tanh,6,12,24,0,0,0,269,pai_training_complete,10836,21672,21726,54,21672,21726,,579294,1158588,1173258,1,1,0.8839145106861642,0.870961145194274,4890,0.8172142025295887,4779.990309541929,aa47738dcf5cb4a52570fd67aed731cce36fc38212b5c9082c66842a074e110e,459495bcd246eec0200f5590beb35702ea6d9ea3d8319270f3eacb91457a2435
outputs/pai-faithful-b23/pb-all-max1-tanh-sw25-c6x12x24-seed3,pai-faithful-b23,evaluated,pb-all-max1-tanh-sw25-c6x12x24,3,configs/data/speech_commands_v2_mfcc32_paper.yaml,1.0,cpu,tracked,pb,all,tanh,6,12,24,0,0,0,264,pai_training_complete,10836,21672,21726,54,21672,21726,,579294,1158588,1173258,1,1,0.8807649043869517,0.8713701431492843,4890,0.8190829564228259,4995.219983165967,d39277a12d6379ebcf03860e957ed91e6eb2319657827c3cdf9b9d191409ed2a,a35433970e3ca129c020319d887d35de2462b765bab0305484c5ba0e1798e317
outputs/pai-faithful-b23/pb-all-max1-tanh-sw25-c6x12x24-seed4,pai-faithful-b23,evaluated,pb-all-max1-tanh-sw25-c6x12x24,4,configs/data/speech_commands_v2_mfcc32_paper.yaml,1.0,cpu,tracked,pb,all,tanh,6,12,24,0,0,0,309,pai_training_complete,10836,21672,21726,54,21672,21726,,579294,1158588,1173258,1,1,0.8890888638920135,0.8723926380368098,4890,0.8249329686103513,5999.408210000023,9b7c694018d0b2202eff5c5ae69dd4d6650c41311f977233d4aa38374663233a,1bf40c85829fe08f03fc743f303e0462118ad606f6d1fc5353efb4a99ba6ccc4
outputs/pai-faithful-b23/pb-all-max1-tanh-sw25-c8x20x40-seed0,pai-faithful-b23,evaluated,pb-all-max1-tanh-sw25-c8x20x40,0,configs/data/speech_commands_v2_mfcc32_paper.yaml,1.0,cpu,tracked,pb,all,tanh,8,20,40,0,0,0,329,pai_training_complete,21272,42544,42624,80,42544,42624,,1369896,2739792,2761608,1,1,0.9131608548931384,0.9057259713701431,4890,0.8668851393440403,9142.928902458982,46bd8212ac2691325d04791f9220e63619c2fe7256cb9d9f3c5e19d042297cf2,d54dbda8911a83a5c973f8e5b40d9b11ce16e9ceb21890e8b9f1aa207379c37b
outputs/pai-faithful-b23/pb-all-max1-tanh-sw25-c8x20x40-seed1,pai-faithful-b23,evaluated,pb-all-max1-tanh-sw25-c8x20x40,1,configs/data/speech_commands_v2_mfcc32_paper.yaml,1.0,cpu,tracked,pb,all,tanh,8,20,40,0,0,0,267,pai_training_complete,21272,42544,42624,80,42544,42624,,1369896,2739792,2761608,1,1,0.9106861642294714,0.9002044989775051,4890,0.8564038675080573,7528.18812454096,20ae4c3e5bc818ba93a12b6b64c596e611fc30ffad17aac79074250f81e3e4a3,657d87ad394f5bcb7b772637ababef70de1fcc78bc3819d2429fb1174b04c179
outputs/pai-faithful-b23/pb-all-max1-tanh-sw25-c8x20x40-seed2,pai-faithful-b23,evaluated,pb-all-max1-tanh-sw25-c8x20x40,2,configs/data/speech_commands_v2_mfcc32_paper.yaml,1.0,cpu,tracked,pb,all,tanh,8,20,40,0,0,0,342,pai_training_complete,21272,42544,42624,80,42544,42624,,1369896,2739792,2761608,1,1,0.9147356580427447,0.9177914110429448,4890,0.8757143244048425,9947.486963917036,bd5b3b47a8e3a73141f4198e22b8f1c9fefd3b3e9fe3aacff76bb56add5aa25a,23f4ce69bb56c3a7e30816862392d49906bbc214e53ade997fb268605cbb1cf5
outputs/pai-faithful-b23/pb-all-max1-tanh-sw25-c8x20x40-seed3,pai-faithful-b23,evaluated,pb-all-max1-tanh-sw25-c8x20x40,3,configs/data/speech_commands_v2_mfcc32_paper.yaml,1.0,cpu,tracked,pb,all,tanh,8,20,40,0,0,0,189,pai_training_complete,21272,42544,42624,80,42544,42624,,1369896,2739792,2761608,1,1,0.9131608548931384,0.9063394683026584,4890,0.8614684613926279,5539.323996874969,59175fa071e5788bbc250103849d36deed648e06545f15f8230cb4ad03e58ed2,2351e6860f0ac3717b0f5560e7209c57165f2c3789b08cf6b8645bb647517dc8
outputs/pai-faithful-b23/pb-all-max1-tanh-sw25-c8x20x40-seed4,pai-faithful-b23,evaluated,pb-all-max1-tanh-sw25-c8x20x40,4,configs/data/speech_commands_v2_mfcc32_paper.yaml,1.0,cpu,tracked,pb,all,tanh,8,20,40,0,0,0,299,pai_training_complete,21272,42544,42624,80,42544,42624,,1369896,2739792,2761608,1,1,0.905511811023622,0.8969325153374234,4890,0.8607372098691872,8020.270972708007,9c0a0de42c313ba840c655599d7ad5595a29b75ecefe0a10f95425aff65579cc,ff119d0bf51415359c96cd71131b954c3d82778d00e1f94b3e5fdb389277a58b
outputs/pai-faithful-b23-interrupted-1038/none-c12x24x48-seed0,pai-faithful-b23-interrupted-1038,partial,none-c12x24x48-seed0,0,,,,,,,,,,,,,,12,no_final_result,,,,,,,,,,,0,,0.878740157480315,,,,,d79c960bad19be33cd7682184cf020a911f461d74b957a8ca5e9299a9f65df2b,
outputs/pai-faithful-b23-interrupted-1038/none-c6x12x24-seed0,pai-faithful-b23-interrupted-1038,partial,none-c6x12x24-seed0,0,,,,,,,,,,,,,,195,no_final_result,,,,,,,,,,,0,,0.8528683914510686,,,,,c69f3d4faeb23f8fdb14f2e3fa3d93d9dedb6e582ae7bc33cf84a0adecf5a983,
outputs/pai-faithful-b23-interrupted-1038/none-c8x20x40-seed0,pai-faithful-b23-interrupted-1038,partial,none-c8x20x40-seed0,0,,,,,,,,,,,,,,550,no_final_result,,,,,,,,,,,0,,0.9064116985376828,,,,,cc171d24e776b3e045e1fec016828b1d100c2381a92f72268ea59bf120ce4791,
outputs/pai-faithful-b24/none-c12x32x64x94-seed0,pai-faithful-b24,evaluated,none-c12x32x64x94,0,configs/data/speech_commands_v2_mfcc32_paper.yaml,1.0,cpu,tracked,none,all,tanh,12,32,64,94,0,1e-06,145,lr_stop,84250,84250,84250,0,84250,84250,,4708164,4708164,4708164,0,0,0.9338582677165355,0.9214723926380368,4890,0.8880914335238198,5024.568788375007,e82a9816ad948d3b0ae281ac7048d130704290724917b3f0f93cc5d80bd3bd38,eb662d0d19c1abd10a70e0710c6db29e596d8a4da34fcab95ae417534e7a14fd
outputs/pai-faithful-b24/none-c12x32x64x94-seed1,pai-faithful-b24,evaluated,none-c12x32x64x94,1,configs/data/speech_commands_v2_mfcc32_paper.yaml,1.0,cpu,tracked,none,all,tanh,12,32,64,94,0,1e-06,172,lr_stop,84250,84250,84250,0,84250,84250,,4708164,4708164,4708164,0,0,0.9363329583802025,0.929038854805726,4890,0.900847710099396,7646.321242125006,cae2afcbc394e0ee357fd39bf6efe0730479ea81be8313ee9e8a67802ad1b36b,09d3f885fd2ca0682cc043e2a4ee399e972863241c2ee179c42c10084251e0aa
outputs/pai-faithful-b24/none-c12x32x64x94-seed2,pai-faithful-b24,evaluated,none-c12x32x64x94,2,configs/data/speech_commands_v2_mfcc32_paper.yaml,1.0,cpu,tracked,none,all,tanh,12,32,64,94,0,1e-06,163,lr_stop,84250,84250,84250,0,84250,84250,,4708164,4708164,4708164,0,0,0.9352080989876266,0.9284253578732107,4890,0.8988435392573735,5352.916201083921,a96db9fda08d83ea0f444f2e80bdf1ddd66df457c3867542b800a52c96c5b81c,b17f867099d87a6905f12b3d08567b5d1f667aca5a1b6533aef83d09f767979d
outputs/pai-faithful-b24/none-c12x32x64x94-seed3,pai-faithful-b24,evaluated,none-c12x32x64x94,3,configs/data/speech_commands_v2_mfcc32_paper.yaml,1.0,cpu,tracked,none,all,tanh,12,32,64,94,0,1e-06,219,lr_stop,84250,84250,84250,0,84250,84250,,4708164,4708164,4708164,0,0,0.9354330708661417,0.9292433537832311,4890,0.9054789697478537,6703.538827416953,2c4d6844a78b88b3bd13e1685cb333ad4c3aeaf8913731135e1057faf6c45be3,8db7ac0e3badafdaf3d3ac1138b8f737bddd943c9406bfd9cf518d35d33369cd
outputs/pai-faithful-b24/none-c12x32x64x94-seed4,pai-faithful-b24,evaluated,none-c12x32x64x94,4,configs/data/speech_commands_v2_mfcc32_paper.yaml,1.0,cpu,tracked,none,all,tanh,12,32,64,94,0,1e-06,176,lr_stop,84250,84250,84250,0,84250,84250,,4708164,4708164,4708164,0,0,0.9354330708661417,0.9304703476482618,4890,0.9045310511063565,4852.997123082983,2ea2a11b41707271c04fb8daf8427a9ea3d9a0cfd6cd4eefd074ab2eb501e9d3,fae6ccba1aff9d0f551e7aae91b2732c80d8615ea773916c476ff65c714df8f4
outputs/pai-faithful-b24/none-c16x41x82-seed0,pai-faithful-b24,evaluated,none-c16x41x82,0,configs/data/speech_commands_v2_mfcc32_paper.yaml,1.0,cpu,tracked,none,all,tanh,16,41,82,0,0,1e-06,170,lr_stop,62041,62041,62041,0,62041,62041,,5469216,5469216,5469216,0,0,0.9077615298087739,0.907157464212679,4890,0.8642038837580912,8127.649912457913,a203d204a83fbbc4119d87a1f2942d4320c80daab66ed3544d9f1633cec8dbb1,23f2bff049c68e8d7be31e213eb2ba396882399ae9205b7411afcbcfb46ff5b0
outputs/pai-faithful-b24/none-c16x41x82-seed1,pai-faithful-b24,evaluated,none-c16x41x82,1,configs/data/speech_commands_v2_mfcc32_paper.yaml,1.0,cpu,tracked,none,all,tanh,16,41,82,0,0,1e-06,144,lr_stop,62041,62041,62041,0,62041,62041,,5469216,5469216,5469216,0,0,0.9205849268841395,0.9118609406952966,4890,0.8829726728597351,6879.6869115839945,ff894a453d2f2f210a31364af91c385d8a9c09c357bb34aadd1b6c3f885622af,6c69f2d6d95f8e17be8cda53101d3a6ab093593f28dc8787d9b9779231dbbd09
outputs/pai-faithful-b24/none-c16x41x82-seed2,pai-faithful-b24,evaluated,none-c16x41x82,2,configs/data/speech_commands_v2_mfcc32_paper.yaml,1.0,cpu,tracked,none,all,tanh,16,41,82,0,0,1e-06,187,lr_stop,62041,62041,62041,0,62041,62041,,5469216,5469216,5469216,0,0,0.9244094488188976,0.9216768916155419,4890,0.9022289629770062,6365.26451095799,e8f8ca01d31d4d8ca988eb36f3d7e4075d05c8f12fb159a176ab9dbc81982c06,68aa185f35647a2da71c43ade4d95523f359386d7cd6f27cfedf5d7f1da80505
outputs/pai-faithful-b24/none-c16x41x82-seed3,pai-faithful-b24,evaluated,none-c16x41x82,3,configs/data/speech_commands_v2_mfcc32_paper.yaml,1.0,cpu,tracked,none,all,tanh,16,41,82,0,0,1e-06,220,lr_stop,62041,62041,62041,0,62041,62041,,5469216,5469216,5469216,0,0,0.9212598425196851,0.911042944785276,4890,0.8747393223735883,6973.869201832917,395f0004bd4946af1576bd56a37540890f957510a7a770c3e96a67e0d01e43e1,5194d40e4dee0fe45a7ece35deed38dec83f24ced85bc6736c4e153d87ca99f0
outputs/pai-faithful-b24/none-c16x41x82-seed4,pai-faithful-b24,evaluated,none-c16x41x82,4,configs/data/speech_commands_v2_mfcc32_paper.yaml,1.0,cpu,tracked,none,all,tanh,16,41,82,0,0,1e-06,164,lr_stop,62041,62041,62041,0,62041,62041,,5469216,5469216,5469216,0,0,0.9203599550056243,0.9124744376278119,4890,0.8758768247433849,4663.165633999975,c574704a58a7fa18800921e4dd3ede0095955bc5cdfd3704f10b7dd4557f2d46,3f13804ce39e99509642d806f220290560d2182b6c3a1a43e286b433e70f5457
outputs/pai-faithful-b24/none-c17x50x100-seed0,pai-faithful-b24,evaluated,none-c17x50x100,0,configs/data/speech_commands_v2_mfcc32_paper.yaml,1.0,cpu,tracked,none,all,tanh,17,50,100,0,0,1e-06,184,lr_stop,84182,84182,84182,0,84182,84182,,7643139,7643139,7643139,0,0,0.9237345331833521,0.9204498977505112,4890,0.8807247515098989,9858.059802999953,19962a5d1250190d5e6dbc893d1abeb1f5e97e19befd17c3b2528f7b0ca29ac0,336ea94187d4bc492f8aea8ceb4dc8f75036cba85cef7573a41847d8c02c5658
outputs/pai-faithful-b24/none-c17x50x100-seed1,pai-faithful-b24,evaluated,none-c17x50x100,1,configs/data/speech_commands_v2_mfcc32_paper.yaml,1.0,cpu,tracked,none,all,tanh,17,50,100,0,0,1e-06,143,lr_stop,84182,84182,84182,0,84182,84182,,7643139,7643139,7643139,0,0,0.9244094488188976,0.9120654396728016,4890,0.8899601874170571,8079.26419841696,49f1d07f16ea5501ea84746d708b61f672f331597044092e40ca01aa1fde35c4,5281854189b41cd9675416478e7ed15e7293c4e8bba8134dfb043eaf41dde3f3
outputs/pai-faithful-b24/none-c17x50x100-seed2,pai-faithful-b24,evaluated,none-c17x50x100,2,configs/data/speech_commands_v2_mfcc32_paper.yaml,1.0,cpu,tracked,none,all,tanh,17,50,100,0,0,1e-06,206,lr_stop,84182,84182,84182,0,84182,84182,,7643139,7643139,7643139,0,0,0.9082114735658042,0.8997955010224948,4890,0.87942474880156,9706.484642709023,665c4e8e0461dc1190d86df7529f27493b8431d0bb1452e63bf10d89cfa0b0f5,2fb753cf014418ffd642d954b08cedcbf29aab2369e3bac1a955168bb2feaeac
outputs/pai-faithful-b24/none-c17x50x100-seed3,pai-faithful-b24,evaluated,none-c17x50x100,3,configs/data/speech_commands_v2_mfcc32_paper.yaml,1.0,cpu,tracked,none,all,tanh,17,50,100,0,0,1e-06,136,lr_stop,84182,84182,84182,0,84182,84182,,7643139,7643139,7643139,0,0,0.9104611923509561,0.903476482617587,4890,0.867616390867481,5485.728828708059,7b089895a6ce35aebf6edfadb0f6e6ddd17c844029e2d609ac64e69ed75e9abb,27fb39e8b20e82488e5c44db9888dba6b8a4555181df5db162cc1538c301960a
outputs/pai-faithful-b24/none-c17x50x100-seed4,pai-faithful-b24,evaluated,none-c17x50x100,4,configs/data/speech_commands_v2_mfcc32_paper.yaml,1.0,cpu,tracked,none,all,tanh,17,50,100,0,0,1e-06,141,lr_stop,84182,84182,84182,0,84182,84182,,7643139,7643139,7643139,0,0,0.9160854893138358,0.9044989775051124,4890,0.8704330634022154,5146.925755959004,9d91d0ee6819179db39aad7539f5cc2a33139787a63fc11a8c58e1be0dbdf42a,da92dcabcca5ce6964b40849c5f54cd5225e745046351621d538b49cf3f463c3
outputs/pai-faithful-b24/pb-all-max1-tanh-sw25-c12x32x64-seed0,pai-faithful-b24,evaluated,pb-all-max1-tanh-sw25-c12x32x64,0,configs/data/speech_commands_v2_mfcc32_paper.yaml,1.0,cpu,tracked,pb,all,tanh,12,32,64,0,0,0.0,332,pai_training_complete,42084,84168,84288,120,84168,84288,,3312492,6624984,6658832,1,1,0.9241844769403824,0.918200408997955,4890,0.879018497955204,18329.307082250016,29f31b79cf7e4614ea5d750c5a2a38cb5abf38d5c223ebc162c949c45488befd,eb7ccf2b6da1fcc96093c646b3279dd7aa98336fa72d84cae3fc8052b1f85c82
outputs/pai-faithful-b24/pb-all-max1-tanh-sw25-c12x32x64-seed1,pai-faithful-b24,evaluated,pb-all-max1-tanh-sw25-c12x32x64,1,configs/data/speech_commands_v2_mfcc32_paper.yaml,1.0,cpu,tracked,pb,all,tanh,12,32,64,0,0,0.0,274,pai_training_complete,42084,84168,84288,120,84168,84288,,3312492,6624984,6658832,1,1,0.9277840269966254,0.9179959100204499,4890,0.8919372748693226,15493.005520542036,12e51b8bcb98954d415f346fb72d5178ee09934c7a262850832cd20d4e7770db,57e4b7e04668b1789540b55cec748bb7245841e1a0fc7a48e1bc8913929e7834
outputs/pai-faithful-b24/pb-all-max1-tanh-sw25-c12x32x64-seed2,pai-faithful-b24,evaluated,pb-all-max1-tanh-sw25-c12x32x64,2,configs/data/speech_commands_v2_mfcc32_paper.yaml,1.0,cpu,tracked,pb,all,tanh,12,32,64,0,0,0.0,502,pai_training_complete,42084,84168,84288,120,84168,84288,,3312492,6624984,6658832,1,1,0.9255343082114735,0.9224948875255624,4890,0.9001977087452265,25484.91654987505,9ea887958ecf4fba4d55a9a9cf39328c3bdf572186079b25036a8fdaaa1162e7,9792f674cab7b1f5c02a7523ec30af8bf49c957cd13488f44ccab3a037b72ffb
outputs/pai-faithful-b24/pb-all-max1-tanh-sw25-c12x32x64-seed3,pai-faithful-b24,evaluated,pb-all-max1-tanh-sw25-c12x32x64,3,configs/data/speech_commands_v2_mfcc32_paper.yaml,1.0,cpu,tracked,pb,all,tanh,12,32,64,0,0,0.0,288,pai_training_complete,42084,84168,84288,120,84168,84288,,3312492,6624984,6658832,1,1,0.9280089988751407,0.9255623721881391,4890,0.9032039650082604,16249.16661479196,f29ed5836e44c6d98b14fc8dbe6e208e1bd2c716fc86910a056cce269c5c834e,e86206b34d1c6cf67d844e263f20a3c0836e705c588bf99b10cff1aa291d0149
outputs/pai-faithful-b24/pb-all-max1-tanh-sw25-c12x32x64-seed4,pai-faithful-b24,evaluated,pb-all-max1-tanh-sw25-c12x32x64,4,configs/data/speech_commands_v2_mfcc32_paper.yaml,1.0,cpu,tracked,pb,all,tanh,12,32,64,0,0,0.0,247,pai_training_complete,42084,84168,84288,120,84168,84288,,3312492,6624984,6658832,1,1,0.925984251968504,0.9226993865030675,4890,0.9006852097608536,12647.261688333005,82ce634a3851f3f2a8808e110a6e9ecc91e62e69604940092718bc89b2950990,d4cbaaed6edf5171f998a332a79c4e36e23cbb26530a6a69a1b39f08258a598b
outputs/pai-faithful-b24/pb-linear-max1-tanh-sw25-c12x32x64-seed0,pai-faithful-b24,evaluated,pb-linear-max1-tanh-sw25-c12x32x64,0,configs/data/speech_commands_v2_mfcc32_paper.yaml,1.0,cpu,tracked,pb,linear,tanh,12,32,64,0,0,0.0,229,pai_training_complete,42084,62064,62076,12,62064,62076,,3312492,3332460,3332472,1,1,0.9219347581552306,0.9118609406952966,4890,0.8816997535411533,6590.157223416958,96ce57c9dba5489548d9cfcf2194aa19a5d9561fafc63727b3c46509e9121b96,277ad64ed1e987c689246b8d8066c061e1053a1ca2d0ab3e494f60a5cb291e9a
outputs/pai-faithful-b24/pb-linear-max1-tanh-sw25-c12x32x64-seed1,pai-faithful-b24,evaluated,pb-linear-max1-tanh-sw25-c12x32x64,1,configs/data/speech_commands_v2_mfcc32_paper.yaml,1.0,cpu,tracked,pb,linear,tanh,12,32,64,0,0,0.0,286,pai_training_complete,42084,62064,62076,12,62064,62076,,3312492,3332460,3332472,1,1,0.9262092238470191,0.9208588957055215,4890,0.8974352029900062,8205.61358825001,0a8269b18a7fd99e5f2aa30ad4a9ddb8e9c6b1ab060d80ccfdb157b2f34589a7,a1eab7c1b7f73dcb5ba6f37b28f29f046bde527b3d045f9438ecf3eccd7b6458
outputs/pai-faithful-b24/pb-linear-max1-tanh-sw25-c12x32x64-seed2,pai-faithful-b24,evaluated,pb-linear-max1-tanh-sw25-c12x32x64,2,configs/data/speech_commands_v2_mfcc32_paper.yaml,1.0,cpu,tracked,pb,linear,tanh,12,32,64,0,0,0.0,426,pai_training_complete,42084,62064,62076,12,62064,62076,,3312492,3332460,3332472,1,1,0.9246344206974129,0.9224948875255624,4890,0.8931289440186334,12173.777118834085,726730cfca4a2801e2be5a9eaf48d9e01c788578907a5616e776c3608612d6ed,dc4ae604569bcf8da0f1a1d6c5e448527310fae4765446f90488996427c59923
outputs/pai-faithful-b24/pb-linear-max1-tanh-sw25-c12x32x64-seed3,pai-faithful-b24,evaluated,pb-linear-max1-tanh-sw25-c12x32x64,3,configs/data/speech_commands_v2_mfcc32_paper.yaml,1.0,cpu,tracked,pb,linear,tanh,12,32,64,0,0,0.0,230,pai_training_complete,42084,62064,62076,12,62064,62076,,3312492,3332460,3332472,1,1,0.9250843644544432,0.9210633946830266,4890,0.8805080843918425,6668.453645374975,bd6719f044e26f83b0dc95468170c33ff7b56ffe0f25c30d376d6cbf8ac6d616,b4bb9f9c99412b75f06551f92e235330c40201faf55a30dd70cda68fe18f2b57
outputs/pai-faithful-b24/pb-linear-max1-tanh-sw25-c12x32x64-seed4,pai-faithful-b24,evaluated,pb-linear-max1-tanh-sw25-c12x32x64,4,configs/data/speech_commands_v2_mfcc32_paper.yaml,1.0,cpu,tracked,pb,linear,tanh,12,32,64,0,0,0.0,238,pai_training_complete,42084,62064,62076,12,62064,62076,,3312492,3332460,3332472,1,1,0.9262092238470191,0.9186094069529652,4890,0.895160198250413,6894.25631550001,29b80148e557bb447b6fac78549f808a2638d6d6bf48d6fff7c1a1241b91dd7a,d4f39fd3f0ee75d2a43983a8a30131bbc36457b80df827329340efd8b9b577f9
outputs/pai-faithful-interrupted-1940/none-c12x24-seed2,pai-faithful-interrupted-1940,partial,none-c12x24-seed2,2,,,,,,,,,,,,,,277,no_final_result,,,,,,,,,,,0,,0.8429696287964005,,,,,5500f1519e4cbea6454c161718b66980caab383ff9a4156f53913b9d8e11cf25,
outputs/pai-faithful-interrupted-1940/none-c20x40-seed2,pai-faithful-interrupted-1940,partial,none-c20x40-seed2,2,,,,,,,,,,,,,,528,no_final_result,,,,,,,,,,,0,,0.833970753655793,,,,,ffed0a075f6ccc40ed3d844204ad869293b7963b89d9ef7d286cdb45712dd16a,
outputs/pai-faithful-interrupted-1940/none-c4x8-seed2,pai-faithful-interrupted-1940,partial,none-c4x8-seed2,2,,,,,,,,,,,,,,170,no_final_result,,,,,,,,,,,0,,0.7239595050618672,,,,,22c6800a7626f47cdd15b4f0b5cbe513f22c91d1e31df9f3ae7f0204a3103b5f,
outputs/pai-faithful-interrupted-1940/none-c6x12-seed2,pai-faithful-interrupted-1940,partial,none-c6x12-seed2,2,,,,,,,,,,,,,,146,no_final_result,,,,,,,,,,,0,,0.8159730033745782,,,,,176e9eef2a1bf1123490d004f48fcaacbac4e9fda1377f4cc13af6dc82d2b247,
outputs/pai-faithful-interrupted-1940/none-c8x16-seed2,pai-faithful-interrupted-1940,partial,none-c8x16-seed2,2,,,,,,,,,,,,,,214,no_final_result,,,,,,,,,,,0,,0.8292463442069741,,,,,4173ea2225ce3f02d382aca11ea1215eeeb9d06fa4ae31aef28b100b494c0d6f,
