queue,run_path,artifact_present,result_present,manifest_present,command
research-0926,outputs/sparknet-dendritic-study-v2/scratch/c9g8-seed1,True,False,True,uv run --env-file .env python -m kws.train --data-config configs/data/speech_commands_v2_mfcc32_paper.yaml --model-config configs/model/sparknet_c9g8_paper.yaml --train-config configs/train/sparknet_narrow_paper_fast_io.yaml --stage paper_replication --seed 1 --output-dir outputs/sparknet-dendritic-study-v2/scratch/c9g8-seed1
research-0926,outputs/sparknet-dendritic-study-v2/scratch/c9g8-seed2,True,False,True,uv run --env-file .env python -m kws.train --data-config configs/data/speech_commands_v2_mfcc32_paper.yaml --model-config configs/model/sparknet_c9g8_paper.yaml --train-config configs/train/sparknet_narrow_paper_fast_io.yaml --stage paper_replication --seed 2 --output-dir outputs/sparknet-dendritic-study-v2/scratch/c9g8-seed2
research-0926,outputs/sparknet-dendritic-study-v2/scratch/c9g4-seed0,True,False,True,uv run --env-file .env python -m kws.train --data-config configs/data/speech_commands_v2_mfcc32_paper.yaml --model-config configs/model/sparknet_c9g4_paper.yaml --train-config configs/train/sparknet_narrow_paper_fast_io.yaml --stage paper_replication --seed 0 --output-dir outputs/sparknet-dendritic-study-v2/scratch/c9g4-seed0
research-0926,outputs/sparknet-grow-dendrites-v3/fc/c9g4-seed0,True,False,True,uv run --env-file .env python -m kws.optimize.sparknet_grow_dendrites --data-config configs/data/speech_commands_v2_mfcc32_paper.yaml --model-config configs/model/sparknet_c9g4_paper.yaml --placement fc --seed 0 --no-group-batchnorm --arm fc --output-dir outputs/sparknet-grow-dendrites-v3/fc/c9g4-seed0
research-0926,outputs/sparknet-dendritic-study-v2/scratch/c6g4-seed0,True,False,True,uv run --env-file .env python -m kws.train --data-config configs/data/speech_commands_v2_mfcc32_paper.yaml --model-config configs/model/sparknet_c6g4_paper.yaml --train-config configs/train/sparknet_narrow_paper_fast_io.yaml --stage paper_replication --seed 0 --output-dir outputs/sparknet-dendritic-study-v2/scratch/c6g4-seed0
research-0926,outputs/sparknet-grow-dendrites-v3/fc/c6g4-seed0,True,False,True,uv run --env-file .env python -m kws.optimize.sparknet_grow_dendrites --data-config configs/data/speech_commands_v2_mfcc32_paper.yaml --model-config configs/model/sparknet_c6g4_paper.yaml --placement fc --seed 0 --no-group-batchnorm --arm fc --output-dir outputs/sparknet-grow-dendrites-v3/fc/c6g4-seed0
research-0926,outputs/sparknet-dendritic-study-v2/scratch/c6g8-seed0,True,False,True,uv run --env-file .env python -m kws.train --data-config configs/data/speech_commands_v2_mfcc32_paper.yaml --model-config configs/model/sparknet_c6g8_paper.yaml --train-config configs/train/sparknet_narrow_paper_fast_io.yaml --stage paper_replication --seed 0 --output-dir outputs/sparknet-dendritic-study-v2/scratch/c6g8-seed0
research-0926,outputs/sparknet-grow-dendrites-v3/pointwise_b1-bn-relu/c8g16-seed0,True,False,True,uv run --env-file .env python -m kws.optimize.sparknet_grow_dendrites --data-config configs/data/speech_commands_v2_mfcc32_paper.yaml --model-config configs/model/sparknet_c8g16_paper.yaml --train-config configs/train/sparknet_grow_dendrites_paper_relu.yaml --placement pointwise_b1 --seed 0 --group-batchnorm --arm pointwise_b1-bn-relu --output-dir outputs/sparknet-grow-dendrites-v3/pointwise_b1-bn-relu/c8g16-seed0
research-0926,outputs/sparknet-grow-dendrites-v3/pointwise_b1-bn-sigmoid/c8g16-seed0,True,False,True,uv run --env-file .env python -m kws.optimize.sparknet_grow_dendrites --data-config configs/data/speech_commands_v2_mfcc32_paper.yaml --model-config configs/model/sparknet_c8g16_paper.yaml --train-config configs/train/sparknet_grow_dendrites_paper_sigmoid.yaml --placement pointwise_b1 --seed 0 --group-batchnorm --arm pointwise_b1-bn-sigmoid --output-dir outputs/sparknet-grow-dendrites-v3/pointwise_b1-bn-sigmoid/c8g16-seed0
research-0926,outputs/sparknet-dendritic-study-v2/scratch/c9g8-seed3,True,False,True,uv run --env-file .env python -m kws.train --data-config configs/data/speech_commands_v2_mfcc32_paper.yaml --model-config configs/model/sparknet_c9g8_paper.yaml --train-config configs/train/sparknet_narrow_paper_fast_io.yaml --stage paper_replication --seed 3 --output-dir outputs/sparknet-dendritic-study-v2/scratch/c9g8-seed3
research-0926,outputs/sparknet-dendritic-study-v2/scratch/c9g4-seed1,True,False,True,uv run --env-file .env python -m kws.train --data-config configs/data/speech_commands_v2_mfcc32_paper.yaml --model-config configs/model/sparknet_c9g4_paper.yaml --train-config configs/train/sparknet_narrow_paper_fast_io.yaml --stage paper_replication --seed 1 --output-dir outputs/sparknet-dendritic-study-v2/scratch/c9g4-seed1
research-0926,outputs/sparknet-grow-dendrites-v3/fc/c9g4-seed1,True,False,True,uv run --env-file .env python -m kws.optimize.sparknet_grow_dendrites --data-config configs/data/speech_commands_v2_mfcc32_paper.yaml --model-config configs/model/sparknet_c9g4_paper.yaml --placement fc --seed 1 --no-group-batchnorm --arm fc --output-dir outputs/sparknet-grow-dendrites-v3/fc/c9g4-seed1
research-0926,outputs/sparknet-dendritic-study-v2/scratch/c6g4-seed1,True,False,True,uv run --env-file .env python -m kws.train --data-config configs/data/speech_commands_v2_mfcc32_paper.yaml --model-config configs/model/sparknet_c6g4_paper.yaml --train-config configs/train/sparknet_narrow_paper_fast_io.yaml --stage paper_replication --seed 1 --output-dir outputs/sparknet-dendritic-study-v2/scratch/c6g4-seed1
research-0926,outputs/sparknet-grow-dendrites-v3/fc/c6g4-seed1,True,False,True,uv run --env-file .env python -m kws.optimize.sparknet_grow_dendrites --data-config configs/data/speech_commands_v2_mfcc32_paper.yaml --model-config configs/model/sparknet_c6g4_paper.yaml --placement fc --seed 1 --no-group-batchnorm --arm fc --output-dir outputs/sparknet-grow-dendrites-v3/fc/c6g4-seed1
research-0926,outputs/sparknet-dendritic-study-v2/scratch/c6g8-seed1,True,False,True,uv run --env-file .env python -m kws.train --data-config configs/data/speech_commands_v2_mfcc32_paper.yaml --model-config configs/model/sparknet_c6g8_paper.yaml --train-config configs/train/sparknet_narrow_paper_fast_io.yaml --stage paper_replication --seed 1 --output-dir outputs/sparknet-dendritic-study-v2/scratch/c6g8-seed1
research-0926,outputs/sparknet-grow-dendrites-v3/pointwise_b1-bn-relu/c8g16-seed1,True,False,True,uv run --env-file .env python -m kws.optimize.sparknet_grow_dendrites --data-config configs/data/speech_commands_v2_mfcc32_paper.yaml --model-config configs/model/sparknet_c8g16_paper.yaml --train-config configs/train/sparknet_grow_dendrites_paper_relu.yaml --placement pointwise_b1 --seed 1 --group-batchnorm --arm pointwise_b1-bn-relu --output-dir outputs/sparknet-grow-dendrites-v3/pointwise_b1-bn-relu/c8g16-seed1
research-0926,outputs/sparknet-grow-dendrites-v3/pointwise_b1-bn-sigmoid/c8g16-seed1,True,False,True,uv run --env-file .env python -m kws.optimize.sparknet_grow_dendrites --data-config configs/data/speech_commands_v2_mfcc32_paper.yaml --model-config configs/model/sparknet_c8g16_paper.yaml --train-config configs/train/sparknet_grow_dendrites_paper_sigmoid.yaml --placement pointwise_b1 --seed 1 --group-batchnorm --arm pointwise_b1-bn-sigmoid --output-dir outputs/sparknet-grow-dendrites-v3/pointwise_b1-bn-sigmoid/c8g16-seed1
research-0926,outputs/sparknet-dendritic-study-v2/scratch/c9g8-seed4,True,False,True,uv run --env-file .env python -m kws.train --data-config configs/data/speech_commands_v2_mfcc32_paper.yaml --model-config configs/model/sparknet_c9g8_paper.yaml --train-config configs/train/sparknet_narrow_paper_fast_io.yaml --stage paper_replication --seed 4 --output-dir outputs/sparknet-dendritic-study-v2/scratch/c9g8-seed4
research-0926,outputs/sparknet-dendritic-study-v2/scratch/c9g4-seed2,True,False,True,uv run --env-file .env python -m kws.train --data-config configs/data/speech_commands_v2_mfcc32_paper.yaml --model-config configs/model/sparknet_c9g4_paper.yaml --train-config configs/train/sparknet_narrow_paper_fast_io.yaml --stage paper_replication --seed 2 --output-dir outputs/sparknet-dendritic-study-v2/scratch/c9g4-seed2
research-0926,outputs/sparknet-grow-dendrites-v3/fc/c9g4-seed2,True,False,True,uv run --env-file .env python -m kws.optimize.sparknet_grow_dendrites --data-config configs/data/speech_commands_v2_mfcc32_paper.yaml --model-config configs/model/sparknet_c9g4_paper.yaml --placement fc --seed 2 --no-group-batchnorm --arm fc --output-dir outputs/sparknet-grow-dendrites-v3/fc/c9g4-seed2
research-0926,outputs/sparknet-dendritic-study-v2/scratch/c6g4-seed2,True,False,True,uv run --env-file .env python -m kws.train --data-config configs/data/speech_commands_v2_mfcc32_paper.yaml --model-config configs/model/sparknet_c6g4_paper.yaml --train-config configs/train/sparknet_narrow_paper_fast_io.yaml --stage paper_replication --seed 2 --output-dir outputs/sparknet-dendritic-study-v2/scratch/c6g4-seed2
research-0926,outputs/sparknet-grow-dendrites-v3/fc/c6g4-seed2,True,False,True,uv run --env-file .env python -m kws.optimize.sparknet_grow_dendrites --data-config configs/data/speech_commands_v2_mfcc32_paper.yaml --model-config configs/model/sparknet_c6g4_paper.yaml --placement fc --seed 2 --no-group-batchnorm --arm fc --output-dir outputs/sparknet-grow-dendrites-v3/fc/c6g4-seed2
research-0926,outputs/sparknet-dendritic-study-v2/scratch/c6g8-seed2,True,False,True,uv run --env-file .env python -m kws.train --data-config configs/data/speech_commands_v2_mfcc32_paper.yaml --model-config configs/model/sparknet_c6g8_paper.yaml --train-config configs/train/sparknet_narrow_paper_fast_io.yaml --stage paper_replication --seed 2 --output-dir outputs/sparknet-dendritic-study-v2/scratch/c6g8-seed2
research-0926,outputs/sparknet-grow-dendrites-v3/pointwise_b1-bn-relu/c8g16-seed2,True,False,True,uv run --env-file .env python -m kws.optimize.sparknet_grow_dendrites --data-config configs/data/speech_commands_v2_mfcc32_paper.yaml --model-config configs/model/sparknet_c8g16_paper.yaml --train-config configs/train/sparknet_grow_dendrites_paper_relu.yaml --placement pointwise_b1 --seed 2 --group-batchnorm --arm pointwise_b1-bn-relu --output-dir outputs/sparknet-grow-dendrites-v3/pointwise_b1-bn-relu/c8g16-seed2
research-0926,outputs/sparknet-grow-dendrites-v3/pointwise_b1-bn-sigmoid/c8g16-seed2,True,False,True,uv run --env-file .env python -m kws.optimize.sparknet_grow_dendrites --data-config configs/data/speech_commands_v2_mfcc32_paper.yaml --model-config configs/model/sparknet_c8g16_paper.yaml --train-config configs/train/sparknet_grow_dendrites_paper_sigmoid.yaml --placement pointwise_b1 --seed 2 --group-batchnorm --arm pointwise_b1-bn-sigmoid --output-dir outputs/sparknet-grow-dendrites-v3/pointwise_b1-bn-sigmoid/c8g16-seed2
research-0926b,outputs/sparknet-pai-documented/pai-fc/c9g8-seed0,True,False,True,uv run --env-file .env python -m kws.optimize.sparknet_dendritic_prune_experiment --config configs/experiment/sparknet_pai_documented_pai_fc_c9g8_seed0.yaml --no-kd --output-dir outputs/sparknet-pai-documented/pai-fc/c9g8-seed0
research-0926b,outputs/sparknet-pai-documented/control-fc/c9g8-seed0,True,False,True,uv run --env-file .env python -m kws.optimize.sparknet_dendritic_prune_experiment --config configs/experiment/sparknet_pai_documented_control_fc_c9g8_seed0.yaml --no-kd --output-dir outputs/sparknet-pai-documented/control-fc/c9g8-seed0
research-0926b,outputs/sparknet-dendritic-study-v2/scratch/c18g8-seed0,True,False,True,uv run --env-file .env python -m kws.train --data-config configs/data/speech_commands_v2_mfcc32_paper.yaml --model-config configs/model/sparknet_c18g8_paper.yaml --train-config configs/train/sparknet_narrow_paper_fast_io.yaml --stage paper_replication --seed 0 --output-dir outputs/sparknet-dendritic-study-v2/scratch/c18g8-seed0
research-0926b,outputs/sparknet-dendritic-study-v2/scratch/c17g8-seed0,True,False,True,uv run --env-file .env python -m kws.train --data-config configs/data/speech_commands_v2_mfcc32_paper.yaml --model-config configs/model/sparknet_c17g8_paper.yaml --train-config configs/train/sparknet_narrow_paper_fast_io.yaml --stage paper_replication --seed 0 --output-dir outputs/sparknet-dendritic-study-v2/scratch/c17g8-seed0
research-0926b,outputs/sparknet-dendritic-study-v2/scratch/c7g8-seed0,True,False,True,uv run --env-file .env python -m kws.train --data-config configs/data/speech_commands_v2_mfcc32_paper.yaml --model-config configs/model/sparknet_c7g8_paper.yaml --train-config configs/train/sparknet_narrow_paper_fast_io.yaml --stage paper_replication --seed 0 --output-dir outputs/sparknet-dendritic-study-v2/scratch/c7g8-seed0
research-0926b,outputs/sparknet-dendritic-study-v2/scratch/c18g8-seed1,True,False,True,uv run --env-file .env python -m kws.train --data-config configs/data/speech_commands_v2_mfcc32_paper.yaml --model-config configs/model/sparknet_c18g8_paper.yaml --train-config configs/train/sparknet_narrow_paper_fast_io.yaml --stage paper_replication --seed 1 --output-dir outputs/sparknet-dendritic-study-v2/scratch/c18g8-seed1
research-0926b,outputs/sparknet-dendritic-study-v2/scratch/c17g8-seed1,True,False,True,uv run --env-file .env python -m kws.train --data-config configs/data/speech_commands_v2_mfcc32_paper.yaml --model-config configs/model/sparknet_c17g8_paper.yaml --train-config configs/train/sparknet_narrow_paper_fast_io.yaml --stage paper_replication --seed 1 --output-dir outputs/sparknet-dendritic-study-v2/scratch/c17g8-seed1
research-0926b,outputs/sparknet-dendritic-study-v2/scratch/c7g8-seed1,True,False,True,uv run --env-file .env python -m kws.train --data-config configs/data/speech_commands_v2_mfcc32_paper.yaml --model-config configs/model/sparknet_c7g8_paper.yaml --train-config configs/train/sparknet_narrow_paper_fast_io.yaml --stage paper_replication --seed 1 --output-dir outputs/sparknet-dendritic-study-v2/scratch/c7g8-seed1
research-0926b,outputs/sparknet-dendritic-study-v2/scratch/c18g8-seed2,True,False,True,uv run --env-file .env python -m kws.train --data-config configs/data/speech_commands_v2_mfcc32_paper.yaml --model-config configs/model/sparknet_c18g8_paper.yaml --train-config configs/train/sparknet_narrow_paper_fast_io.yaml --stage paper_replication --seed 2 --output-dir outputs/sparknet-dendritic-study-v2/scratch/c18g8-seed2
research-0926b,outputs/sparknet-dendritic-study-v2/scratch/c17g8-seed2,True,False,True,uv run --env-file .env python -m kws.train --data-config configs/data/speech_commands_v2_mfcc32_paper.yaml --model-config configs/model/sparknet_c17g8_paper.yaml --train-config configs/train/sparknet_narrow_paper_fast_io.yaml --stage paper_replication --seed 2 --output-dir outputs/sparknet-dendritic-study-v2/scratch/c17g8-seed2
research-0926b,outputs/sparknet-dendritic-study-v2/scratch/c7g8-seed2,True,False,True,uv run --env-file .env python -m kws.train --data-config configs/data/speech_commands_v2_mfcc32_paper.yaml --model-config configs/model/sparknet_c7g8_paper.yaml --train-config configs/train/sparknet_narrow_paper_fast_io.yaml --stage paper_replication --seed 2 --output-dir outputs/sparknet-dendritic-study-v2/scratch/c7g8-seed2
research-0926b,outputs/sparknet-dendritic-study-v2/scratch/c6g8-seed3,True,False,True,uv run --env-file .env python -m kws.train --data-config configs/data/speech_commands_v2_mfcc32_paper.yaml --model-config configs/model/sparknet_c6g8_paper.yaml --train-config configs/train/sparknet_narrow_paper_fast_io.yaml --stage paper_replication --seed 3 --output-dir outputs/sparknet-dendritic-study-v2/scratch/c6g8-seed3
research-0926b,outputs/sparknet-dendritic-study-v2/scratch/c6g8-seed4,True,False,True,uv run --env-file .env python -m kws.train --data-config configs/data/speech_commands_v2_mfcc32_paper.yaml --model-config configs/model/sparknet_c6g8_paper.yaml --train-config configs/train/sparknet_narrow_paper_fast_io.yaml --stage paper_replication --seed 4 --output-dir outputs/sparknet-dendritic-study-v2/scratch/c6g8-seed4
research-0926b,outputs/sparknet-dendritic-study-v2/scratch/c8g8-seed1,True,False,True,uv run --env-file .env python -m kws.train --data-config configs/data/speech_commands_v2_mfcc32_paper.yaml --model-config configs/model/sparknet_c8g8_paper.yaml --train-config configs/train/sparknet_narrow_paper_fast_io.yaml --stage paper_replication --seed 1 --output-dir outputs/sparknet-dendritic-study-v2/scratch/c8g8-seed1
research-0926b,outputs/sparknet-dendritic-study-v2/scratch/c8g8-seed2,True,False,True,uv run --env-file .env python -m kws.train --data-config configs/data/speech_commands_v2_mfcc32_paper.yaml --model-config configs/model/sparknet_c8g8_paper.yaml --train-config configs/train/sparknet_narrow_paper_fast_io.yaml --stage paper_replication --seed 2 --output-dir outputs/sparknet-dendritic-study-v2/scratch/c8g8-seed2
research-0926c,outputs/sparknet-grow-dendrites-v3/gate_conv/c9g4-seed0,True,False,True,uv run --env-file .env python -m kws.optimize.sparknet_grow_dendrites --data-config configs/data/speech_commands_v2_mfcc32_paper.yaml --model-config configs/model/sparknet_c9g4_paper.yaml --placement gate_conv --seed 0 --no-group-batchnorm --arm gate_conv --output-dir outputs/sparknet-grow-dendrites-v3/gate_conv/c9g4-seed0
research-0926c,outputs/sparknet-grow-dendrites-v3/gate_conv/c9g4-seed1,True,False,True,uv run --env-file .env python -m kws.optimize.sparknet_grow_dendrites --data-config configs/data/speech_commands_v2_mfcc32_paper.yaml --model-config configs/model/sparknet_c9g4_paper.yaml --placement gate_conv --seed 1 --no-group-batchnorm --arm gate_conv --output-dir outputs/sparknet-grow-dendrites-v3/gate_conv/c9g4-seed1
research-0926c,outputs/sparknet-grow-dendrites-v3/gate_conv/c9g4-seed2,True,False,True,uv run --env-file .env python -m kws.optimize.sparknet_grow_dendrites --data-config configs/data/speech_commands_v2_mfcc32_paper.yaml --model-config configs/model/sparknet_c9g4_paper.yaml --placement gate_conv --seed 2 --no-group-batchnorm --arm gate_conv --output-dir outputs/sparknet-grow-dendrites-v3/gate_conv/c9g4-seed2
research-0926c,outputs/sparknet-grow-dendrites-v3/gate_conv/c9g8-seed0,True,False,True,uv run --env-file .env python -m kws.optimize.sparknet_grow_dendrites --data-config configs/data/speech_commands_v2_mfcc32_paper.yaml --model-config configs/model/sparknet_c9g8_paper.yaml --placement gate_conv --seed 0 --no-group-batchnorm --arm gate_conv --output-dir outputs/sparknet-grow-dendrites-v3/gate_conv/c9g8-seed0
research-0926c,outputs/sparknet-grow-dendrites-v3/gate_conv/c9g8-seed1,True,False,True,uv run --env-file .env python -m kws.optimize.sparknet_grow_dendrites --data-config configs/data/speech_commands_v2_mfcc32_paper.yaml --model-config configs/model/sparknet_c9g8_paper.yaml --placement gate_conv --seed 1 --no-group-batchnorm --arm gate_conv --output-dir outputs/sparknet-grow-dendrites-v3/gate_conv/c9g8-seed1
research-0926c,outputs/sparknet-grow-dendrites-v3/gate_conv/c9g8-seed2,True,False,True,uv run --env-file .env python -m kws.optimize.sparknet_grow_dendrites --data-config configs/data/speech_commands_v2_mfcc32_paper.yaml --model-config configs/model/sparknet_c9g8_paper.yaml --placement gate_conv --seed 2 --no-group-batchnorm --arm gate_conv --output-dir outputs/sparknet-grow-dendrites-v3/gate_conv/c9g8-seed2
research-0926c,outputs/sparknet-dendritic-study-v2/scratch/c17g16-seed0,True,False,True,uv run --env-file .env python -m kws.train --data-config configs/data/speech_commands_v2_mfcc32_paper.yaml --model-config configs/model/sparknet_c17g16_paper.yaml --train-config configs/train/sparknet_narrow_paper_fast_io.yaml --stage paper_replication --seed 0 --output-dir outputs/sparknet-dendritic-study-v2/scratch/c17g16-seed0
research-0926c,outputs/sparknet-dendritic-study-v2/scratch/c17g16-seed1,True,False,True,uv run --env-file .env python -m kws.train --data-config configs/data/speech_commands_v2_mfcc32_paper.yaml --model-config configs/model/sparknet_c17g16_paper.yaml --train-config configs/train/sparknet_narrow_paper_fast_io.yaml --stage paper_replication --seed 1 --output-dir outputs/sparknet-dendritic-study-v2/scratch/c17g16-seed1
research-0926c,outputs/sparknet-dendritic-study-v2/scratch/c17g16-seed2,True,False,True,uv run --env-file .env python -m kws.train --data-config configs/data/speech_commands_v2_mfcc32_paper.yaml --model-config configs/model/sparknet_c17g16_paper.yaml --train-config configs/train/sparknet_narrow_paper_fast_io.yaml --stage paper_replication --seed 2 --output-dir outputs/sparknet-dendritic-study-v2/scratch/c17g16-seed2
research-0926c,outputs/sparknet-dendritic-study-v2/scratch/c18g12-seed0,True,False,True,uv run --env-file .env python -m kws.train --data-config configs/data/speech_commands_v2_mfcc32_paper.yaml --model-config configs/model/sparknet_c18g12_paper.yaml --train-config configs/train/sparknet_narrow_paper_fast_io.yaml --stage paper_replication --seed 0 --output-dir outputs/sparknet-dendritic-study-v2/scratch/c18g12-seed0
research-0926c,outputs/sparknet-dendritic-study-v2/scratch/c18g12-seed1,True,False,True,uv run --env-file .env python -m kws.train --data-config configs/data/speech_commands_v2_mfcc32_paper.yaml --model-config configs/model/sparknet_c18g12_paper.yaml --train-config configs/train/sparknet_narrow_paper_fast_io.yaml --stage paper_replication --seed 1 --output-dir outputs/sparknet-dendritic-study-v2/scratch/c18g12-seed1
research-0926c,outputs/sparknet-dendritic-study-v2/scratch/c18g12-seed2,True,False,True,uv run --env-file .env python -m kws.train --data-config configs/data/speech_commands_v2_mfcc32_paper.yaml --model-config configs/model/sparknet_c18g12_paper.yaml --train-config configs/train/sparknet_narrow_paper_fast_io.yaml --stage paper_replication --seed 2 --output-dir outputs/sparknet-dendritic-study-v2/scratch/c18g12-seed2
research-0926c,outputs/sparknet-dendritic-study-v2/scratch/c18g16-seed2,True,False,True,uv run --env-file .env python -m kws.train --data-config configs/data/speech_commands_v2_mfcc32_paper.yaml --model-config configs/model/sparknet_c18g16_paper.yaml --train-config configs/train/sparknet_narrow_paper_fast_io.yaml --stage paper_replication --seed 2 --output-dir outputs/sparknet-dendritic-study-v2/scratch/c18g16-seed2
research-0926c,outputs/sparknet-dendritic-study-v2/scratch/c9g12-seed1,True,False,True,uv run --env-file .env python -m kws.train --data-config configs/data/speech_commands_v2_mfcc32_paper.yaml --model-config configs/model/sparknet_c9g12_paper.yaml --train-config configs/train/sparknet_narrow_paper_fast_io.yaml --stage paper_replication --seed 1 --output-dir outputs/sparknet-dendritic-study-v2/scratch/c9g12-seed1
research-0926c,outputs/sparknet-dendritic-study-v2/scratch/c9g12-seed2,True,False,True,uv run --env-file .env python -m kws.train --data-config configs/data/speech_commands_v2_mfcc32_paper.yaml --model-config configs/model/sparknet_c9g12_paper.yaml --train-config configs/train/sparknet_narrow_paper_fast_io.yaml --stage paper_replication --seed 2 --output-dir outputs/sparknet-dendritic-study-v2/scratch/c9g12-seed2
research-0926c,outputs/sparknet-dendritic-study-v2/scratch/c9g16-seed1,True,False,True,uv run --env-file .env python -m kws.train --data-config configs/data/speech_commands_v2_mfcc32_paper.yaml --model-config configs/model/sparknet_c9g16_paper.yaml --train-config configs/train/sparknet_narrow_paper_fast_io.yaml --stage paper_replication --seed 1 --output-dir outputs/sparknet-dendritic-study-v2/scratch/c9g16-seed1
research-0926c,outputs/sparknet-dendritic-study-v2/scratch/c9g16-seed2,True,False,True,uv run --env-file .env python -m kws.train --data-config configs/data/speech_commands_v2_mfcc32_paper.yaml --model-config configs/model/sparknet_c9g16_paper.yaml --train-config configs/train/sparknet_narrow_paper_fast_io.yaml --stage paper_replication --seed 2 --output-dir outputs/sparknet-dendritic-study-v2/scratch/c9g16-seed2
research-0926c,outputs/sparknet-dendritic-study-v2/scratch/c10g8-seed1,True,False,True,uv run --env-file .env python -m kws.train --data-config configs/data/speech_commands_v2_mfcc32_paper.yaml --model-config configs/model/sparknet_c10g8_paper.yaml --train-config configs/train/sparknet_narrow_paper_fast_io.yaml --stage paper_replication --seed 1 --output-dir outputs/sparknet-dendritic-study-v2/scratch/c10g8-seed1
research-0926c,outputs/sparknet-dendritic-study-v2/scratch/c10g8-seed2,True,False,True,uv run --env-file .env python -m kws.train --data-config configs/data/speech_commands_v2_mfcc32_paper.yaml --model-config configs/model/sparknet_c10g8_paper.yaml --train-config configs/train/sparknet_narrow_paper_fast_io.yaml --stage paper_replication --seed 2 --output-dir outputs/sparknet-dendritic-study-v2/scratch/c10g8-seed2
research-0926c,outputs/sparknet-dendritic-study-v2/scratch/c10g12-seed1,True,False,True,uv run --env-file .env python -m kws.train --data-config configs/data/speech_commands_v2_mfcc32_paper.yaml --model-config configs/model/sparknet_c10g12_paper.yaml --train-config configs/train/sparknet_narrow_paper_fast_io.yaml --stage paper_replication --seed 1 --output-dir outputs/sparknet-dendritic-study-v2/scratch/c10g12-seed1
research-0926c,outputs/sparknet-dendritic-study-v2/scratch/c10g12-seed2,True,False,True,uv run --env-file .env python -m kws.train --data-config configs/data/speech_commands_v2_mfcc32_paper.yaml --model-config configs/model/sparknet_c10g12_paper.yaml --train-config configs/train/sparknet_narrow_paper_fast_io.yaml --stage paper_replication --seed 2 --output-dir outputs/sparknet-dendritic-study-v2/scratch/c10g12-seed2
research-0926c,outputs/sparknet-dendritic-study-v2/scratch/c6g12-seed0,True,False,True,uv run --env-file .env python -m kws.train --data-config configs/data/speech_commands_v2_mfcc32_paper.yaml --model-config configs/model/sparknet_c6g12_paper.yaml --train-config configs/train/sparknet_narrow_paper_fast_io.yaml --stage paper_replication --seed 0 --output-dir outputs/sparknet-dendritic-study-v2/scratch/c6g12-seed0
research-0926c,outputs/sparknet-dendritic-study-v2/scratch/c6g12-seed1,True,False,True,uv run --env-file .env python -m kws.train --data-config configs/data/speech_commands_v2_mfcc32_paper.yaml --model-config configs/model/sparknet_c6g12_paper.yaml --train-config configs/train/sparknet_narrow_paper_fast_io.yaml --stage paper_replication --seed 1 --output-dir outputs/sparknet-dendritic-study-v2/scratch/c6g12-seed1
research-0926c,outputs/sparknet-dendritic-study-v2/scratch/c6g12-seed2,True,False,True,uv run --env-file .env python -m kws.train --data-config configs/data/speech_commands_v2_mfcc32_paper.yaml --model-config configs/model/sparknet_c6g12_paper.yaml --train-config configs/train/sparknet_narrow_paper_fast_io.yaml --stage paper_replication --seed 2 --output-dir outputs/sparknet-dendritic-study-v2/scratch/c6g12-seed2
research-0926d,outputs/sparknet-lowdata10/scratch/c6g16-seed0,True,False,True,uv run --env-file .env python -m kws.train --data-config configs/data/speech_commands_v2_mfcc32_paper_frac10.yaml --model-config configs/model/sparknet_c6g16_paper.yaml --train-config configs/train/sparknet_narrow_paper_fast_io.yaml --stage paper_replication --seed 0 --output-dir outputs/sparknet-lowdata10/scratch/c6g16-seed0
research-0926d,outputs/sparknet-lowdata10/scratch/c8g16-seed0,True,False,True,uv run --env-file .env python -m kws.train --data-config configs/data/speech_commands_v2_mfcc32_paper_frac10.yaml --model-config configs/model/sparknet_c8g16_paper.yaml --train-config configs/train/sparknet_narrow_paper_fast_io.yaml --stage paper_replication --seed 0 --output-dir outputs/sparknet-lowdata10/scratch/c8g16-seed0
research-0926d,outputs/sparknet-lowdata10/scratch/c10g16-seed0,True,False,True,uv run --env-file .env python -m kws.train --data-config configs/data/speech_commands_v2_mfcc32_paper_frac10.yaml --model-config configs/model/sparknet_c10g16_paper.yaml --train-config configs/train/sparknet_narrow_paper_fast_io.yaml --stage paper_replication --seed 0 --output-dir outputs/sparknet-lowdata10/scratch/c10g16-seed0
research-0926d,outputs/sparknet-lowdata10/scratch/c12g16-seed0,True,False,True,uv run --env-file .env python -m kws.train --data-config configs/data/speech_commands_v2_mfcc32_paper_frac10.yaml --model-config configs/model/sparknet_c12g16_paper.yaml --train-config configs/train/sparknet_narrow_paper_fast_io.yaml --stage paper_replication --seed 0 --output-dir outputs/sparknet-lowdata10/scratch/c12g16-seed0
research-0926d,outputs/sparknet-lowdata10/scratch/c16g16-seed0,True,False,True,uv run --env-file .env python -m kws.train --data-config configs/data/speech_commands_v2_mfcc32_paper_frac10.yaml --model-config configs/model/sparknet_c16g16_paper.yaml --train-config configs/train/sparknet_narrow_paper_fast_io.yaml --stage paper_replication --seed 0 --output-dir outputs/sparknet-lowdata10/scratch/c16g16-seed0
research-0926d,outputs/sparknet-lowdata10/pointwise_b1-bn/c6g16-seed0,True,False,True,uv run --env-file .env python -m kws.optimize.sparknet_grow_dendrites --data-config configs/data/speech_commands_v2_mfcc32_paper_frac10.yaml --model-config configs/model/sparknet_c6g16_paper.yaml --placement pointwise_b1 --seed 0 --group-batchnorm --arm pointwise_b1-bn --output-dir outputs/sparknet-lowdata10/pointwise_b1-bn/c6g16-seed0
research-0926d,outputs/sparknet-lowdata10/pointwise_b1-bn/c8g16-seed0,True,False,True,uv run --env-file .env python -m kws.optimize.sparknet_grow_dendrites --data-config configs/data/speech_commands_v2_mfcc32_paper_frac10.yaml --model-config configs/model/sparknet_c8g16_paper.yaml --placement pointwise_b1 --seed 0 --group-batchnorm --arm pointwise_b1-bn --output-dir outputs/sparknet-lowdata10/pointwise_b1-bn/c8g16-seed0
research-0926d,outputs/sparknet-lowdata10/pointwise_b1-bn/c12g16-seed0,True,False,True,uv run --env-file .env python -m kws.optimize.sparknet_grow_dendrites --data-config configs/data/speech_commands_v2_mfcc32_paper_frac10.yaml --model-config configs/model/sparknet_c12g16_paper.yaml --placement pointwise_b1 --seed 0 --group-batchnorm --arm pointwise_b1-bn --output-dir outputs/sparknet-lowdata10/pointwise_b1-bn/c12g16-seed0
research-0926d,outputs/sparknet-lowdata10/pointwise_b0-bn/c8g16-seed0,True,False,True,uv run --env-file .env python -m kws.optimize.sparknet_grow_dendrites --data-config configs/data/speech_commands_v2_mfcc32_paper_frac10.yaml --model-config configs/model/sparknet_c8g16_paper.yaml --placement pointwise_b0 --seed 0 --group-batchnorm --arm pointwise_b0-bn --output-dir outputs/sparknet-lowdata10/pointwise_b0-bn/c8g16-seed0
research-0926d,outputs/sparknet-grow-dendrites-v3/pointwise_b1-bn-sw5/c8g16-seed0,True,False,True,uv run --env-file .env python -m kws.optimize.sparknet_grow_dendrites --data-config configs/data/speech_commands_v2_mfcc32_paper.yaml --model-config configs/model/sparknet_c8g16_paper.yaml --placement pointwise_b1 --seed 0 --group-batchnorm --switch-epoch 5 --arm pointwise_b1-bn-sw5 --output-dir outputs/sparknet-grow-dendrites-v3/pointwise_b1-bn-sw5/c8g16-seed0
research-0926d,outputs/sparknet-grow-dendrites-v3/pointwise_b0-bn-sw5/c8g16-seed0,True,False,True,uv run --env-file .env python -m kws.optimize.sparknet_grow_dendrites --data-config configs/data/speech_commands_v2_mfcc32_paper.yaml --model-config configs/model/sparknet_c8g16_paper.yaml --placement pointwise_b0 --seed 0 --group-batchnorm --switch-epoch 5 --arm pointwise_b0-bn-sw5 --output-dir outputs/sparknet-grow-dendrites-v3/pointwise_b0-bn-sw5/c8g16-seed0
research-0926d,outputs/sparknet-grow-dendrites-v3/depthwise/c8g16-seed0,True,False,True,uv run --env-file .env python -m kws.optimize.sparknet_grow_dendrites --data-config configs/data/speech_commands_v2_mfcc32_paper.yaml --model-config configs/model/sparknet_c8g16_paper.yaml --placement depthwise --seed 0 --no-group-batchnorm --arm depthwise --output-dir outputs/sparknet-grow-dendrites-v3/depthwise/c8g16-seed0
research-0926d,outputs/sparknet-lowdata10/scratch/c6g16-seed1,True,False,True,uv run --env-file .env python -m kws.train --data-config configs/data/speech_commands_v2_mfcc32_paper_frac10.yaml --model-config configs/model/sparknet_c6g16_paper.yaml --train-config configs/train/sparknet_narrow_paper_fast_io.yaml --stage paper_replication --seed 1 --output-dir outputs/sparknet-lowdata10/scratch/c6g16-seed1
research-0926d,outputs/sparknet-lowdata10/scratch/c8g16-seed1,True,False,True,uv run --env-file .env python -m kws.train --data-config configs/data/speech_commands_v2_mfcc32_paper_frac10.yaml --model-config configs/model/sparknet_c8g16_paper.yaml --train-config configs/train/sparknet_narrow_paper_fast_io.yaml --stage paper_replication --seed 1 --output-dir outputs/sparknet-lowdata10/scratch/c8g16-seed1
research-0926d,outputs/sparknet-lowdata10/scratch/c10g16-seed1,True,False,True,uv run --env-file .env python -m kws.train --data-config configs/data/speech_commands_v2_mfcc32_paper_frac10.yaml --model-config configs/model/sparknet_c10g16_paper.yaml --train-config configs/train/sparknet_narrow_paper_fast_io.yaml --stage paper_replication --seed 1 --output-dir outputs/sparknet-lowdata10/scratch/c10g16-seed1
research-0926d,outputs/sparknet-lowdata10/scratch/c12g16-seed1,True,False,True,uv run --env-file .env python -m kws.train --data-config configs/data/speech_commands_v2_mfcc32_paper_frac10.yaml --model-config configs/model/sparknet_c12g16_paper.yaml --train-config configs/train/sparknet_narrow_paper_fast_io.yaml --stage paper_replication --seed 1 --output-dir outputs/sparknet-lowdata10/scratch/c12g16-seed1
research-0926d,outputs/sparknet-lowdata10/scratch/c16g16-seed1,True,False,True,uv run --env-file .env python -m kws.train --data-config configs/data/speech_commands_v2_mfcc32_paper_frac10.yaml --model-config configs/model/sparknet_c16g16_paper.yaml --train-config configs/train/sparknet_narrow_paper_fast_io.yaml --stage paper_replication --seed 1 --output-dir outputs/sparknet-lowdata10/scratch/c16g16-seed1
research-0926d,outputs/sparknet-lowdata10/pointwise_b1-bn/c6g16-seed1,True,False,True,uv run --env-file .env python -m kws.optimize.sparknet_grow_dendrites --data-config configs/data/speech_commands_v2_mfcc32_paper_frac10.yaml --model-config configs/model/sparknet_c6g16_paper.yaml --placement pointwise_b1 --seed 1 --group-batchnorm --arm pointwise_b1-bn --output-dir outputs/sparknet-lowdata10/pointwise_b1-bn/c6g16-seed1
research-0926d,outputs/sparknet-lowdata10/pointwise_b1-bn/c8g16-seed1,True,False,True,uv run --env-file .env python -m kws.optimize.sparknet_grow_dendrites --data-config configs/data/speech_commands_v2_mfcc32_paper_frac10.yaml --model-config configs/model/sparknet_c8g16_paper.yaml --placement pointwise_b1 --seed 1 --group-batchnorm --arm pointwise_b1-bn --output-dir outputs/sparknet-lowdata10/pointwise_b1-bn/c8g16-seed1
research-0926d,outputs/sparknet-lowdata10/pointwise_b1-bn/c12g16-seed1,True,False,True,uv run --env-file .env python -m kws.optimize.sparknet_grow_dendrites --data-config configs/data/speech_commands_v2_mfcc32_paper_frac10.yaml --model-config configs/model/sparknet_c12g16_paper.yaml --placement pointwise_b1 --seed 1 --group-batchnorm --arm pointwise_b1-bn --output-dir outputs/sparknet-lowdata10/pointwise_b1-bn/c12g16-seed1
research-0926d,outputs/sparknet-lowdata10/pointwise_b0-bn/c8g16-seed1,True,False,True,uv run --env-file .env python -m kws.optimize.sparknet_grow_dendrites --data-config configs/data/speech_commands_v2_mfcc32_paper_frac10.yaml --model-config configs/model/sparknet_c8g16_paper.yaml --placement pointwise_b0 --seed 1 --group-batchnorm --arm pointwise_b0-bn --output-dir outputs/sparknet-lowdata10/pointwise_b0-bn/c8g16-seed1
research-0926d,outputs/sparknet-grow-dendrites-v3/pointwise_b1-bn-sw5/c8g16-seed1,True,False,True,uv run --env-file .env python -m kws.optimize.sparknet_grow_dendrites --data-config configs/data/speech_commands_v2_mfcc32_paper.yaml --model-config configs/model/sparknet_c8g16_paper.yaml --placement pointwise_b1 --seed 1 --group-batchnorm --switch-epoch 5 --arm pointwise_b1-bn-sw5 --output-dir outputs/sparknet-grow-dendrites-v3/pointwise_b1-bn-sw5/c8g16-seed1
research-0926d,outputs/sparknet-grow-dendrites-v3/pointwise_b0-bn-sw5/c8g16-seed1,True,False,True,uv run --env-file .env python -m kws.optimize.sparknet_grow_dendrites --data-config configs/data/speech_commands_v2_mfcc32_paper.yaml --model-config configs/model/sparknet_c8g16_paper.yaml --placement pointwise_b0 --seed 1 --group-batchnorm --switch-epoch 5 --arm pointwise_b0-bn-sw5 --output-dir outputs/sparknet-grow-dendrites-v3/pointwise_b0-bn-sw5/c8g16-seed1
research-0926d,outputs/sparknet-grow-dendrites-v3/depthwise/c8g16-seed1,True,False,True,uv run --env-file .env python -m kws.optimize.sparknet_grow_dendrites --data-config configs/data/speech_commands_v2_mfcc32_paper.yaml --model-config configs/model/sparknet_c8g16_paper.yaml --placement depthwise --seed 1 --no-group-batchnorm --arm depthwise --output-dir outputs/sparknet-grow-dendrites-v3/depthwise/c8g16-seed1
research-0926d,outputs/sparknet-lowdata10/scratch/c6g16-seed2,True,False,True,uv run --env-file .env python -m kws.train --data-config configs/data/speech_commands_v2_mfcc32_paper_frac10.yaml --model-config configs/model/sparknet_c6g16_paper.yaml --train-config configs/train/sparknet_narrow_paper_fast_io.yaml --stage paper_replication --seed 2 --output-dir outputs/sparknet-lowdata10/scratch/c6g16-seed2
research-0926d,outputs/sparknet-lowdata10/scratch/c8g16-seed2,True,False,True,uv run --env-file .env python -m kws.train --data-config configs/data/speech_commands_v2_mfcc32_paper_frac10.yaml --model-config configs/model/sparknet_c8g16_paper.yaml --train-config configs/train/sparknet_narrow_paper_fast_io.yaml --stage paper_replication --seed 2 --output-dir outputs/sparknet-lowdata10/scratch/c8g16-seed2
research-0926d,outputs/sparknet-lowdata10/scratch/c10g16-seed2,True,False,True,uv run --env-file .env python -m kws.train --data-config configs/data/speech_commands_v2_mfcc32_paper_frac10.yaml --model-config configs/model/sparknet_c10g16_paper.yaml --train-config configs/train/sparknet_narrow_paper_fast_io.yaml --stage paper_replication --seed 2 --output-dir outputs/sparknet-lowdata10/scratch/c10g16-seed2
research-0926d,outputs/sparknet-lowdata10/scratch/c12g16-seed2,True,False,True,uv run --env-file .env python -m kws.train --data-config configs/data/speech_commands_v2_mfcc32_paper_frac10.yaml --model-config configs/model/sparknet_c12g16_paper.yaml --train-config configs/train/sparknet_narrow_paper_fast_io.yaml --stage paper_replication --seed 2 --output-dir outputs/sparknet-lowdata10/scratch/c12g16-seed2
research-0926d,outputs/sparknet-lowdata10/scratch/c16g16-seed2,True,False,True,uv run --env-file .env python -m kws.train --data-config configs/data/speech_commands_v2_mfcc32_paper_frac10.yaml --model-config configs/model/sparknet_c16g16_paper.yaml --train-config configs/train/sparknet_narrow_paper_fast_io.yaml --stage paper_replication --seed 2 --output-dir outputs/sparknet-lowdata10/scratch/c16g16-seed2
research-0926d,outputs/sparknet-lowdata10/pointwise_b1-bn/c6g16-seed2,True,False,True,uv run --env-file .env python -m kws.optimize.sparknet_grow_dendrites --data-config configs/data/speech_commands_v2_mfcc32_paper_frac10.yaml --model-config configs/model/sparknet_c6g16_paper.yaml --placement pointwise_b1 --seed 2 --group-batchnorm --arm pointwise_b1-bn --output-dir outputs/sparknet-lowdata10/pointwise_b1-bn/c6g16-seed2
research-0926d,outputs/sparknet-lowdata10/pointwise_b1-bn/c8g16-seed2,True,False,True,uv run --env-file .env python -m kws.optimize.sparknet_grow_dendrites --data-config configs/data/speech_commands_v2_mfcc32_paper_frac10.yaml --model-config configs/model/sparknet_c8g16_paper.yaml --placement pointwise_b1 --seed 2 --group-batchnorm --arm pointwise_b1-bn --output-dir outputs/sparknet-lowdata10/pointwise_b1-bn/c8g16-seed2
research-0926d,outputs/sparknet-lowdata10/pointwise_b1-bn/c12g16-seed2,True,False,True,uv run --env-file .env python -m kws.optimize.sparknet_grow_dendrites --data-config configs/data/speech_commands_v2_mfcc32_paper_frac10.yaml --model-config configs/model/sparknet_c12g16_paper.yaml --placement pointwise_b1 --seed 2 --group-batchnorm --arm pointwise_b1-bn --output-dir outputs/sparknet-lowdata10/pointwise_b1-bn/c12g16-seed2
research-0926d,outputs/sparknet-lowdata10/pointwise_b0-bn/c8g16-seed2,True,False,True,uv run --env-file .env python -m kws.optimize.sparknet_grow_dendrites --data-config configs/data/speech_commands_v2_mfcc32_paper_frac10.yaml --model-config configs/model/sparknet_c8g16_paper.yaml --placement pointwise_b0 --seed 2 --group-batchnorm --arm pointwise_b0-bn --output-dir outputs/sparknet-lowdata10/pointwise_b0-bn/c8g16-seed2
research-0926d,outputs/sparknet-grow-dendrites-v3/pointwise_b1-bn-sw5/c8g16-seed2,True,False,True,uv run --env-file .env python -m kws.optimize.sparknet_grow_dendrites --data-config configs/data/speech_commands_v2_mfcc32_paper.yaml --model-config configs/model/sparknet_c8g16_paper.yaml --placement pointwise_b1 --seed 2 --group-batchnorm --switch-epoch 5 --arm pointwise_b1-bn-sw5 --output-dir outputs/sparknet-grow-dendrites-v3/pointwise_b1-bn-sw5/c8g16-seed2
research-0926d,outputs/sparknet-grow-dendrites-v3/pointwise_b0-bn-sw5/c8g16-seed2,True,False,True,uv run --env-file .env python -m kws.optimize.sparknet_grow_dendrites --data-config configs/data/speech_commands_v2_mfcc32_paper.yaml --model-config configs/model/sparknet_c8g16_paper.yaml --placement pointwise_b0 --seed 2 --group-batchnorm --switch-epoch 5 --arm pointwise_b0-bn-sw5 --output-dir outputs/sparknet-grow-dendrites-v3/pointwise_b0-bn-sw5/c8g16-seed2
research-0926d,outputs/sparknet-grow-dendrites-v3/depthwise/c8g16-seed2,True,False,True,uv run --env-file .env python -m kws.optimize.sparknet_grow_dendrites --data-config configs/data/speech_commands_v2_mfcc32_paper.yaml --model-config configs/model/sparknet_c8g16_paper.yaml --placement depthwise --seed 2 --no-group-batchnorm --arm depthwise --output-dir outputs/sparknet-grow-dendrites-v3/depthwise/c8g16-seed2
research-0927a,outputs/sparknet-grow-dendrites-v3/pointwise_b1-bn-sw5/c9g8-seed0,True,False,True,uv run --env-file .env python -m kws.optimize.sparknet_grow_dendrites --data-config configs/data/speech_commands_v2_mfcc32_paper.yaml --model-config configs/model/sparknet_c9g8_paper.yaml --placement pointwise_b1 --seed 0 --group-batchnorm --switch-epoch 5 --arm pointwise_b1-bn-sw5 --output-dir outputs/sparknet-grow-dendrites-v3/pointwise_b1-bn-sw5/c9g8-seed0
research-0927a,outputs/sparknet-grow-dendrites-v3/pointwise_b1-bn-sw5/c17g16-seed0,True,False,True,uv run --env-file .env python -m kws.optimize.sparknet_grow_dendrites --data-config configs/data/speech_commands_v2_mfcc32_paper.yaml --model-config configs/model/sparknet_c17g16_paper.yaml --placement pointwise_b1 --seed 0 --group-batchnorm --switch-epoch 5 --arm pointwise_b1-bn-sw5 --output-dir outputs/sparknet-grow-dendrites-v3/pointwise_b1-bn-sw5/c17g16-seed0
research-0927a,outputs/sparknet-grow-dendrites-v3/pointwise_b1-bn-sw5/c6g12-seed0,True,False,True,uv run --env-file .env python -m kws.optimize.sparknet_grow_dendrites --data-config configs/data/speech_commands_v2_mfcc32_paper.yaml --model-config configs/model/sparknet_c6g12_paper.yaml --placement pointwise_b1 --seed 0 --group-batchnorm --switch-epoch 5 --arm pointwise_b1-bn-sw5 --output-dir outputs/sparknet-grow-dendrites-v3/pointwise_b1-bn-sw5/c6g12-seed0
research-0927a,outputs/sparknet-grow-dendrites-v3/pointwise_b12-bn-sw5/c8g16-seed0,True,False,True,uv run --env-file .env python -m kws.optimize.sparknet_grow_dendrites --data-config configs/data/speech_commands_v2_mfcc32_paper.yaml --model-config configs/model/sparknet_c8g16_paper.yaml --placement pointwise_b12 --seed 0 --group-batchnorm --switch-epoch 5 --arm pointwise_b12-bn-sw5 --output-dir outputs/sparknet-grow-dendrites-v3/pointwise_b12-bn-sw5/c8g16-seed0
research-0927a,outputs/sparknet-grow-dendrites-v3/pointwise_b1-bn-sw1/c8g16-seed0,True,False,True,uv run --env-file .env python -m kws.optimize.sparknet_grow_dendrites --data-config configs/data/speech_commands_v2_mfcc32_paper.yaml --model-config configs/model/sparknet_c8g16_paper.yaml --placement pointwise_b1 --seed 0 --group-batchnorm --switch-epoch 1 --arm pointwise_b1-bn-sw1 --output-dir outputs/sparknet-grow-dendrites-v3/pointwise_b1-bn-sw1/c8g16-seed0
research-0927a,outputs/sparknet-grow-dendrites-v3/pointwise_b1-bn-sw5/c9g8-seed1,True,False,True,uv run --env-file .env python -m kws.optimize.sparknet_grow_dendrites --data-config configs/data/speech_commands_v2_mfcc32_paper.yaml --model-config configs/model/sparknet_c9g8_paper.yaml --placement pointwise_b1 --seed 1 --group-batchnorm --switch-epoch 5 --arm pointwise_b1-bn-sw5 --output-dir outputs/sparknet-grow-dendrites-v3/pointwise_b1-bn-sw5/c9g8-seed1
research-0927a,outputs/sparknet-grow-dendrites-v3/pointwise_b1-bn-sw5/c17g16-seed1,True,False,True,uv run --env-file .env python -m kws.optimize.sparknet_grow_dendrites --data-config configs/data/speech_commands_v2_mfcc32_paper.yaml --model-config configs/model/sparknet_c17g16_paper.yaml --placement pointwise_b1 --seed 1 --group-batchnorm --switch-epoch 5 --arm pointwise_b1-bn-sw5 --output-dir outputs/sparknet-grow-dendrites-v3/pointwise_b1-bn-sw5/c17g16-seed1
research-0927a,outputs/sparknet-grow-dendrites-v3/pointwise_b1-bn-sw5/c6g12-seed1,True,False,True,uv run --env-file .env python -m kws.optimize.sparknet_grow_dendrites --data-config configs/data/speech_commands_v2_mfcc32_paper.yaml --model-config configs/model/sparknet_c6g12_paper.yaml --placement pointwise_b1 --seed 1 --group-batchnorm --switch-epoch 5 --arm pointwise_b1-bn-sw5 --output-dir outputs/sparknet-grow-dendrites-v3/pointwise_b1-bn-sw5/c6g12-seed1
research-0927a,outputs/sparknet-grow-dendrites-v3/pointwise_b12-bn-sw5/c8g16-seed1,True,False,True,uv run --env-file .env python -m kws.optimize.sparknet_grow_dendrites --data-config configs/data/speech_commands_v2_mfcc32_paper.yaml --model-config configs/model/sparknet_c8g16_paper.yaml --placement pointwise_b12 --seed 1 --group-batchnorm --switch-epoch 5 --arm pointwise_b12-bn-sw5 --output-dir outputs/sparknet-grow-dendrites-v3/pointwise_b12-bn-sw5/c8g16-seed1
research-0927a,outputs/sparknet-grow-dendrites-v3/pointwise_b1-bn-sw1/c8g16-seed1,True,False,True,uv run --env-file .env python -m kws.optimize.sparknet_grow_dendrites --data-config configs/data/speech_commands_v2_mfcc32_paper.yaml --model-config configs/model/sparknet_c8g16_paper.yaml --placement pointwise_b1 --seed 1 --group-batchnorm --switch-epoch 1 --arm pointwise_b1-bn-sw1 --output-dir outputs/sparknet-grow-dendrites-v3/pointwise_b1-bn-sw1/c8g16-seed1
research-0927a,outputs/sparknet-grow-dendrites-v3/pointwise_b1-bn-sw5/c9g8-seed2,True,False,True,uv run --env-file .env python -m kws.optimize.sparknet_grow_dendrites --data-config configs/data/speech_commands_v2_mfcc32_paper.yaml --model-config configs/model/sparknet_c9g8_paper.yaml --placement pointwise_b1 --seed 2 --group-batchnorm --switch-epoch 5 --arm pointwise_b1-bn-sw5 --output-dir outputs/sparknet-grow-dendrites-v3/pointwise_b1-bn-sw5/c9g8-seed2
research-0927a,outputs/sparknet-grow-dendrites-v3/pointwise_b1-bn-sw5/c17g16-seed2,True,False,True,uv run --env-file .env python -m kws.optimize.sparknet_grow_dendrites --data-config configs/data/speech_commands_v2_mfcc32_paper.yaml --model-config configs/model/sparknet_c17g16_paper.yaml --placement pointwise_b1 --seed 2 --group-batchnorm --switch-epoch 5 --arm pointwise_b1-bn-sw5 --output-dir outputs/sparknet-grow-dendrites-v3/pointwise_b1-bn-sw5/c17g16-seed2
research-0927a,outputs/sparknet-grow-dendrites-v3/pointwise_b1-bn-sw5/c6g12-seed2,True,False,True,uv run --env-file .env python -m kws.optimize.sparknet_grow_dendrites --data-config configs/data/speech_commands_v2_mfcc32_paper.yaml --model-config configs/model/sparknet_c6g12_paper.yaml --placement pointwise_b1 --seed 2 --group-batchnorm --switch-epoch 5 --arm pointwise_b1-bn-sw5 --output-dir outputs/sparknet-grow-dendrites-v3/pointwise_b1-bn-sw5/c6g12-seed2
research-0927a,outputs/sparknet-grow-dendrites-v3/pointwise_b12-bn-sw5/c8g16-seed2,True,False,True,uv run --env-file .env python -m kws.optimize.sparknet_grow_dendrites --data-config configs/data/speech_commands_v2_mfcc32_paper.yaml --model-config configs/model/sparknet_c8g16_paper.yaml --placement pointwise_b12 --seed 2 --group-batchnorm --switch-epoch 5 --arm pointwise_b12-bn-sw5 --output-dir outputs/sparknet-grow-dendrites-v3/pointwise_b12-bn-sw5/c8g16-seed2
research-0927a,outputs/sparknet-grow-dendrites-v3/pointwise_b1-bn-sw1/c8g16-seed2,True,False,True,uv run --env-file .env python -m kws.optimize.sparknet_grow_dendrites --data-config configs/data/speech_commands_v2_mfcc32_paper.yaml --model-config configs/model/sparknet_c8g16_paper.yaml --placement pointwise_b1 --seed 2 --group-batchnorm --switch-epoch 1 --arm pointwise_b1-bn-sw1 --output-dir outputs/sparknet-grow-dendrites-v3/pointwise_b1-bn-sw1/c8g16-seed2
research-0927a,outputs/sparknet-grow-dendrites-v3/pointwise_b1-bn-sw5/c9g8-seed3,True,False,True,uv run --env-file .env python -m kws.optimize.sparknet_grow_dendrites --data-config configs/data/speech_commands_v2_mfcc32_paper.yaml --model-config configs/model/sparknet_c9g8_paper.yaml --placement pointwise_b1 --seed 3 --group-batchnorm --switch-epoch 5 --arm pointwise_b1-bn-sw5 --output-dir outputs/sparknet-grow-dendrites-v3/pointwise_b1-bn-sw5/c9g8-seed3
research-0927a,outputs/sparknet-grow-dendrites-v3/pointwise_b1-bn-sw5/c8g16-seed3,True,False,True,uv run --env-file .env python -m kws.optimize.sparknet_grow_dendrites --data-config configs/data/speech_commands_v2_mfcc32_paper.yaml --model-config configs/model/sparknet_c8g16_paper.yaml --placement pointwise_b1 --seed 3 --group-batchnorm --switch-epoch 5 --arm pointwise_b1-bn-sw5 --output-dir outputs/sparknet-grow-dendrites-v3/pointwise_b1-bn-sw5/c8g16-seed3
research-0927a,outputs/sparknet-dendritic-study-v2/scratch/c8g16-seed3,True,False,True,uv run --env-file .env python -m kws.train --data-config configs/data/speech_commands_v2_mfcc32_paper.yaml --model-config configs/model/sparknet_c8g16_paper.yaml --train-config configs/train/sparknet_narrow_paper_fast_io.yaml --stage paper_replication --seed 3 --output-dir outputs/sparknet-dendritic-study-v2/scratch/c8g16-seed3
research-0927a,outputs/sparknet-grow-dendrites-v3/pointwise_b1-bn-sw5/c9g8-seed4,True,False,True,uv run --env-file .env python -m kws.optimize.sparknet_grow_dendrites --data-config configs/data/speech_commands_v2_mfcc32_paper.yaml --model-config configs/model/sparknet_c9g8_paper.yaml --placement pointwise_b1 --seed 4 --group-batchnorm --switch-epoch 5 --arm pointwise_b1-bn-sw5 --output-dir outputs/sparknet-grow-dendrites-v3/pointwise_b1-bn-sw5/c9g8-seed4
research-0927a,outputs/sparknet-grow-dendrites-v3/pointwise_b1-bn-sw5/c8g16-seed4,True,False,True,uv run --env-file .env python -m kws.optimize.sparknet_grow_dendrites --data-config configs/data/speech_commands_v2_mfcc32_paper.yaml --model-config configs/model/sparknet_c8g16_paper.yaml --placement pointwise_b1 --seed 4 --group-batchnorm --switch-epoch 5 --arm pointwise_b1-bn-sw5 --output-dir outputs/sparknet-grow-dendrites-v3/pointwise_b1-bn-sw5/c8g16-seed4
research-0927a,outputs/sparknet-dendritic-study-v2/scratch/c8g16-seed4,True,False,True,uv run --env-file .env python -m kws.train --data-config configs/data/speech_commands_v2_mfcc32_paper.yaml --model-config configs/model/sparknet_c8g16_paper.yaml --train-config configs/train/sparknet_narrow_paper_fast_io.yaml --stage paper_replication --seed 4 --output-dir outputs/sparknet-dendritic-study-v2/scratch/c8g16-seed4
research-0927b,outputs/sparknet-lowdata02/pointwise_b1-bn/c8g16-seed0,True,False,True,uv run --env-file .env python -m kws.optimize.sparknet_grow_dendrites --data-config configs/data/speech_commands_v2_mfcc32_paper_frac02.yaml --train-config configs/train/sparknet_grow_dendrites_paper_lowdata02.yaml --model-config configs/model/sparknet_c8g16_paper.yaml --placement pointwise_b1 --seed 0 --group-batchnorm --arm pointwise_b1-bn --output-dir outputs/sparknet-lowdata02/pointwise_b1-bn/c8g16-seed0
research-0927b,outputs/sparknet-lowdata02/pointwise_b1-bn/c16g16-seed0,True,False,True,uv run --env-file .env python -m kws.optimize.sparknet_grow_dendrites --data-config configs/data/speech_commands_v2_mfcc32_paper_frac02.yaml --train-config configs/train/sparknet_grow_dendrites_paper_lowdata02.yaml --model-config configs/model/sparknet_c16g16_paper.yaml --placement pointwise_b1 --seed 0 --group-batchnorm --arm pointwise_b1-bn --output-dir outputs/sparknet-lowdata02/pointwise_b1-bn/c16g16-seed0
research-0927b,outputs/sparknet-lowdata10/pointwise_b1-bn/c16g16-seed0,True,False,True,uv run --env-file .env python -m kws.optimize.sparknet_grow_dendrites --data-config configs/data/speech_commands_v2_mfcc32_paper_frac10.yaml --train-config configs/train/sparknet_grow_dendrites_paper_lowdata.yaml --model-config configs/model/sparknet_c16g16_paper.yaml --placement pointwise_b1 --seed 0 --group-batchnorm --arm pointwise_b1-bn --output-dir outputs/sparknet-lowdata10/pointwise_b1-bn/c16g16-seed0
research-0927b,outputs/sparknet-lowdata02/scratch/c4g16-seed0,True,False,True,uv run --env-file .env python -m kws.train --data-config configs/data/speech_commands_v2_mfcc32_paper_frac02.yaml --model-config configs/model/sparknet_c4g16_paper.yaml --train-config configs/train/sparknet_narrow_paper_fast_io.yaml --stage paper_replication --seed 0 --output-dir outputs/sparknet-lowdata02/scratch/c4g16-seed0
research-0927b,outputs/sparknet-lowdata02/scratch/c6g16-seed0,True,False,True,uv run --env-file .env python -m kws.train --data-config configs/data/speech_commands_v2_mfcc32_paper_frac02.yaml --model-config configs/model/sparknet_c6g16_paper.yaml --train-config configs/train/sparknet_narrow_paper_fast_io.yaml --stage paper_replication --seed 0 --output-dir outputs/sparknet-lowdata02/scratch/c6g16-seed0
research-0927b,outputs/sparknet-lowdata02/scratch/c8g16-seed0,True,False,True,uv run --env-file .env python -m kws.train --data-config configs/data/speech_commands_v2_mfcc32_paper_frac02.yaml --model-config configs/model/sparknet_c8g16_paper.yaml --train-config configs/train/sparknet_narrow_paper_fast_io.yaml --stage paper_replication --seed 0 --output-dir outputs/sparknet-lowdata02/scratch/c8g16-seed0
research-0927b,outputs/sparknet-lowdata02/scratch/c12g16-seed0,True,False,True,uv run --env-file .env python -m kws.train --data-config configs/data/speech_commands_v2_mfcc32_paper_frac02.yaml --model-config configs/model/sparknet_c12g16_paper.yaml --train-config configs/train/sparknet_narrow_paper_fast_io.yaml --stage paper_replication --seed 0 --output-dir outputs/sparknet-lowdata02/scratch/c12g16-seed0
research-0927b,outputs/sparknet-lowdata02/scratch/c16g16-seed0,True,False,True,uv run --env-file .env python -m kws.train --data-config configs/data/speech_commands_v2_mfcc32_paper_frac02.yaml --model-config configs/model/sparknet_c16g16_paper.yaml --train-config configs/train/sparknet_narrow_paper_fast_io.yaml --stage paper_replication --seed 0 --output-dir outputs/sparknet-lowdata02/scratch/c16g16-seed0
research-0927b,outputs/sparknet-lowdata02/scratch/c17g16-seed0,True,False,True,uv run --env-file .env python -m kws.train --data-config configs/data/speech_commands_v2_mfcc32_paper_frac02.yaml --model-config configs/model/sparknet_c17g16_paper.yaml --train-config configs/train/sparknet_narrow_paper_fast_io.yaml --stage paper_replication --seed 0 --output-dir outputs/sparknet-lowdata02/scratch/c17g16-seed0
research-0927b,outputs/sparknet-lowdata02/scratch/c18g16-seed0,True,False,True,uv run --env-file .env python -m kws.train --data-config configs/data/speech_commands_v2_mfcc32_paper_frac02.yaml --model-config configs/model/sparknet_c18g16_paper.yaml --train-config configs/train/sparknet_narrow_paper_fast_io.yaml --stage paper_replication --seed 0 --output-dir outputs/sparknet-lowdata02/scratch/c18g16-seed0
research-0927b,outputs/sparknet-lowdata10/scratch/c17g16-seed0,True,False,True,uv run --env-file .env python -m kws.train --data-config configs/data/speech_commands_v2_mfcc32_paper_frac10.yaml --model-config configs/model/sparknet_c17g16_paper.yaml --train-config configs/train/sparknet_narrow_paper_fast_io.yaml --stage paper_replication --seed 0 --output-dir outputs/sparknet-lowdata10/scratch/c17g16-seed0
research-0927b,outputs/sparknet-lowdata10/scratch/c18g16-seed0,True,False,True,uv run --env-file .env python -m kws.train --data-config configs/data/speech_commands_v2_mfcc32_paper_frac10.yaml --model-config configs/model/sparknet_c18g16_paper.yaml --train-config configs/train/sparknet_narrow_paper_fast_io.yaml --stage paper_replication --seed 0 --output-dir outputs/sparknet-lowdata10/scratch/c18g16-seed0
research-0927b,outputs/sparknet-lowdata02/pointwise_b1-bn/c8g16-seed1,True,False,True,uv run --env-file .env python -m kws.optimize.sparknet_grow_dendrites --data-config configs/data/speech_commands_v2_mfcc32_paper_frac02.yaml --train-config configs/train/sparknet_grow_dendrites_paper_lowdata02.yaml --model-config configs/model/sparknet_c8g16_paper.yaml --placement pointwise_b1 --seed 1 --group-batchnorm --arm pointwise_b1-bn --output-dir outputs/sparknet-lowdata02/pointwise_b1-bn/c8g16-seed1
research-0927b,outputs/sparknet-lowdata02/pointwise_b1-bn/c16g16-seed1,True,False,True,uv run --env-file .env python -m kws.optimize.sparknet_grow_dendrites --data-config configs/data/speech_commands_v2_mfcc32_paper_frac02.yaml --train-config configs/train/sparknet_grow_dendrites_paper_lowdata02.yaml --model-config configs/model/sparknet_c16g16_paper.yaml --placement pointwise_b1 --seed 1 --group-batchnorm --arm pointwise_b1-bn --output-dir outputs/sparknet-lowdata02/pointwise_b1-bn/c16g16-seed1
research-0927b,outputs/sparknet-lowdata10/pointwise_b1-bn/c16g16-seed1,True,False,True,uv run --env-file .env python -m kws.optimize.sparknet_grow_dendrites --data-config configs/data/speech_commands_v2_mfcc32_paper_frac10.yaml --train-config configs/train/sparknet_grow_dendrites_paper_lowdata.yaml --model-config configs/model/sparknet_c16g16_paper.yaml --placement pointwise_b1 --seed 1 --group-batchnorm --arm pointwise_b1-bn --output-dir outputs/sparknet-lowdata10/pointwise_b1-bn/c16g16-seed1
research-0927b,outputs/sparknet-lowdata02/scratch/c4g16-seed1,True,False,True,uv run --env-file .env python -m kws.train --data-config configs/data/speech_commands_v2_mfcc32_paper_frac02.yaml --model-config configs/model/sparknet_c4g16_paper.yaml --train-config configs/train/sparknet_narrow_paper_fast_io.yaml --stage paper_replication --seed 1 --output-dir outputs/sparknet-lowdata02/scratch/c4g16-seed1
research-0927b,outputs/sparknet-lowdata02/scratch/c6g16-seed1,True,False,True,uv run --env-file .env python -m kws.train --data-config configs/data/speech_commands_v2_mfcc32_paper_frac02.yaml --model-config configs/model/sparknet_c6g16_paper.yaml --train-config configs/train/sparknet_narrow_paper_fast_io.yaml --stage paper_replication --seed 1 --output-dir outputs/sparknet-lowdata02/scratch/c6g16-seed1
research-0927b,outputs/sparknet-lowdata02/scratch/c8g16-seed1,True,False,True,uv run --env-file .env python -m kws.train --data-config configs/data/speech_commands_v2_mfcc32_paper_frac02.yaml --model-config configs/model/sparknet_c8g16_paper.yaml --train-config configs/train/sparknet_narrow_paper_fast_io.yaml --stage paper_replication --seed 1 --output-dir outputs/sparknet-lowdata02/scratch/c8g16-seed1
research-0927b,outputs/sparknet-lowdata02/scratch/c12g16-seed1,True,False,True,uv run --env-file .env python -m kws.train --data-config configs/data/speech_commands_v2_mfcc32_paper_frac02.yaml --model-config configs/model/sparknet_c12g16_paper.yaml --train-config configs/train/sparknet_narrow_paper_fast_io.yaml --stage paper_replication --seed 1 --output-dir outputs/sparknet-lowdata02/scratch/c12g16-seed1
research-0927b,outputs/sparknet-lowdata02/scratch/c16g16-seed1,True,False,True,uv run --env-file .env python -m kws.train --data-config configs/data/speech_commands_v2_mfcc32_paper_frac02.yaml --model-config configs/model/sparknet_c16g16_paper.yaml --train-config configs/train/sparknet_narrow_paper_fast_io.yaml --stage paper_replication --seed 1 --output-dir outputs/sparknet-lowdata02/scratch/c16g16-seed1
research-0927b,outputs/sparknet-lowdata02/scratch/c17g16-seed1,True,False,True,uv run --env-file .env python -m kws.train --data-config configs/data/speech_commands_v2_mfcc32_paper_frac02.yaml --model-config configs/model/sparknet_c17g16_paper.yaml --train-config configs/train/sparknet_narrow_paper_fast_io.yaml --stage paper_replication --seed 1 --output-dir outputs/sparknet-lowdata02/scratch/c17g16-seed1
research-0927b,outputs/sparknet-lowdata02/scratch/c18g16-seed1,True,False,True,uv run --env-file .env python -m kws.train --data-config configs/data/speech_commands_v2_mfcc32_paper_frac02.yaml --model-config configs/model/sparknet_c18g16_paper.yaml --train-config configs/train/sparknet_narrow_paper_fast_io.yaml --stage paper_replication --seed 1 --output-dir outputs/sparknet-lowdata02/scratch/c18g16-seed1
research-0927b,outputs/sparknet-lowdata10/scratch/c17g16-seed1,True,False,True,uv run --env-file .env python -m kws.train --data-config configs/data/speech_commands_v2_mfcc32_paper_frac10.yaml --model-config configs/model/sparknet_c17g16_paper.yaml --train-config configs/train/sparknet_narrow_paper_fast_io.yaml --stage paper_replication --seed 1 --output-dir outputs/sparknet-lowdata10/scratch/c17g16-seed1
research-0927b,outputs/sparknet-lowdata10/scratch/c18g16-seed1,True,False,True,uv run --env-file .env python -m kws.train --data-config configs/data/speech_commands_v2_mfcc32_paper_frac10.yaml --model-config configs/model/sparknet_c18g16_paper.yaml --train-config configs/train/sparknet_narrow_paper_fast_io.yaml --stage paper_replication --seed 1 --output-dir outputs/sparknet-lowdata10/scratch/c18g16-seed1
research-0927b,outputs/sparknet-lowdata02/pointwise_b1-bn/c8g16-seed2,True,False,True,uv run --env-file .env python -m kws.optimize.sparknet_grow_dendrites --data-config configs/data/speech_commands_v2_mfcc32_paper_frac02.yaml --train-config configs/train/sparknet_grow_dendrites_paper_lowdata02.yaml --model-config configs/model/sparknet_c8g16_paper.yaml --placement pointwise_b1 --seed 2 --group-batchnorm --arm pointwise_b1-bn --output-dir outputs/sparknet-lowdata02/pointwise_b1-bn/c8g16-seed2
research-0927b,outputs/sparknet-lowdata02/pointwise_b1-bn/c16g16-seed2,True,False,True,uv run --env-file .env python -m kws.optimize.sparknet_grow_dendrites --data-config configs/data/speech_commands_v2_mfcc32_paper_frac02.yaml --train-config configs/train/sparknet_grow_dendrites_paper_lowdata02.yaml --model-config configs/model/sparknet_c16g16_paper.yaml --placement pointwise_b1 --seed 2 --group-batchnorm --arm pointwise_b1-bn --output-dir outputs/sparknet-lowdata02/pointwise_b1-bn/c16g16-seed2
research-0927b,outputs/sparknet-lowdata10/pointwise_b1-bn/c16g16-seed2,True,False,True,uv run --env-file .env python -m kws.optimize.sparknet_grow_dendrites --data-config configs/data/speech_commands_v2_mfcc32_paper_frac10.yaml --train-config configs/train/sparknet_grow_dendrites_paper_lowdata.yaml --model-config configs/model/sparknet_c16g16_paper.yaml --placement pointwise_b1 --seed 2 --group-batchnorm --arm pointwise_b1-bn --output-dir outputs/sparknet-lowdata10/pointwise_b1-bn/c16g16-seed2
research-0927b,outputs/sparknet-lowdata02/scratch/c4g16-seed2,True,False,True,uv run --env-file .env python -m kws.train --data-config configs/data/speech_commands_v2_mfcc32_paper_frac02.yaml --model-config configs/model/sparknet_c4g16_paper.yaml --train-config configs/train/sparknet_narrow_paper_fast_io.yaml --stage paper_replication --seed 2 --output-dir outputs/sparknet-lowdata02/scratch/c4g16-seed2
research-0927b,outputs/sparknet-lowdata02/scratch/c6g16-seed2,True,False,True,uv run --env-file .env python -m kws.train --data-config configs/data/speech_commands_v2_mfcc32_paper_frac02.yaml --model-config configs/model/sparknet_c6g16_paper.yaml --train-config configs/train/sparknet_narrow_paper_fast_io.yaml --stage paper_replication --seed 2 --output-dir outputs/sparknet-lowdata02/scratch/c6g16-seed2
research-0927b,outputs/sparknet-lowdata02/scratch/c8g16-seed2,True,False,True,uv run --env-file .env python -m kws.train --data-config configs/data/speech_commands_v2_mfcc32_paper_frac02.yaml --model-config configs/model/sparknet_c8g16_paper.yaml --train-config configs/train/sparknet_narrow_paper_fast_io.yaml --stage paper_replication --seed 2 --output-dir outputs/sparknet-lowdata02/scratch/c8g16-seed2
research-0927b,outputs/sparknet-lowdata02/scratch/c12g16-seed2,True,False,True,uv run --env-file .env python -m kws.train --data-config configs/data/speech_commands_v2_mfcc32_paper_frac02.yaml --model-config configs/model/sparknet_c12g16_paper.yaml --train-config configs/train/sparknet_narrow_paper_fast_io.yaml --stage paper_replication --seed 2 --output-dir outputs/sparknet-lowdata02/scratch/c12g16-seed2
research-0927b,outputs/sparknet-lowdata02/scratch/c16g16-seed2,True,False,True,uv run --env-file .env python -m kws.train --data-config configs/data/speech_commands_v2_mfcc32_paper_frac02.yaml --model-config configs/model/sparknet_c16g16_paper.yaml --train-config configs/train/sparknet_narrow_paper_fast_io.yaml --stage paper_replication --seed 2 --output-dir outputs/sparknet-lowdata02/scratch/c16g16-seed2
research-0927b,outputs/sparknet-lowdata02/scratch/c17g16-seed2,True,False,True,uv run --env-file .env python -m kws.train --data-config configs/data/speech_commands_v2_mfcc32_paper_frac02.yaml --model-config configs/model/sparknet_c17g16_paper.yaml --train-config configs/train/sparknet_narrow_paper_fast_io.yaml --stage paper_replication --seed 2 --output-dir outputs/sparknet-lowdata02/scratch/c17g16-seed2
research-0927b,outputs/sparknet-lowdata02/scratch/c18g16-seed2,True,False,True,uv run --env-file .env python -m kws.train --data-config configs/data/speech_commands_v2_mfcc32_paper_frac02.yaml --model-config configs/model/sparknet_c18g16_paper.yaml --train-config configs/train/sparknet_narrow_paper_fast_io.yaml --stage paper_replication --seed 2 --output-dir outputs/sparknet-lowdata02/scratch/c18g16-seed2
research-0927b,outputs/sparknet-lowdata10/scratch/c17g16-seed2,True,False,True,uv run --env-file .env python -m kws.train --data-config configs/data/speech_commands_v2_mfcc32_paper_frac10.yaml --model-config configs/model/sparknet_c17g16_paper.yaml --train-config configs/train/sparknet_narrow_paper_fast_io.yaml --stage paper_replication --seed 2 --output-dir outputs/sparknet-lowdata10/scratch/c17g16-seed2
research-0927b,outputs/sparknet-lowdata10/scratch/c18g16-seed2,True,False,True,uv run --env-file .env python -m kws.train --data-config configs/data/speech_commands_v2_mfcc32_paper_frac10.yaml --model-config configs/model/sparknet_c18g16_paper.yaml --train-config configs/train/sparknet_narrow_paper_fast_io.yaml --stage paper_replication --seed 2 --output-dir outputs/sparknet-lowdata10/scratch/c18g16-seed2
research-0927b,outputs/sparknet-lowdata02/pointwise_b1-bn/c8g16-seed3,True,False,True,uv run --env-file .env python -m kws.optimize.sparknet_grow_dendrites --data-config configs/data/speech_commands_v2_mfcc32_paper_frac02.yaml --train-config configs/train/sparknet_grow_dendrites_paper_lowdata02.yaml --model-config configs/model/sparknet_c8g16_paper.yaml --placement pointwise_b1 --seed 3 --group-batchnorm --arm pointwise_b1-bn --output-dir outputs/sparknet-lowdata02/pointwise_b1-bn/c8g16-seed3
research-0927b,outputs/sparknet-lowdata02/pointwise_b1-bn/c16g16-seed3,True,False,True,uv run --env-file .env python -m kws.optimize.sparknet_grow_dendrites --data-config configs/data/speech_commands_v2_mfcc32_paper_frac02.yaml --train-config configs/train/sparknet_grow_dendrites_paper_lowdata02.yaml --model-config configs/model/sparknet_c16g16_paper.yaml --placement pointwise_b1 --seed 3 --group-batchnorm --arm pointwise_b1-bn --output-dir outputs/sparknet-lowdata02/pointwise_b1-bn/c16g16-seed3
research-0927b,outputs/sparknet-lowdata10/pointwise_b1-bn/c16g16-seed3,True,False,True,uv run --env-file .env python -m kws.optimize.sparknet_grow_dendrites --data-config configs/data/speech_commands_v2_mfcc32_paper_frac10.yaml --train-config configs/train/sparknet_grow_dendrites_paper_lowdata.yaml --model-config configs/model/sparknet_c16g16_paper.yaml --placement pointwise_b1 --seed 3 --group-batchnorm --arm pointwise_b1-bn --output-dir outputs/sparknet-lowdata10/pointwise_b1-bn/c16g16-seed3
research-0927b,outputs/sparknet-lowdata02/scratch/c4g16-seed3,True,False,True,uv run --env-file .env python -m kws.train --data-config configs/data/speech_commands_v2_mfcc32_paper_frac02.yaml --model-config configs/model/sparknet_c4g16_paper.yaml --train-config configs/train/sparknet_narrow_paper_fast_io.yaml --stage paper_replication --seed 3 --output-dir outputs/sparknet-lowdata02/scratch/c4g16-seed3
research-0927b,outputs/sparknet-lowdata02/scratch/c6g16-seed3,True,False,True,uv run --env-file .env python -m kws.train --data-config configs/data/speech_commands_v2_mfcc32_paper_frac02.yaml --model-config configs/model/sparknet_c6g16_paper.yaml --train-config configs/train/sparknet_narrow_paper_fast_io.yaml --stage paper_replication --seed 3 --output-dir outputs/sparknet-lowdata02/scratch/c6g16-seed3
research-0927b,outputs/sparknet-lowdata02/scratch/c8g16-seed3,True,False,True,uv run --env-file .env python -m kws.train --data-config configs/data/speech_commands_v2_mfcc32_paper_frac02.yaml --model-config configs/model/sparknet_c8g16_paper.yaml --train-config configs/train/sparknet_narrow_paper_fast_io.yaml --stage paper_replication --seed 3 --output-dir outputs/sparknet-lowdata02/scratch/c8g16-seed3
research-0927b,outputs/sparknet-lowdata02/scratch/c12g16-seed3,True,False,True,uv run --env-file .env python -m kws.train --data-config configs/data/speech_commands_v2_mfcc32_paper_frac02.yaml --model-config configs/model/sparknet_c12g16_paper.yaml --train-config configs/train/sparknet_narrow_paper_fast_io.yaml --stage paper_replication --seed 3 --output-dir outputs/sparknet-lowdata02/scratch/c12g16-seed3
research-0927b,outputs/sparknet-lowdata02/scratch/c16g16-seed3,True,False,True,uv run --env-file .env python -m kws.train --data-config configs/data/speech_commands_v2_mfcc32_paper_frac02.yaml --model-config configs/model/sparknet_c16g16_paper.yaml --train-config configs/train/sparknet_narrow_paper_fast_io.yaml --stage paper_replication --seed 3 --output-dir outputs/sparknet-lowdata02/scratch/c16g16-seed3
research-0927b,outputs/sparknet-lowdata02/scratch/c17g16-seed3,True,False,True,uv run --env-file .env python -m kws.train --data-config configs/data/speech_commands_v2_mfcc32_paper_frac02.yaml --model-config configs/model/sparknet_c17g16_paper.yaml --train-config configs/train/sparknet_narrow_paper_fast_io.yaml --stage paper_replication --seed 3 --output-dir outputs/sparknet-lowdata02/scratch/c17g16-seed3
research-0927b,outputs/sparknet-lowdata02/scratch/c18g16-seed3,True,False,True,uv run --env-file .env python -m kws.train --data-config configs/data/speech_commands_v2_mfcc32_paper_frac02.yaml --model-config configs/model/sparknet_c18g16_paper.yaml --train-config configs/train/sparknet_narrow_paper_fast_io.yaml --stage paper_replication --seed 3 --output-dir outputs/sparknet-lowdata02/scratch/c18g16-seed3
research-0927b,outputs/sparknet-lowdata10/scratch/c17g16-seed3,True,False,True,uv run --env-file .env python -m kws.train --data-config configs/data/speech_commands_v2_mfcc32_paper_frac10.yaml --model-config configs/model/sparknet_c17g16_paper.yaml --train-config configs/train/sparknet_narrow_paper_fast_io.yaml --stage paper_replication --seed 3 --output-dir outputs/sparknet-lowdata10/scratch/c17g16-seed3
research-0927b,outputs/sparknet-lowdata10/scratch/c18g16-seed3,True,False,True,uv run --env-file .env python -m kws.train --data-config configs/data/speech_commands_v2_mfcc32_paper_frac10.yaml --model-config configs/model/sparknet_c18g16_paper.yaml --train-config configs/train/sparknet_narrow_paper_fast_io.yaml --stage paper_replication --seed 3 --output-dir outputs/sparknet-lowdata10/scratch/c18g16-seed3
research-0927b,outputs/sparknet-lowdata02/pointwise_b1-bn/c8g16-seed4,True,False,True,uv run --env-file .env python -m kws.optimize.sparknet_grow_dendrites --data-config configs/data/speech_commands_v2_mfcc32_paper_frac02.yaml --train-config configs/train/sparknet_grow_dendrites_paper_lowdata02.yaml --model-config configs/model/sparknet_c8g16_paper.yaml --placement pointwise_b1 --seed 4 --group-batchnorm --arm pointwise_b1-bn --output-dir outputs/sparknet-lowdata02/pointwise_b1-bn/c8g16-seed4
research-0927b,outputs/sparknet-lowdata02/pointwise_b1-bn/c16g16-seed4,True,False,True,uv run --env-file .env python -m kws.optimize.sparknet_grow_dendrites --data-config configs/data/speech_commands_v2_mfcc32_paper_frac02.yaml --train-config configs/train/sparknet_grow_dendrites_paper_lowdata02.yaml --model-config configs/model/sparknet_c16g16_paper.yaml --placement pointwise_b1 --seed 4 --group-batchnorm --arm pointwise_b1-bn --output-dir outputs/sparknet-lowdata02/pointwise_b1-bn/c16g16-seed4
research-0927b,outputs/sparknet-lowdata10/pointwise_b1-bn/c16g16-seed4,True,False,True,uv run --env-file .env python -m kws.optimize.sparknet_grow_dendrites --data-config configs/data/speech_commands_v2_mfcc32_paper_frac10.yaml --train-config configs/train/sparknet_grow_dendrites_paper_lowdata.yaml --model-config configs/model/sparknet_c16g16_paper.yaml --placement pointwise_b1 --seed 4 --group-batchnorm --arm pointwise_b1-bn --output-dir outputs/sparknet-lowdata10/pointwise_b1-bn/c16g16-seed4
research-0927b,outputs/sparknet-lowdata02/scratch/c4g16-seed4,True,False,True,uv run --env-file .env python -m kws.train --data-config configs/data/speech_commands_v2_mfcc32_paper_frac02.yaml --model-config configs/model/sparknet_c4g16_paper.yaml --train-config configs/train/sparknet_narrow_paper_fast_io.yaml --stage paper_replication --seed 4 --output-dir outputs/sparknet-lowdata02/scratch/c4g16-seed4
research-0927b,outputs/sparknet-lowdata02/scratch/c6g16-seed4,True,False,True,uv run --env-file .env python -m kws.train --data-config configs/data/speech_commands_v2_mfcc32_paper_frac02.yaml --model-config configs/model/sparknet_c6g16_paper.yaml --train-config configs/train/sparknet_narrow_paper_fast_io.yaml --stage paper_replication --seed 4 --output-dir outputs/sparknet-lowdata02/scratch/c6g16-seed4
research-0927b,outputs/sparknet-lowdata02/scratch/c8g16-seed4,True,False,True,uv run --env-file .env python -m kws.train --data-config configs/data/speech_commands_v2_mfcc32_paper_frac02.yaml --model-config configs/model/sparknet_c8g16_paper.yaml --train-config configs/train/sparknet_narrow_paper_fast_io.yaml --stage paper_replication --seed 4 --output-dir outputs/sparknet-lowdata02/scratch/c8g16-seed4
research-0927b,outputs/sparknet-lowdata02/scratch/c12g16-seed4,True,False,True,uv run --env-file .env python -m kws.train --data-config configs/data/speech_commands_v2_mfcc32_paper_frac02.yaml --model-config configs/model/sparknet_c12g16_paper.yaml --train-config configs/train/sparknet_narrow_paper_fast_io.yaml --stage paper_replication --seed 4 --output-dir outputs/sparknet-lowdata02/scratch/c12g16-seed4
research-0927b,outputs/sparknet-lowdata02/scratch/c16g16-seed4,True,False,True,uv run --env-file .env python -m kws.train --data-config configs/data/speech_commands_v2_mfcc32_paper_frac02.yaml --model-config configs/model/sparknet_c16g16_paper.yaml --train-config configs/train/sparknet_narrow_paper_fast_io.yaml --stage paper_replication --seed 4 --output-dir outputs/sparknet-lowdata02/scratch/c16g16-seed4
research-0927b,outputs/sparknet-lowdata02/scratch/c17g16-seed4,True,False,True,uv run --env-file .env python -m kws.train --data-config configs/data/speech_commands_v2_mfcc32_paper_frac02.yaml --model-config configs/model/sparknet_c17g16_paper.yaml --train-config configs/train/sparknet_narrow_paper_fast_io.yaml --stage paper_replication --seed 4 --output-dir outputs/sparknet-lowdata02/scratch/c17g16-seed4
research-0927b,outputs/sparknet-lowdata02/scratch/c18g16-seed4,True,False,True,uv run --env-file .env python -m kws.train --data-config configs/data/speech_commands_v2_mfcc32_paper_frac02.yaml --model-config configs/model/sparknet_c18g16_paper.yaml --train-config configs/train/sparknet_narrow_paper_fast_io.yaml --stage paper_replication --seed 4 --output-dir outputs/sparknet-lowdata02/scratch/c18g16-seed4
research-0927b,outputs/sparknet-lowdata10/scratch/c17g16-seed4,True,False,True,uv run --env-file .env python -m kws.train --data-config configs/data/speech_commands_v2_mfcc32_paper_frac10.yaml --model-config configs/model/sparknet_c17g16_paper.yaml --train-config configs/train/sparknet_narrow_paper_fast_io.yaml --stage paper_replication --seed 4 --output-dir outputs/sparknet-lowdata10/scratch/c17g16-seed4
research-0927b,outputs/sparknet-lowdata10/scratch/c18g16-seed4,True,False,True,uv run --env-file .env python -m kws.train --data-config configs/data/speech_commands_v2_mfcc32_paper_frac10.yaml --model-config configs/model/sparknet_c18g16_paper.yaml --train-config configs/train/sparknet_narrow_paper_fast_io.yaml --stage paper_replication --seed 4 --output-dir outputs/sparknet-lowdata10/scratch/c18g16-seed4
research-0927b,outputs/sparknet-lowdata10/scratch/c16g16-seed3,True,False,True,uv run --env-file .env python -m kws.train --data-config configs/data/speech_commands_v2_mfcc32_paper_frac10.yaml --model-config configs/model/sparknet_c16g16_paper.yaml --train-config configs/train/sparknet_narrow_paper_fast_io.yaml --stage paper_replication --seed 3 --output-dir outputs/sparknet-lowdata10/scratch/c16g16-seed3
research-0927b,outputs/sparknet-lowdata10/scratch/c16g16-seed4,True,False,True,uv run --env-file .env python -m kws.train --data-config configs/data/speech_commands_v2_mfcc32_paper_frac10.yaml --model-config configs/model/sparknet_c16g16_paper.yaml --train-config configs/train/sparknet_narrow_paper_fast_io.yaml --stage paper_replication --seed 4 --output-dir outputs/sparknet-lowdata10/scratch/c16g16-seed4
research-0927c,outputs/sparknet-lowdata10/pointwise_b1-bn/c16g16-seed5,True,False,True,uv run --env-file .env python -m kws.optimize.sparknet_grow_dendrites --data-config configs/data/speech_commands_v2_mfcc32_paper_frac10.yaml --train-config configs/train/sparknet_grow_dendrites_paper_lowdata.yaml --model-config configs/model/sparknet_c16g16_paper.yaml --placement pointwise_b1 --seed 5 --group-batchnorm --arm pointwise_b1-bn  --output-dir outputs/sparknet-lowdata10/pointwise_b1-bn/c16g16-seed5
research-0927c,outputs/sparknet-lowdata10/scratch/c16g16-seed5,True,False,True,uv run --env-file .env python -m kws.train --data-config configs/data/speech_commands_v2_mfcc32_paper_frac10.yaml --model-config configs/model/sparknet_c16g16_paper.yaml --train-config configs/train/sparknet_narrow_paper_fast_io.yaml --stage paper_replication --seed 5 --output-dir outputs/sparknet-lowdata10/scratch/c16g16-seed5
research-0927c,outputs/sparknet-lowdata10/scratch/c17g16-seed5,True,False,True,uv run --env-file .env python -m kws.train --data-config configs/data/speech_commands_v2_mfcc32_paper_frac10.yaml --model-config configs/model/sparknet_c17g16_paper.yaml --train-config configs/train/sparknet_narrow_paper_fast_io.yaml --stage paper_replication --seed 5 --output-dir outputs/sparknet-lowdata10/scratch/c17g16-seed5
research-0927c,outputs/sparknet-lowdata10/scratch/c18g16-seed5,True,False,True,uv run --env-file .env python -m kws.train --data-config configs/data/speech_commands_v2_mfcc32_paper_frac10.yaml --model-config configs/model/sparknet_c18g16_paper.yaml --train-config configs/train/sparknet_narrow_paper_fast_io.yaml --stage paper_replication --seed 5 --output-dir outputs/sparknet-lowdata10/scratch/c18g16-seed5
research-0927c,outputs/sparknet-lowdata10/pointwise_b1-bn/c16g16-seed6,True,False,True,uv run --env-file .env python -m kws.optimize.sparknet_grow_dendrites --data-config configs/data/speech_commands_v2_mfcc32_paper_frac10.yaml --train-config configs/train/sparknet_grow_dendrites_paper_lowdata.yaml --model-config configs/model/sparknet_c16g16_paper.yaml --placement pointwise_b1 --seed 6 --group-batchnorm --arm pointwise_b1-bn  --output-dir outputs/sparknet-lowdata10/pointwise_b1-bn/c16g16-seed6
research-0927c,outputs/sparknet-lowdata10/scratch/c16g16-seed6,True,False,True,uv run --env-file .env python -m kws.train --data-config configs/data/speech_commands_v2_mfcc32_paper_frac10.yaml --model-config configs/model/sparknet_c16g16_paper.yaml --train-config configs/train/sparknet_narrow_paper_fast_io.yaml --stage paper_replication --seed 6 --output-dir outputs/sparknet-lowdata10/scratch/c16g16-seed6
research-0927c,outputs/sparknet-lowdata10/scratch/c17g16-seed6,True,False,True,uv run --env-file .env python -m kws.train --data-config configs/data/speech_commands_v2_mfcc32_paper_frac10.yaml --model-config configs/model/sparknet_c17g16_paper.yaml --train-config configs/train/sparknet_narrow_paper_fast_io.yaml --stage paper_replication --seed 6 --output-dir outputs/sparknet-lowdata10/scratch/c17g16-seed6
research-0927c,outputs/sparknet-lowdata10/scratch/c18g16-seed6,True,False,True,uv run --env-file .env python -m kws.train --data-config configs/data/speech_commands_v2_mfcc32_paper_frac10.yaml --model-config configs/model/sparknet_c18g16_paper.yaml --train-config configs/train/sparknet_narrow_paper_fast_io.yaml --stage paper_replication --seed 6 --output-dir outputs/sparknet-lowdata10/scratch/c18g16-seed6
research-0927c,outputs/sparknet-lowdata10/pointwise_b1-bn/c16g16-seed7,True,False,True,uv run --env-file .env python -m kws.optimize.sparknet_grow_dendrites --data-config configs/data/speech_commands_v2_mfcc32_paper_frac10.yaml --train-config configs/train/sparknet_grow_dendrites_paper_lowdata.yaml --model-config configs/model/sparknet_c16g16_paper.yaml --placement pointwise_b1 --seed 7 --group-batchnorm --arm pointwise_b1-bn  --output-dir outputs/sparknet-lowdata10/pointwise_b1-bn/c16g16-seed7
research-0927c,outputs/sparknet-lowdata10/scratch/c16g16-seed7,True,False,True,uv run --env-file .env python -m kws.train --data-config configs/data/speech_commands_v2_mfcc32_paper_frac10.yaml --model-config configs/model/sparknet_c16g16_paper.yaml --train-config configs/train/sparknet_narrow_paper_fast_io.yaml --stage paper_replication --seed 7 --output-dir outputs/sparknet-lowdata10/scratch/c16g16-seed7
research-0927c,outputs/sparknet-lowdata10/scratch/c17g16-seed7,True,False,True,uv run --env-file .env python -m kws.train --data-config configs/data/speech_commands_v2_mfcc32_paper_frac10.yaml --model-config configs/model/sparknet_c17g16_paper.yaml --train-config configs/train/sparknet_narrow_paper_fast_io.yaml --stage paper_replication --seed 7 --output-dir outputs/sparknet-lowdata10/scratch/c17g16-seed7
research-0927c,outputs/sparknet-lowdata10/scratch/c18g16-seed7,True,False,True,uv run --env-file .env python -m kws.train --data-config configs/data/speech_commands_v2_mfcc32_paper_frac10.yaml --model-config configs/model/sparknet_c18g16_paper.yaml --train-config configs/train/sparknet_narrow_paper_fast_io.yaml --stage paper_replication --seed 7 --output-dir outputs/sparknet-lowdata10/scratch/c18g16-seed7
research-0927c,outputs/sparknet-lowdata10/pointwise_b1-bn/c16g16-seed8,True,False,True,uv run --env-file .env python -m kws.optimize.sparknet_grow_dendrites --data-config configs/data/speech_commands_v2_mfcc32_paper_frac10.yaml --train-config configs/train/sparknet_grow_dendrites_paper_lowdata.yaml --model-config configs/model/sparknet_c16g16_paper.yaml --placement pointwise_b1 --seed 8 --group-batchnorm --arm pointwise_b1-bn  --output-dir outputs/sparknet-lowdata10/pointwise_b1-bn/c16g16-seed8
research-0927c,outputs/sparknet-lowdata10/scratch/c16g16-seed8,True,False,True,uv run --env-file .env python -m kws.train --data-config configs/data/speech_commands_v2_mfcc32_paper_frac10.yaml --model-config configs/model/sparknet_c16g16_paper.yaml --train-config configs/train/sparknet_narrow_paper_fast_io.yaml --stage paper_replication --seed 8 --output-dir outputs/sparknet-lowdata10/scratch/c16g16-seed8
research-0927c,outputs/sparknet-lowdata10/scratch/c17g16-seed8,True,False,True,uv run --env-file .env python -m kws.train --data-config configs/data/speech_commands_v2_mfcc32_paper_frac10.yaml --model-config configs/model/sparknet_c17g16_paper.yaml --train-config configs/train/sparknet_narrow_paper_fast_io.yaml --stage paper_replication --seed 8 --output-dir outputs/sparknet-lowdata10/scratch/c17g16-seed8
research-0927c,outputs/sparknet-lowdata10/scratch/c18g16-seed8,True,False,True,uv run --env-file .env python -m kws.train --data-config configs/data/speech_commands_v2_mfcc32_paper_frac10.yaml --model-config configs/model/sparknet_c18g16_paper.yaml --train-config configs/train/sparknet_narrow_paper_fast_io.yaml --stage paper_replication --seed 8 --output-dir outputs/sparknet-lowdata10/scratch/c18g16-seed8
research-0927c,outputs/sparknet-lowdata10/pointwise_b1-bn/c16g16-seed9,True,False,True,uv run --env-file .env python -m kws.optimize.sparknet_grow_dendrites --data-config configs/data/speech_commands_v2_mfcc32_paper_frac10.yaml --train-config configs/train/sparknet_grow_dendrites_paper_lowdata.yaml --model-config configs/model/sparknet_c16g16_paper.yaml --placement pointwise_b1 --seed 9 --group-batchnorm --arm pointwise_b1-bn  --output-dir outputs/sparknet-lowdata10/pointwise_b1-bn/c16g16-seed9
research-0927c,outputs/sparknet-lowdata10/scratch/c16g16-seed9,True,False,True,uv run --env-file .env python -m kws.train --data-config configs/data/speech_commands_v2_mfcc32_paper_frac10.yaml --model-config configs/model/sparknet_c16g16_paper.yaml --train-config configs/train/sparknet_narrow_paper_fast_io.yaml --stage paper_replication --seed 9 --output-dir outputs/sparknet-lowdata10/scratch/c16g16-seed9
research-0927c,outputs/sparknet-lowdata10/scratch/c17g16-seed9,True,False,True,uv run --env-file .env python -m kws.train --data-config configs/data/speech_commands_v2_mfcc32_paper_frac10.yaml --model-config configs/model/sparknet_c17g16_paper.yaml --train-config configs/train/sparknet_narrow_paper_fast_io.yaml --stage paper_replication --seed 9 --output-dir outputs/sparknet-lowdata10/scratch/c17g16-seed9
research-0927c,outputs/sparknet-lowdata10/scratch/c18g16-seed9,True,False,True,uv run --env-file .env python -m kws.train --data-config configs/data/speech_commands_v2_mfcc32_paper_frac10.yaml --model-config configs/model/sparknet_c18g16_paper.yaml --train-config configs/train/sparknet_narrow_paper_fast_io.yaml --stage paper_replication --seed 9 --output-dir outputs/sparknet-lowdata10/scratch/c18g16-seed9
research-0927c,outputs/sparknet-lowdata10/pointwise_b2-bn/c16g16-seed0,True,False,True,uv run --env-file .env python -m kws.optimize.sparknet_grow_dendrites --data-config configs/data/speech_commands_v2_mfcc32_paper_frac10.yaml --train-config configs/train/sparknet_grow_dendrites_paper_lowdata.yaml --model-config configs/model/sparknet_c16g16_paper.yaml --placement pointwise_b2 --seed 0 --group-batchnorm --arm pointwise_b2-bn  --output-dir outputs/sparknet-lowdata10/pointwise_b2-bn/c16g16-seed0
research-0927c,outputs/sparknet-lowdata10/pointwise_b12-bn/c16g16-seed0,True,False,True,uv run --env-file .env python -m kws.optimize.sparknet_grow_dendrites --data-config configs/data/speech_commands_v2_mfcc32_paper_frac10.yaml --train-config configs/train/sparknet_grow_dendrites_paper_lowdata.yaml --model-config configs/model/sparknet_c16g16_paper.yaml --placement pointwise_b12 --seed 0 --group-batchnorm --arm pointwise_b12-bn  --output-dir outputs/sparknet-lowdata10/pointwise_b12-bn/c16g16-seed0
research-0927c,outputs/sparknet-lowdata10/pointwise_b123-bn/c16g16-seed0,True,False,True,uv run --env-file .env python -m kws.optimize.sparknet_grow_dendrites --data-config configs/data/speech_commands_v2_mfcc32_paper_frac10.yaml --train-config configs/train/sparknet_grow_dendrites_paper_lowdata.yaml --model-config configs/model/sparknet_c16g16_paper.yaml --placement pointwise_b123 --seed 0 --group-batchnorm --arm pointwise_b123-bn  --output-dir outputs/sparknet-lowdata10/pointwise_b123-bn/c16g16-seed0
research-0927c,outputs/sparknet-lowdata10/pointwise_b1-bn-sw5/c16g16-seed0,True,False,True,uv run --env-file .env python -m kws.optimize.sparknet_grow_dendrites --data-config configs/data/speech_commands_v2_mfcc32_paper_frac10.yaml --train-config configs/train/sparknet_grow_dendrites_paper_lowdata.yaml --model-config configs/model/sparknet_c16g16_paper.yaml --placement pointwise_b1 --seed 0 --group-batchnorm --arm pointwise_b1-bn-sw5 --switch-epoch 5 --output-dir outputs/sparknet-lowdata10/pointwise_b1-bn-sw5/c16g16-seed0
research-0927c,outputs/sparknet-lowdata10/pointwise_b1-bn/c18g16-seed0,True,False,True,uv run --env-file .env python -m kws.optimize.sparknet_grow_dendrites --data-config configs/data/speech_commands_v2_mfcc32_paper_frac10.yaml --train-config configs/train/sparknet_grow_dendrites_paper_lowdata.yaml --model-config configs/model/sparknet_c18g16_paper.yaml --placement pointwise_b1 --seed 0 --group-batchnorm --arm pointwise_b1-bn  --output-dir outputs/sparknet-lowdata10/pointwise_b1-bn/c18g16-seed0
research-0927c,outputs/sparknet-lowdata20/pointwise_b1-bn/c16g16-seed0,True,False,True,uv run --env-file .env python -m kws.optimize.sparknet_grow_dendrites --data-config configs/data/speech_commands_v2_mfcc32_paper_frac20.yaml --train-config configs/train/sparknet_grow_dendrites_paper.yaml --model-config configs/model/sparknet_c16g16_paper.yaml --placement pointwise_b1 --seed 0 --group-batchnorm --arm pointwise_b1-bn  --output-dir outputs/sparknet-lowdata20/pointwise_b1-bn/c16g16-seed0
research-0927c,outputs/sparknet-lowdata20/scratch/c16g16-seed0,True,False,True,uv run --env-file .env python -m kws.train --data-config configs/data/speech_commands_v2_mfcc32_paper_frac20.yaml --model-config configs/model/sparknet_c16g16_paper.yaml --train-config configs/train/sparknet_narrow_paper_fast_io.yaml --stage paper_replication --seed 0 --output-dir outputs/sparknet-lowdata20/scratch/c16g16-seed0
research-0927c,outputs/sparknet-lowdata20/scratch/c17g16-seed0,True,False,True,uv run --env-file .env python -m kws.train --data-config configs/data/speech_commands_v2_mfcc32_paper_frac20.yaml --model-config configs/model/sparknet_c17g16_paper.yaml --train-config configs/train/sparknet_narrow_paper_fast_io.yaml --stage paper_replication --seed 0 --output-dir outputs/sparknet-lowdata20/scratch/c17g16-seed0
research-0927c,outputs/sparknet-lowdata10/pointwise_b2-bn/c16g16-seed1,True,False,True,uv run --env-file .env python -m kws.optimize.sparknet_grow_dendrites --data-config configs/data/speech_commands_v2_mfcc32_paper_frac10.yaml --train-config configs/train/sparknet_grow_dendrites_paper_lowdata.yaml --model-config configs/model/sparknet_c16g16_paper.yaml --placement pointwise_b2 --seed 1 --group-batchnorm --arm pointwise_b2-bn  --output-dir outputs/sparknet-lowdata10/pointwise_b2-bn/c16g16-seed1
research-0927c,outputs/sparknet-lowdata10/pointwise_b12-bn/c16g16-seed1,True,False,True,uv run --env-file .env python -m kws.optimize.sparknet_grow_dendrites --data-config configs/data/speech_commands_v2_mfcc32_paper_frac10.yaml --train-config configs/train/sparknet_grow_dendrites_paper_lowdata.yaml --model-config configs/model/sparknet_c16g16_paper.yaml --placement pointwise_b12 --seed 1 --group-batchnorm --arm pointwise_b12-bn  --output-dir outputs/sparknet-lowdata10/pointwise_b12-bn/c16g16-seed1
research-0927c,outputs/sparknet-lowdata10/pointwise_b123-bn/c16g16-seed1,True,False,True,uv run --env-file .env python -m kws.optimize.sparknet_grow_dendrites --data-config configs/data/speech_commands_v2_mfcc32_paper_frac10.yaml --train-config configs/train/sparknet_grow_dendrites_paper_lowdata.yaml --model-config configs/model/sparknet_c16g16_paper.yaml --placement pointwise_b123 --seed 1 --group-batchnorm --arm pointwise_b123-bn  --output-dir outputs/sparknet-lowdata10/pointwise_b123-bn/c16g16-seed1
research-0927c,outputs/sparknet-lowdata10/pointwise_b1-bn-sw5/c16g16-seed1,True,False,True,uv run --env-file .env python -m kws.optimize.sparknet_grow_dendrites --data-config configs/data/speech_commands_v2_mfcc32_paper_frac10.yaml --train-config configs/train/sparknet_grow_dendrites_paper_lowdata.yaml --model-config configs/model/sparknet_c16g16_paper.yaml --placement pointwise_b1 --seed 1 --group-batchnorm --arm pointwise_b1-bn-sw5 --switch-epoch 5 --output-dir outputs/sparknet-lowdata10/pointwise_b1-bn-sw5/c16g16-seed1
research-0927c,outputs/sparknet-lowdata10/pointwise_b1-bn/c18g16-seed1,True,False,True,uv run --env-file .env python -m kws.optimize.sparknet_grow_dendrites --data-config configs/data/speech_commands_v2_mfcc32_paper_frac10.yaml --train-config configs/train/sparknet_grow_dendrites_paper_lowdata.yaml --model-config configs/model/sparknet_c18g16_paper.yaml --placement pointwise_b1 --seed 1 --group-batchnorm --arm pointwise_b1-bn  --output-dir outputs/sparknet-lowdata10/pointwise_b1-bn/c18g16-seed1
research-0927c,outputs/sparknet-lowdata20/pointwise_b1-bn/c16g16-seed1,True,False,True,uv run --env-file .env python -m kws.optimize.sparknet_grow_dendrites --data-config configs/data/speech_commands_v2_mfcc32_paper_frac20.yaml --train-config configs/train/sparknet_grow_dendrites_paper.yaml --model-config configs/model/sparknet_c16g16_paper.yaml --placement pointwise_b1 --seed 1 --group-batchnorm --arm pointwise_b1-bn  --output-dir outputs/sparknet-lowdata20/pointwise_b1-bn/c16g16-seed1
research-0927c,outputs/sparknet-lowdata20/scratch/c16g16-seed1,True,False,True,uv run --env-file .env python -m kws.train --data-config configs/data/speech_commands_v2_mfcc32_paper_frac20.yaml --model-config configs/model/sparknet_c16g16_paper.yaml --train-config configs/train/sparknet_narrow_paper_fast_io.yaml --stage paper_replication --seed 1 --output-dir outputs/sparknet-lowdata20/scratch/c16g16-seed1
research-0927c,outputs/sparknet-lowdata20/scratch/c17g16-seed1,True,False,True,uv run --env-file .env python -m kws.train --data-config configs/data/speech_commands_v2_mfcc32_paper_frac20.yaml --model-config configs/model/sparknet_c17g16_paper.yaml --train-config configs/train/sparknet_narrow_paper_fast_io.yaml --stage paper_replication --seed 1 --output-dir outputs/sparknet-lowdata20/scratch/c17g16-seed1
research-0927c,outputs/sparknet-lowdata10/pointwise_b2-bn/c16g16-seed2,True,False,True,uv run --env-file .env python -m kws.optimize.sparknet_grow_dendrites --data-config configs/data/speech_commands_v2_mfcc32_paper_frac10.yaml --train-config configs/train/sparknet_grow_dendrites_paper_lowdata.yaml --model-config configs/model/sparknet_c16g16_paper.yaml --placement pointwise_b2 --seed 2 --group-batchnorm --arm pointwise_b2-bn  --output-dir outputs/sparknet-lowdata10/pointwise_b2-bn/c16g16-seed2
research-0927c,outputs/sparknet-lowdata10/pointwise_b12-bn/c16g16-seed2,True,False,True,uv run --env-file .env python -m kws.optimize.sparknet_grow_dendrites --data-config configs/data/speech_commands_v2_mfcc32_paper_frac10.yaml --train-config configs/train/sparknet_grow_dendrites_paper_lowdata.yaml --model-config configs/model/sparknet_c16g16_paper.yaml --placement pointwise_b12 --seed 2 --group-batchnorm --arm pointwise_b12-bn  --output-dir outputs/sparknet-lowdata10/pointwise_b12-bn/c16g16-seed2
research-0927c,outputs/sparknet-lowdata10/pointwise_b123-bn/c16g16-seed2,True,False,True,uv run --env-file .env python -m kws.optimize.sparknet_grow_dendrites --data-config configs/data/speech_commands_v2_mfcc32_paper_frac10.yaml --train-config configs/train/sparknet_grow_dendrites_paper_lowdata.yaml --model-config configs/model/sparknet_c16g16_paper.yaml --placement pointwise_b123 --seed 2 --group-batchnorm --arm pointwise_b123-bn  --output-dir outputs/sparknet-lowdata10/pointwise_b123-bn/c16g16-seed2
research-0927c,outputs/sparknet-lowdata10/pointwise_b1-bn-sw5/c16g16-seed2,True,False,True,uv run --env-file .env python -m kws.optimize.sparknet_grow_dendrites --data-config configs/data/speech_commands_v2_mfcc32_paper_frac10.yaml --train-config configs/train/sparknet_grow_dendrites_paper_lowdata.yaml --model-config configs/model/sparknet_c16g16_paper.yaml --placement pointwise_b1 --seed 2 --group-batchnorm --arm pointwise_b1-bn-sw5 --switch-epoch 5 --output-dir outputs/sparknet-lowdata10/pointwise_b1-bn-sw5/c16g16-seed2
research-0927c,outputs/sparknet-lowdata10/pointwise_b1-bn/c18g16-seed2,True,False,True,uv run --env-file .env python -m kws.optimize.sparknet_grow_dendrites --data-config configs/data/speech_commands_v2_mfcc32_paper_frac10.yaml --train-config configs/train/sparknet_grow_dendrites_paper_lowdata.yaml --model-config configs/model/sparknet_c18g16_paper.yaml --placement pointwise_b1 --seed 2 --group-batchnorm --arm pointwise_b1-bn  --output-dir outputs/sparknet-lowdata10/pointwise_b1-bn/c18g16-seed2
research-0927c,outputs/sparknet-lowdata20/pointwise_b1-bn/c16g16-seed2,True,False,True,uv run --env-file .env python -m kws.optimize.sparknet_grow_dendrites --data-config configs/data/speech_commands_v2_mfcc32_paper_frac20.yaml --train-config configs/train/sparknet_grow_dendrites_paper.yaml --model-config configs/model/sparknet_c16g16_paper.yaml --placement pointwise_b1 --seed 2 --group-batchnorm --arm pointwise_b1-bn  --output-dir outputs/sparknet-lowdata20/pointwise_b1-bn/c16g16-seed2
research-0927c,outputs/sparknet-lowdata20/scratch/c16g16-seed2,True,False,True,uv run --env-file .env python -m kws.train --data-config configs/data/speech_commands_v2_mfcc32_paper_frac20.yaml --model-config configs/model/sparknet_c16g16_paper.yaml --train-config configs/train/sparknet_narrow_paper_fast_io.yaml --stage paper_replication --seed 2 --output-dir outputs/sparknet-lowdata20/scratch/c16g16-seed2
research-0927c,outputs/sparknet-lowdata20/scratch/c17g16-seed2,True,False,True,uv run --env-file .env python -m kws.train --data-config configs/data/speech_commands_v2_mfcc32_paper_frac20.yaml --model-config configs/model/sparknet_c17g16_paper.yaml --train-config configs/train/sparknet_narrow_paper_fast_io.yaml --stage paper_replication --seed 2 --output-dir outputs/sparknet-lowdata20/scratch/c17g16-seed2
research-0927c,outputs/sparknet-lowdata10/pointwise_b2-bn/c16g16-seed3,True,False,True,uv run --env-file .env python -m kws.optimize.sparknet_grow_dendrites --data-config configs/data/speech_commands_v2_mfcc32_paper_frac10.yaml --train-config configs/train/sparknet_grow_dendrites_paper_lowdata.yaml --model-config configs/model/sparknet_c16g16_paper.yaml --placement pointwise_b2 --seed 3 --group-batchnorm --arm pointwise_b2-bn  --output-dir outputs/sparknet-lowdata10/pointwise_b2-bn/c16g16-seed3
research-0927c,outputs/sparknet-lowdata10/pointwise_b12-bn/c16g16-seed3,True,False,True,uv run --env-file .env python -m kws.optimize.sparknet_grow_dendrites --data-config configs/data/speech_commands_v2_mfcc32_paper_frac10.yaml --train-config configs/train/sparknet_grow_dendrites_paper_lowdata.yaml --model-config configs/model/sparknet_c16g16_paper.yaml --placement pointwise_b12 --seed 3 --group-batchnorm --arm pointwise_b12-bn  --output-dir outputs/sparknet-lowdata10/pointwise_b12-bn/c16g16-seed3
research-0927c,outputs/sparknet-lowdata10/pointwise_b123-bn/c16g16-seed3,True,False,True,uv run --env-file .env python -m kws.optimize.sparknet_grow_dendrites --data-config configs/data/speech_commands_v2_mfcc32_paper_frac10.yaml --train-config configs/train/sparknet_grow_dendrites_paper_lowdata.yaml --model-config configs/model/sparknet_c16g16_paper.yaml --placement pointwise_b123 --seed 3 --group-batchnorm --arm pointwise_b123-bn  --output-dir outputs/sparknet-lowdata10/pointwise_b123-bn/c16g16-seed3
research-0927c,outputs/sparknet-lowdata10/pointwise_b1-bn-sw5/c16g16-seed3,True,False,True,uv run --env-file .env python -m kws.optimize.sparknet_grow_dendrites --data-config configs/data/speech_commands_v2_mfcc32_paper_frac10.yaml --train-config configs/train/sparknet_grow_dendrites_paper_lowdata.yaml --model-config configs/model/sparknet_c16g16_paper.yaml --placement pointwise_b1 --seed 3 --group-batchnorm --arm pointwise_b1-bn-sw5 --switch-epoch 5 --output-dir outputs/sparknet-lowdata10/pointwise_b1-bn-sw5/c16g16-seed3
research-0927c,outputs/sparknet-lowdata10/pointwise_b1-bn/c18g16-seed3,True,False,True,uv run --env-file .env python -m kws.optimize.sparknet_grow_dendrites --data-config configs/data/speech_commands_v2_mfcc32_paper_frac10.yaml --train-config configs/train/sparknet_grow_dendrites_paper_lowdata.yaml --model-config configs/model/sparknet_c18g16_paper.yaml --placement pointwise_b1 --seed 3 --group-batchnorm --arm pointwise_b1-bn  --output-dir outputs/sparknet-lowdata10/pointwise_b1-bn/c18g16-seed3
research-0927c,outputs/sparknet-lowdata20/pointwise_b1-bn/c16g16-seed3,True,False,True,uv run --env-file .env python -m kws.optimize.sparknet_grow_dendrites --data-config configs/data/speech_commands_v2_mfcc32_paper_frac20.yaml --train-config configs/train/sparknet_grow_dendrites_paper.yaml --model-config configs/model/sparknet_c16g16_paper.yaml --placement pointwise_b1 --seed 3 --group-batchnorm --arm pointwise_b1-bn  --output-dir outputs/sparknet-lowdata20/pointwise_b1-bn/c16g16-seed3
research-0927c,outputs/sparknet-lowdata20/scratch/c16g16-seed3,True,False,True,uv run --env-file .env python -m kws.train --data-config configs/data/speech_commands_v2_mfcc32_paper_frac20.yaml --model-config configs/model/sparknet_c16g16_paper.yaml --train-config configs/train/sparknet_narrow_paper_fast_io.yaml --stage paper_replication --seed 3 --output-dir outputs/sparknet-lowdata20/scratch/c16g16-seed3
research-0927c,outputs/sparknet-lowdata20/scratch/c17g16-seed3,True,False,True,uv run --env-file .env python -m kws.train --data-config configs/data/speech_commands_v2_mfcc32_paper_frac20.yaml --model-config configs/model/sparknet_c17g16_paper.yaml --train-config configs/train/sparknet_narrow_paper_fast_io.yaml --stage paper_replication --seed 3 --output-dir outputs/sparknet-lowdata20/scratch/c17g16-seed3
research-0927c,outputs/sparknet-lowdata10/pointwise_b2-bn/c16g16-seed4,True,False,True,uv run --env-file .env python -m kws.optimize.sparknet_grow_dendrites --data-config configs/data/speech_commands_v2_mfcc32_paper_frac10.yaml --train-config configs/train/sparknet_grow_dendrites_paper_lowdata.yaml --model-config configs/model/sparknet_c16g16_paper.yaml --placement pointwise_b2 --seed 4 --group-batchnorm --arm pointwise_b2-bn  --output-dir outputs/sparknet-lowdata10/pointwise_b2-bn/c16g16-seed4
research-0927c,outputs/sparknet-lowdata10/pointwise_b12-bn/c16g16-seed4,True,False,True,uv run --env-file .env python -m kws.optimize.sparknet_grow_dendrites --data-config configs/data/speech_commands_v2_mfcc32_paper_frac10.yaml --train-config configs/train/sparknet_grow_dendrites_paper_lowdata.yaml --model-config configs/model/sparknet_c16g16_paper.yaml --placement pointwise_b12 --seed 4 --group-batchnorm --arm pointwise_b12-bn  --output-dir outputs/sparknet-lowdata10/pointwise_b12-bn/c16g16-seed4
research-0927c,outputs/sparknet-lowdata10/pointwise_b123-bn/c16g16-seed4,True,False,True,uv run --env-file .env python -m kws.optimize.sparknet_grow_dendrites --data-config configs/data/speech_commands_v2_mfcc32_paper_frac10.yaml --train-config configs/train/sparknet_grow_dendrites_paper_lowdata.yaml --model-config configs/model/sparknet_c16g16_paper.yaml --placement pointwise_b123 --seed 4 --group-batchnorm --arm pointwise_b123-bn  --output-dir outputs/sparknet-lowdata10/pointwise_b123-bn/c16g16-seed4
research-0927c,outputs/sparknet-lowdata10/pointwise_b1-bn-sw5/c16g16-seed4,True,False,True,uv run --env-file .env python -m kws.optimize.sparknet_grow_dendrites --data-config configs/data/speech_commands_v2_mfcc32_paper_frac10.yaml --train-config configs/train/sparknet_grow_dendrites_paper_lowdata.yaml --model-config configs/model/sparknet_c16g16_paper.yaml --placement pointwise_b1 --seed 4 --group-batchnorm --arm pointwise_b1-bn-sw5 --switch-epoch 5 --output-dir outputs/sparknet-lowdata10/pointwise_b1-bn-sw5/c16g16-seed4
research-0927c,outputs/sparknet-lowdata10/pointwise_b1-bn/c18g16-seed4,True,False,True,uv run --env-file .env python -m kws.optimize.sparknet_grow_dendrites --data-config configs/data/speech_commands_v2_mfcc32_paper_frac10.yaml --train-config configs/train/sparknet_grow_dendrites_paper_lowdata.yaml --model-config configs/model/sparknet_c18g16_paper.yaml --placement pointwise_b1 --seed 4 --group-batchnorm --arm pointwise_b1-bn  --output-dir outputs/sparknet-lowdata10/pointwise_b1-bn/c18g16-seed4
research-0927c,outputs/sparknet-lowdata20/pointwise_b1-bn/c16g16-seed4,True,False,True,uv run --env-file .env python -m kws.optimize.sparknet_grow_dendrites --data-config configs/data/speech_commands_v2_mfcc32_paper_frac20.yaml --train-config configs/train/sparknet_grow_dendrites_paper.yaml --model-config configs/model/sparknet_c16g16_paper.yaml --placement pointwise_b1 --seed 4 --group-batchnorm --arm pointwise_b1-bn  --output-dir outputs/sparknet-lowdata20/pointwise_b1-bn/c16g16-seed4
research-0927c,outputs/sparknet-lowdata20/scratch/c16g16-seed4,True,False,True,uv run --env-file .env python -m kws.train --data-config configs/data/speech_commands_v2_mfcc32_paper_frac20.yaml --model-config configs/model/sparknet_c16g16_paper.yaml --train-config configs/train/sparknet_narrow_paper_fast_io.yaml --stage paper_replication --seed 4 --output-dir outputs/sparknet-lowdata20/scratch/c16g16-seed4
research-0927c,outputs/sparknet-lowdata20/scratch/c17g16-seed4,True,False,True,uv run --env-file .env python -m kws.train --data-config configs/data/speech_commands_v2_mfcc32_paper_frac20.yaml --model-config configs/model/sparknet_c17g16_paper.yaml --train-config configs/train/sparknet_narrow_paper_fast_io.yaml --stage paper_replication --seed 4 --output-dir outputs/sparknet-lowdata20/scratch/c17g16-seed4
research-0927c,outputs/sparknet-lowdata10/pointwise_b1-bn/c12g16-seed3,True,False,True,uv run --env-file .env python -m kws.optimize.sparknet_grow_dendrites --data-config configs/data/speech_commands_v2_mfcc32_paper_frac10.yaml --train-config configs/train/sparknet_grow_dendrites_paper_lowdata.yaml --model-config configs/model/sparknet_c12g16_paper.yaml --placement pointwise_b1 --seed 3 --group-batchnorm --arm pointwise_b1-bn  --output-dir outputs/sparknet-lowdata10/pointwise_b1-bn/c12g16-seed3
research-0927c,outputs/sparknet-lowdata10/scratch/c12g16-seed3,True,False,True,uv run --env-file .env python -m kws.train --data-config configs/data/speech_commands_v2_mfcc32_paper_frac10.yaml --model-config configs/model/sparknet_c12g16_paper.yaml --train-config configs/train/sparknet_narrow_paper_fast_io.yaml --stage paper_replication --seed 3 --output-dir outputs/sparknet-lowdata10/scratch/c12g16-seed3
research-0927c,outputs/sparknet-lowdata10/pointwise_b1-bn/c12g16-seed4,True,False,True,uv run --env-file .env python -m kws.optimize.sparknet_grow_dendrites --data-config configs/data/speech_commands_v2_mfcc32_paper_frac10.yaml --train-config configs/train/sparknet_grow_dendrites_paper_lowdata.yaml --model-config configs/model/sparknet_c12g16_paper.yaml --placement pointwise_b1 --seed 4 --group-batchnorm --arm pointwise_b1-bn  --output-dir outputs/sparknet-lowdata10/pointwise_b1-bn/c12g16-seed4
research-0927c,outputs/sparknet-lowdata10/scratch/c12g16-seed4,True,False,True,uv run --env-file .env python -m kws.train --data-config configs/data/speech_commands_v2_mfcc32_paper_frac10.yaml --model-config configs/model/sparknet_c12g16_paper.yaml --train-config configs/train/sparknet_narrow_paper_fast_io.yaml --stage paper_replication --seed 4 --output-dir outputs/sparknet-lowdata10/scratch/c12g16-seed4
research-0927d,outputs/sparknet-lowdata10/pointwise_b1-bn/c14g16-seed0,True,False,True,uv run --env-file .env python -m kws.optimize.sparknet_grow_dendrites --data-config configs/data/speech_commands_v2_mfcc32_paper_frac10.yaml --train-config configs/train/sparknet_grow_dendrites_paper_lowdata.yaml --model-config configs/model/sparknet_c14g16_paper.yaml --placement pointwise_b1 --seed 0 --group-batchnorm --arm pointwise_b1-bn --output-dir outputs/sparknet-lowdata10/pointwise_b1-bn/c14g16-seed0
research-0927d,outputs/sparknet-lowdata10/scratch/c14g16-seed0,True,False,True,uv run --env-file .env python -m kws.train --data-config configs/data/speech_commands_v2_mfcc32_paper_frac10.yaml --model-config configs/model/sparknet_c14g16_paper.yaml --train-config configs/train/sparknet_narrow_paper_fast_io.yaml --stage paper_replication --seed 0 --output-dir outputs/sparknet-lowdata10/scratch/c14g16-seed0
research-0927d,outputs/sparknet-lowdata10/scratch/c15g16-seed0,True,False,True,uv run --env-file .env python -m kws.train --data-config configs/data/speech_commands_v2_mfcc32_paper_frac10.yaml --model-config configs/model/sparknet_c15g16_paper.yaml --train-config configs/train/sparknet_narrow_paper_fast_io.yaml --stage paper_replication --seed 0 --output-dir outputs/sparknet-lowdata10/scratch/c15g16-seed0
research-0927d,outputs/sparknet-lowdata10/pointwise_b1-bn/c14g16-seed1,True,False,True,uv run --env-file .env python -m kws.optimize.sparknet_grow_dendrites --data-config configs/data/speech_commands_v2_mfcc32_paper_frac10.yaml --train-config configs/train/sparknet_grow_dendrites_paper_lowdata.yaml --model-config configs/model/sparknet_c14g16_paper.yaml --placement pointwise_b1 --seed 1 --group-batchnorm --arm pointwise_b1-bn --output-dir outputs/sparknet-lowdata10/pointwise_b1-bn/c14g16-seed1
research-0927d,outputs/sparknet-lowdata10/scratch/c14g16-seed1,True,False,True,uv run --env-file .env python -m kws.train --data-config configs/data/speech_commands_v2_mfcc32_paper_frac10.yaml --model-config configs/model/sparknet_c14g16_paper.yaml --train-config configs/train/sparknet_narrow_paper_fast_io.yaml --stage paper_replication --seed 1 --output-dir outputs/sparknet-lowdata10/scratch/c14g16-seed1
research-0927d,outputs/sparknet-lowdata10/scratch/c15g16-seed1,True,False,True,uv run --env-file .env python -m kws.train --data-config configs/data/speech_commands_v2_mfcc32_paper_frac10.yaml --model-config configs/model/sparknet_c15g16_paper.yaml --train-config configs/train/sparknet_narrow_paper_fast_io.yaml --stage paper_replication --seed 1 --output-dir outputs/sparknet-lowdata10/scratch/c15g16-seed1
research-0927d,outputs/sparknet-lowdata10/pointwise_b1-bn/c14g16-seed2,True,False,True,uv run --env-file .env python -m kws.optimize.sparknet_grow_dendrites --data-config configs/data/speech_commands_v2_mfcc32_paper_frac10.yaml --train-config configs/train/sparknet_grow_dendrites_paper_lowdata.yaml --model-config configs/model/sparknet_c14g16_paper.yaml --placement pointwise_b1 --seed 2 --group-batchnorm --arm pointwise_b1-bn --output-dir outputs/sparknet-lowdata10/pointwise_b1-bn/c14g16-seed2
research-0927d,outputs/sparknet-lowdata10/scratch/c14g16-seed2,True,False,True,uv run --env-file .env python -m kws.train --data-config configs/data/speech_commands_v2_mfcc32_paper_frac10.yaml --model-config configs/model/sparknet_c14g16_paper.yaml --train-config configs/train/sparknet_narrow_paper_fast_io.yaml --stage paper_replication --seed 2 --output-dir outputs/sparknet-lowdata10/scratch/c14g16-seed2
research-0927d,outputs/sparknet-lowdata10/scratch/c15g16-seed2,True,False,True,uv run --env-file .env python -m kws.train --data-config configs/data/speech_commands_v2_mfcc32_paper_frac10.yaml --model-config configs/model/sparknet_c15g16_paper.yaml --train-config configs/train/sparknet_narrow_paper_fast_io.yaml --stage paper_replication --seed 2 --output-dir outputs/sparknet-lowdata10/scratch/c15g16-seed2
research-0927d,outputs/sparknet-lowdata10/pointwise_b1-bn/c14g16-seed3,True,False,True,uv run --env-file .env python -m kws.optimize.sparknet_grow_dendrites --data-config configs/data/speech_commands_v2_mfcc32_paper_frac10.yaml --train-config configs/train/sparknet_grow_dendrites_paper_lowdata.yaml --model-config configs/model/sparknet_c14g16_paper.yaml --placement pointwise_b1 --seed 3 --group-batchnorm --arm pointwise_b1-bn --output-dir outputs/sparknet-lowdata10/pointwise_b1-bn/c14g16-seed3
research-0927d,outputs/sparknet-lowdata10/scratch/c14g16-seed3,True,False,True,uv run --env-file .env python -m kws.train --data-config configs/data/speech_commands_v2_mfcc32_paper_frac10.yaml --model-config configs/model/sparknet_c14g16_paper.yaml --train-config configs/train/sparknet_narrow_paper_fast_io.yaml --stage paper_replication --seed 3 --output-dir outputs/sparknet-lowdata10/scratch/c14g16-seed3
research-0927d,outputs/sparknet-lowdata10/scratch/c15g16-seed3,True,False,True,uv run --env-file .env python -m kws.train --data-config configs/data/speech_commands_v2_mfcc32_paper_frac10.yaml --model-config configs/model/sparknet_c15g16_paper.yaml --train-config configs/train/sparknet_narrow_paper_fast_io.yaml --stage paper_replication --seed 3 --output-dir outputs/sparknet-lowdata10/scratch/c15g16-seed3
research-0927d,outputs/sparknet-lowdata10/pointwise_b1-bn/c14g16-seed4,True,False,True,uv run --env-file .env python -m kws.optimize.sparknet_grow_dendrites --data-config configs/data/speech_commands_v2_mfcc32_paper_frac10.yaml --train-config configs/train/sparknet_grow_dendrites_paper_lowdata.yaml --model-config configs/model/sparknet_c14g16_paper.yaml --placement pointwise_b1 --seed 4 --group-batchnorm --arm pointwise_b1-bn --output-dir outputs/sparknet-lowdata10/pointwise_b1-bn/c14g16-seed4
research-0927d,outputs/sparknet-lowdata10/scratch/c14g16-seed4,True,False,True,uv run --env-file .env python -m kws.train --data-config configs/data/speech_commands_v2_mfcc32_paper_frac10.yaml --model-config configs/model/sparknet_c14g16_paper.yaml --train-config configs/train/sparknet_narrow_paper_fast_io.yaml --stage paper_replication --seed 4 --output-dir outputs/sparknet-lowdata10/scratch/c14g16-seed4
research-0927d,outputs/sparknet-lowdata10/scratch/c15g16-seed4,True,False,True,uv run --env-file .env python -m kws.train --data-config configs/data/speech_commands_v2_mfcc32_paper_frac10.yaml --model-config configs/model/sparknet_c15g16_paper.yaml --train-config configs/train/sparknet_narrow_paper_fast_io.yaml --stage paper_replication --seed 4 --output-dir outputs/sparknet-lowdata10/scratch/c15g16-seed4
research-0927d,outputs/sparknet-lowdata10/pointwise_b1-bn/c14g16-seed5,True,False,True,uv run --env-file .env python -m kws.optimize.sparknet_grow_dendrites --data-config configs/data/speech_commands_v2_mfcc32_paper_frac10.yaml --train-config configs/train/sparknet_grow_dendrites_paper_lowdata.yaml --model-config configs/model/sparknet_c14g16_paper.yaml --placement pointwise_b1 --seed 5 --group-batchnorm --arm pointwise_b1-bn --output-dir outputs/sparknet-lowdata10/pointwise_b1-bn/c14g16-seed5
research-0927d,outputs/sparknet-lowdata10/scratch/c14g16-seed5,True,False,True,uv run --env-file .env python -m kws.train --data-config configs/data/speech_commands_v2_mfcc32_paper_frac10.yaml --model-config configs/model/sparknet_c14g16_paper.yaml --train-config configs/train/sparknet_narrow_paper_fast_io.yaml --stage paper_replication --seed 5 --output-dir outputs/sparknet-lowdata10/scratch/c14g16-seed5
research-0927d,outputs/sparknet-lowdata10/scratch/c15g16-seed5,True,False,True,uv run --env-file .env python -m kws.train --data-config configs/data/speech_commands_v2_mfcc32_paper_frac10.yaml --model-config configs/model/sparknet_c15g16_paper.yaml --train-config configs/train/sparknet_narrow_paper_fast_io.yaml --stage paper_replication --seed 5 --output-dir outputs/sparknet-lowdata10/scratch/c15g16-seed5
research-0927d,outputs/sparknet-lowdata10/pointwise_b1-bn/c14g16-seed6,True,False,True,uv run --env-file .env python -m kws.optimize.sparknet_grow_dendrites --data-config configs/data/speech_commands_v2_mfcc32_paper_frac10.yaml --train-config configs/train/sparknet_grow_dendrites_paper_lowdata.yaml --model-config configs/model/sparknet_c14g16_paper.yaml --placement pointwise_b1 --seed 6 --group-batchnorm --arm pointwise_b1-bn --output-dir outputs/sparknet-lowdata10/pointwise_b1-bn/c14g16-seed6
research-0927d,outputs/sparknet-lowdata10/scratch/c14g16-seed6,True,False,True,uv run --env-file .env python -m kws.train --data-config configs/data/speech_commands_v2_mfcc32_paper_frac10.yaml --model-config configs/model/sparknet_c14g16_paper.yaml --train-config configs/train/sparknet_narrow_paper_fast_io.yaml --stage paper_replication --seed 6 --output-dir outputs/sparknet-lowdata10/scratch/c14g16-seed6
research-0927d,outputs/sparknet-lowdata10/scratch/c15g16-seed6,True,False,True,uv run --env-file .env python -m kws.train --data-config configs/data/speech_commands_v2_mfcc32_paper_frac10.yaml --model-config configs/model/sparknet_c15g16_paper.yaml --train-config configs/train/sparknet_narrow_paper_fast_io.yaml --stage paper_replication --seed 6 --output-dir outputs/sparknet-lowdata10/scratch/c15g16-seed6
research-0927d,outputs/sparknet-lowdata10/pointwise_b1-bn/c14g16-seed7,True,False,True,uv run --env-file .env python -m kws.optimize.sparknet_grow_dendrites --data-config configs/data/speech_commands_v2_mfcc32_paper_frac10.yaml --train-config configs/train/sparknet_grow_dendrites_paper_lowdata.yaml --model-config configs/model/sparknet_c14g16_paper.yaml --placement pointwise_b1 --seed 7 --group-batchnorm --arm pointwise_b1-bn --output-dir outputs/sparknet-lowdata10/pointwise_b1-bn/c14g16-seed7
research-0927d,outputs/sparknet-lowdata10/scratch/c14g16-seed7,True,False,True,uv run --env-file .env python -m kws.train --data-config configs/data/speech_commands_v2_mfcc32_paper_frac10.yaml --model-config configs/model/sparknet_c14g16_paper.yaml --train-config configs/train/sparknet_narrow_paper_fast_io.yaml --stage paper_replication --seed 7 --output-dir outputs/sparknet-lowdata10/scratch/c14g16-seed7
research-0927d,outputs/sparknet-lowdata10/scratch/c15g16-seed7,True,False,True,uv run --env-file .env python -m kws.train --data-config configs/data/speech_commands_v2_mfcc32_paper_frac10.yaml --model-config configs/model/sparknet_c15g16_paper.yaml --train-config configs/train/sparknet_narrow_paper_fast_io.yaml --stage paper_replication --seed 7 --output-dir outputs/sparknet-lowdata10/scratch/c15g16-seed7
research-0927d,outputs/sparknet-lowdata10/pointwise_b1-bn/c14g16-seed8,True,False,True,uv run --env-file .env python -m kws.optimize.sparknet_grow_dendrites --data-config configs/data/speech_commands_v2_mfcc32_paper_frac10.yaml --train-config configs/train/sparknet_grow_dendrites_paper_lowdata.yaml --model-config configs/model/sparknet_c14g16_paper.yaml --placement pointwise_b1 --seed 8 --group-batchnorm --arm pointwise_b1-bn --output-dir outputs/sparknet-lowdata10/pointwise_b1-bn/c14g16-seed8
research-0927d,outputs/sparknet-lowdata10/scratch/c14g16-seed8,True,False,True,uv run --env-file .env python -m kws.train --data-config configs/data/speech_commands_v2_mfcc32_paper_frac10.yaml --model-config configs/model/sparknet_c14g16_paper.yaml --train-config configs/train/sparknet_narrow_paper_fast_io.yaml --stage paper_replication --seed 8 --output-dir outputs/sparknet-lowdata10/scratch/c14g16-seed8
research-0927d,outputs/sparknet-lowdata10/scratch/c15g16-seed8,True,False,True,uv run --env-file .env python -m kws.train --data-config configs/data/speech_commands_v2_mfcc32_paper_frac10.yaml --model-config configs/model/sparknet_c15g16_paper.yaml --train-config configs/train/sparknet_narrow_paper_fast_io.yaml --stage paper_replication --seed 8 --output-dir outputs/sparknet-lowdata10/scratch/c15g16-seed8
research-0927d,outputs/sparknet-lowdata10/pointwise_b1-bn/c14g16-seed9,True,False,True,uv run --env-file .env python -m kws.optimize.sparknet_grow_dendrites --data-config configs/data/speech_commands_v2_mfcc32_paper_frac10.yaml --train-config configs/train/sparknet_grow_dendrites_paper_lowdata.yaml --model-config configs/model/sparknet_c14g16_paper.yaml --placement pointwise_b1 --seed 9 --group-batchnorm --arm pointwise_b1-bn --output-dir outputs/sparknet-lowdata10/pointwise_b1-bn/c14g16-seed9
research-0927d,outputs/sparknet-lowdata10/scratch/c14g16-seed9,True,False,True,uv run --env-file .env python -m kws.train --data-config configs/data/speech_commands_v2_mfcc32_paper_frac10.yaml --model-config configs/model/sparknet_c14g16_paper.yaml --train-config configs/train/sparknet_narrow_paper_fast_io.yaml --stage paper_replication --seed 9 --output-dir outputs/sparknet-lowdata10/scratch/c14g16-seed9
research-0927d,outputs/sparknet-lowdata10/scratch/c15g16-seed9,True,False,True,uv run --env-file .env python -m kws.train --data-config configs/data/speech_commands_v2_mfcc32_paper_frac10.yaml --model-config configs/model/sparknet_c15g16_paper.yaml --train-config configs/train/sparknet_narrow_paper_fast_io.yaml --stage paper_replication --seed 9 --output-dir outputs/sparknet-lowdata10/scratch/c15g16-seed9
research-0927d,outputs/sparknet-lowdata10/pointwise_b2-bn/c16g16-seed5,True,False,True,uv run --env-file .env python -m kws.optimize.sparknet_grow_dendrites --data-config configs/data/speech_commands_v2_mfcc32_paper_frac10.yaml --train-config configs/train/sparknet_grow_dendrites_paper_lowdata.yaml --model-config configs/model/sparknet_c16g16_paper.yaml --placement pointwise_b2 --seed 5 --group-batchnorm --arm pointwise_b2-bn --output-dir outputs/sparknet-lowdata10/pointwise_b2-bn/c16g16-seed5
research-0927d,outputs/sparknet-lowdata10/pointwise_b2-bn/c16g16-seed6,True,False,True,uv run --env-file .env python -m kws.optimize.sparknet_grow_dendrites --data-config configs/data/speech_commands_v2_mfcc32_paper_frac10.yaml --train-config configs/train/sparknet_grow_dendrites_paper_lowdata.yaml --model-config configs/model/sparknet_c16g16_paper.yaml --placement pointwise_b2 --seed 6 --group-batchnorm --arm pointwise_b2-bn --output-dir outputs/sparknet-lowdata10/pointwise_b2-bn/c16g16-seed6
research-0927d,outputs/sparknet-lowdata10/pointwise_b2-bn/c16g16-seed7,True,False,True,uv run --env-file .env python -m kws.optimize.sparknet_grow_dendrites --data-config configs/data/speech_commands_v2_mfcc32_paper_frac10.yaml --train-config configs/train/sparknet_grow_dendrites_paper_lowdata.yaml --model-config configs/model/sparknet_c16g16_paper.yaml --placement pointwise_b2 --seed 7 --group-batchnorm --arm pointwise_b2-bn --output-dir outputs/sparknet-lowdata10/pointwise_b2-bn/c16g16-seed7
research-0927d,outputs/sparknet-lowdata10/pointwise_b2-bn/c16g16-seed8,True,False,True,uv run --env-file .env python -m kws.optimize.sparknet_grow_dendrites --data-config configs/data/speech_commands_v2_mfcc32_paper_frac10.yaml --train-config configs/train/sparknet_grow_dendrites_paper_lowdata.yaml --model-config configs/model/sparknet_c16g16_paper.yaml --placement pointwise_b2 --seed 8 --group-batchnorm --arm pointwise_b2-bn --output-dir outputs/sparknet-lowdata10/pointwise_b2-bn/c16g16-seed8
research-0927d,outputs/sparknet-lowdata10/pointwise_b2-bn/c16g16-seed9,True,False,True,uv run --env-file .env python -m kws.optimize.sparknet_grow_dendrites --data-config configs/data/speech_commands_v2_mfcc32_paper_frac10.yaml --train-config configs/train/sparknet_grow_dendrites_paper_lowdata.yaml --model-config configs/model/sparknet_c16g16_paper.yaml --placement pointwise_b2 --seed 9 --group-batchnorm --arm pointwise_b2-bn --output-dir outputs/sparknet-lowdata10/pointwise_b2-bn/c16g16-seed9
research-0927d,outputs/sparknet-lowdata10/pointwise_b1-bn/c16g16-seed10,True,False,True,uv run --env-file .env python -m kws.optimize.sparknet_grow_dendrites --data-config configs/data/speech_commands_v2_mfcc32_paper_frac10.yaml --train-config configs/train/sparknet_grow_dendrites_paper_lowdata.yaml --model-config configs/model/sparknet_c16g16_paper.yaml --placement pointwise_b1 --seed 10 --group-batchnorm --arm pointwise_b1-bn --output-dir outputs/sparknet-lowdata10/pointwise_b1-bn/c16g16-seed10
research-0927d,outputs/sparknet-lowdata10/scratch/c16g16-seed10,True,False,True,uv run --env-file .env python -m kws.train --data-config configs/data/speech_commands_v2_mfcc32_paper_frac10.yaml --model-config configs/model/sparknet_c16g16_paper.yaml --train-config configs/train/sparknet_narrow_paper_fast_io.yaml --stage paper_replication --seed 10 --output-dir outputs/sparknet-lowdata10/scratch/c16g16-seed10
research-0927d,outputs/sparknet-lowdata10/scratch/c17g16-seed10,True,False,True,uv run --env-file .env python -m kws.train --data-config configs/data/speech_commands_v2_mfcc32_paper_frac10.yaml --model-config configs/model/sparknet_c17g16_paper.yaml --train-config configs/train/sparknet_narrow_paper_fast_io.yaml --stage paper_replication --seed 10 --output-dir outputs/sparknet-lowdata10/scratch/c17g16-seed10
research-0927d,outputs/sparknet-lowdata10/pointwise_b1-bn/c16g16-seed11,True,False,True,uv run --env-file .env python -m kws.optimize.sparknet_grow_dendrites --data-config configs/data/speech_commands_v2_mfcc32_paper_frac10.yaml --train-config configs/train/sparknet_grow_dendrites_paper_lowdata.yaml --model-config configs/model/sparknet_c16g16_paper.yaml --placement pointwise_b1 --seed 11 --group-batchnorm --arm pointwise_b1-bn --output-dir outputs/sparknet-lowdata10/pointwise_b1-bn/c16g16-seed11
research-0927d,outputs/sparknet-lowdata10/scratch/c16g16-seed11,True,False,True,uv run --env-file .env python -m kws.train --data-config configs/data/speech_commands_v2_mfcc32_paper_frac10.yaml --model-config configs/model/sparknet_c16g16_paper.yaml --train-config configs/train/sparknet_narrow_paper_fast_io.yaml --stage paper_replication --seed 11 --output-dir outputs/sparknet-lowdata10/scratch/c16g16-seed11
research-0927d,outputs/sparknet-lowdata10/scratch/c17g16-seed11,True,False,True,uv run --env-file .env python -m kws.train --data-config configs/data/speech_commands_v2_mfcc32_paper_frac10.yaml --model-config configs/model/sparknet_c17g16_paper.yaml --train-config configs/train/sparknet_narrow_paper_fast_io.yaml --stage paper_replication --seed 11 --output-dir outputs/sparknet-lowdata10/scratch/c17g16-seed11
research-0927d,outputs/sparknet-lowdata10/pointwise_b1-bn/c16g16-seed12,True,False,True,uv run --env-file .env python -m kws.optimize.sparknet_grow_dendrites --data-config configs/data/speech_commands_v2_mfcc32_paper_frac10.yaml --train-config configs/train/sparknet_grow_dendrites_paper_lowdata.yaml --model-config configs/model/sparknet_c16g16_paper.yaml --placement pointwise_b1 --seed 12 --group-batchnorm --arm pointwise_b1-bn --output-dir outputs/sparknet-lowdata10/pointwise_b1-bn/c16g16-seed12
research-0927d,outputs/sparknet-lowdata10/scratch/c16g16-seed12,True,False,True,uv run --env-file .env python -m kws.train --data-config configs/data/speech_commands_v2_mfcc32_paper_frac10.yaml --model-config configs/model/sparknet_c16g16_paper.yaml --train-config configs/train/sparknet_narrow_paper_fast_io.yaml --stage paper_replication --seed 12 --output-dir outputs/sparknet-lowdata10/scratch/c16g16-seed12
research-0927d,outputs/sparknet-lowdata10/scratch/c17g16-seed12,True,False,True,uv run --env-file .env python -m kws.train --data-config configs/data/speech_commands_v2_mfcc32_paper_frac10.yaml --model-config configs/model/sparknet_c17g16_paper.yaml --train-config configs/train/sparknet_narrow_paper_fast_io.yaml --stage paper_replication --seed 12 --output-dir outputs/sparknet-lowdata10/scratch/c17g16-seed12
research-0927d,outputs/sparknet-lowdata10/pointwise_b1-bn/c16g16-seed13,True,False,True,uv run --env-file .env python -m kws.optimize.sparknet_grow_dendrites --data-config configs/data/speech_commands_v2_mfcc32_paper_frac10.yaml --train-config configs/train/sparknet_grow_dendrites_paper_lowdata.yaml --model-config configs/model/sparknet_c16g16_paper.yaml --placement pointwise_b1 --seed 13 --group-batchnorm --arm pointwise_b1-bn --output-dir outputs/sparknet-lowdata10/pointwise_b1-bn/c16g16-seed13
research-0927d,outputs/sparknet-lowdata10/scratch/c16g16-seed13,True,False,True,uv run --env-file .env python -m kws.train --data-config configs/data/speech_commands_v2_mfcc32_paper_frac10.yaml --model-config configs/model/sparknet_c16g16_paper.yaml --train-config configs/train/sparknet_narrow_paper_fast_io.yaml --stage paper_replication --seed 13 --output-dir outputs/sparknet-lowdata10/scratch/c16g16-seed13
research-0927d,outputs/sparknet-lowdata10/scratch/c17g16-seed13,True,False,True,uv run --env-file .env python -m kws.train --data-config configs/data/speech_commands_v2_mfcc32_paper_frac10.yaml --model-config configs/model/sparknet_c17g16_paper.yaml --train-config configs/train/sparknet_narrow_paper_fast_io.yaml --stage paper_replication --seed 13 --output-dir outputs/sparknet-lowdata10/scratch/c17g16-seed13
research-0927d,outputs/sparknet-lowdata10/pointwise_b1-bn/c16g16-seed14,True,False,True,uv run --env-file .env python -m kws.optimize.sparknet_grow_dendrites --data-config configs/data/speech_commands_v2_mfcc32_paper_frac10.yaml --train-config configs/train/sparknet_grow_dendrites_paper_lowdata.yaml --model-config configs/model/sparknet_c16g16_paper.yaml --placement pointwise_b1 --seed 14 --group-batchnorm --arm pointwise_b1-bn --output-dir outputs/sparknet-lowdata10/pointwise_b1-bn/c16g16-seed14
research-0927d,outputs/sparknet-lowdata10/scratch/c16g16-seed14,True,False,True,uv run --env-file .env python -m kws.train --data-config configs/data/speech_commands_v2_mfcc32_paper_frac10.yaml --model-config configs/model/sparknet_c16g16_paper.yaml --train-config configs/train/sparknet_narrow_paper_fast_io.yaml --stage paper_replication --seed 14 --output-dir outputs/sparknet-lowdata10/scratch/c16g16-seed14
research-0927d,outputs/sparknet-lowdata10/scratch/c17g16-seed14,True,False,True,uv run --env-file .env python -m kws.train --data-config configs/data/speech_commands_v2_mfcc32_paper_frac10.yaml --model-config configs/model/sparknet_c17g16_paper.yaml --train-config configs/train/sparknet_narrow_paper_fast_io.yaml --stage paper_replication --seed 14 --output-dir outputs/sparknet-lowdata10/scratch/c17g16-seed14
research-0927d,outputs/sparknet-lowdata10/pointwise_b1-bn/c16g16-seed15,True,False,True,uv run --env-file .env python -m kws.optimize.sparknet_grow_dendrites --data-config configs/data/speech_commands_v2_mfcc32_paper_frac10.yaml --train-config configs/train/sparknet_grow_dendrites_paper_lowdata.yaml --model-config configs/model/sparknet_c16g16_paper.yaml --placement pointwise_b1 --seed 15 --group-batchnorm --arm pointwise_b1-bn --output-dir outputs/sparknet-lowdata10/pointwise_b1-bn/c16g16-seed15
research-0927d,outputs/sparknet-lowdata10/scratch/c16g16-seed15,True,False,True,uv run --env-file .env python -m kws.train --data-config configs/data/speech_commands_v2_mfcc32_paper_frac10.yaml --model-config configs/model/sparknet_c16g16_paper.yaml --train-config configs/train/sparknet_narrow_paper_fast_io.yaml --stage paper_replication --seed 15 --output-dir outputs/sparknet-lowdata10/scratch/c16g16-seed15
research-0927d,outputs/sparknet-lowdata10/scratch/c17g16-seed15,True,False,True,uv run --env-file .env python -m kws.train --data-config configs/data/speech_commands_v2_mfcc32_paper_frac10.yaml --model-config configs/model/sparknet_c17g16_paper.yaml --train-config configs/train/sparknet_narrow_paper_fast_io.yaml --stage paper_replication --seed 15 --output-dir outputs/sparknet-lowdata10/scratch/c17g16-seed15
research-0927d,outputs/sparknet-lowdata10/pointwise_b1-bn/c16g16-seed16,True,False,True,uv run --env-file .env python -m kws.optimize.sparknet_grow_dendrites --data-config configs/data/speech_commands_v2_mfcc32_paper_frac10.yaml --train-config configs/train/sparknet_grow_dendrites_paper_lowdata.yaml --model-config configs/model/sparknet_c16g16_paper.yaml --placement pointwise_b1 --seed 16 --group-batchnorm --arm pointwise_b1-bn --output-dir outputs/sparknet-lowdata10/pointwise_b1-bn/c16g16-seed16
research-0927d,outputs/sparknet-lowdata10/scratch/c16g16-seed16,True,False,True,uv run --env-file .env python -m kws.train --data-config configs/data/speech_commands_v2_mfcc32_paper_frac10.yaml --model-config configs/model/sparknet_c16g16_paper.yaml --train-config configs/train/sparknet_narrow_paper_fast_io.yaml --stage paper_replication --seed 16 --output-dir outputs/sparknet-lowdata10/scratch/c16g16-seed16
research-0927d,outputs/sparknet-lowdata10/scratch/c17g16-seed16,True,False,True,uv run --env-file .env python -m kws.train --data-config configs/data/speech_commands_v2_mfcc32_paper_frac10.yaml --model-config configs/model/sparknet_c17g16_paper.yaml --train-config configs/train/sparknet_narrow_paper_fast_io.yaml --stage paper_replication --seed 16 --output-dir outputs/sparknet-lowdata10/scratch/c17g16-seed16
research-0927d,outputs/sparknet-lowdata10/pointwise_b1-bn/c16g16-seed17,True,False,True,uv run --env-file .env python -m kws.optimize.sparknet_grow_dendrites --data-config configs/data/speech_commands_v2_mfcc32_paper_frac10.yaml --train-config configs/train/sparknet_grow_dendrites_paper_lowdata.yaml --model-config configs/model/sparknet_c16g16_paper.yaml --placement pointwise_b1 --seed 17 --group-batchnorm --arm pointwise_b1-bn --output-dir outputs/sparknet-lowdata10/pointwise_b1-bn/c16g16-seed17
research-0927d,outputs/sparknet-lowdata10/scratch/c16g16-seed17,True,False,True,uv run --env-file .env python -m kws.train --data-config configs/data/speech_commands_v2_mfcc32_paper_frac10.yaml --model-config configs/model/sparknet_c16g16_paper.yaml --train-config configs/train/sparknet_narrow_paper_fast_io.yaml --stage paper_replication --seed 17 --output-dir outputs/sparknet-lowdata10/scratch/c16g16-seed17
research-0927d,outputs/sparknet-lowdata10/scratch/c17g16-seed17,True,False,True,uv run --env-file .env python -m kws.train --data-config configs/data/speech_commands_v2_mfcc32_paper_frac10.yaml --model-config configs/model/sparknet_c17g16_paper.yaml --train-config configs/train/sparknet_narrow_paper_fast_io.yaml --stage paper_replication --seed 17 --output-dir outputs/sparknet-lowdata10/scratch/c17g16-seed17
research-0927d,outputs/sparknet-lowdata10/pointwise_b1-bn/c16g16-seed18,True,False,True,uv run --env-file .env python -m kws.optimize.sparknet_grow_dendrites --data-config configs/data/speech_commands_v2_mfcc32_paper_frac10.yaml --train-config configs/train/sparknet_grow_dendrites_paper_lowdata.yaml --model-config configs/model/sparknet_c16g16_paper.yaml --placement pointwise_b1 --seed 18 --group-batchnorm --arm pointwise_b1-bn --output-dir outputs/sparknet-lowdata10/pointwise_b1-bn/c16g16-seed18
research-0927d,outputs/sparknet-lowdata10/scratch/c16g16-seed18,True,False,True,uv run --env-file .env python -m kws.train --data-config configs/data/speech_commands_v2_mfcc32_paper_frac10.yaml --model-config configs/model/sparknet_c16g16_paper.yaml --train-config configs/train/sparknet_narrow_paper_fast_io.yaml --stage paper_replication --seed 18 --output-dir outputs/sparknet-lowdata10/scratch/c16g16-seed18
research-0927d,outputs/sparknet-lowdata10/scratch/c17g16-seed18,True,False,True,uv run --env-file .env python -m kws.train --data-config configs/data/speech_commands_v2_mfcc32_paper_frac10.yaml --model-config configs/model/sparknet_c17g16_paper.yaml --train-config configs/train/sparknet_narrow_paper_fast_io.yaml --stage paper_replication --seed 18 --output-dir outputs/sparknet-lowdata10/scratch/c17g16-seed18
research-0927d,outputs/sparknet-lowdata10/pointwise_b1-bn/c16g16-seed19,True,False,True,uv run --env-file .env python -m kws.optimize.sparknet_grow_dendrites --data-config configs/data/speech_commands_v2_mfcc32_paper_frac10.yaml --train-config configs/train/sparknet_grow_dendrites_paper_lowdata.yaml --model-config configs/model/sparknet_c16g16_paper.yaml --placement pointwise_b1 --seed 19 --group-batchnorm --arm pointwise_b1-bn --output-dir outputs/sparknet-lowdata10/pointwise_b1-bn/c16g16-seed19
research-0927d,outputs/sparknet-lowdata10/scratch/c16g16-seed19,True,False,True,uv run --env-file .env python -m kws.train --data-config configs/data/speech_commands_v2_mfcc32_paper_frac10.yaml --model-config configs/model/sparknet_c16g16_paper.yaml --train-config configs/train/sparknet_narrow_paper_fast_io.yaml --stage paper_replication --seed 19 --output-dir outputs/sparknet-lowdata10/scratch/c16g16-seed19
research-0927d,outputs/sparknet-lowdata10/scratch/c17g16-seed19,True,False,True,uv run --env-file .env python -m kws.train --data-config configs/data/speech_commands_v2_mfcc32_paper_frac10.yaml --model-config configs/model/sparknet_c17g16_paper.yaml --train-config configs/train/sparknet_narrow_paper_fast_io.yaml --stage paper_replication --seed 19 --output-dir outputs/sparknet-lowdata10/scratch/c17g16-seed19
research-0927e,outputs/sparknet-grow-dendrites-v3/gate_conv-bn/c9g4-seed0,True,False,True,uv run --env-file .env python -m kws.optimize.sparknet_grow_dendrites --data-config configs/data/speech_commands_v2_mfcc32_paper.yaml --model-config configs/model/sparknet_c9g4_paper.yaml --placement gate_conv --seed 0 --group-batchnorm --arm gate_conv-bn  --output-dir outputs/sparknet-grow-dendrites-v3/gate_conv-bn/c9g4-seed0
research-0927e,outputs/sparknet-grow-dendrites-v3/gate_conv-bn/c6g4-seed0,True,False,True,uv run --env-file .env python -m kws.optimize.sparknet_grow_dendrites --data-config configs/data/speech_commands_v2_mfcc32_paper.yaml --model-config configs/model/sparknet_c6g4_paper.yaml --placement gate_conv --seed 0 --group-batchnorm --arm gate_conv-bn  --output-dir outputs/sparknet-grow-dendrites-v3/gate_conv-bn/c6g4-seed0
research-0927e,outputs/sparknet-grow-dendrites-v3/gate_conv-bn/c9g8-seed0,True,False,True,uv run --env-file .env python -m kws.optimize.sparknet_grow_dendrites --data-config configs/data/speech_commands_v2_mfcc32_paper.yaml --model-config configs/model/sparknet_c9g8_paper.yaml --placement gate_conv --seed 0 --group-batchnorm --arm gate_conv-bn  --output-dir outputs/sparknet-grow-dendrites-v3/gate_conv-bn/c9g8-seed0
research-0927e,outputs/sparknet-grow-dendrites-v3/gate_conv-bn-sw5/c9g4-seed0,True,False,True,uv run --env-file .env python -m kws.optimize.sparknet_grow_dendrites --data-config configs/data/speech_commands_v2_mfcc32_paper.yaml --model-config configs/model/sparknet_c9g4_paper.yaml --placement gate_conv --seed 0 --group-batchnorm --arm gate_conv-bn-sw5 --switch-epoch 5 --output-dir outputs/sparknet-grow-dendrites-v3/gate_conv-bn-sw5/c9g4-seed0
research-0927e,outputs/sparknet-grow-dendrites-v3/gate_conv-bn/c9g4-seed1,True,False,True,uv run --env-file .env python -m kws.optimize.sparknet_grow_dendrites --data-config configs/data/speech_commands_v2_mfcc32_paper.yaml --model-config configs/model/sparknet_c9g4_paper.yaml --placement gate_conv --seed 1 --group-batchnorm --arm gate_conv-bn  --output-dir outputs/sparknet-grow-dendrites-v3/gate_conv-bn/c9g4-seed1
research-0927e,outputs/sparknet-grow-dendrites-v3/gate_conv-bn/c6g4-seed1,True,False,True,uv run --env-file .env python -m kws.optimize.sparknet_grow_dendrites --data-config configs/data/speech_commands_v2_mfcc32_paper.yaml --model-config configs/model/sparknet_c6g4_paper.yaml --placement gate_conv --seed 1 --group-batchnorm --arm gate_conv-bn  --output-dir outputs/sparknet-grow-dendrites-v3/gate_conv-bn/c6g4-seed1
research-0927e,outputs/sparknet-grow-dendrites-v3/gate_conv-bn/c9g8-seed1,True,False,True,uv run --env-file .env python -m kws.optimize.sparknet_grow_dendrites --data-config configs/data/speech_commands_v2_mfcc32_paper.yaml --model-config configs/model/sparknet_c9g8_paper.yaml --placement gate_conv --seed 1 --group-batchnorm --arm gate_conv-bn  --output-dir outputs/sparknet-grow-dendrites-v3/gate_conv-bn/c9g8-seed1
research-0927e,outputs/sparknet-grow-dendrites-v3/gate_conv-bn-sw5/c9g4-seed1,True,False,True,uv run --env-file .env python -m kws.optimize.sparknet_grow_dendrites --data-config configs/data/speech_commands_v2_mfcc32_paper.yaml --model-config configs/model/sparknet_c9g4_paper.yaml --placement gate_conv --seed 1 --group-batchnorm --arm gate_conv-bn-sw5 --switch-epoch 5 --output-dir outputs/sparknet-grow-dendrites-v3/gate_conv-bn-sw5/c9g4-seed1
research-0927e,outputs/sparknet-grow-dendrites-v3/gate_conv-bn/c9g4-seed2,True,False,True,uv run --env-file .env python -m kws.optimize.sparknet_grow_dendrites --data-config configs/data/speech_commands_v2_mfcc32_paper.yaml --model-config configs/model/sparknet_c9g4_paper.yaml --placement gate_conv --seed 2 --group-batchnorm --arm gate_conv-bn  --output-dir outputs/sparknet-grow-dendrites-v3/gate_conv-bn/c9g4-seed2
research-0927e,outputs/sparknet-grow-dendrites-v3/gate_conv-bn/c6g4-seed2,True,False,True,uv run --env-file .env python -m kws.optimize.sparknet_grow_dendrites --data-config configs/data/speech_commands_v2_mfcc32_paper.yaml --model-config configs/model/sparknet_c6g4_paper.yaml --placement gate_conv --seed 2 --group-batchnorm --arm gate_conv-bn  --output-dir outputs/sparknet-grow-dendrites-v3/gate_conv-bn/c6g4-seed2
research-0927e,outputs/sparknet-grow-dendrites-v3/gate_conv-bn/c9g8-seed2,True,False,True,uv run --env-file .env python -m kws.optimize.sparknet_grow_dendrites --data-config configs/data/speech_commands_v2_mfcc32_paper.yaml --model-config configs/model/sparknet_c9g8_paper.yaml --placement gate_conv --seed 2 --group-batchnorm --arm gate_conv-bn  --output-dir outputs/sparknet-grow-dendrites-v3/gate_conv-bn/c9g8-seed2
research-0927e,outputs/sparknet-grow-dendrites-v3/gate_conv-bn-sw5/c9g4-seed2,True,False,True,uv run --env-file .env python -m kws.optimize.sparknet_grow_dendrites --data-config configs/data/speech_commands_v2_mfcc32_paper.yaml --model-config configs/model/sparknet_c9g4_paper.yaml --placement gate_conv --seed 2 --group-batchnorm --arm gate_conv-bn-sw5 --switch-epoch 5 --output-dir outputs/sparknet-grow-dendrites-v3/gate_conv-bn-sw5/c9g4-seed2
research-0927e,outputs/sparknet-grow-dendrites-v3/gate_conv-bn/c9g4-seed3,True,False,True,uv run --env-file .env python -m kws.optimize.sparknet_grow_dendrites --data-config configs/data/speech_commands_v2_mfcc32_paper.yaml --model-config configs/model/sparknet_c9g4_paper.yaml --placement gate_conv --seed 3 --group-batchnorm --arm gate_conv-bn  --output-dir outputs/sparknet-grow-dendrites-v3/gate_conv-bn/c9g4-seed3
research-0927e,outputs/sparknet-grow-dendrites-v3/gate_conv-bn/c6g4-seed3,True,False,True,uv run --env-file .env python -m kws.optimize.sparknet_grow_dendrites --data-config configs/data/speech_commands_v2_mfcc32_paper.yaml --model-config configs/model/sparknet_c6g4_paper.yaml --placement gate_conv --seed 3 --group-batchnorm --arm gate_conv-bn  --output-dir outputs/sparknet-grow-dendrites-v3/gate_conv-bn/c6g4-seed3
research-0927e,outputs/sparknet-grow-dendrites-v3/gate_conv-bn/c9g8-seed3,True,False,True,uv run --env-file .env python -m kws.optimize.sparknet_grow_dendrites --data-config configs/data/speech_commands_v2_mfcc32_paper.yaml --model-config configs/model/sparknet_c9g8_paper.yaml --placement gate_conv --seed 3 --group-batchnorm --arm gate_conv-bn  --output-dir outputs/sparknet-grow-dendrites-v3/gate_conv-bn/c9g8-seed3
research-0927e,outputs/sparknet-grow-dendrites-v3/gate_conv-bn-sw5/c9g4-seed3,True,False,True,uv run --env-file .env python -m kws.optimize.sparknet_grow_dendrites --data-config configs/data/speech_commands_v2_mfcc32_paper.yaml --model-config configs/model/sparknet_c9g4_paper.yaml --placement gate_conv --seed 3 --group-batchnorm --arm gate_conv-bn-sw5 --switch-epoch 5 --output-dir outputs/sparknet-grow-dendrites-v3/gate_conv-bn-sw5/c9g4-seed3
research-0927e,outputs/sparknet-grow-dendrites-v3/gate_conv-bn/c9g4-seed4,True,False,True,uv run --env-file .env python -m kws.optimize.sparknet_grow_dendrites --data-config configs/data/speech_commands_v2_mfcc32_paper.yaml --model-config configs/model/sparknet_c9g4_paper.yaml --placement gate_conv --seed 4 --group-batchnorm --arm gate_conv-bn  --output-dir outputs/sparknet-grow-dendrites-v3/gate_conv-bn/c9g4-seed4
research-0927e,outputs/sparknet-grow-dendrites-v3/gate_conv-bn/c6g4-seed4,True,False,True,uv run --env-file .env python -m kws.optimize.sparknet_grow_dendrites --data-config configs/data/speech_commands_v2_mfcc32_paper.yaml --model-config configs/model/sparknet_c6g4_paper.yaml --placement gate_conv --seed 4 --group-batchnorm --arm gate_conv-bn  --output-dir outputs/sparknet-grow-dendrites-v3/gate_conv-bn/c6g4-seed4
research-0927e,outputs/sparknet-grow-dendrites-v3/gate_conv-bn/c9g8-seed4,True,False,True,uv run --env-file .env python -m kws.optimize.sparknet_grow_dendrites --data-config configs/data/speech_commands_v2_mfcc32_paper.yaml --model-config configs/model/sparknet_c9g8_paper.yaml --placement gate_conv --seed 4 --group-batchnorm --arm gate_conv-bn  --output-dir outputs/sparknet-grow-dendrites-v3/gate_conv-bn/c9g8-seed4
research-0927e,outputs/sparknet-grow-dendrites-v3/gate_conv-bn-sw5/c9g4-seed4,True,False,True,uv run --env-file .env python -m kws.optimize.sparknet_grow_dendrites --data-config configs/data/speech_commands_v2_mfcc32_paper.yaml --model-config configs/model/sparknet_c9g4_paper.yaml --placement gate_conv --seed 4 --group-batchnorm --arm gate_conv-bn-sw5 --switch-epoch 5 --output-dir outputs/sparknet-grow-dendrites-v3/gate_conv-bn-sw5/c9g4-seed4
research-0927e,outputs/sparknet-dendritic-study-v2/scratch/c9g4-seed3,True,False,True,uv run --env-file .env python -m kws.train --data-config configs/data/speech_commands_v2_mfcc32_paper.yaml --model-config configs/model/sparknet_c9g4_paper.yaml --train-config configs/train/sparknet_narrow_paper_fast_io.yaml --stage paper_replication --seed 3 --output-dir outputs/sparknet-dendritic-study-v2/scratch/c9g4-seed3
research-0927e,outputs/sparknet-dendritic-study-v2/scratch/c6g4-seed3,True,False,True,uv run --env-file .env python -m kws.train --data-config configs/data/speech_commands_v2_mfcc32_paper.yaml --model-config configs/model/sparknet_c6g4_paper.yaml --train-config configs/train/sparknet_narrow_paper_fast_io.yaml --stage paper_replication --seed 3 --output-dir outputs/sparknet-dendritic-study-v2/scratch/c6g4-seed3
research-0927e,outputs/sparknet-dendritic-study-v2/scratch/c9g4-seed4,True,False,True,uv run --env-file .env python -m kws.train --data-config configs/data/speech_commands_v2_mfcc32_paper.yaml --model-config configs/model/sparknet_c9g4_paper.yaml --train-config configs/train/sparknet_narrow_paper_fast_io.yaml --stage paper_replication --seed 4 --output-dir outputs/sparknet-dendritic-study-v2/scratch/c9g4-seed4
research-0927e,outputs/sparknet-dendritic-study-v2/scratch/c6g4-seed4,True,False,True,uv run --env-file .env python -m kws.train --data-config configs/data/speech_commands_v2_mfcc32_paper.yaml --model-config configs/model/sparknet_c6g4_paper.yaml --train-config configs/train/sparknet_narrow_paper_fast_io.yaml --stage paper_replication --seed 4 --output-dir outputs/sparknet-dendritic-study-v2/scratch/c6g4-seed4
research-0927f,outputs/sparknet-native-dendrites/d18k2f4g16-seed0,True,False,True,uv run --env-file .env python -m kws.train --data-config configs/data/speech_commands_v2_mfcc32_paper.yaml --train-config configs/train/sparknet_narrow_paper_fast_io.yaml --stage paper_replication --model-config configs/model/sparknet_d18k2f4g16_paper.yaml --seed 0 --output-dir outputs/sparknet-native-dendrites/d18k2f4g16-seed0
research-0927f,outputs/sparknet-native-dendrites/d16k4f4g16-seed0,True,False,True,uv run --env-file .env python -m kws.train --data-config configs/data/speech_commands_v2_mfcc32_paper.yaml --train-config configs/train/sparknet_narrow_paper_fast_io.yaml --stage paper_replication --model-config configs/model/sparknet_d16k4f4g16_paper.yaml --seed 0 --output-dir outputs/sparknet-native-dendrites/d16k4f4g16-seed0
research-0927f,outputs/sparknet-native-dendrites/d14k2f3g16-seed0,True,False,True,uv run --env-file .env python -m kws.train --data-config configs/data/speech_commands_v2_mfcc32_paper.yaml --train-config configs/train/sparknet_narrow_paper_fast_io.yaml --stage paper_replication --model-config configs/model/sparknet_d14k2f3g16_paper.yaml --seed 0 --output-dir outputs/sparknet-native-dendrites/d14k2f3g16-seed0
research-0927f,outputs/sparknet-native-dendrites/d20k2f3g16-seed0,True,False,True,uv run --env-file .env python -m kws.train --data-config configs/data/speech_commands_v2_mfcc32_paper.yaml --train-config configs/train/sparknet_narrow_paper_fast_io.yaml --stage paper_replication --model-config configs/model/sparknet_d20k2f3g16_paper.yaml --seed 0 --output-dir outputs/sparknet-native-dendrites/d20k2f3g16-seed0
research-0927f,outputs/sparknet-native-dendrites/d18k2f4g16-seed1,True,False,True,uv run --env-file .env python -m kws.train --data-config configs/data/speech_commands_v2_mfcc32_paper.yaml --train-config configs/train/sparknet_narrow_paper_fast_io.yaml --stage paper_replication --model-config configs/model/sparknet_d18k2f4g16_paper.yaml --seed 1 --output-dir outputs/sparknet-native-dendrites/d18k2f4g16-seed1
research-0927f,outputs/sparknet-native-dendrites/d16k4f4g16-seed1,True,False,True,uv run --env-file .env python -m kws.train --data-config configs/data/speech_commands_v2_mfcc32_paper.yaml --train-config configs/train/sparknet_narrow_paper_fast_io.yaml --stage paper_replication --model-config configs/model/sparknet_d16k4f4g16_paper.yaml --seed 1 --output-dir outputs/sparknet-native-dendrites/d16k4f4g16-seed1
research-0927f,outputs/sparknet-native-dendrites/d14k2f3g16-seed1,True,False,True,uv run --env-file .env python -m kws.train --data-config configs/data/speech_commands_v2_mfcc32_paper.yaml --train-config configs/train/sparknet_narrow_paper_fast_io.yaml --stage paper_replication --model-config configs/model/sparknet_d14k2f3g16_paper.yaml --seed 1 --output-dir outputs/sparknet-native-dendrites/d14k2f3g16-seed1
research-0927f,outputs/sparknet-native-dendrites/d20k2f3g16-seed1,True,False,True,uv run --env-file .env python -m kws.train --data-config configs/data/speech_commands_v2_mfcc32_paper.yaml --train-config configs/train/sparknet_narrow_paper_fast_io.yaml --stage paper_replication --model-config configs/model/sparknet_d20k2f3g16_paper.yaml --seed 1 --output-dir outputs/sparknet-native-dendrites/d20k2f3g16-seed1
research-0927f,outputs/sparknet-native-dendrites/d18k2f4g16-seed2,True,False,True,uv run --env-file .env python -m kws.train --data-config configs/data/speech_commands_v2_mfcc32_paper.yaml --train-config configs/train/sparknet_narrow_paper_fast_io.yaml --stage paper_replication --model-config configs/model/sparknet_d18k2f4g16_paper.yaml --seed 2 --output-dir outputs/sparknet-native-dendrites/d18k2f4g16-seed2
research-0927f,outputs/sparknet-native-dendrites/d16k4f4g16-seed2,True,False,True,uv run --env-file .env python -m kws.train --data-config configs/data/speech_commands_v2_mfcc32_paper.yaml --train-config configs/train/sparknet_narrow_paper_fast_io.yaml --stage paper_replication --model-config configs/model/sparknet_d16k4f4g16_paper.yaml --seed 2 --output-dir outputs/sparknet-native-dendrites/d16k4f4g16-seed2
research-0927f,outputs/sparknet-native-dendrites/d14k2f3g16-seed2,True,False,True,uv run --env-file .env python -m kws.train --data-config configs/data/speech_commands_v2_mfcc32_paper.yaml --train-config configs/train/sparknet_narrow_paper_fast_io.yaml --stage paper_replication --model-config configs/model/sparknet_d14k2f3g16_paper.yaml --seed 2 --output-dir outputs/sparknet-native-dendrites/d14k2f3g16-seed2
research-0927f,outputs/sparknet-native-dendrites/d20k2f3g16-seed2,True,False,True,uv run --env-file .env python -m kws.train --data-config configs/data/speech_commands_v2_mfcc32_paper.yaml --train-config configs/train/sparknet_narrow_paper_fast_io.yaml --stage paper_replication --model-config configs/model/sparknet_d20k2f3g16_paper.yaml --seed 2 --output-dir outputs/sparknet-native-dendrites/d20k2f3g16-seed2
research-0927f,outputs/sparknet-native-dendrites/d18k2f4g16-seed3,True,False,True,uv run --env-file .env python -m kws.train --data-config configs/data/speech_commands_v2_mfcc32_paper.yaml --train-config configs/train/sparknet_narrow_paper_fast_io.yaml --stage paper_replication --model-config configs/model/sparknet_d18k2f4g16_paper.yaml --seed 3 --output-dir outputs/sparknet-native-dendrites/d18k2f4g16-seed3
research-0927f,outputs/sparknet-native-dendrites/d16k4f4g16-seed3,True,False,True,uv run --env-file .env python -m kws.train --data-config configs/data/speech_commands_v2_mfcc32_paper.yaml --train-config configs/train/sparknet_narrow_paper_fast_io.yaml --stage paper_replication --model-config configs/model/sparknet_d16k4f4g16_paper.yaml --seed 3 --output-dir outputs/sparknet-native-dendrites/d16k4f4g16-seed3
research-0927f,outputs/sparknet-native-dendrites/d14k2f3g16-seed3,True,False,True,uv run --env-file .env python -m kws.train --data-config configs/data/speech_commands_v2_mfcc32_paper.yaml --train-config configs/train/sparknet_narrow_paper_fast_io.yaml --stage paper_replication --model-config configs/model/sparknet_d14k2f3g16_paper.yaml --seed 3 --output-dir outputs/sparknet-native-dendrites/d14k2f3g16-seed3
research-0927f,outputs/sparknet-native-dendrites/d20k2f3g16-seed3,True,False,True,uv run --env-file .env python -m kws.train --data-config configs/data/speech_commands_v2_mfcc32_paper.yaml --train-config configs/train/sparknet_narrow_paper_fast_io.yaml --stage paper_replication --model-config configs/model/sparknet_d20k2f3g16_paper.yaml --seed 3 --output-dir outputs/sparknet-native-dendrites/d20k2f3g16-seed3
research-0927f,outputs/sparknet-native-dendrites/d18k2f4g16-seed4,True,False,True,uv run --env-file .env python -m kws.train --data-config configs/data/speech_commands_v2_mfcc32_paper.yaml --train-config configs/train/sparknet_narrow_paper_fast_io.yaml --stage paper_replication --model-config configs/model/sparknet_d18k2f4g16_paper.yaml --seed 4 --output-dir outputs/sparknet-native-dendrites/d18k2f4g16-seed4
research-0927f,outputs/sparknet-native-dendrites/d16k4f4g16-seed4,True,False,True,uv run --env-file .env python -m kws.train --data-config configs/data/speech_commands_v2_mfcc32_paper.yaml --train-config configs/train/sparknet_narrow_paper_fast_io.yaml --stage paper_replication --model-config configs/model/sparknet_d16k4f4g16_paper.yaml --seed 4 --output-dir outputs/sparknet-native-dendrites/d16k4f4g16-seed4
research-0927f,outputs/sparknet-native-dendrites/d14k2f3g16-seed4,True,False,True,uv run --env-file .env python -m kws.train --data-config configs/data/speech_commands_v2_mfcc32_paper.yaml --train-config configs/train/sparknet_narrow_paper_fast_io.yaml --stage paper_replication --model-config configs/model/sparknet_d14k2f3g16_paper.yaml --seed 4 --output-dir outputs/sparknet-native-dendrites/d14k2f3g16-seed4
research-0927f,outputs/sparknet-native-dendrites/d20k2f3g16-seed4,True,False,True,uv run --env-file .env python -m kws.train --data-config configs/data/speech_commands_v2_mfcc32_paper.yaml --train-config configs/train/sparknet_narrow_paper_fast_io.yaml --stage paper_replication --model-config configs/model/sparknet_d20k2f3g16_paper.yaml --seed 4 --output-dir outputs/sparknet-native-dendrites/d20k2f3g16-seed4
research-0927f,outputs/sparknet-dendritic-study-v2/scratch/c17g16-seed3,True,False,True,uv run --env-file .env python -m kws.train --data-config configs/data/speech_commands_v2_mfcc32_paper.yaml --train-config configs/train/sparknet_narrow_paper_fast_io.yaml --stage paper_replication --model-config configs/model/sparknet_c17g16_paper.yaml --seed 3 --output-dir outputs/sparknet-dendritic-study-v2/scratch/c17g16-seed3
research-0927f,outputs/sparknet-dendritic-study-v2/scratch/c18g16-seed3,True,False,True,uv run --env-file .env python -m kws.train --data-config configs/data/speech_commands_v2_mfcc32_paper.yaml --train-config configs/train/sparknet_narrow_paper_fast_io.yaml --stage paper_replication --model-config configs/model/sparknet_c18g16_paper.yaml --seed 3 --output-dir outputs/sparknet-dendritic-study-v2/scratch/c18g16-seed3
research-0927f,outputs/sparknet-dendritic-study-v2/scratch/c17g16-seed4,True,False,True,uv run --env-file .env python -m kws.train --data-config configs/data/speech_commands_v2_mfcc32_paper.yaml --train-config configs/train/sparknet_narrow_paper_fast_io.yaml --stage paper_replication --model-config configs/model/sparknet_c17g16_paper.yaml --seed 4 --output-dir outputs/sparknet-dendritic-study-v2/scratch/c17g16-seed4
research-0927f,outputs/sparknet-dendritic-study-v2/scratch/c18g16-seed4,True,False,True,uv run --env-file .env python -m kws.train --data-config configs/data/speech_commands_v2_mfcc32_paper.yaml --train-config configs/train/sparknet_narrow_paper_fast_io.yaml --stage paper_replication --model-config configs/model/sparknet_c18g16_paper.yaml --seed 4 --output-dir outputs/sparknet-dendritic-study-v2/scratch/c18g16-seed4
research-0927f,outputs/sparknet-dendritic-study-v2/scratch/c16g16-seed1,True,False,True,uv run --env-file .env python -m kws.train --data-config configs/data/speech_commands_v2_mfcc32_paper.yaml --train-config configs/train/sparknet_narrow_paper_fast_io.yaml --stage paper_replication --model-config configs/model/sparknet_c16g16_paper.yaml --seed 1 --output-dir outputs/sparknet-dendritic-study-v2/scratch/c16g16-seed1
research-0927f,outputs/sparknet-dendritic-study-v2/scratch/c16g16-seed2,True,False,True,uv run --env-file .env python -m kws.train --data-config configs/data/speech_commands_v2_mfcc32_paper.yaml --train-config configs/train/sparknet_narrow_paper_fast_io.yaml --stage paper_replication --model-config configs/model/sparknet_c16g16_paper.yaml --seed 2 --output-dir outputs/sparknet-dendritic-study-v2/scratch/c16g16-seed2
research-0927f,outputs/sparknet-dendritic-study-v2/scratch/c16g16-seed3,True,False,True,uv run --env-file .env python -m kws.train --data-config configs/data/speech_commands_v2_mfcc32_paper.yaml --train-config configs/train/sparknet_narrow_paper_fast_io.yaml --stage paper_replication --model-config configs/model/sparknet_c16g16_paper.yaml --seed 3 --output-dir outputs/sparknet-dendritic-study-v2/scratch/c16g16-seed3
research-0927f,outputs/sparknet-dendritic-study-v2/scratch/c16g16-seed4,True,False,True,uv run --env-file .env python -m kws.train --data-config configs/data/speech_commands_v2_mfcc32_paper.yaml --train-config configs/train/sparknet_narrow_paper_fast_io.yaml --stage paper_replication --model-config configs/model/sparknet_c16g16_paper.yaml --seed 4 --output-dir outputs/sparknet-dendritic-study-v2/scratch/c16g16-seed4
research-0927f,outputs/sparknet-dendritic-study-v2/scratch/c14g16-seed0,True,False,True,uv run --env-file .env python -m kws.train --data-config configs/data/speech_commands_v2_mfcc32_paper.yaml --train-config configs/train/sparknet_narrow_paper_fast_io.yaml --stage paper_replication --model-config configs/model/sparknet_c14g16_paper.yaml --seed 0 --output-dir outputs/sparknet-dendritic-study-v2/scratch/c14g16-seed0
research-0927f,outputs/sparknet-dendritic-study-v2/scratch/c14g16-seed1,True,False,True,uv run --env-file .env python -m kws.train --data-config configs/data/speech_commands_v2_mfcc32_paper.yaml --train-config configs/train/sparknet_narrow_paper_fast_io.yaml --stage paper_replication --model-config configs/model/sparknet_c14g16_paper.yaml --seed 1 --output-dir outputs/sparknet-dendritic-study-v2/scratch/c14g16-seed1
research-0927f,outputs/sparknet-dendritic-study-v2/scratch/c14g16-seed2,True,False,True,uv run --env-file .env python -m kws.train --data-config configs/data/speech_commands_v2_mfcc32_paper.yaml --train-config configs/train/sparknet_narrow_paper_fast_io.yaml --stage paper_replication --model-config configs/model/sparknet_c14g16_paper.yaml --seed 2 --output-dir outputs/sparknet-dendritic-study-v2/scratch/c14g16-seed2
research-0927f,outputs/sparknet-dendritic-study-v2/scratch/c14g16-seed3,True,False,True,uv run --env-file .env python -m kws.train --data-config configs/data/speech_commands_v2_mfcc32_paper.yaml --train-config configs/train/sparknet_narrow_paper_fast_io.yaml --stage paper_replication --model-config configs/model/sparknet_c14g16_paper.yaml --seed 3 --output-dir outputs/sparknet-dendritic-study-v2/scratch/c14g16-seed3
research-0927f,outputs/sparknet-dendritic-study-v2/scratch/c14g16-seed4,True,False,True,uv run --env-file .env python -m kws.train --data-config configs/data/speech_commands_v2_mfcc32_paper.yaml --train-config configs/train/sparknet_narrow_paper_fast_io.yaml --stage paper_replication --model-config configs/model/sparknet_c14g16_paper.yaml --seed 4 --output-dir outputs/sparknet-dendritic-study-v2/scratch/c14g16-seed4
research-0927f,outputs/sparknet-dendritic-study-v2/scratch/c19g16-seed0,True,False,True,uv run --env-file .env python -m kws.train --data-config configs/data/speech_commands_v2_mfcc32_paper.yaml --train-config configs/train/sparknet_narrow_paper_fast_io.yaml --stage paper_replication --model-config configs/model/sparknet_c19g16_paper.yaml --seed 0 --output-dir outputs/sparknet-dendritic-study-v2/scratch/c19g16-seed0
research-0927f,outputs/sparknet-dendritic-study-v2/scratch/c19g16-seed1,True,False,True,uv run --env-file .env python -m kws.train --data-config configs/data/speech_commands_v2_mfcc32_paper.yaml --train-config configs/train/sparknet_narrow_paper_fast_io.yaml --stage paper_replication --model-config configs/model/sparknet_c19g16_paper.yaml --seed 1 --output-dir outputs/sparknet-dendritic-study-v2/scratch/c19g16-seed1
research-0927f,outputs/sparknet-dendritic-study-v2/scratch/c19g16-seed2,True,False,True,uv run --env-file .env python -m kws.train --data-config configs/data/speech_commands_v2_mfcc32_paper.yaml --train-config configs/train/sparknet_narrow_paper_fast_io.yaml --stage paper_replication --model-config configs/model/sparknet_c19g16_paper.yaml --seed 2 --output-dir outputs/sparknet-dendritic-study-v2/scratch/c19g16-seed2
research-0927g,outputs/sparknet-native-dendrites/a16k1f16b1g16-seed0,True,False,True,uv run --env-file .env python -m kws.train --data-config configs/data/speech_commands_v2_mfcc32_paper.yaml --train-config configs/train/sparknet_narrow_paper_fast_io.yaml --stage paper_replication --model-config configs/model/sparknet_a16k1f16b1g16_paper.yaml --seed 0 --output-dir outputs/sparknet-native-dendrites/a16k1f16b1g16-seed0
research-0927g,outputs/sparknet-native-dendrites/a16k1f4g16-seed0,True,False,True,uv run --env-file .env python -m kws.train --data-config configs/data/speech_commands_v2_mfcc32_paper.yaml --train-config configs/train/sparknet_narrow_paper_fast_io.yaml --stage paper_replication --model-config configs/model/sparknet_a16k1f4g16_paper.yaml --seed 0 --output-dir outputs/sparknet-native-dendrites/a16k1f4g16-seed0
research-0927g,outputs/sparknet-native-dendrites/a16k2f4g16-seed0,True,False,True,uv run --env-file .env python -m kws.train --data-config configs/data/speech_commands_v2_mfcc32_paper.yaml --train-config configs/train/sparknet_narrow_paper_fast_io.yaml --stage paper_replication --model-config configs/model/sparknet_a16k2f4g16_paper.yaml --seed 0 --output-dir outputs/sparknet-native-dendrites/a16k2f4g16-seed0
research-0927g,outputs/sparknet-native-dendrites/a12k2f3g16-seed0,True,False,True,uv run --env-file .env python -m kws.train --data-config configs/data/speech_commands_v2_mfcc32_paper.yaml --train-config configs/train/sparknet_narrow_paper_fast_io.yaml --stage paper_replication --model-config configs/model/sparknet_a12k2f3g16_paper.yaml --seed 0 --output-dir outputs/sparknet-native-dendrites/a12k2f3g16-seed0
research-0927g,outputs/sparknet-native-dendrites/a16k1f16b1g16-seed1,True,False,True,uv run --env-file .env python -m kws.train --data-config configs/data/speech_commands_v2_mfcc32_paper.yaml --train-config configs/train/sparknet_narrow_paper_fast_io.yaml --stage paper_replication --model-config configs/model/sparknet_a16k1f16b1g16_paper.yaml --seed 1 --output-dir outputs/sparknet-native-dendrites/a16k1f16b1g16-seed1
research-0927g,outputs/sparknet-native-dendrites/a16k1f4g16-seed1,True,False,True,uv run --env-file .env python -m kws.train --data-config configs/data/speech_commands_v2_mfcc32_paper.yaml --train-config configs/train/sparknet_narrow_paper_fast_io.yaml --stage paper_replication --model-config configs/model/sparknet_a16k1f4g16_paper.yaml --seed 1 --output-dir outputs/sparknet-native-dendrites/a16k1f4g16-seed1
research-0927g,outputs/sparknet-native-dendrites/a16k2f4g16-seed1,True,False,True,uv run --env-file .env python -m kws.train --data-config configs/data/speech_commands_v2_mfcc32_paper.yaml --train-config configs/train/sparknet_narrow_paper_fast_io.yaml --stage paper_replication --model-config configs/model/sparknet_a16k2f4g16_paper.yaml --seed 1 --output-dir outputs/sparknet-native-dendrites/a16k2f4g16-seed1
research-0927g,outputs/sparknet-native-dendrites/a12k2f3g16-seed1,True,False,True,uv run --env-file .env python -m kws.train --data-config configs/data/speech_commands_v2_mfcc32_paper.yaml --train-config configs/train/sparknet_narrow_paper_fast_io.yaml --stage paper_replication --model-config configs/model/sparknet_a12k2f3g16_paper.yaml --seed 1 --output-dir outputs/sparknet-native-dendrites/a12k2f3g16-seed1
research-0927g,outputs/sparknet-native-dendrites/a16k1f16b1g16-seed2,True,False,True,uv run --env-file .env python -m kws.train --data-config configs/data/speech_commands_v2_mfcc32_paper.yaml --train-config configs/train/sparknet_narrow_paper_fast_io.yaml --stage paper_replication --model-config configs/model/sparknet_a16k1f16b1g16_paper.yaml --seed 2 --output-dir outputs/sparknet-native-dendrites/a16k1f16b1g16-seed2
research-0927g,outputs/sparknet-native-dendrites/a16k1f4g16-seed2,True,False,True,uv run --env-file .env python -m kws.train --data-config configs/data/speech_commands_v2_mfcc32_paper.yaml --train-config configs/train/sparknet_narrow_paper_fast_io.yaml --stage paper_replication --model-config configs/model/sparknet_a16k1f4g16_paper.yaml --seed 2 --output-dir outputs/sparknet-native-dendrites/a16k1f4g16-seed2
research-0927g,outputs/sparknet-native-dendrites/a16k2f4g16-seed2,True,False,True,uv run --env-file .env python -m kws.train --data-config configs/data/speech_commands_v2_mfcc32_paper.yaml --train-config configs/train/sparknet_narrow_paper_fast_io.yaml --stage paper_replication --model-config configs/model/sparknet_a16k2f4g16_paper.yaml --seed 2 --output-dir outputs/sparknet-native-dendrites/a16k2f4g16-seed2
research-0927g,outputs/sparknet-native-dendrites/a12k2f3g16-seed2,True,False,True,uv run --env-file .env python -m kws.train --data-config configs/data/speech_commands_v2_mfcc32_paper.yaml --train-config configs/train/sparknet_narrow_paper_fast_io.yaml --stage paper_replication --model-config configs/model/sparknet_a12k2f3g16_paper.yaml --seed 2 --output-dir outputs/sparknet-native-dendrites/a12k2f3g16-seed2
research-0927g,outputs/sparknet-native-dendrites/a16k1f16b1g16-seed3,True,False,True,uv run --env-file .env python -m kws.train --data-config configs/data/speech_commands_v2_mfcc32_paper.yaml --train-config configs/train/sparknet_narrow_paper_fast_io.yaml --stage paper_replication --model-config configs/model/sparknet_a16k1f16b1g16_paper.yaml --seed 3 --output-dir outputs/sparknet-native-dendrites/a16k1f16b1g16-seed3
research-0927g,outputs/sparknet-native-dendrites/a16k1f4g16-seed3,True,False,True,uv run --env-file .env python -m kws.train --data-config configs/data/speech_commands_v2_mfcc32_paper.yaml --train-config configs/train/sparknet_narrow_paper_fast_io.yaml --stage paper_replication --model-config configs/model/sparknet_a16k1f4g16_paper.yaml --seed 3 --output-dir outputs/sparknet-native-dendrites/a16k1f4g16-seed3
research-0927g,outputs/sparknet-native-dendrites/a16k2f4g16-seed3,True,False,True,uv run --env-file .env python -m kws.train --data-config configs/data/speech_commands_v2_mfcc32_paper.yaml --train-config configs/train/sparknet_narrow_paper_fast_io.yaml --stage paper_replication --model-config configs/model/sparknet_a16k2f4g16_paper.yaml --seed 3 --output-dir outputs/sparknet-native-dendrites/a16k2f4g16-seed3
research-0927g,outputs/sparknet-native-dendrites/a12k2f3g16-seed3,True,False,True,uv run --env-file .env python -m kws.train --data-config configs/data/speech_commands_v2_mfcc32_paper.yaml --train-config configs/train/sparknet_narrow_paper_fast_io.yaml --stage paper_replication --model-config configs/model/sparknet_a12k2f3g16_paper.yaml --seed 3 --output-dir outputs/sparknet-native-dendrites/a12k2f3g16-seed3
research-0927g,outputs/sparknet-native-dendrites/a16k1f16b1g16-seed4,True,False,True,uv run --env-file .env python -m kws.train --data-config configs/data/speech_commands_v2_mfcc32_paper.yaml --train-config configs/train/sparknet_narrow_paper_fast_io.yaml --stage paper_replication --model-config configs/model/sparknet_a16k1f16b1g16_paper.yaml --seed 4 --output-dir outputs/sparknet-native-dendrites/a16k1f16b1g16-seed4
research-0927g,outputs/sparknet-native-dendrites/a16k1f4g16-seed4,True,False,True,uv run --env-file .env python -m kws.train --data-config configs/data/speech_commands_v2_mfcc32_paper.yaml --train-config configs/train/sparknet_narrow_paper_fast_io.yaml --stage paper_replication --model-config configs/model/sparknet_a16k1f4g16_paper.yaml --seed 4 --output-dir outputs/sparknet-native-dendrites/a16k1f4g16-seed4
research-0927g,outputs/sparknet-native-dendrites/a16k2f4g16-seed4,True,False,True,uv run --env-file .env python -m kws.train --data-config configs/data/speech_commands_v2_mfcc32_paper.yaml --train-config configs/train/sparknet_narrow_paper_fast_io.yaml --stage paper_replication --model-config configs/model/sparknet_a16k2f4g16_paper.yaml --seed 4 --output-dir outputs/sparknet-native-dendrites/a16k2f4g16-seed4
research-0927g,outputs/sparknet-native-dendrites/a12k2f3g16-seed4,True,False,True,uv run --env-file .env python -m kws.train --data-config configs/data/speech_commands_v2_mfcc32_paper.yaml --train-config configs/train/sparknet_narrow_paper_fast_io.yaml --stage paper_replication --model-config configs/model/sparknet_a12k2f3g16_paper.yaml --seed 4 --output-dir outputs/sparknet-native-dendrites/a12k2f3g16-seed4
research-0927g,outputs/sparknet-dendritic-study-v2/scratch/c13g16-seed0,True,False,True,uv run --env-file .env python -m kws.train --data-config configs/data/speech_commands_v2_mfcc32_paper.yaml --train-config configs/train/sparknet_narrow_paper_fast_io.yaml --stage paper_replication --model-config configs/model/sparknet_c13g16_paper.yaml --seed 0 --output-dir outputs/sparknet-dendritic-study-v2/scratch/c13g16-seed0
research-0927g,outputs/sparknet-dendritic-study-v2/scratch/c13g16-seed1,True,False,True,uv run --env-file .env python -m kws.train --data-config configs/data/speech_commands_v2_mfcc32_paper.yaml --train-config configs/train/sparknet_narrow_paper_fast_io.yaml --stage paper_replication --model-config configs/model/sparknet_c13g16_paper.yaml --seed 1 --output-dir outputs/sparknet-dendritic-study-v2/scratch/c13g16-seed1
research-0927g,outputs/sparknet-dendritic-study-v2/scratch/c13g16-seed2,True,False,True,uv run --env-file .env python -m kws.train --data-config configs/data/speech_commands_v2_mfcc32_paper.yaml --train-config configs/train/sparknet_narrow_paper_fast_io.yaml --stage paper_replication --model-config configs/model/sparknet_c13g16_paper.yaml --seed 2 --output-dir outputs/sparknet-dendritic-study-v2/scratch/c13g16-seed2
research-0927g,outputs/sparknet-dendritic-study-v2/scratch/c13g16-seed3,True,False,True,uv run --env-file .env python -m kws.train --data-config configs/data/speech_commands_v2_mfcc32_paper.yaml --train-config configs/train/sparknet_narrow_paper_fast_io.yaml --stage paper_replication --model-config configs/model/sparknet_c13g16_paper.yaml --seed 3 --output-dir outputs/sparknet-dendritic-study-v2/scratch/c13g16-seed3
research-0927g,outputs/sparknet-dendritic-study-v2/scratch/c13g16-seed4,True,False,True,uv run --env-file .env python -m kws.train --data-config configs/data/speech_commands_v2_mfcc32_paper.yaml --train-config configs/train/sparknet_narrow_paper_fast_io.yaml --stage paper_replication --model-config configs/model/sparknet_c13g16_paper.yaml --seed 4 --output-dir outputs/sparknet-dendritic-study-v2/scratch/c13g16-seed4
research-0927g,outputs/sparknet-dendritic-study-v2/scratch/c12g16-seed3,True,False,True,uv run --env-file .env python -m kws.train --data-config configs/data/speech_commands_v2_mfcc32_paper.yaml --train-config configs/train/sparknet_narrow_paper_fast_io.yaml --stage paper_replication --model-config configs/model/sparknet_c12g16_paper.yaml --seed 3 --output-dir outputs/sparknet-dendritic-study-v2/scratch/c12g16-seed3
research-0927g,outputs/sparknet-dendritic-study-v2/scratch/c19g16-seed3,True,False,True,uv run --env-file .env python -m kws.train --data-config configs/data/speech_commands_v2_mfcc32_paper.yaml --train-config configs/train/sparknet_narrow_paper_fast_io.yaml --stage paper_replication --model-config configs/model/sparknet_c19g16_paper.yaml --seed 3 --output-dir outputs/sparknet-dendritic-study-v2/scratch/c19g16-seed3
research-0927g,outputs/sparknet-dendritic-study-v2/scratch/c12g16-seed4,True,False,True,uv run --env-file .env python -m kws.train --data-config configs/data/speech_commands_v2_mfcc32_paper.yaml --train-config configs/train/sparknet_narrow_paper_fast_io.yaml --stage paper_replication --model-config configs/model/sparknet_c12g16_paper.yaml --seed 4 --output-dir outputs/sparknet-dendritic-study-v2/scratch/c12g16-seed4
research-0927g,outputs/sparknet-dendritic-study-v2/scratch/c19g16-seed4,True,False,True,uv run --env-file .env python -m kws.train --data-config configs/data/speech_commands_v2_mfcc32_paper.yaml --train-config configs/train/sparknet_narrow_paper_fast_io.yaml --stage paper_replication --model-config configs/model/sparknet_c19g16_paper.yaml --seed 4 --output-dir outputs/sparknet-dendritic-study-v2/scratch/c19g16-seed4
research-0928a,outputs/sparknet-native-dendrites/b0a16k2f8g16-seed0,True,False,True,uv run --env-file .env python -m kws.train --data-config configs/data/speech_commands_v2_mfcc32_paper.yaml --train-config configs/train/sparknet_narrow_paper_fast_io.yaml --stage paper_replication --model-config configs/model/sparknet_b0a16k2f8g16_paper.yaml --seed 0 --output-dir outputs/sparknet-native-dendrites/b0a16k2f8g16-seed0
research-0928a,outputs/sparknet-native-dendrites/b0a9k1f8g12-seed0,True,False,True,uv run --env-file .env python -m kws.train --data-config configs/data/speech_commands_v2_mfcc32_paper.yaml --train-config configs/train/sparknet_narrow_paper_fast_io.yaml --stage paper_replication --model-config configs/model/sparknet_b0a9k1f8g12_paper.yaml --seed 0 --output-dir outputs/sparknet-native-dendrites/b0a9k1f8g12-seed0
research-0928a,outputs/sparknet-native-dendrites/b0a16k4f4g16-seed0,True,False,True,uv run --env-file .env python -m kws.train --data-config configs/data/speech_commands_v2_mfcc32_paper.yaml --train-config configs/train/sparknet_narrow_paper_fast_io.yaml --stage paper_replication --model-config configs/model/sparknet_b0a16k4f4g16_paper.yaml --seed 0 --output-dir outputs/sparknet-native-dendrites/b0a16k4f4g16-seed0
research-0928a,outputs/sparknet-native-dendrites/b0a9k2f8g12-seed0,True,False,True,uv run --env-file .env python -m kws.train --data-config configs/data/speech_commands_v2_mfcc32_paper.yaml --train-config configs/train/sparknet_narrow_paper_fast_io.yaml --stage paper_replication --model-config configs/model/sparknet_b0a9k2f8g12_paper.yaml --seed 0 --output-dir outputs/sparknet-native-dendrites/b0a9k2f8g12-seed0
research-0928a,outputs/sparknet-native-dendrites/b0a16k2f8g16-seed1,True,False,True,uv run --env-file .env python -m kws.train --data-config configs/data/speech_commands_v2_mfcc32_paper.yaml --train-config configs/train/sparknet_narrow_paper_fast_io.yaml --stage paper_replication --model-config configs/model/sparknet_b0a16k2f8g16_paper.yaml --seed 1 --output-dir outputs/sparknet-native-dendrites/b0a16k2f8g16-seed1
research-0928a,outputs/sparknet-native-dendrites/b0a9k1f8g12-seed1,True,False,True,uv run --env-file .env python -m kws.train --data-config configs/data/speech_commands_v2_mfcc32_paper.yaml --train-config configs/train/sparknet_narrow_paper_fast_io.yaml --stage paper_replication --model-config configs/model/sparknet_b0a9k1f8g12_paper.yaml --seed 1 --output-dir outputs/sparknet-native-dendrites/b0a9k1f8g12-seed1
research-0928a,outputs/sparknet-native-dendrites/b0a16k4f4g16-seed1,True,False,True,uv run --env-file .env python -m kws.train --data-config configs/data/speech_commands_v2_mfcc32_paper.yaml --train-config configs/train/sparknet_narrow_paper_fast_io.yaml --stage paper_replication --model-config configs/model/sparknet_b0a16k4f4g16_paper.yaml --seed 1 --output-dir outputs/sparknet-native-dendrites/b0a16k4f4g16-seed1
research-0928a,outputs/sparknet-native-dendrites/b0a9k2f8g12-seed1,True,False,True,uv run --env-file .env python -m kws.train --data-config configs/data/speech_commands_v2_mfcc32_paper.yaml --train-config configs/train/sparknet_narrow_paper_fast_io.yaml --stage paper_replication --model-config configs/model/sparknet_b0a9k2f8g12_paper.yaml --seed 1 --output-dir outputs/sparknet-native-dendrites/b0a9k2f8g12-seed1
research-0928a,outputs/sparknet-native-dendrites/b0a16k2f8g16-seed2,True,False,True,uv run --env-file .env python -m kws.train --data-config configs/data/speech_commands_v2_mfcc32_paper.yaml --train-config configs/train/sparknet_narrow_paper_fast_io.yaml --stage paper_replication --model-config configs/model/sparknet_b0a16k2f8g16_paper.yaml --seed 2 --output-dir outputs/sparknet-native-dendrites/b0a16k2f8g16-seed2
research-0928a,outputs/sparknet-native-dendrites/b0a9k1f8g12-seed2,True,False,True,uv run --env-file .env python -m kws.train --data-config configs/data/speech_commands_v2_mfcc32_paper.yaml --train-config configs/train/sparknet_narrow_paper_fast_io.yaml --stage paper_replication --model-config configs/model/sparknet_b0a9k1f8g12_paper.yaml --seed 2 --output-dir outputs/sparknet-native-dendrites/b0a9k1f8g12-seed2
research-0928a,outputs/sparknet-native-dendrites/b0a16k4f4g16-seed2,True,False,True,uv run --env-file .env python -m kws.train --data-config configs/data/speech_commands_v2_mfcc32_paper.yaml --train-config configs/train/sparknet_narrow_paper_fast_io.yaml --stage paper_replication --model-config configs/model/sparknet_b0a16k4f4g16_paper.yaml --seed 2 --output-dir outputs/sparknet-native-dendrites/b0a16k4f4g16-seed2
research-0928a,outputs/sparknet-native-dendrites/b0a9k2f8g12-seed2,True,False,True,uv run --env-file .env python -m kws.train --data-config configs/data/speech_commands_v2_mfcc32_paper.yaml --train-config configs/train/sparknet_narrow_paper_fast_io.yaml --stage paper_replication --model-config configs/model/sparknet_b0a9k2f8g12_paper.yaml --seed 2 --output-dir outputs/sparknet-native-dendrites/b0a9k2f8g12-seed2
research-0928a,outputs/sparknet-native-dendrites/b0a16k2f8g16-seed3,True,False,True,uv run --env-file .env python -m kws.train --data-config configs/data/speech_commands_v2_mfcc32_paper.yaml --train-config configs/train/sparknet_narrow_paper_fast_io.yaml --stage paper_replication --model-config configs/model/sparknet_b0a16k2f8g16_paper.yaml --seed 3 --output-dir outputs/sparknet-native-dendrites/b0a16k2f8g16-seed3
research-0928a,outputs/sparknet-native-dendrites/b0a9k1f8g12-seed3,True,False,True,uv run --env-file .env python -m kws.train --data-config configs/data/speech_commands_v2_mfcc32_paper.yaml --train-config configs/train/sparknet_narrow_paper_fast_io.yaml --stage paper_replication --model-config configs/model/sparknet_b0a9k1f8g12_paper.yaml --seed 3 --output-dir outputs/sparknet-native-dendrites/b0a9k1f8g12-seed3
research-0928a,outputs/sparknet-native-dendrites/b0a16k4f4g16-seed3,True,False,True,uv run --env-file .env python -m kws.train --data-config configs/data/speech_commands_v2_mfcc32_paper.yaml --train-config configs/train/sparknet_narrow_paper_fast_io.yaml --stage paper_replication --model-config configs/model/sparknet_b0a16k4f4g16_paper.yaml --seed 3 --output-dir outputs/sparknet-native-dendrites/b0a16k4f4g16-seed3
research-0928a,outputs/sparknet-native-dendrites/b0a9k2f8g12-seed3,True,False,True,uv run --env-file .env python -m kws.train --data-config configs/data/speech_commands_v2_mfcc32_paper.yaml --train-config configs/train/sparknet_narrow_paper_fast_io.yaml --stage paper_replication --model-config configs/model/sparknet_b0a9k2f8g12_paper.yaml --seed 3 --output-dir outputs/sparknet-native-dendrites/b0a9k2f8g12-seed3
research-0928a,outputs/sparknet-native-dendrites/b0a16k2f8g16-seed4,True,False,True,uv run --env-file .env python -m kws.train --data-config configs/data/speech_commands_v2_mfcc32_paper.yaml --train-config configs/train/sparknet_narrow_paper_fast_io.yaml --stage paper_replication --model-config configs/model/sparknet_b0a16k2f8g16_paper.yaml --seed 4 --output-dir outputs/sparknet-native-dendrites/b0a16k2f8g16-seed4
research-0928a,outputs/sparknet-native-dendrites/b0a9k1f8g12-seed4,True,False,True,uv run --env-file .env python -m kws.train --data-config configs/data/speech_commands_v2_mfcc32_paper.yaml --train-config configs/train/sparknet_narrow_paper_fast_io.yaml --stage paper_replication --model-config configs/model/sparknet_b0a9k1f8g12_paper.yaml --seed 4 --output-dir outputs/sparknet-native-dendrites/b0a9k1f8g12-seed4
research-0928a,outputs/sparknet-native-dendrites/b0a16k4f4g16-seed4,True,False,True,uv run --env-file .env python -m kws.train --data-config configs/data/speech_commands_v2_mfcc32_paper.yaml --train-config configs/train/sparknet_narrow_paper_fast_io.yaml --stage paper_replication --model-config configs/model/sparknet_b0a16k4f4g16_paper.yaml --seed 4 --output-dir outputs/sparknet-native-dendrites/b0a16k4f4g16-seed4
research-0928a,outputs/sparknet-native-dendrites/b0a9k2f8g12-seed4,True,False,True,uv run --env-file .env python -m kws.train --data-config configs/data/speech_commands_v2_mfcc32_paper.yaml --train-config configs/train/sparknet_narrow_paper_fast_io.yaml --stage paper_replication --model-config configs/model/sparknet_b0a9k2f8g12_paper.yaml --seed 4 --output-dir outputs/sparknet-native-dendrites/b0a9k2f8g12-seed4
research-0928a,outputs/sparknet-dendritic-study-v2/scratch/c9g12-seed3,True,False,True,uv run --env-file .env python -m kws.train --data-config configs/data/speech_commands_v2_mfcc32_paper.yaml --train-config configs/train/sparknet_narrow_paper_fast_io.yaml --stage paper_replication --model-config configs/model/sparknet_c9g12_paper.yaml --seed 3 --output-dir outputs/sparknet-dendritic-study-v2/scratch/c9g12-seed3
research-0928a,outputs/sparknet-dendritic-study-v2/scratch/c9g16-seed3,True,False,True,uv run --env-file .env python -m kws.train --data-config configs/data/speech_commands_v2_mfcc32_paper.yaml --train-config configs/train/sparknet_narrow_paper_fast_io.yaml --stage paper_replication --model-config configs/model/sparknet_c9g16_paper.yaml --seed 3 --output-dir outputs/sparknet-dendritic-study-v2/scratch/c9g16-seed3
research-0928a,outputs/sparknet-dendritic-study-v2/scratch/c10g12-seed3,True,False,True,uv run --env-file .env python -m kws.train --data-config configs/data/speech_commands_v2_mfcc32_paper.yaml --train-config configs/train/sparknet_narrow_paper_fast_io.yaml --stage paper_replication --model-config configs/model/sparknet_c10g12_paper.yaml --seed 3 --output-dir outputs/sparknet-dendritic-study-v2/scratch/c10g12-seed3
research-0928a,outputs/sparknet-dendritic-study-v2/scratch/c9g12-seed4,True,False,True,uv run --env-file .env python -m kws.train --data-config configs/data/speech_commands_v2_mfcc32_paper.yaml --train-config configs/train/sparknet_narrow_paper_fast_io.yaml --stage paper_replication --model-config configs/model/sparknet_c9g12_paper.yaml --seed 4 --output-dir outputs/sparknet-dendritic-study-v2/scratch/c9g12-seed4
research-0928a,outputs/sparknet-dendritic-study-v2/scratch/c9g16-seed4,True,False,True,uv run --env-file .env python -m kws.train --data-config configs/data/speech_commands_v2_mfcc32_paper.yaml --train-config configs/train/sparknet_narrow_paper_fast_io.yaml --stage paper_replication --model-config configs/model/sparknet_c9g16_paper.yaml --seed 4 --output-dir outputs/sparknet-dendritic-study-v2/scratch/c9g16-seed4
research-0928a,outputs/sparknet-dendritic-study-v2/scratch/c10g12-seed4,True,False,True,uv run --env-file .env python -m kws.train --data-config configs/data/speech_commands_v2_mfcc32_paper.yaml --train-config configs/train/sparknet_narrow_paper_fast_io.yaml --stage paper_replication --model-config configs/model/sparknet_c10g12_paper.yaml --seed 4 --output-dir outputs/sparknet-dendritic-study-v2/scratch/c10g12-seed4
research-0928b,outputs/students-ei/ei_c4x8-seed0,True,False,True,uv run --env-file .env python -m kws.train --data-config configs/data/speech_commands_v2_mfcc32_paper.yaml --stage paper_replication --train-config configs/train/ei_conv1d_paper_fast_io.yaml --model-config configs/model/ei_c4x8.yaml --seed 0 --output-dir outputs/students-ei/ei_c4x8-seed0
research-0928b,outputs/students-ei/ei_c4x8_hd1f32-seed0,True,False,True,uv run --env-file .env python -m kws.train --data-config configs/data/speech_commands_v2_mfcc32_paper.yaml --stage paper_replication --train-config configs/train/ei_conv1d_paper_fast_io.yaml --model-config configs/model/ei_c4x8_hd1f32.yaml --seed 0 --output-dir outputs/students-ei/ei_c4x8_hd1f32-seed0
research-0928b,outputs/students-ei/ei_c5x10-seed0,True,False,True,uv run --env-file .env python -m kws.train --data-config configs/data/speech_commands_v2_mfcc32_paper.yaml --stage paper_replication --train-config configs/train/ei_conv1d_paper_fast_io.yaml --model-config configs/model/ei_c5x10.yaml --seed 0 --output-dir outputs/students-ei/ei_c5x10-seed0
research-0928b,outputs/students-ei/ei_c4x8_hd2f32-seed0,True,False,True,uv run --env-file .env python -m kws.train --data-config configs/data/speech_commands_v2_mfcc32_paper.yaml --stage paper_replication --train-config configs/train/ei_conv1d_paper_fast_io.yaml --model-config configs/model/ei_c4x8_hd2f32.yaml --seed 0 --output-dir outputs/students-ei/ei_c4x8_hd2f32-seed0
research-0928b,outputs/students-ei/ei_c6x12-seed0,True,False,True,uv run --env-file .env python -m kws.train --data-config configs/data/speech_commands_v2_mfcc32_paper.yaml --stage paper_replication --train-config configs/train/ei_conv1d_paper_fast_io.yaml --model-config configs/model/ei_c6x12.yaml --seed 0 --output-dir outputs/students-ei/ei_c6x12-seed0
research-0928b,outputs/students-ei/ei_c4x8_hd4f32-seed0,True,False,True,uv run --env-file .env python -m kws.train --data-config configs/data/speech_commands_v2_mfcc32_paper.yaml --stage paper_replication --train-config configs/train/ei_conv1d_paper_fast_io.yaml --model-config configs/model/ei_c4x8_hd4f32.yaml --seed 0 --output-dir outputs/students-ei/ei_c4x8_hd4f32-seed0
research-0928b,outputs/students-ei/ei_c7x14-seed0,True,False,True,uv run --env-file .env python -m kws.train --data-config configs/data/speech_commands_v2_mfcc32_paper.yaml --stage paper_replication --train-config configs/train/ei_conv1d_paper_fast_io.yaml --model-config configs/model/ei_c7x14.yaml --seed 0 --output-dir outputs/students-ei/ei_c7x14-seed0
research-0928b,outputs/students-ei/ei_c8x16-seed0,True,False,True,uv run --env-file .env python -m kws.train --data-config configs/data/speech_commands_v2_mfcc32_paper.yaml --stage paper_replication --train-config configs/train/ei_conv1d_paper_fast_io.yaml --model-config configs/model/ei_c8x16.yaml --seed 0 --output-dir outputs/students-ei/ei_c8x16-seed0
research-0928b,outputs/students-ei/ei_c8x16_hd1f64-seed0,True,False,True,uv run --env-file .env python -m kws.train --data-config configs/data/speech_commands_v2_mfcc32_paper.yaml --stage paper_replication --train-config configs/train/ei_conv1d_paper_fast_io.yaml --model-config configs/model/ei_c8x16_hd1f64.yaml --seed 0 --output-dir outputs/students-ei/ei_c8x16_hd1f64-seed0
research-0928b,outputs/students-ei/ei_c9x18-seed0,True,False,True,uv run --env-file .env python -m kws.train --data-config configs/data/speech_commands_v2_mfcc32_paper.yaml --stage paper_replication --train-config configs/train/ei_conv1d_paper_fast_io.yaml --model-config configs/model/ei_c9x18.yaml --seed 0 --output-dir outputs/students-ei/ei_c9x18-seed0
research-0928b,outputs/students-ei/ei_c8x16_hd2f64-seed0,True,False,True,uv run --env-file .env python -m kws.train --data-config configs/data/speech_commands_v2_mfcc32_paper.yaml --stage paper_replication --train-config configs/train/ei_conv1d_paper_fast_io.yaml --model-config configs/model/ei_c8x16_hd2f64.yaml --seed 0 --output-dir outputs/students-ei/ei_c8x16_hd2f64-seed0
research-0928b,outputs/students-ei/ei_c10x20-seed0,True,False,True,uv run --env-file .env python -m kws.train --data-config configs/data/speech_commands_v2_mfcc32_paper.yaml --stage paper_replication --train-config configs/train/ei_conv1d_paper_fast_io.yaml --model-config configs/model/ei_c10x20.yaml --seed 0 --output-dir outputs/students-ei/ei_c10x20-seed0
research-0928b,outputs/students-dscnn/ds_cnn_w20_mfcc-seed0,True,False,True,uv run --env-file .env python -m kws.train --data-config configs/data/speech_commands_v2_mfcc32_paper.yaml --stage paper_replication --train-config configs/train/sparknet_narrow_paper_fast_io.yaml --model-config configs/model/ds_cnn_w20_mfcc.yaml --seed 0 --output-dir outputs/students-dscnn/ds_cnn_w20_mfcc-seed0
research-0928b,outputs/students-dscnn/ds_cnn_w20d1f4_mfcc-seed0,True,False,True,uv run --env-file .env python -m kws.train --data-config configs/data/speech_commands_v2_mfcc32_paper.yaml --stage paper_replication --train-config configs/train/sparknet_narrow_paper_fast_io.yaml --model-config configs/model/ds_cnn_w20d1f4_mfcc.yaml --seed 0 --output-dir outputs/students-dscnn/ds_cnn_w20d1f4_mfcc-seed0
research-0928b,outputs/students-dscnn/ds_cnn_w20d2f4_mfcc-seed0,True,False,True,uv run --env-file .env python -m kws.train --data-config configs/data/speech_commands_v2_mfcc32_paper.yaml --stage paper_replication --train-config configs/train/sparknet_narrow_paper_fast_io.yaml --model-config configs/model/ds_cnn_w20d2f4_mfcc.yaml --seed 0 --output-dir outputs/students-dscnn/ds_cnn_w20d2f4_mfcc-seed0
research-0928b,outputs/students-dscnn/ds_cnn_w24_mfcc-seed0,True,False,True,uv run --env-file .env python -m kws.train --data-config configs/data/speech_commands_v2_mfcc32_paper.yaml --stage paper_replication --train-config configs/train/sparknet_narrow_paper_fast_io.yaml --model-config configs/model/ds_cnn_w24_mfcc.yaml --seed 0 --output-dir outputs/students-dscnn/ds_cnn_w24_mfcc-seed0
research-0928b,outputs/students-dscnn/ds_cnn_w24fcd4f8_mfcc-seed0,True,False,True,uv run --env-file .env python -m kws.train --data-config configs/data/speech_commands_v2_mfcc32_paper.yaml --stage paper_replication --train-config configs/train/sparknet_narrow_paper_fast_io.yaml --model-config configs/model/ds_cnn_w24fcd4f8_mfcc.yaml --seed 0 --output-dir outputs/students-dscnn/ds_cnn_w24fcd4f8_mfcc-seed0
research-0928b,outputs/students-dscnn/ds_cnn_w24d2f4_mfcc-seed0,True,False,True,uv run --env-file .env python -m kws.train --data-config configs/data/speech_commands_v2_mfcc32_paper.yaml --stage paper_replication --train-config configs/train/sparknet_narrow_paper_fast_io.yaml --model-config configs/model/ds_cnn_w24d2f4_mfcc.yaml --seed 0 --output-dir outputs/students-dscnn/ds_cnn_w24d2f4_mfcc-seed0
research-0928b,outputs/students-dscnn/ds_cnn_w28_mfcc-seed0,True,False,True,uv run --env-file .env python -m kws.train --data-config configs/data/speech_commands_v2_mfcc32_paper.yaml --stage paper_replication --train-config configs/train/sparknet_narrow_paper_fast_io.yaml --model-config configs/model/ds_cnn_w28_mfcc.yaml --seed 0 --output-dir outputs/students-dscnn/ds_cnn_w28_mfcc-seed0
research-0928b,outputs/students-dscnn/ds_cnn_w32_mfcc-seed0,True,False,True,uv run --env-file .env python -m kws.train --data-config configs/data/speech_commands_v2_mfcc32_paper.yaml --stage paper_replication --train-config configs/train/sparknet_narrow_paper_fast_io.yaml --model-config configs/model/ds_cnn_w32_mfcc.yaml --seed 0 --output-dir outputs/students-dscnn/ds_cnn_w32_mfcc-seed0
research-0928b,outputs/students-ei/ei_c4x8-seed1,False,False,False,uv run --env-file .env python -m kws.train --data-config configs/data/speech_commands_v2_mfcc32_paper.yaml --stage paper_replication --train-config configs/train/ei_conv1d_paper_fast_io.yaml --model-config configs/model/ei_c4x8.yaml --seed 1 --output-dir outputs/students-ei/ei_c4x8-seed1
research-0928b,outputs/students-ei/ei_c4x8_hd1f32-seed1,False,False,False,uv run --env-file .env python -m kws.train --data-config configs/data/speech_commands_v2_mfcc32_paper.yaml --stage paper_replication --train-config configs/train/ei_conv1d_paper_fast_io.yaml --model-config configs/model/ei_c4x8_hd1f32.yaml --seed 1 --output-dir outputs/students-ei/ei_c4x8_hd1f32-seed1
research-0928b,outputs/students-ei/ei_c5x10-seed1,False,False,False,uv run --env-file .env python -m kws.train --data-config configs/data/speech_commands_v2_mfcc32_paper.yaml --stage paper_replication --train-config configs/train/ei_conv1d_paper_fast_io.yaml --model-config configs/model/ei_c5x10.yaml --seed 1 --output-dir outputs/students-ei/ei_c5x10-seed1
research-0928b,outputs/students-ei/ei_c4x8_hd2f32-seed1,False,False,False,uv run --env-file .env python -m kws.train --data-config configs/data/speech_commands_v2_mfcc32_paper.yaml --stage paper_replication --train-config configs/train/ei_conv1d_paper_fast_io.yaml --model-config configs/model/ei_c4x8_hd2f32.yaml --seed 1 --output-dir outputs/students-ei/ei_c4x8_hd2f32-seed1
research-0928b,outputs/students-ei/ei_c6x12-seed1,False,False,False,uv run --env-file .env python -m kws.train --data-config configs/data/speech_commands_v2_mfcc32_paper.yaml --stage paper_replication --train-config configs/train/ei_conv1d_paper_fast_io.yaml --model-config configs/model/ei_c6x12.yaml --seed 1 --output-dir outputs/students-ei/ei_c6x12-seed1
research-0928b,outputs/students-ei/ei_c4x8_hd4f32-seed1,False,False,False,uv run --env-file .env python -m kws.train --data-config configs/data/speech_commands_v2_mfcc32_paper.yaml --stage paper_replication --train-config configs/train/ei_conv1d_paper_fast_io.yaml --model-config configs/model/ei_c4x8_hd4f32.yaml --seed 1 --output-dir outputs/students-ei/ei_c4x8_hd4f32-seed1
research-0928b,outputs/students-ei/ei_c7x14-seed1,False,False,False,uv run --env-file .env python -m kws.train --data-config configs/data/speech_commands_v2_mfcc32_paper.yaml --stage paper_replication --train-config configs/train/ei_conv1d_paper_fast_io.yaml --model-config configs/model/ei_c7x14.yaml --seed 1 --output-dir outputs/students-ei/ei_c7x14-seed1
research-0928b,outputs/students-ei/ei_c8x16-seed1,False,False,False,uv run --env-file .env python -m kws.train --data-config configs/data/speech_commands_v2_mfcc32_paper.yaml --stage paper_replication --train-config configs/train/ei_conv1d_paper_fast_io.yaml --model-config configs/model/ei_c8x16.yaml --seed 1 --output-dir outputs/students-ei/ei_c8x16-seed1
research-0928b,outputs/students-ei/ei_c8x16_hd1f64-seed1,False,False,False,uv run --env-file .env python -m kws.train --data-config configs/data/speech_commands_v2_mfcc32_paper.yaml --stage paper_replication --train-config configs/train/ei_conv1d_paper_fast_io.yaml --model-config configs/model/ei_c8x16_hd1f64.yaml --seed 1 --output-dir outputs/students-ei/ei_c8x16_hd1f64-seed1
research-0928b,outputs/students-ei/ei_c9x18-seed1,False,False,False,uv run --env-file .env python -m kws.train --data-config configs/data/speech_commands_v2_mfcc32_paper.yaml --stage paper_replication --train-config configs/train/ei_conv1d_paper_fast_io.yaml --model-config configs/model/ei_c9x18.yaml --seed 1 --output-dir outputs/students-ei/ei_c9x18-seed1
research-0928b,outputs/students-ei/ei_c8x16_hd2f64-seed1,False,False,False,uv run --env-file .env python -m kws.train --data-config configs/data/speech_commands_v2_mfcc32_paper.yaml --stage paper_replication --train-config configs/train/ei_conv1d_paper_fast_io.yaml --model-config configs/model/ei_c8x16_hd2f64.yaml --seed 1 --output-dir outputs/students-ei/ei_c8x16_hd2f64-seed1
research-0928b,outputs/students-ei/ei_c10x20-seed1,False,False,False,uv run --env-file .env python -m kws.train --data-config configs/data/speech_commands_v2_mfcc32_paper.yaml --stage paper_replication --train-config configs/train/ei_conv1d_paper_fast_io.yaml --model-config configs/model/ei_c10x20.yaml --seed 1 --output-dir outputs/students-ei/ei_c10x20-seed1
research-0928b,outputs/students-dscnn/ds_cnn_w20_mfcc-seed1,True,False,True,uv run --env-file .env python -m kws.train --data-config configs/data/speech_commands_v2_mfcc32_paper.yaml --stage paper_replication --train-config configs/train/sparknet_narrow_paper_fast_io.yaml --model-config configs/model/ds_cnn_w20_mfcc.yaml --seed 1 --output-dir outputs/students-dscnn/ds_cnn_w20_mfcc-seed1
research-0928b,outputs/students-dscnn/ds_cnn_w20d1f4_mfcc-seed1,True,False,True,uv run --env-file .env python -m kws.train --data-config configs/data/speech_commands_v2_mfcc32_paper.yaml --stage paper_replication --train-config configs/train/sparknet_narrow_paper_fast_io.yaml --model-config configs/model/ds_cnn_w20d1f4_mfcc.yaml --seed 1 --output-dir outputs/students-dscnn/ds_cnn_w20d1f4_mfcc-seed1
research-0928b,outputs/students-dscnn/ds_cnn_w20d2f4_mfcc-seed1,True,False,True,uv run --env-file .env python -m kws.train --data-config configs/data/speech_commands_v2_mfcc32_paper.yaml --stage paper_replication --train-config configs/train/sparknet_narrow_paper_fast_io.yaml --model-config configs/model/ds_cnn_w20d2f4_mfcc.yaml --seed 1 --output-dir outputs/students-dscnn/ds_cnn_w20d2f4_mfcc-seed1
research-0928b,outputs/students-dscnn/ds_cnn_w24_mfcc-seed1,True,False,True,uv run --env-file .env python -m kws.train --data-config configs/data/speech_commands_v2_mfcc32_paper.yaml --stage paper_replication --train-config configs/train/sparknet_narrow_paper_fast_io.yaml --model-config configs/model/ds_cnn_w24_mfcc.yaml --seed 1 --output-dir outputs/students-dscnn/ds_cnn_w24_mfcc-seed1
research-0928b,outputs/students-dscnn/ds_cnn_w24fcd4f8_mfcc-seed1,True,False,True,uv run --env-file .env python -m kws.train --data-config configs/data/speech_commands_v2_mfcc32_paper.yaml --stage paper_replication --train-config configs/train/sparknet_narrow_paper_fast_io.yaml --model-config configs/model/ds_cnn_w24fcd4f8_mfcc.yaml --seed 1 --output-dir outputs/students-dscnn/ds_cnn_w24fcd4f8_mfcc-seed1
research-0928b,outputs/students-dscnn/ds_cnn_w24d2f4_mfcc-seed1,True,False,True,uv run --env-file .env python -m kws.train --data-config configs/data/speech_commands_v2_mfcc32_paper.yaml --stage paper_replication --train-config configs/train/sparknet_narrow_paper_fast_io.yaml --model-config configs/model/ds_cnn_w24d2f4_mfcc.yaml --seed 1 --output-dir outputs/students-dscnn/ds_cnn_w24d2f4_mfcc-seed1
research-0928b,outputs/students-dscnn/ds_cnn_w28_mfcc-seed1,True,False,True,uv run --env-file .env python -m kws.train --data-config configs/data/speech_commands_v2_mfcc32_paper.yaml --stage paper_replication --train-config configs/train/sparknet_narrow_paper_fast_io.yaml --model-config configs/model/ds_cnn_w28_mfcc.yaml --seed 1 --output-dir outputs/students-dscnn/ds_cnn_w28_mfcc-seed1
research-0928b,outputs/students-dscnn/ds_cnn_w32_mfcc-seed1,True,False,True,uv run --env-file .env python -m kws.train --data-config configs/data/speech_commands_v2_mfcc32_paper.yaml --stage paper_replication --train-config configs/train/sparknet_narrow_paper_fast_io.yaml --model-config configs/model/ds_cnn_w32_mfcc.yaml --seed 1 --output-dir outputs/students-dscnn/ds_cnn_w32_mfcc-seed1
research-0928b,outputs/students-ei/ei_c4x8-seed2,False,False,False,uv run --env-file .env python -m kws.train --data-config configs/data/speech_commands_v2_mfcc32_paper.yaml --stage paper_replication --train-config configs/train/ei_conv1d_paper_fast_io.yaml --model-config configs/model/ei_c4x8.yaml --seed 2 --output-dir outputs/students-ei/ei_c4x8-seed2
research-0928b,outputs/students-ei/ei_c4x8_hd1f32-seed2,False,False,False,uv run --env-file .env python -m kws.train --data-config configs/data/speech_commands_v2_mfcc32_paper.yaml --stage paper_replication --train-config configs/train/ei_conv1d_paper_fast_io.yaml --model-config configs/model/ei_c4x8_hd1f32.yaml --seed 2 --output-dir outputs/students-ei/ei_c4x8_hd1f32-seed2
research-0928b,outputs/students-ei/ei_c5x10-seed2,False,False,False,uv run --env-file .env python -m kws.train --data-config configs/data/speech_commands_v2_mfcc32_paper.yaml --stage paper_replication --train-config configs/train/ei_conv1d_paper_fast_io.yaml --model-config configs/model/ei_c5x10.yaml --seed 2 --output-dir outputs/students-ei/ei_c5x10-seed2
research-0928b,outputs/students-ei/ei_c4x8_hd2f32-seed2,False,False,False,uv run --env-file .env python -m kws.train --data-config configs/data/speech_commands_v2_mfcc32_paper.yaml --stage paper_replication --train-config configs/train/ei_conv1d_paper_fast_io.yaml --model-config configs/model/ei_c4x8_hd2f32.yaml --seed 2 --output-dir outputs/students-ei/ei_c4x8_hd2f32-seed2
research-0928b,outputs/students-ei/ei_c6x12-seed2,False,False,False,uv run --env-file .env python -m kws.train --data-config configs/data/speech_commands_v2_mfcc32_paper.yaml --stage paper_replication --train-config configs/train/ei_conv1d_paper_fast_io.yaml --model-config configs/model/ei_c6x12.yaml --seed 2 --output-dir outputs/students-ei/ei_c6x12-seed2
research-0928b,outputs/students-ei/ei_c4x8_hd4f32-seed2,False,False,False,uv run --env-file .env python -m kws.train --data-config configs/data/speech_commands_v2_mfcc32_paper.yaml --stage paper_replication --train-config configs/train/ei_conv1d_paper_fast_io.yaml --model-config configs/model/ei_c4x8_hd4f32.yaml --seed 2 --output-dir outputs/students-ei/ei_c4x8_hd4f32-seed2
research-0928b,outputs/students-ei/ei_c7x14-seed2,False,False,False,uv run --env-file .env python -m kws.train --data-config configs/data/speech_commands_v2_mfcc32_paper.yaml --stage paper_replication --train-config configs/train/ei_conv1d_paper_fast_io.yaml --model-config configs/model/ei_c7x14.yaml --seed 2 --output-dir outputs/students-ei/ei_c7x14-seed2
research-0928b,outputs/students-ei/ei_c8x16-seed2,False,False,False,uv run --env-file .env python -m kws.train --data-config configs/data/speech_commands_v2_mfcc32_paper.yaml --stage paper_replication --train-config configs/train/ei_conv1d_paper_fast_io.yaml --model-config configs/model/ei_c8x16.yaml --seed 2 --output-dir outputs/students-ei/ei_c8x16-seed2
research-0928b,outputs/students-ei/ei_c8x16_hd1f64-seed2,False,False,False,uv run --env-file .env python -m kws.train --data-config configs/data/speech_commands_v2_mfcc32_paper.yaml --stage paper_replication --train-config configs/train/ei_conv1d_paper_fast_io.yaml --model-config configs/model/ei_c8x16_hd1f64.yaml --seed 2 --output-dir outputs/students-ei/ei_c8x16_hd1f64-seed2
research-0928b,outputs/students-ei/ei_c9x18-seed2,False,False,False,uv run --env-file .env python -m kws.train --data-config configs/data/speech_commands_v2_mfcc32_paper.yaml --stage paper_replication --train-config configs/train/ei_conv1d_paper_fast_io.yaml --model-config configs/model/ei_c9x18.yaml --seed 2 --output-dir outputs/students-ei/ei_c9x18-seed2
research-0928b,outputs/students-ei/ei_c8x16_hd2f64-seed2,False,False,False,uv run --env-file .env python -m kws.train --data-config configs/data/speech_commands_v2_mfcc32_paper.yaml --stage paper_replication --train-config configs/train/ei_conv1d_paper_fast_io.yaml --model-config configs/model/ei_c8x16_hd2f64.yaml --seed 2 --output-dir outputs/students-ei/ei_c8x16_hd2f64-seed2
research-0928b,outputs/students-ei/ei_c10x20-seed2,False,False,False,uv run --env-file .env python -m kws.train --data-config configs/data/speech_commands_v2_mfcc32_paper.yaml --stage paper_replication --train-config configs/train/ei_conv1d_paper_fast_io.yaml --model-config configs/model/ei_c10x20.yaml --seed 2 --output-dir outputs/students-ei/ei_c10x20-seed2
research-0928b,outputs/students-dscnn/ds_cnn_w20_mfcc-seed2,True,False,True,uv run --env-file .env python -m kws.train --data-config configs/data/speech_commands_v2_mfcc32_paper.yaml --stage paper_replication --train-config configs/train/sparknet_narrow_paper_fast_io.yaml --model-config configs/model/ds_cnn_w20_mfcc.yaml --seed 2 --output-dir outputs/students-dscnn/ds_cnn_w20_mfcc-seed2
research-0928b,outputs/students-dscnn/ds_cnn_w20d1f4_mfcc-seed2,True,False,True,uv run --env-file .env python -m kws.train --data-config configs/data/speech_commands_v2_mfcc32_paper.yaml --stage paper_replication --train-config configs/train/sparknet_narrow_paper_fast_io.yaml --model-config configs/model/ds_cnn_w20d1f4_mfcc.yaml --seed 2 --output-dir outputs/students-dscnn/ds_cnn_w20d1f4_mfcc-seed2
research-0928b,outputs/students-dscnn/ds_cnn_w20d2f4_mfcc-seed2,True,False,True,uv run --env-file .env python -m kws.train --data-config configs/data/speech_commands_v2_mfcc32_paper.yaml --stage paper_replication --train-config configs/train/sparknet_narrow_paper_fast_io.yaml --model-config configs/model/ds_cnn_w20d2f4_mfcc.yaml --seed 2 --output-dir outputs/students-dscnn/ds_cnn_w20d2f4_mfcc-seed2
research-0928b,outputs/students-dscnn/ds_cnn_w24_mfcc-seed2,True,False,True,uv run --env-file .env python -m kws.train --data-config configs/data/speech_commands_v2_mfcc32_paper.yaml --stage paper_replication --train-config configs/train/sparknet_narrow_paper_fast_io.yaml --model-config configs/model/ds_cnn_w24_mfcc.yaml --seed 2 --output-dir outputs/students-dscnn/ds_cnn_w24_mfcc-seed2
research-0928b,outputs/students-dscnn/ds_cnn_w24fcd4f8_mfcc-seed2,True,False,True,uv run --env-file .env python -m kws.train --data-config configs/data/speech_commands_v2_mfcc32_paper.yaml --stage paper_replication --train-config configs/train/sparknet_narrow_paper_fast_io.yaml --model-config configs/model/ds_cnn_w24fcd4f8_mfcc.yaml --seed 2 --output-dir outputs/students-dscnn/ds_cnn_w24fcd4f8_mfcc-seed2
research-0928b,outputs/students-dscnn/ds_cnn_w24d2f4_mfcc-seed2,True,False,True,uv run --env-file .env python -m kws.train --data-config configs/data/speech_commands_v2_mfcc32_paper.yaml --stage paper_replication --train-config configs/train/sparknet_narrow_paper_fast_io.yaml --model-config configs/model/ds_cnn_w24d2f4_mfcc.yaml --seed 2 --output-dir outputs/students-dscnn/ds_cnn_w24d2f4_mfcc-seed2
research-0928b,outputs/students-dscnn/ds_cnn_w28_mfcc-seed2,True,False,True,uv run --env-file .env python -m kws.train --data-config configs/data/speech_commands_v2_mfcc32_paper.yaml --stage paper_replication --train-config configs/train/sparknet_narrow_paper_fast_io.yaml --model-config configs/model/ds_cnn_w28_mfcc.yaml --seed 2 --output-dir outputs/students-dscnn/ds_cnn_w28_mfcc-seed2
research-0928b,outputs/students-dscnn/ds_cnn_w32_mfcc-seed2,True,False,True,uv run --env-file .env python -m kws.train --data-config configs/data/speech_commands_v2_mfcc32_paper.yaml --stage paper_replication --train-config configs/train/sparknet_narrow_paper_fast_io.yaml --model-config configs/model/ds_cnn_w32_mfcc.yaml --seed 2 --output-dir outputs/students-dscnn/ds_cnn_w32_mfcc-seed2
research-0928b,outputs/students-ei-adamw/ei_c4x8-seed0,True,False,True,uv run --env-file .env python -m kws.train --data-config configs/data/speech_commands_v2_mfcc32_paper.yaml --stage paper_replication --train-config configs/train/light.yaml --model-config configs/model/ei_c4x8.yaml --seed 0 --output-dir outputs/students-ei-adamw/ei_c4x8-seed0
research-0928b,outputs/students-ei-adamw/ei_c4x8_hd2f32-seed0,True,False,True,uv run --env-file .env python -m kws.train --data-config configs/data/speech_commands_v2_mfcc32_paper.yaml --stage paper_replication --train-config configs/train/light.yaml --model-config configs/model/ei_c4x8_hd2f32.yaml --seed 0 --output-dir outputs/students-ei-adamw/ei_c4x8_hd2f32-seed0
research-0928b,outputs/students-ei-adamw/ei_c8x16-seed0,True,False,True,uv run --env-file .env python -m kws.train --data-config configs/data/speech_commands_v2_mfcc32_paper.yaml --stage paper_replication --train-config configs/train/light.yaml --model-config configs/model/ei_c8x16.yaml --seed 0 --output-dir outputs/students-ei-adamw/ei_c8x16-seed0
research-0928b,outputs/students-ei-adamw/ei_c8x16_hd2f64-seed0,True,False,True,uv run --env-file .env python -m kws.train --data-config configs/data/speech_commands_v2_mfcc32_paper.yaml --stage paper_replication --train-config configs/train/light.yaml --model-config configs/model/ei_c8x16_hd2f64.yaml --seed 0 --output-dir outputs/students-ei-adamw/ei_c8x16_hd2f64-seed0
research-0928b,outputs/students-ei-adamw/ei_c10x20-seed0,True,False,True,uv run --env-file .env python -m kws.train --data-config configs/data/speech_commands_v2_mfcc32_paper.yaml --stage paper_replication --train-config configs/train/light.yaml --model-config configs/model/ei_c10x20.yaml --seed 0 --output-dir outputs/students-ei-adamw/ei_c10x20-seed0
research-0928b,outputs/students-dscnn/ds_cnn_w24d2f4_mfcc-seed0,True,False,True,uv run --env-file .env python -m kws.train --data-config configs/data/speech_commands_v2_mfcc32_paper.yaml --stage paper_replication --train-config configs/train/sparknet_narrow_paper_fast_io.yaml --model-config configs/model/ds_cnn_w24d2f4_mfcc.yaml --seed 0 --output-dir outputs/students-dscnn/ds_cnn_w24d2f4_mfcc-seed0
research-0928b,outputs/students-dscnn/ds_cnn_w28_mfcc-seed0,True,False,True,uv run --env-file .env python -m kws.train --data-config configs/data/speech_commands_v2_mfcc32_paper.yaml --stage paper_replication --train-config configs/train/sparknet_narrow_paper_fast_io.yaml --model-config configs/model/ds_cnn_w28_mfcc.yaml --seed 0 --output-dir outputs/students-dscnn/ds_cnn_w28_mfcc-seed0
research-0928b,outputs/students-dscnn/ds_cnn_w32_mfcc-seed0,True,False,True,uv run --env-file .env python -m kws.train --data-config configs/data/speech_commands_v2_mfcc32_paper.yaml --stage paper_replication --train-config configs/train/sparknet_narrow_paper_fast_io.yaml --model-config configs/model/ds_cnn_w32_mfcc.yaml --seed 0 --output-dir outputs/students-dscnn/ds_cnn_w32_mfcc-seed0
research-0928b,outputs/students-dscnn/ds_cnn_w20_mfcc-seed1,True,False,True,uv run --env-file .env python -m kws.train --data-config configs/data/speech_commands_v2_mfcc32_paper.yaml --stage paper_replication --train-config configs/train/sparknet_narrow_paper_fast_io.yaml --model-config configs/model/ds_cnn_w20_mfcc.yaml --seed 1 --output-dir outputs/students-dscnn/ds_cnn_w20_mfcc-seed1
research-0928b,outputs/students-dscnn/ds_cnn_w20d1f4_mfcc-seed1,True,False,True,uv run --env-file .env python -m kws.train --data-config configs/data/speech_commands_v2_mfcc32_paper.yaml --stage paper_replication --train-config configs/train/sparknet_narrow_paper_fast_io.yaml --model-config configs/model/ds_cnn_w20d1f4_mfcc.yaml --seed 1 --output-dir outputs/students-dscnn/ds_cnn_w20d1f4_mfcc-seed1
research-0928b,outputs/students-dscnn/ds_cnn_w20d2f4_mfcc-seed1,True,False,True,uv run --env-file .env python -m kws.train --data-config configs/data/speech_commands_v2_mfcc32_paper.yaml --stage paper_replication --train-config configs/train/sparknet_narrow_paper_fast_io.yaml --model-config configs/model/ds_cnn_w20d2f4_mfcc.yaml --seed 1 --output-dir outputs/students-dscnn/ds_cnn_w20d2f4_mfcc-seed1
research-0928b,outputs/students-dscnn/ds_cnn_w24_mfcc-seed1,True,False,True,uv run --env-file .env python -m kws.train --data-config configs/data/speech_commands_v2_mfcc32_paper.yaml --stage paper_replication --train-config configs/train/sparknet_narrow_paper_fast_io.yaml --model-config configs/model/ds_cnn_w24_mfcc.yaml --seed 1 --output-dir outputs/students-dscnn/ds_cnn_w24_mfcc-seed1
research-0928b,outputs/students-dscnn/ds_cnn_w24fcd4f8_mfcc-seed1,True,False,True,uv run --env-file .env python -m kws.train --data-config configs/data/speech_commands_v2_mfcc32_paper.yaml --stage paper_replication --train-config configs/train/sparknet_narrow_paper_fast_io.yaml --model-config configs/model/ds_cnn_w24fcd4f8_mfcc.yaml --seed 1 --output-dir outputs/students-dscnn/ds_cnn_w24fcd4f8_mfcc-seed1
research-0928b,outputs/students-dscnn/ds_cnn_w24d2f4_mfcc-seed1,True,False,True,uv run --env-file .env python -m kws.train --data-config configs/data/speech_commands_v2_mfcc32_paper.yaml --stage paper_replication --train-config configs/train/sparknet_narrow_paper_fast_io.yaml --model-config configs/model/ds_cnn_w24d2f4_mfcc.yaml --seed 1 --output-dir outputs/students-dscnn/ds_cnn_w24d2f4_mfcc-seed1
research-0928b,outputs/students-dscnn/ds_cnn_w28_mfcc-seed1,True,False,True,uv run --env-file .env python -m kws.train --data-config configs/data/speech_commands_v2_mfcc32_paper.yaml --stage paper_replication --train-config configs/train/sparknet_narrow_paper_fast_io.yaml --model-config configs/model/ds_cnn_w28_mfcc.yaml --seed 1 --output-dir outputs/students-dscnn/ds_cnn_w28_mfcc-seed1
research-0928b,outputs/students-dscnn/ds_cnn_w32_mfcc-seed1,True,False,True,uv run --env-file .env python -m kws.train --data-config configs/data/speech_commands_v2_mfcc32_paper.yaml --stage paper_replication --train-config configs/train/sparknet_narrow_paper_fast_io.yaml --model-config configs/model/ds_cnn_w32_mfcc.yaml --seed 1 --output-dir outputs/students-dscnn/ds_cnn_w32_mfcc-seed1
research-0928b,outputs/students-dscnn/ds_cnn_w20_mfcc-seed2,True,False,True,uv run --env-file .env python -m kws.train --data-config configs/data/speech_commands_v2_mfcc32_paper.yaml --stage paper_replication --train-config configs/train/sparknet_narrow_paper_fast_io.yaml --model-config configs/model/ds_cnn_w20_mfcc.yaml --seed 2 --output-dir outputs/students-dscnn/ds_cnn_w20_mfcc-seed2
research-0928b,outputs/students-dscnn/ds_cnn_w20d1f4_mfcc-seed2,True,False,True,uv run --env-file .env python -m kws.train --data-config configs/data/speech_commands_v2_mfcc32_paper.yaml --stage paper_replication --train-config configs/train/sparknet_narrow_paper_fast_io.yaml --model-config configs/model/ds_cnn_w20d1f4_mfcc.yaml --seed 2 --output-dir outputs/students-dscnn/ds_cnn_w20d1f4_mfcc-seed2
research-0928b,outputs/students-dscnn/ds_cnn_w20d2f4_mfcc-seed2,True,False,True,uv run --env-file .env python -m kws.train --data-config configs/data/speech_commands_v2_mfcc32_paper.yaml --stage paper_replication --train-config configs/train/sparknet_narrow_paper_fast_io.yaml --model-config configs/model/ds_cnn_w20d2f4_mfcc.yaml --seed 2 --output-dir outputs/students-dscnn/ds_cnn_w20d2f4_mfcc-seed2
research-0928b,outputs/students-dscnn/ds_cnn_w24_mfcc-seed2,True,False,True,uv run --env-file .env python -m kws.train --data-config configs/data/speech_commands_v2_mfcc32_paper.yaml --stage paper_replication --train-config configs/train/sparknet_narrow_paper_fast_io.yaml --model-config configs/model/ds_cnn_w24_mfcc.yaml --seed 2 --output-dir outputs/students-dscnn/ds_cnn_w24_mfcc-seed2
research-0928b,outputs/students-dscnn/ds_cnn_w24fcd4f8_mfcc-seed2,True,False,True,uv run --env-file .env python -m kws.train --data-config configs/data/speech_commands_v2_mfcc32_paper.yaml --stage paper_replication --train-config configs/train/sparknet_narrow_paper_fast_io.yaml --model-config configs/model/ds_cnn_w24fcd4f8_mfcc.yaml --seed 2 --output-dir outputs/students-dscnn/ds_cnn_w24fcd4f8_mfcc-seed2
research-0928b,outputs/students-dscnn/ds_cnn_w24d2f4_mfcc-seed2,True,False,True,uv run --env-file .env python -m kws.train --data-config configs/data/speech_commands_v2_mfcc32_paper.yaml --stage paper_replication --train-config configs/train/sparknet_narrow_paper_fast_io.yaml --model-config configs/model/ds_cnn_w24d2f4_mfcc.yaml --seed 2 --output-dir outputs/students-dscnn/ds_cnn_w24d2f4_mfcc-seed2
research-0928b,outputs/students-dscnn/ds_cnn_w28_mfcc-seed2,True,False,True,uv run --env-file .env python -m kws.train --data-config configs/data/speech_commands_v2_mfcc32_paper.yaml --stage paper_replication --train-config configs/train/sparknet_narrow_paper_fast_io.yaml --model-config configs/model/ds_cnn_w28_mfcc.yaml --seed 2 --output-dir outputs/students-dscnn/ds_cnn_w28_mfcc-seed2
research-0928b,outputs/students-dscnn/ds_cnn_w32_mfcc-seed2,True,False,True,uv run --env-file .env python -m kws.train --data-config configs/data/speech_commands_v2_mfcc32_paper.yaml --stage paper_replication --train-config configs/train/sparknet_narrow_paper_fast_io.yaml --model-config configs/model/ds_cnn_w32_mfcc.yaml --seed 2 --output-dir outputs/students-dscnn/ds_cnn_w32_mfcc-seed2
research-0928c,outputs/sparknet-paper-replication/c16-seed5,True,False,True,uv run --env-file .env python -m kws.train --data-config configs/data/speech_commands_v2_mfcc32_paper.yaml --model-config configs/model/sparknet_c16_paper.yaml --train-config configs/train/sparknet_c16_paper.yaml --stage paper_replication --seed 5 --output-dir outputs/sparknet-paper-replication/c16-seed5 && touch outputs/research-0928c/.src5done
research-0928c,outputs/sparknet-c16-ptp/seed0,True,False,True,uv run --env-file .env python -m kws.optimize.sparknet_dendritic_prune_experiment --config configs/experiment/sparknet_c16_ptp_seed0.yaml
research-0928c,outputs/sparknet-c16-ptp/seed1,True,False,True,uv run --env-file .env python -m kws.optimize.sparknet_dendritic_prune_experiment --config configs/experiment/sparknet_c16_ptp_seed1.yaml
research-0928c,outputs/sparknet-c16-ptp/seed2,True,False,True,uv run --env-file .env python -m kws.optimize.sparknet_dendritic_prune_experiment --config configs/experiment/sparknet_c16_ptp_seed2.yaml
research-0928c,outputs/sparknet-c16-ptp/seed3,True,False,True,uv run --env-file .env python -m kws.optimize.sparknet_dendritic_prune_experiment --config configs/experiment/sparknet_c16_ptp_seed3.yaml
research-0928c,outputs/sparknet-c16-ptp/seed4,True,False,True,uv run --env-file .env python -m kws.optimize.sparknet_dendritic_prune_experiment --config configs/experiment/sparknet_c16_ptp_seed4.yaml
research-0928c,outputs/sparknet-c16-ptp/seed5,True,False,True,until [ -f outputs/research-0928c/.src5done ]; do sleep 60; done; uv run --env-file .env python -m kws.optimize.sparknet_dendritic_prune_experiment --config configs/experiment/sparknet_c16_ptp_seed5.yaml
research-0928d,outputs/sparknet-dendritic-study-v2/scratch/c18g8-seed3,True,False,True,uv run --env-file .env python -m kws.train --data-config configs/data/speech_commands_v2_mfcc32_paper.yaml --model-config configs/model/sparknet_c18g8_paper.yaml --train-config configs/train/sparknet_narrow_paper_fast_io.yaml --stage paper_replication --seed 3 --output-dir outputs/sparknet-dendritic-study-v2/scratch/c18g8-seed3 && touch outputs/research-0928d/.src3
research-0928d,outputs/sparknet-dendritic-study-v2/scratch/c18g8-seed4,True,False,True,uv run --env-file .env python -m kws.train --data-config configs/data/speech_commands_v2_mfcc32_paper.yaml --model-config configs/model/sparknet_c18g8_paper.yaml --train-config configs/train/sparknet_narrow_paper_fast_io.yaml --stage paper_replication --seed 4 --output-dir outputs/sparknet-dendritic-study-v2/scratch/c18g8-seed4 && touch outputs/research-0928d/.src4
research-0928d,outputs/sparknet-c16g16-ptp/seed0,True,False,True,uv run --env-file .env python -m kws.optimize.sparknet_dendritic_prune_experiment --config configs/experiment/sparknet_c16g16_ptp_seed0.yaml
research-0928d,outputs/sparknet-c16g16-ptp/seed1,True,False,True,uv run --env-file .env python -m kws.optimize.sparknet_dendritic_prune_experiment --config configs/experiment/sparknet_c16g16_ptp_seed1.yaml
research-0928d,outputs/sparknet-c16g16-ptp/seed2,True,False,True,uv run --env-file .env python -m kws.optimize.sparknet_dendritic_prune_experiment --config configs/experiment/sparknet_c16g16_ptp_seed2.yaml
research-0928d,outputs/sparknet-c16g16-ptp/seed3,True,False,True,uv run --env-file .env python -m kws.optimize.sparknet_dendritic_prune_experiment --config configs/experiment/sparknet_c16g16_ptp_seed3.yaml
research-0928d,outputs/sparknet-c16g16-ptp/seed4,True,False,True,uv run --env-file .env python -m kws.optimize.sparknet_dendritic_prune_experiment --config configs/experiment/sparknet_c16g16_ptp_seed4.yaml
research-0928d,outputs/sparknet-c18g8-ptp/seed0,True,False,True,uv run --env-file .env python -m kws.optimize.sparknet_dendritic_prune_experiment --config configs/experiment/sparknet_c18g8_ptp_seed0.yaml
research-0928d,outputs/sparknet-c18g8-ptp/seed1,True,False,True,uv run --env-file .env python -m kws.optimize.sparknet_dendritic_prune_experiment --config configs/experiment/sparknet_c18g8_ptp_seed1.yaml
research-0928d,outputs/sparknet-c18g8-ptp/seed2,True,False,True,uv run --env-file .env python -m kws.optimize.sparknet_dendritic_prune_experiment --config configs/experiment/sparknet_c18g8_ptp_seed2.yaml
research-0928d,outputs/sparknet-c18g8-ptp/seed3,True,False,True,until [ -f outputs/research-0928d/.src3 ]; do sleep 60; done; uv run --env-file .env python -m kws.optimize.sparknet_dendritic_prune_experiment --config configs/experiment/sparknet_c18g8_ptp_seed3.yaml
research-0928d,outputs/sparknet-c18g8-ptp/seed4,True,False,True,until [ -f outputs/research-0928d/.src4 ]; do sleep 60; done; uv run --env-file .env python -m kws.optimize.sparknet_dendritic_prune_experiment --config configs/experiment/sparknet_c18g8_ptp_seed4.yaml
research-0929a,outputs/students-dnn/dnn_h16_d2f32-seed0,True,False,True,not archived; recover from target manifest if present
research-0929a,outputs/students-dnn/dnn_h18-seed0,True,False,True,not archived; recover from target manifest if present
research-0929a,outputs/students-dnn/dnn_h16-seed0,True,False,True,not archived; recover from target manifest if present
research-0929a,outputs/students-dnn/dnn_h16_d4f32-seed0,True,False,True,not archived; recover from target manifest if present
research-0929a,outputs/students-dnn/dnn_h20-seed0,True,False,True,not archived; recover from target manifest if present
research-0929a,outputs/students-dnn/dnn_h32_d2f32-seed0,True,False,True,not archived; recover from target manifest if present
research-0929a,outputs/students-dnn/dnn_h35-seed0,True,False,True,not archived; recover from target manifest if present
research-0929a,outputs/students-dnn/dnn_h24-seed0,True,False,True,not archived; recover from target manifest if present
research-0929a,outputs/students-dnn/dnn_h32-seed0,True,False,True,not archived; recover from target manifest if present
research-0929a,outputs/students-dnn/dnn_h48-seed0,True,False,True,not archived; recover from target manifest if present
research-0929a,outputs/students-dnn/dnn_h16_d2f32-seed1,True,False,True,not archived; recover from target manifest if present
research-0929a,outputs/students-dnn/dnn_h18-seed1,True,False,True,not archived; recover from target manifest if present
research-0929a,outputs/students-dnn/dnn_h16-seed1,True,False,True,not archived; recover from target manifest if present
research-0929a,outputs/students-dnn/dnn_h16_d4f32-seed1,True,False,True,not archived; recover from target manifest if present
research-0929a,outputs/students-dnn/dnn_h20-seed1,True,False,True,not archived; recover from target manifest if present
research-0929a,outputs/students-dnn/dnn_h32_d2f32-seed1,True,False,True,not archived; recover from target manifest if present
research-0929a,outputs/students-dnn/dnn_h35-seed1,True,False,True,not archived; recover from target manifest if present
research-0929a,outputs/students-dnn/dnn_h24-seed1,True,False,True,not archived; recover from target manifest if present
research-0929a,outputs/students-dnn/dnn_h32-seed1,True,False,True,not archived; recover from target manifest if present
research-0929a,outputs/students-dnn/dnn_h48-seed1,True,False,True,not archived; recover from target manifest if present
research-0929a,outputs/students-dnn/dnn_h16_d2f32-seed2,True,False,True,not archived; recover from target manifest if present
research-0929a,outputs/students-dnn/dnn_h18-seed2,True,False,True,not archived; recover from target manifest if present
research-0929a,outputs/students-dnn/dnn_h16-seed2,True,False,True,not archived; recover from target manifest if present
research-0929a,outputs/students-dnn/dnn_h16_d4f32-seed2,True,False,True,not archived; recover from target manifest if present
research-0929a,outputs/students-dnn/dnn_h20-seed2,True,False,True,not archived; recover from target manifest if present
research-0929a,outputs/students-dnn/dnn_h32_d2f32-seed2,True,False,True,not archived; recover from target manifest if present
research-0929a,outputs/students-dnn/dnn_h35-seed2,True,False,True,not archived; recover from target manifest if present
research-0929a,outputs/students-dnn/dnn_h24-seed2,True,False,True,not archived; recover from target manifest if present
research-0929a,outputs/students-dnn/dnn_h32-seed2,True,False,True,not archived; recover from target manifest if present
research-0929a,outputs/students-dnn/dnn_h48-seed2,True,False,True,not archived; recover from target manifest if present
research-0929a,outputs/students-dnn/dnn_h16_d2f32-seed3,True,False,True,not archived; recover from target manifest if present
research-0929a,outputs/students-dnn/dnn_h18-seed3,True,False,True,not archived; recover from target manifest if present
research-0929a,outputs/students-dnn/dnn_h16-seed3,True,False,True,not archived; recover from target manifest if present
research-0929a,outputs/students-dnn/dnn_h16_d4f32-seed3,True,False,True,not archived; recover from target manifest if present
research-0929a,outputs/students-dnn/dnn_h20-seed3,True,False,True,not archived; recover from target manifest if present
research-0929a,outputs/students-dnn/dnn_h32_d2f32-seed3,True,False,True,not archived; recover from target manifest if present
research-0929a,outputs/students-dnn/dnn_h35-seed3,True,False,True,not archived; recover from target manifest if present
research-0929a,outputs/students-dnn/dnn_h24-seed3,True,False,True,not archived; recover from target manifest if present
research-0929a,outputs/students-dnn/dnn_h32-seed3,True,False,True,not archived; recover from target manifest if present
research-0929a,outputs/students-dnn/dnn_h48-seed3,True,False,True,not archived; recover from target manifest if present
research-0929a,outputs/students-dnn/dnn_h16_d2f32-seed4,True,False,True,not archived; recover from target manifest if present
research-0929a,outputs/students-dnn/dnn_h18-seed4,True,False,True,not archived; recover from target manifest if present
research-0929a,outputs/students-dnn/dnn_h16-seed4,True,False,True,not archived; recover from target manifest if present
research-0929a,outputs/students-dnn/dnn_h16_d4f32-seed4,True,False,True,not archived; recover from target manifest if present
research-0929a,outputs/students-dnn/dnn_h20-seed4,True,False,True,not archived; recover from target manifest if present
research-0929a,outputs/students-dnn/dnn_h32_d2f32-seed4,True,False,True,not archived; recover from target manifest if present
research-0929a,outputs/students-dnn/dnn_h35-seed4,True,False,True,not archived; recover from target manifest if present
research-0929a,outputs/students-dnn/dnn_h24-seed4,True,False,True,not archived; recover from target manifest if present
research-0929a,outputs/students-dnn/dnn_h32-seed4,True,False,True,not archived; recover from target manifest if present
research-0929a,outputs/students-dnn/dnn_h48-seed4,True,False,True,not archived; recover from target manifest if present
research-0929b,outputs/students-dnn/dnn_h16_d2f32lin-seed0,True,False,True,not archived; recover from target manifest if present
research-0929b,outputs/students-dnn/dnn_h16_d4f32lin-seed0,True,False,True,not archived; recover from target manifest if present
research-0929b,outputs/students-dnn/dnn_h16_d4f32hid-seed0,True,False,True,not archived; recover from target manifest if present
research-0929b,outputs/students-dnn/dnn_h16_d4f32head-seed0,True,False,True,not archived; recover from target manifest if present
research-0929b,outputs/students-dnn/dnn_h16_d4f32rnd-seed0,True,False,True,not archived; recover from target manifest if present
research-0929b,outputs/students-dnn/dnn_h16x59-seed0,True,False,True,not archived; recover from target manifest if present
research-0929b,outputs/students-dnn/dnn_h16x112-seed0,True,False,True,not archived; recover from target manifest if present
research-0929b,outputs/students-dnn/dnn_h16_d2f32lin-seed1,True,False,True,not archived; recover from target manifest if present
research-0929b,outputs/students-dnn/dnn_h16_d4f32lin-seed1,True,False,True,not archived; recover from target manifest if present
research-0929b,outputs/students-dnn/dnn_h16_d4f32hid-seed1,True,False,True,not archived; recover from target manifest if present
research-0929b,outputs/students-dnn/dnn_h16_d4f32head-seed1,True,False,True,not archived; recover from target manifest if present
research-0929b,outputs/students-dnn/dnn_h16_d4f32rnd-seed1,True,False,True,not archived; recover from target manifest if present
research-0929b,outputs/students-dnn/dnn_h16x59-seed1,True,False,True,not archived; recover from target manifest if present
research-0929b,outputs/students-dnn/dnn_h16x112-seed1,True,False,True,not archived; recover from target manifest if present
research-0929b,outputs/students-dnn/dnn_h16_d2f32lin-seed2,True,False,True,not archived; recover from target manifest if present
research-0929b,outputs/students-dnn/dnn_h16_d4f32lin-seed2,True,False,True,not archived; recover from target manifest if present
research-0929b,outputs/students-dnn/dnn_h16_d4f32hid-seed2,True,False,True,not archived; recover from target manifest if present
research-0929b,outputs/students-dnn/dnn_h16_d4f32head-seed2,True,False,True,not archived; recover from target manifest if present
research-0929b,outputs/students-dnn/dnn_h16_d4f32rnd-seed2,True,False,True,not archived; recover from target manifest if present
research-0929b,outputs/students-dnn/dnn_h16x59-seed2,True,False,True,not archived; recover from target manifest if present
research-0929b,outputs/students-dnn/dnn_h16x112-seed2,True,False,True,not archived; recover from target manifest if present
research-0929b,outputs/students-dnn/dnn_h16_d2f32lin-seed3,True,False,True,not archived; recover from target manifest if present
research-0929b,outputs/students-dnn/dnn_h16_d4f32lin-seed3,True,False,True,not archived; recover from target manifest if present
research-0929b,outputs/students-dnn/dnn_h16_d4f32hid-seed3,True,False,True,not archived; recover from target manifest if present
research-0929b,outputs/students-dnn/dnn_h16_d4f32head-seed3,True,False,True,not archived; recover from target manifest if present
research-0929b,outputs/students-dnn/dnn_h16_d4f32rnd-seed3,True,False,True,not archived; recover from target manifest if present
research-0929b,outputs/students-dnn/dnn_h16x59-seed3,True,False,True,not archived; recover from target manifest if present
research-0929b,outputs/students-dnn/dnn_h16x112-seed3,True,False,True,not archived; recover from target manifest if present
research-0929b,outputs/students-dnn/dnn_h16_d2f32lin-seed4,True,False,True,not archived; recover from target manifest if present
research-0929b,outputs/students-dnn/dnn_h16_d4f32lin-seed4,True,False,True,not archived; recover from target manifest if present
research-0929b,outputs/students-dnn/dnn_h16_d4f32hid-seed4,True,False,True,not archived; recover from target manifest if present
research-0929b,outputs/students-dnn/dnn_h16_d4f32head-seed4,True,False,True,not archived; recover from target manifest if present
research-0929b,outputs/students-dnn/dnn_h16_d4f32rnd-seed4,True,False,True,not archived; recover from target manifest if present
research-0929b,outputs/students-dnn/dnn_h16x59-seed4,True,False,True,not archived; recover from target manifest if present
research-0929b,outputs/students-dnn/dnn_h16x112-seed4,True,False,True,not archived; recover from target manifest if present
research-0929c,outputs/students-dnn/dnn_h16x59_hd2-seed0,True,False,True,not archived; recover from target manifest if present
research-0929c,outputs/students-dnn/dnn_h16x87-seed0,True,False,True,not archived; recover from target manifest if present
research-0929c,outputs/students-dnn/dnn_h16x59x21-seed0,True,False,True,not archived; recover from target manifest if present
research-0929c,outputs/students-dnn/dnn_h16x59_hd4-seed0,True,False,True,not archived; recover from target manifest if present
research-0929c,outputs/students-dnn/dnn_h16x59x32-seed0,True,False,True,not archived; recover from target manifest if present
research-0929c,outputs/students-dnn/dnn_h16x59_hd2-seed1,True,False,True,not archived; recover from target manifest if present
research-0929c,outputs/students-dnn/dnn_h16x87-seed1,True,False,True,not archived; recover from target manifest if present
research-0929c,outputs/students-dnn/dnn_h16x59x21-seed1,True,False,True,not archived; recover from target manifest if present
research-0929c,outputs/students-dnn/dnn_h16x59_hd4-seed1,True,False,True,not archived; recover from target manifest if present
research-0929c,outputs/students-dnn/dnn_h16x59x32-seed1,True,False,True,not archived; recover from target manifest if present
research-0929c,outputs/students-dnn/dnn_h16x59_hd2-seed2,True,False,True,not archived; recover from target manifest if present
research-0929c,outputs/students-dnn/dnn_h16x87-seed2,True,False,True,not archived; recover from target manifest if present
research-0929c,outputs/students-dnn/dnn_h16x59x21-seed2,True,False,True,not archived; recover from target manifest if present
research-0929c,outputs/students-dnn/dnn_h16x59_hd4-seed2,True,False,True,not archived; recover from target manifest if present
research-0929c,outputs/students-dnn/dnn_h16x59x32-seed2,True,False,True,not archived; recover from target manifest if present
research-0929c,outputs/students-dnn/dnn_h16x59_hd2-seed3,True,False,True,not archived; recover from target manifest if present
research-0929c,outputs/students-dnn/dnn_h16x87-seed3,True,False,True,not archived; recover from target manifest if present
research-0929c,outputs/students-dnn/dnn_h16x59x21-seed3,True,False,True,not archived; recover from target manifest if present
research-0929c,outputs/students-dnn/dnn_h16x59_hd4-seed3,True,False,True,not archived; recover from target manifest if present
research-0929c,outputs/students-dnn/dnn_h16x59x32-seed3,True,False,True,not archived; recover from target manifest if present
research-0929c,outputs/students-dnn/dnn_h16x59_hd2-seed4,True,False,True,not archived; recover from target manifest if present
research-0929c,outputs/students-dnn/dnn_h16x87-seed4,True,False,True,not archived; recover from target manifest if present
research-0929c,outputs/students-dnn/dnn_h16x59x21-seed4,True,False,True,not archived; recover from target manifest if present
research-0929c,outputs/students-dnn/dnn_h16x59_hd4-seed4,True,False,True,not archived; recover from target manifest if present
research-0929c,outputs/students-dnn/dnn_h16x59x32-seed4,True,False,True,not archived; recover from target manifest if present
research-0930a,outputs/students-dtnet/dtnet_a_het-seed0,True,False,True,not archived; recover from target manifest if present
research-0930a,outputs/students-msd/sparknet_msd_a_relu-seed0,True,False,True,not archived; recover from target manifest if present
research-0930a,outputs/students-dtnet/dtnet_a_shared-seed0,True,False,True,not archived; recover from target manifest if present
research-0930a,outputs/students-msd/sparknet_msd_a_lin-seed0,True,False,True,not archived; recover from target manifest if present
research-0930a,outputs/students-dtnet/dtnet_a_lin-seed0,True,False,True,not archived; recover from target manifest if present
research-0930a,outputs/students-msd/sparknet_msd_a_dense-seed0,True,False,True,not archived; recover from target manifest if present
research-0930a,outputs/students-dtnet/dtnet_a_rnd-seed0,True,False,True,not archived; recover from target manifest if present
research-0930a,outputs/students-msd/sparknet_msd_a_1scale-seed0,True,False,True,not archived; recover from target manifest if present
research-0930a,outputs/students-dtnet/dtnet_a_mfcc-seed0,True,False,True,not archived; recover from target manifest if present
research-0930a,outputs/students-msd/sparknet_msd_a13_relu-seed0,True,False,True,not archived; recover from target manifest if present
research-0930a,outputs/students-dtnet/dtnet_a_notau-seed0,True,False,True,not archived; recover from target manifest if present
research-0930a,outputs/students-msd/sparknet_msd_a13_lin-seed0,True,False,True,not archived; recover from target manifest if present
research-0930a,outputs/students-dtnet/dtnet_a_point-seed0,True,False,True,not archived; recover from target manifest if present
research-0930a,outputs/students-msd/sparknet_msd_a13_dense-seed0,True,False,True,not archived; recover from target manifest if present
research-0930a,outputs/students-dtnet/dtnet_a_point3-seed0,True,False,True,not archived; recover from target manifest if present
research-0930a,outputs/students-msd/sparknet_msd_b_relu-seed0,True,False,True,not archived; recover from target manifest if present
research-0930a,outputs/students-dtnet/dtnet_b_het-seed0,True,False,True,not archived; recover from target manifest if present
research-0930a,outputs/students-msd/sparknet_msd_b_lin-seed0,True,False,True,not archived; recover from target manifest if present
research-0930a,outputs/students-dtnet/dtnet_b_point-seed0,True,False,True,not archived; recover from target manifest if present
research-0930a,outputs/students-msd/sparknet_msd_b_dense-seed0,True,False,True,not archived; recover from target manifest if present
research-0930a,outputs/students-dtnet/dtnet_a_het-seed1,True,False,True,not archived; recover from target manifest if present
research-0930a,outputs/students-msd/sparknet_msd_a_relu-seed1,True,False,True,not archived; recover from target manifest if present
research-0930a,outputs/students-dtnet/dtnet_a_shared-seed1,True,False,True,not archived; recover from target manifest if present
research-0930a,outputs/students-msd/sparknet_msd_a_lin-seed1,True,False,True,not archived; recover from target manifest if present
research-0930a,outputs/students-dtnet/dtnet_a_lin-seed1,True,False,True,not archived; recover from target manifest if present
research-0930a,outputs/students-msd/sparknet_msd_a_dense-seed1,True,False,True,not archived; recover from target manifest if present
research-0930a,outputs/students-dtnet/dtnet_a_rnd-seed1,True,False,True,not archived; recover from target manifest if present
research-0930a,outputs/students-msd/sparknet_msd_a_1scale-seed1,True,False,True,not archived; recover from target manifest if present
research-0930a,outputs/students-dtnet/dtnet_a_mfcc-seed1,True,False,True,not archived; recover from target manifest if present
research-0930a,outputs/students-msd/sparknet_msd_a13_relu-seed1,True,False,True,not archived; recover from target manifest if present
research-0930a,outputs/students-dtnet/dtnet_a_notau-seed1,True,False,True,not archived; recover from target manifest if present
research-0930a,outputs/students-msd/sparknet_msd_a13_lin-seed1,True,False,True,not archived; recover from target manifest if present
research-0930a,outputs/students-dtnet/dtnet_a_point-seed1,True,False,True,not archived; recover from target manifest if present
research-0930a,outputs/students-msd/sparknet_msd_a13_dense-seed1,True,False,True,not archived; recover from target manifest if present
research-0930a,outputs/students-dtnet/dtnet_a_point3-seed1,True,False,True,not archived; recover from target manifest if present
research-0930a,outputs/students-msd/sparknet_msd_b_relu-seed1,True,False,True,not archived; recover from target manifest if present
research-0930a,outputs/students-dtnet/dtnet_b_het-seed1,True,False,True,not archived; recover from target manifest if present
research-0930a,outputs/students-msd/sparknet_msd_b_lin-seed1,True,False,True,not archived; recover from target manifest if present
research-0930a,outputs/students-dtnet/dtnet_b_point-seed1,True,False,True,not archived; recover from target manifest if present
research-0930a,outputs/students-msd/sparknet_msd_b_dense-seed1,True,False,True,not archived; recover from target manifest if present
research-0930a,outputs/students-dtnet/dtnet_a_het-seed2,True,False,True,not archived; recover from target manifest if present
research-0930a,outputs/students-msd/sparknet_msd_a_relu-seed2,True,False,True,not archived; recover from target manifest if present
research-0930a,outputs/students-dtnet/dtnet_a_shared-seed2,True,False,True,not archived; recover from target manifest if present
research-0930a,outputs/students-msd/sparknet_msd_a_lin-seed2,True,False,True,not archived; recover from target manifest if present
research-0930a,outputs/students-dtnet/dtnet_a_lin-seed2,True,False,True,not archived; recover from target manifest if present
research-0930a,outputs/students-msd/sparknet_msd_a_dense-seed2,True,False,True,not archived; recover from target manifest if present
research-0930a,outputs/students-dtnet/dtnet_a_rnd-seed2,True,False,True,not archived; recover from target manifest if present
research-0930a,outputs/students-msd/sparknet_msd_a_1scale-seed2,True,False,True,not archived; recover from target manifest if present
research-0930a,outputs/students-dtnet/dtnet_a_mfcc-seed2,True,False,True,not archived; recover from target manifest if present
research-0930a,outputs/students-msd/sparknet_msd_a13_relu-seed2,True,False,True,not archived; recover from target manifest if present
research-0930a,outputs/students-dtnet/dtnet_a_notau-seed2,True,False,True,not archived; recover from target manifest if present
research-0930a,outputs/students-msd/sparknet_msd_a13_lin-seed2,True,False,True,not archived; recover from target manifest if present
research-0930a,outputs/students-dtnet/dtnet_a_point-seed2,True,False,True,not archived; recover from target manifest if present
research-0930a,outputs/students-msd/sparknet_msd_a13_dense-seed2,True,False,True,not archived; recover from target manifest if present
research-0930a,outputs/students-dtnet/dtnet_a_point3-seed2,True,False,True,not archived; recover from target manifest if present
research-0930a,outputs/students-msd/sparknet_msd_b_relu-seed2,True,False,True,not archived; recover from target manifest if present
research-0930a,outputs/students-dtnet/dtnet_b_het-seed2,True,False,True,not archived; recover from target manifest if present
research-0930a,outputs/students-msd/sparknet_msd_b_lin-seed2,True,False,True,not archived; recover from target manifest if present
research-0930a,outputs/students-dtnet/dtnet_b_point-seed2,True,False,True,not archived; recover from target manifest if present
research-0930a,outputs/students-msd/sparknet_msd_b_dense-seed2,True,False,True,not archived; recover from target manifest if present
research-1001a,outputs/pai-faithful/pb-all-max1-tanh-sw25-c8x16-seed0,True,True,False,uv run --env-file .env python scripts/pai_faithful_kws.py --dendrites pb --conversion all --max-dendrites 1 --forward tanh --switch-epochs 25 --c1 8 --c2 16 --epochs-cap 600 --seed 0 --out outputs/pai-faithful/pb-all-max1-tanh-sw25-c8x16-seed0
research-1001a,outputs/pai-faithful/pb-all-max1-tanh-sw25-c4x8-seed0,True,True,False,uv run --env-file .env python scripts/pai_faithful_kws.py --dendrites pb --conversion all --max-dendrites 1 --forward tanh --switch-epochs 25 --c1 4 --c2 8 --epochs-cap 600 --seed 0 --out outputs/pai-faithful/pb-all-max1-tanh-sw25-c4x8-seed0
research-1001a,outputs/pai-faithful/pb-linear-max3-tanh-sw25-c8x16-seed0,True,True,False,uv run --env-file .env python scripts/pai_faithful_kws.py --dendrites pb --conversion linear --max-dendrites 3 --forward tanh --switch-epochs 25 --c1 8 --c2 16 --epochs-cap 600 --seed 0 --out outputs/pai-faithful/pb-linear-max3-tanh-sw25-c8x16-seed0
research-1001a,outputs/pai-faithful/gd-all-max1-tanh-sw25-c4x8-seed0,True,True,False,uv run --env-file .env python scripts/pai_faithful_kws.py --dendrites gd --conversion all --max-dendrites 1 --forward tanh --switch-epochs 25 --c1 4 --c2 8 --epochs-cap 600 --seed 0 --out outputs/pai-faithful/gd-all-max1-tanh-sw25-c4x8-seed0
research-1001a,outputs/pai-faithful/pb-all-max1-relu-sw25-c4x8-seed0,True,True,False,uv run --env-file .env python scripts/pai_faithful_kws.py --dendrites pb --conversion all --max-dendrites 1 --forward relu --switch-epochs 25 --c1 4 --c2 8 --epochs-cap 600 --seed 0 --out outputs/pai-faithful/pb-all-max1-relu-sw25-c4x8-seed0
research-1001a,outputs/pai-faithful/none-r25-c28x56-seed0,True,True,False,uv run --env-file .env python scripts/pai_faithful_kws.py --dendrites none --restart-every 25 --c1 28 --c2 56 --epochs-cap 600 --seed 0 --out outputs/pai-faithful/none-r25-c28x56-seed0
research-1001a,outputs/pai-faithful/none-r25-c16x32-seed0,True,True,False,uv run --env-file .env python scripts/pai_faithful_kws.py --dendrites none --restart-every 25 --c1 16 --c2 32 --epochs-cap 600 --seed 0 --out outputs/pai-faithful/none-r25-c16x32-seed0
research-1001a,outputs/pai-faithful/none-r25-c8x16-seed0,True,True,False,uv run --env-file .env python scripts/pai_faithful_kws.py --dendrites none --restart-every 25 --c1 8 --c2 16 --epochs-cap 600 --seed 0 --out outputs/pai-faithful/none-r25-c8x16-seed0
research-1001a,outputs/pai-faithful/none-c28x56-seed0,True,True,False,uv run --env-file .env python scripts/pai_faithful_kws.py --dendrites none --c1 28 --c2 56 --epochs-cap 600 --seed 0 --out outputs/pai-faithful/none-c28x56-seed0
research-1001a,outputs/pai-faithful/none-c24x48-seed0,True,True,False,uv run --env-file .env python scripts/pai_faithful_kws.py --dendrites none --c1 24 --c2 48 --epochs-cap 600 --seed 0 --out outputs/pai-faithful/none-c24x48-seed0
research-1001a,outputs/pai-faithful/none-c20x40-seed0,True,True,False,uv run --env-file .env python scripts/pai_faithful_kws.py --dendrites none --c1 20 --c2 40 --epochs-cap 600 --seed 0 --out outputs/pai-faithful/none-c20x40-seed0
research-1001a,outputs/pai-faithful/none-c16x32-seed0,True,True,False,uv run --env-file .env python scripts/pai_faithful_kws.py --dendrites none --c1 16 --c2 32 --epochs-cap 600 --seed 0 --out outputs/pai-faithful/none-c16x32-seed0
research-1001a,outputs/pai-faithful/none-c12x24-seed0,True,True,False,uv run --env-file .env python scripts/pai_faithful_kws.py --dendrites none --c1 12 --c2 24 --epochs-cap 600 --seed 0 --out outputs/pai-faithful/none-c12x24-seed0
research-1001a,outputs/pai-faithful/none-c8x16-seed0,True,True,False,uv run --env-file .env python scripts/pai_faithful_kws.py --dendrites none --c1 8 --c2 16 --epochs-cap 600 --seed 0 --out outputs/pai-faithful/none-c8x16-seed0
research-1001a,outputs/pai-faithful/none-c6x12-seed0,True,True,False,uv run --env-file .env python scripts/pai_faithful_kws.py --dendrites none --c1 6 --c2 12 --epochs-cap 600 --seed 0 --out outputs/pai-faithful/none-c6x12-seed0
research-1001a,outputs/pai-faithful/none-c4x8-seed0,True,True,False,uv run --env-file .env python scripts/pai_faithful_kws.py --dendrites none --c1 4 --c2 8 --epochs-cap 600 --seed 0 --out outputs/pai-faithful/none-c4x8-seed0
research-1001a,outputs/pai-faithful/pb-all-max1-tanh-sw25-c8x16-seed1,True,True,False,uv run --env-file .env python scripts/pai_faithful_kws.py --dendrites pb --conversion all --max-dendrites 1 --forward tanh --switch-epochs 25 --c1 8 --c2 16 --epochs-cap 600 --seed 1 --out outputs/pai-faithful/pb-all-max1-tanh-sw25-c8x16-seed1
research-1001a,outputs/pai-faithful/pb-all-max1-tanh-sw25-c4x8-seed1,True,True,False,uv run --env-file .env python scripts/pai_faithful_kws.py --dendrites pb --conversion all --max-dendrites 1 --forward tanh --switch-epochs 25 --c1 4 --c2 8 --epochs-cap 600 --seed 1 --out outputs/pai-faithful/pb-all-max1-tanh-sw25-c4x8-seed1
research-1001a,outputs/pai-faithful/pb-linear-max3-tanh-sw25-c8x16-seed1,True,True,False,uv run --env-file .env python scripts/pai_faithful_kws.py --dendrites pb --conversion linear --max-dendrites 3 --forward tanh --switch-epochs 25 --c1 8 --c2 16 --epochs-cap 600 --seed 1 --out outputs/pai-faithful/pb-linear-max3-tanh-sw25-c8x16-seed1
research-1001a,outputs/pai-faithful/gd-all-max1-tanh-sw25-c4x8-seed1,True,True,False,uv run --env-file .env python scripts/pai_faithful_kws.py --dendrites gd --conversion all --max-dendrites 1 --forward tanh --switch-epochs 25 --c1 4 --c2 8 --epochs-cap 600 --seed 1 --out outputs/pai-faithful/gd-all-max1-tanh-sw25-c4x8-seed1
research-1001a,outputs/pai-faithful/pb-all-max1-relu-sw25-c4x8-seed1,True,True,False,uv run --env-file .env python scripts/pai_faithful_kws.py --dendrites pb --conversion all --max-dendrites 1 --forward relu --switch-epochs 25 --c1 4 --c2 8 --epochs-cap 600 --seed 1 --out outputs/pai-faithful/pb-all-max1-relu-sw25-c4x8-seed1
research-1001a,outputs/pai-faithful/none-r25-c28x56-seed1,True,True,False,uv run --env-file .env python scripts/pai_faithful_kws.py --dendrites none --restart-every 25 --c1 28 --c2 56 --epochs-cap 600 --seed 1 --out outputs/pai-faithful/none-r25-c28x56-seed1
research-1001a,outputs/pai-faithful/none-r25-c16x32-seed1,True,True,False,uv run --env-file .env python scripts/pai_faithful_kws.py --dendrites none --restart-every 25 --c1 16 --c2 32 --epochs-cap 600 --seed 1 --out outputs/pai-faithful/none-r25-c16x32-seed1
research-1001a,outputs/pai-faithful/none-r25-c8x16-seed1,True,True,False,uv run --env-file .env python scripts/pai_faithful_kws.py --dendrites none --restart-every 25 --c1 8 --c2 16 --epochs-cap 600 --seed 1 --out outputs/pai-faithful/none-r25-c8x16-seed1
research-1001a,outputs/pai-faithful/none-c28x56-seed1,True,True,False,uv run --env-file .env python scripts/pai_faithful_kws.py --dendrites none --c1 28 --c2 56 --epochs-cap 600 --seed 1 --out outputs/pai-faithful/none-c28x56-seed1
research-1001a,outputs/pai-faithful/none-c24x48-seed1,True,True,False,uv run --env-file .env python scripts/pai_faithful_kws.py --dendrites none --c1 24 --c2 48 --epochs-cap 600 --seed 1 --out outputs/pai-faithful/none-c24x48-seed1
research-1001a,outputs/pai-faithful/none-c20x40-seed1,True,True,False,uv run --env-file .env python scripts/pai_faithful_kws.py --dendrites none --c1 20 --c2 40 --epochs-cap 600 --seed 1 --out outputs/pai-faithful/none-c20x40-seed1
research-1001a,outputs/pai-faithful/none-c16x32-seed1,True,True,False,uv run --env-file .env python scripts/pai_faithful_kws.py --dendrites none --c1 16 --c2 32 --epochs-cap 600 --seed 1 --out outputs/pai-faithful/none-c16x32-seed1
research-1001a,outputs/pai-faithful/none-c12x24-seed1,True,True,False,uv run --env-file .env python scripts/pai_faithful_kws.py --dendrites none --c1 12 --c2 24 --epochs-cap 600 --seed 1 --out outputs/pai-faithful/none-c12x24-seed1
research-1001a,outputs/pai-faithful/none-c8x16-seed1,True,True,False,uv run --env-file .env python scripts/pai_faithful_kws.py --dendrites none --c1 8 --c2 16 --epochs-cap 600 --seed 1 --out outputs/pai-faithful/none-c8x16-seed1
research-1001a,outputs/pai-faithful/none-c6x12-seed1,True,True,False,uv run --env-file .env python scripts/pai_faithful_kws.py --dendrites none --c1 6 --c2 12 --epochs-cap 600 --seed 1 --out outputs/pai-faithful/none-c6x12-seed1
research-1001a,outputs/pai-faithful/none-c4x8-seed1,True,True,False,uv run --env-file .env python scripts/pai_faithful_kws.py --dendrites none --c1 4 --c2 8 --epochs-cap 600 --seed 1 --out outputs/pai-faithful/none-c4x8-seed1
research-1001a,outputs/pai-faithful/pb-all-max1-tanh-sw25-c8x16-seed2,True,True,False,uv run --env-file .env python scripts/pai_faithful_kws.py --dendrites pb --conversion all --max-dendrites 1 --forward tanh --switch-epochs 25 --c1 8 --c2 16 --epochs-cap 600 --seed 2 --out outputs/pai-faithful/pb-all-max1-tanh-sw25-c8x16-seed2
research-1001a,outputs/pai-faithful/pb-all-max1-tanh-sw25-c4x8-seed2,True,True,False,uv run --env-file .env python scripts/pai_faithful_kws.py --dendrites pb --conversion all --max-dendrites 1 --forward tanh --switch-epochs 25 --c1 4 --c2 8 --epochs-cap 600 --seed 2 --out outputs/pai-faithful/pb-all-max1-tanh-sw25-c4x8-seed2
research-1001a,outputs/pai-faithful/pb-linear-max3-tanh-sw25-c8x16-seed2,True,True,False,uv run --env-file .env python scripts/pai_faithful_kws.py --dendrites pb --conversion linear --max-dendrites 3 --forward tanh --switch-epochs 25 --c1 8 --c2 16 --epochs-cap 600 --seed 2 --out outputs/pai-faithful/pb-linear-max3-tanh-sw25-c8x16-seed2
research-1001a,outputs/pai-faithful/gd-all-max1-tanh-sw25-c4x8-seed2,True,True,False,uv run --env-file .env python scripts/pai_faithful_kws.py --dendrites gd --conversion all --max-dendrites 1 --forward tanh --switch-epochs 25 --c1 4 --c2 8 --epochs-cap 600 --seed 2 --out outputs/pai-faithful/gd-all-max1-tanh-sw25-c4x8-seed2
research-1001a,outputs/pai-faithful/pb-all-max1-relu-sw25-c4x8-seed2,True,True,False,uv run --env-file .env python scripts/pai_faithful_kws.py --dendrites pb --conversion all --max-dendrites 1 --forward relu --switch-epochs 25 --c1 4 --c2 8 --epochs-cap 600 --seed 2 --out outputs/pai-faithful/pb-all-max1-relu-sw25-c4x8-seed2
research-1001a,outputs/pai-faithful/none-r25-c28x56-seed2,True,True,False,uv run --env-file .env python scripts/pai_faithful_kws.py --dendrites none --restart-every 25 --c1 28 --c2 56 --epochs-cap 600 --seed 2 --out outputs/pai-faithful/none-r25-c28x56-seed2
research-1001a,outputs/pai-faithful/none-r25-c16x32-seed2,True,True,False,uv run --env-file .env python scripts/pai_faithful_kws.py --dendrites none --restart-every 25 --c1 16 --c2 32 --epochs-cap 600 --seed 2 --out outputs/pai-faithful/none-r25-c16x32-seed2
research-1001a,outputs/pai-faithful/none-r25-c8x16-seed2,True,True,False,uv run --env-file .env python scripts/pai_faithful_kws.py --dendrites none --restart-every 25 --c1 8 --c2 16 --epochs-cap 600 --seed 2 --out outputs/pai-faithful/none-r25-c8x16-seed2
research-1001a,outputs/pai-faithful/none-c28x56-seed2,True,True,False,uv run --env-file .env python scripts/pai_faithful_kws.py --dendrites none --c1 28 --c2 56 --epochs-cap 600 --seed 2 --out outputs/pai-faithful/none-c28x56-seed2
research-1001a,outputs/pai-faithful/none-c24x48-seed2,True,True,False,uv run --env-file .env python scripts/pai_faithful_kws.py --dendrites none --c1 24 --c2 48 --epochs-cap 600 --seed 2 --out outputs/pai-faithful/none-c24x48-seed2
research-1001a,outputs/pai-faithful/none-c20x40-seed2,True,True,False,uv run --env-file .env python scripts/pai_faithful_kws.py --dendrites none --c1 20 --c2 40 --epochs-cap 600 --seed 2 --out outputs/pai-faithful/none-c20x40-seed2
research-1001a,outputs/pai-faithful/none-c16x32-seed2,True,True,False,uv run --env-file .env python scripts/pai_faithful_kws.py --dendrites none --c1 16 --c2 32 --epochs-cap 600 --seed 2 --out outputs/pai-faithful/none-c16x32-seed2
research-1001a,outputs/pai-faithful/none-c12x24-seed2,True,True,False,uv run --env-file .env python scripts/pai_faithful_kws.py --dendrites none --c1 12 --c2 24 --epochs-cap 600 --seed 2 --out outputs/pai-faithful/none-c12x24-seed2
research-1001a,outputs/pai-faithful/none-c8x16-seed2,True,True,False,uv run --env-file .env python scripts/pai_faithful_kws.py --dendrites none --c1 8 --c2 16 --epochs-cap 600 --seed 2 --out outputs/pai-faithful/none-c8x16-seed2
research-1001a,outputs/pai-faithful/none-c6x12-seed2,True,True,False,uv run --env-file .env python scripts/pai_faithful_kws.py --dendrites none --c1 6 --c2 12 --epochs-cap 600 --seed 2 --out outputs/pai-faithful/none-c6x12-seed2
research-1001a,outputs/pai-faithful/none-c4x8-seed2,True,True,False,uv run --env-file .env python scripts/pai_faithful_kws.py --dendrites none --c1 4 --c2 8 --epochs-cap 600 --seed 2 --out outputs/pai-faithful/none-c4x8-seed2
research-1001a,outputs/pai-faithful/pb-all-max1-tanh-sw25-c8x16-seed3,True,True,False,uv run --env-file .env python scripts/pai_faithful_kws.py --dendrites pb --conversion all --max-dendrites 1 --forward tanh --switch-epochs 25 --c1 8 --c2 16 --epochs-cap 600 --seed 3 --out outputs/pai-faithful/pb-all-max1-tanh-sw25-c8x16-seed3
research-1001a,outputs/pai-faithful/pb-all-max1-tanh-sw25-c4x8-seed3,True,True,False,uv run --env-file .env python scripts/pai_faithful_kws.py --dendrites pb --conversion all --max-dendrites 1 --forward tanh --switch-epochs 25 --c1 4 --c2 8 --epochs-cap 600 --seed 3 --out outputs/pai-faithful/pb-all-max1-tanh-sw25-c4x8-seed3
research-1001a,outputs/pai-faithful/pb-linear-max3-tanh-sw25-c8x16-seed3,True,True,False,uv run --env-file .env python scripts/pai_faithful_kws.py --dendrites pb --conversion linear --max-dendrites 3 --forward tanh --switch-epochs 25 --c1 8 --c2 16 --epochs-cap 600 --seed 3 --out outputs/pai-faithful/pb-linear-max3-tanh-sw25-c8x16-seed3
research-1001a,outputs/pai-faithful/gd-all-max1-tanh-sw25-c4x8-seed3,True,True,False,uv run --env-file .env python scripts/pai_faithful_kws.py --dendrites gd --conversion all --max-dendrites 1 --forward tanh --switch-epochs 25 --c1 4 --c2 8 --epochs-cap 600 --seed 3 --out outputs/pai-faithful/gd-all-max1-tanh-sw25-c4x8-seed3
research-1001a,outputs/pai-faithful/pb-all-max1-relu-sw25-c4x8-seed3,True,True,False,uv run --env-file .env python scripts/pai_faithful_kws.py --dendrites pb --conversion all --max-dendrites 1 --forward relu --switch-epochs 25 --c1 4 --c2 8 --epochs-cap 600 --seed 3 --out outputs/pai-faithful/pb-all-max1-relu-sw25-c4x8-seed3
research-1001a,outputs/pai-faithful/none-r25-c28x56-seed3,True,True,False,uv run --env-file .env python scripts/pai_faithful_kws.py --dendrites none --restart-every 25 --c1 28 --c2 56 --epochs-cap 600 --seed 3 --out outputs/pai-faithful/none-r25-c28x56-seed3
research-1001a,outputs/pai-faithful/none-r25-c16x32-seed3,True,True,False,uv run --env-file .env python scripts/pai_faithful_kws.py --dendrites none --restart-every 25 --c1 16 --c2 32 --epochs-cap 600 --seed 3 --out outputs/pai-faithful/none-r25-c16x32-seed3
research-1001a,outputs/pai-faithful/none-r25-c8x16-seed3,True,True,False,uv run --env-file .env python scripts/pai_faithful_kws.py --dendrites none --restart-every 25 --c1 8 --c2 16 --epochs-cap 600 --seed 3 --out outputs/pai-faithful/none-r25-c8x16-seed3
research-1001a,outputs/pai-faithful/none-c28x56-seed3,True,True,False,uv run --env-file .env python scripts/pai_faithful_kws.py --dendrites none --c1 28 --c2 56 --epochs-cap 600 --seed 3 --out outputs/pai-faithful/none-c28x56-seed3
research-1001a,outputs/pai-faithful/none-c24x48-seed3,True,True,False,uv run --env-file .env python scripts/pai_faithful_kws.py --dendrites none --c1 24 --c2 48 --epochs-cap 600 --seed 3 --out outputs/pai-faithful/none-c24x48-seed3
research-1001a,outputs/pai-faithful/none-c20x40-seed3,True,True,False,uv run --env-file .env python scripts/pai_faithful_kws.py --dendrites none --c1 20 --c2 40 --epochs-cap 600 --seed 3 --out outputs/pai-faithful/none-c20x40-seed3
research-1001a,outputs/pai-faithful/none-c16x32-seed3,True,True,False,uv run --env-file .env python scripts/pai_faithful_kws.py --dendrites none --c1 16 --c2 32 --epochs-cap 600 --seed 3 --out outputs/pai-faithful/none-c16x32-seed3
research-1001a,outputs/pai-faithful/none-c12x24-seed3,True,True,False,uv run --env-file .env python scripts/pai_faithful_kws.py --dendrites none --c1 12 --c2 24 --epochs-cap 600 --seed 3 --out outputs/pai-faithful/none-c12x24-seed3
research-1001a,outputs/pai-faithful/none-c8x16-seed3,True,True,False,uv run --env-file .env python scripts/pai_faithful_kws.py --dendrites none --c1 8 --c2 16 --epochs-cap 600 --seed 3 --out outputs/pai-faithful/none-c8x16-seed3
research-1001a,outputs/pai-faithful/none-c6x12-seed3,True,True,False,uv run --env-file .env python scripts/pai_faithful_kws.py --dendrites none --c1 6 --c2 12 --epochs-cap 600 --seed 3 --out outputs/pai-faithful/none-c6x12-seed3
research-1001a,outputs/pai-faithful/none-c4x8-seed3,True,True,False,uv run --env-file .env python scripts/pai_faithful_kws.py --dendrites none --c1 4 --c2 8 --epochs-cap 600 --seed 3 --out outputs/pai-faithful/none-c4x8-seed3
research-1001a,outputs/pai-faithful/pb-all-max1-tanh-sw25-c8x16-seed4,True,True,False,uv run --env-file .env python scripts/pai_faithful_kws.py --dendrites pb --conversion all --max-dendrites 1 --forward tanh --switch-epochs 25 --c1 8 --c2 16 --epochs-cap 600 --seed 4 --out outputs/pai-faithful/pb-all-max1-tanh-sw25-c8x16-seed4
research-1001a,outputs/pai-faithful/pb-all-max1-tanh-sw25-c4x8-seed4,True,True,False,uv run --env-file .env python scripts/pai_faithful_kws.py --dendrites pb --conversion all --max-dendrites 1 --forward tanh --switch-epochs 25 --c1 4 --c2 8 --epochs-cap 600 --seed 4 --out outputs/pai-faithful/pb-all-max1-tanh-sw25-c4x8-seed4
research-1001a,outputs/pai-faithful/pb-linear-max3-tanh-sw25-c8x16-seed4,True,True,False,uv run --env-file .env python scripts/pai_faithful_kws.py --dendrites pb --conversion linear --max-dendrites 3 --forward tanh --switch-epochs 25 --c1 8 --c2 16 --epochs-cap 600 --seed 4 --out outputs/pai-faithful/pb-linear-max3-tanh-sw25-c8x16-seed4
research-1001a,outputs/pai-faithful/gd-all-max1-tanh-sw25-c4x8-seed4,True,True,False,uv run --env-file .env python scripts/pai_faithful_kws.py --dendrites gd --conversion all --max-dendrites 1 --forward tanh --switch-epochs 25 --c1 4 --c2 8 --epochs-cap 600 --seed 4 --out outputs/pai-faithful/gd-all-max1-tanh-sw25-c4x8-seed4
research-1001a,outputs/pai-faithful/pb-all-max1-relu-sw25-c4x8-seed4,True,True,False,uv run --env-file .env python scripts/pai_faithful_kws.py --dendrites pb --conversion all --max-dendrites 1 --forward relu --switch-epochs 25 --c1 4 --c2 8 --epochs-cap 600 --seed 4 --out outputs/pai-faithful/pb-all-max1-relu-sw25-c4x8-seed4
research-1001a,outputs/pai-faithful/none-r25-c28x56-seed4,True,True,False,uv run --env-file .env python scripts/pai_faithful_kws.py --dendrites none --restart-every 25 --c1 28 --c2 56 --epochs-cap 600 --seed 4 --out outputs/pai-faithful/none-r25-c28x56-seed4
research-1001a,outputs/pai-faithful/none-r25-c16x32-seed4,True,True,False,uv run --env-file .env python scripts/pai_faithful_kws.py --dendrites none --restart-every 25 --c1 16 --c2 32 --epochs-cap 600 --seed 4 --out outputs/pai-faithful/none-r25-c16x32-seed4
research-1001a,outputs/pai-faithful/none-r25-c8x16-seed4,True,True,False,uv run --env-file .env python scripts/pai_faithful_kws.py --dendrites none --restart-every 25 --c1 8 --c2 16 --epochs-cap 600 --seed 4 --out outputs/pai-faithful/none-r25-c8x16-seed4
research-1001a,outputs/pai-faithful/none-c28x56-seed4,True,True,False,uv run --env-file .env python scripts/pai_faithful_kws.py --dendrites none --c1 28 --c2 56 --epochs-cap 600 --seed 4 --out outputs/pai-faithful/none-c28x56-seed4
research-1001a,outputs/pai-faithful/none-c24x48-seed4,True,True,False,uv run --env-file .env python scripts/pai_faithful_kws.py --dendrites none --c1 24 --c2 48 --epochs-cap 600 --seed 4 --out outputs/pai-faithful/none-c24x48-seed4
research-1001a,outputs/pai-faithful/none-c20x40-seed4,True,True,False,uv run --env-file .env python scripts/pai_faithful_kws.py --dendrites none --c1 20 --c2 40 --epochs-cap 600 --seed 4 --out outputs/pai-faithful/none-c20x40-seed4
research-1001a,outputs/pai-faithful/none-c16x32-seed4,True,True,False,uv run --env-file .env python scripts/pai_faithful_kws.py --dendrites none --c1 16 --c2 32 --epochs-cap 600 --seed 4 --out outputs/pai-faithful/none-c16x32-seed4
research-1001a,outputs/pai-faithful/none-c12x24-seed4,True,True,False,uv run --env-file .env python scripts/pai_faithful_kws.py --dendrites none --c1 12 --c2 24 --epochs-cap 600 --seed 4 --out outputs/pai-faithful/none-c12x24-seed4
research-1001a,outputs/pai-faithful/none-c8x16-seed4,True,True,False,uv run --env-file .env python scripts/pai_faithful_kws.py --dendrites none --c1 8 --c2 16 --epochs-cap 600 --seed 4 --out outputs/pai-faithful/none-c8x16-seed4
research-1001a,outputs/pai-faithful/none-c6x12-seed4,True,True,False,uv run --env-file .env python scripts/pai_faithful_kws.py --dendrites none --c1 6 --c2 12 --epochs-cap 600 --seed 4 --out outputs/pai-faithful/none-c6x12-seed4
research-1001a,outputs/pai-faithful/none-c4x8-seed4,True,True,False,uv run --env-file .env python scripts/pai_faithful_kws.py --dendrites none --c1 4 --c2 8 --epochs-cap 600 --seed 4 --out outputs/pai-faithful/none-c4x8-seed4
research-1001b,outputs/pai-faithful-b21/f20-none-c4x8-seed0,True,True,False,uv run --env-file .env python scripts/pai_faithful_kws.py --dendrites none --c1 4 --c2 8 --data-config configs/data/speech_commands_v2_mfcc32_paper_frac20.yaml --epochs-cap 600 --seed 0 --out outputs/pai-faithful-b21/f20-none-c4x8-seed0
research-1001b,outputs/pai-faithful-b21/f20-none-c8x16-seed0,True,True,False,uv run --env-file .env python scripts/pai_faithful_kws.py --dendrites none --c1 8 --c2 16 --data-config configs/data/speech_commands_v2_mfcc32_paper_frac20.yaml --epochs-cap 600 --seed 0 --out outputs/pai-faithful-b21/f20-none-c8x16-seed0
research-1001b,outputs/pai-faithful-b21/f20-none-c12x24-seed0,True,True,False,uv run --env-file .env python scripts/pai_faithful_kws.py --dendrites none --c1 12 --c2 24 --data-config configs/data/speech_commands_v2_mfcc32_paper_frac20.yaml --epochs-cap 600 --seed 0 --out outputs/pai-faithful-b21/f20-none-c12x24-seed0
research-1001b,outputs/pai-faithful-b21/f20-none-c16x32-seed0,True,True,False,uv run --env-file .env python scripts/pai_faithful_kws.py --dendrites none --c1 16 --c2 32 --data-config configs/data/speech_commands_v2_mfcc32_paper_frac20.yaml --epochs-cap 600 --seed 0 --out outputs/pai-faithful-b21/f20-none-c16x32-seed0
research-1001b,outputs/pai-faithful-b21/f20-none-c24x48-seed0,True,True,False,uv run --env-file .env python scripts/pai_faithful_kws.py --dendrites none --c1 24 --c2 48 --data-config configs/data/speech_commands_v2_mfcc32_paper_frac20.yaml --epochs-cap 600 --seed 0 --out outputs/pai-faithful-b21/f20-none-c24x48-seed0
research-1001b,outputs/pai-faithful-b21/f20-none-r25-c8x16-seed0,True,True,False,uv run --env-file .env python scripts/pai_faithful_kws.py --dendrites none --c1 8 --c2 16 --restart-every 25 --data-config configs/data/speech_commands_v2_mfcc32_paper_frac20.yaml --epochs-cap 600 --seed 0 --out outputs/pai-faithful-b21/f20-none-r25-c8x16-seed0
research-1001b,outputs/pai-faithful-b21/f20-none-r25-c16x32-seed0,True,True,False,uv run --env-file .env python scripts/pai_faithful_kws.py --dendrites none --c1 16 --c2 32 --restart-every 25 --data-config configs/data/speech_commands_v2_mfcc32_paper_frac20.yaml --epochs-cap 600 --seed 0 --out outputs/pai-faithful-b21/f20-none-r25-c16x32-seed0
research-1001b,outputs/pai-faithful-b21/f20-pb-all-max1-tanh-sw25-c4x8-seed0,True,True,False,uv run --env-file .env python scripts/pai_faithful_kws.py --dendrites pb --conversion all --max-dendrites 1 --forward tanh --switch-epochs 25 --c1 4 --c2 8 --data-config configs/data/speech_commands_v2_mfcc32_paper_frac20.yaml --epochs-cap 600 --seed 0 --out outputs/pai-faithful-b21/f20-pb-all-max1-tanh-sw25-c4x8-seed0
research-1001b,outputs/pai-faithful-b21/f20-pb-all-max1-tanh-sw25-c8x16-seed0,True,True,False,uv run --env-file .env python scripts/pai_faithful_kws.py --dendrites pb --conversion all --max-dendrites 1 --forward tanh --switch-epochs 25 --c1 8 --c2 16 --data-config configs/data/speech_commands_v2_mfcc32_paper_frac20.yaml --epochs-cap 600 --seed 0 --out outputs/pai-faithful-b21/f20-pb-all-max1-tanh-sw25-c8x16-seed0
research-1001b,outputs/pai-faithful-b21/f20-pb-all-max1-relu-sw25-c8x16-seed0,True,True,False,uv run --env-file .env python scripts/pai_faithful_kws.py --dendrites pb --conversion all --max-dendrites 1 --forward relu --switch-epochs 25 --c1 8 --c2 16 --data-config configs/data/speech_commands_v2_mfcc32_paper_frac20.yaml --epochs-cap 600 --seed 0 --out outputs/pai-faithful-b21/f20-pb-all-max1-relu-sw25-c8x16-seed0
research-1001b,outputs/pai-faithful-b21/f20-gd-all-max1-tanh-sw25-c8x16-seed0,True,True,False,uv run --env-file .env python scripts/pai_faithful_kws.py --dendrites gd --conversion all --max-dendrites 1 --forward tanh --switch-epochs 25 --c1 8 --c2 16 --data-config configs/data/speech_commands_v2_mfcc32_paper_frac20.yaml --epochs-cap 600 --seed 0 --out outputs/pai-faithful-b21/f20-gd-all-max1-tanh-sw25-c8x16-seed0
research-1001b,outputs/pai-faithful-b21/det-none-c8x16-seed0,True,True,False,uv run --env-file .env python scripts/pai_faithful_kws.py --dendrites none --c1 8 --c2 16 --phase0-optimizer detached --epochs-cap 600 --seed 0 --out outputs/pai-faithful-b21/det-none-c8x16-seed0
research-1001b,outputs/pai-faithful-b21/det-none-c16x32-seed0,True,True,False,uv run --env-file .env python scripts/pai_faithful_kws.py --dendrites none --c1 16 --c2 32 --phase0-optimizer detached --epochs-cap 600 --seed 0 --out outputs/pai-faithful-b21/det-none-c16x32-seed0
research-1001b,outputs/pai-faithful-b21/det-pb-all-max1-relu-sw25-c8x16-seed0,True,True,False,uv run --env-file .env python scripts/pai_faithful_kws.py --dendrites pb --conversion all --max-dendrites 1 --forward relu --switch-epochs 25 --c1 8 --c2 16 --phase0-optimizer detached --epochs-cap 600 --seed 0 --out outputs/pai-faithful-b21/det-pb-all-max1-relu-sw25-c8x16-seed0
research-1001b,outputs/pai-faithful-b21/pb-all-max1-relu-sw25-c8x16-seed0,True,True,False,uv run --env-file .env python scripts/pai_faithful_kws.py --dendrites pb --conversion all --max-dendrites 1 --forward relu --switch-epochs 25 --c1 8 --c2 16 --epochs-cap 600 --seed 0 --out outputs/pai-faithful-b21/pb-all-max1-relu-sw25-c8x16-seed0
research-1001b,outputs/pai-faithful-b21/f20-det-none-c8x16-seed0,True,True,False,uv run --env-file .env python scripts/pai_faithful_kws.py --dendrites none --c1 8 --c2 16 --phase0-optimizer detached --data-config configs/data/speech_commands_v2_mfcc32_paper_frac20.yaml --epochs-cap 600 --seed 0 --out outputs/pai-faithful-b21/f20-det-none-c8x16-seed0
research-1001b,outputs/pai-faithful-b21/f20-det-pb-all-max1-relu-sw25-c8x16-seed0,True,True,False,uv run --env-file .env python scripts/pai_faithful_kws.py --dendrites pb --conversion all --max-dendrites 1 --forward relu --switch-epochs 25 --c1 8 --c2 16 --phase0-optimizer detached --data-config configs/data/speech_commands_v2_mfcc32_paper_frac20.yaml --epochs-cap 600 --seed 0 --out outputs/pai-faithful-b21/f20-det-pb-all-max1-relu-sw25-c8x16-seed0
research-1001b,outputs/pai-faithful-b21/f20-none-c4x8-seed1,True,True,False,uv run --env-file .env python scripts/pai_faithful_kws.py --dendrites none --c1 4 --c2 8 --data-config configs/data/speech_commands_v2_mfcc32_paper_frac20.yaml --epochs-cap 600 --seed 1 --out outputs/pai-faithful-b21/f20-none-c4x8-seed1
research-1001b,outputs/pai-faithful-b21/f20-none-c8x16-seed1,True,True,False,uv run --env-file .env python scripts/pai_faithful_kws.py --dendrites none --c1 8 --c2 16 --data-config configs/data/speech_commands_v2_mfcc32_paper_frac20.yaml --epochs-cap 600 --seed 1 --out outputs/pai-faithful-b21/f20-none-c8x16-seed1
research-1001b,outputs/pai-faithful-b21/f20-none-c12x24-seed1,True,True,False,uv run --env-file .env python scripts/pai_faithful_kws.py --dendrites none --c1 12 --c2 24 --data-config configs/data/speech_commands_v2_mfcc32_paper_frac20.yaml --epochs-cap 600 --seed 1 --out outputs/pai-faithful-b21/f20-none-c12x24-seed1
research-1001b,outputs/pai-faithful-b21/f20-none-c16x32-seed1,True,True,False,uv run --env-file .env python scripts/pai_faithful_kws.py --dendrites none --c1 16 --c2 32 --data-config configs/data/speech_commands_v2_mfcc32_paper_frac20.yaml --epochs-cap 600 --seed 1 --out outputs/pai-faithful-b21/f20-none-c16x32-seed1
research-1001b,outputs/pai-faithful-b21/f20-none-c24x48-seed1,True,True,False,uv run --env-file .env python scripts/pai_faithful_kws.py --dendrites none --c1 24 --c2 48 --data-config configs/data/speech_commands_v2_mfcc32_paper_frac20.yaml --epochs-cap 600 --seed 1 --out outputs/pai-faithful-b21/f20-none-c24x48-seed1
research-1001b,outputs/pai-faithful-b21/f20-none-r25-c8x16-seed1,True,True,False,uv run --env-file .env python scripts/pai_faithful_kws.py --dendrites none --c1 8 --c2 16 --restart-every 25 --data-config configs/data/speech_commands_v2_mfcc32_paper_frac20.yaml --epochs-cap 600 --seed 1 --out outputs/pai-faithful-b21/f20-none-r25-c8x16-seed1
research-1001b,outputs/pai-faithful-b21/f20-none-r25-c16x32-seed1,True,True,False,uv run --env-file .env python scripts/pai_faithful_kws.py --dendrites none --c1 16 --c2 32 --restart-every 25 --data-config configs/data/speech_commands_v2_mfcc32_paper_frac20.yaml --epochs-cap 600 --seed 1 --out outputs/pai-faithful-b21/f20-none-r25-c16x32-seed1
research-1001b,outputs/pai-faithful-b21/f20-pb-all-max1-tanh-sw25-c4x8-seed1,True,True,False,uv run --env-file .env python scripts/pai_faithful_kws.py --dendrites pb --conversion all --max-dendrites 1 --forward tanh --switch-epochs 25 --c1 4 --c2 8 --data-config configs/data/speech_commands_v2_mfcc32_paper_frac20.yaml --epochs-cap 600 --seed 1 --out outputs/pai-faithful-b21/f20-pb-all-max1-tanh-sw25-c4x8-seed1
research-1001b,outputs/pai-faithful-b21/f20-pb-all-max1-tanh-sw25-c8x16-seed1,True,True,False,uv run --env-file .env python scripts/pai_faithful_kws.py --dendrites pb --conversion all --max-dendrites 1 --forward tanh --switch-epochs 25 --c1 8 --c2 16 --data-config configs/data/speech_commands_v2_mfcc32_paper_frac20.yaml --epochs-cap 600 --seed 1 --out outputs/pai-faithful-b21/f20-pb-all-max1-tanh-sw25-c8x16-seed1
research-1001b,outputs/pai-faithful-b21/f20-pb-all-max1-relu-sw25-c8x16-seed1,True,True,False,uv run --env-file .env python scripts/pai_faithful_kws.py --dendrites pb --conversion all --max-dendrites 1 --forward relu --switch-epochs 25 --c1 8 --c2 16 --data-config configs/data/speech_commands_v2_mfcc32_paper_frac20.yaml --epochs-cap 600 --seed 1 --out outputs/pai-faithful-b21/f20-pb-all-max1-relu-sw25-c8x16-seed1
research-1001b,outputs/pai-faithful-b21/f20-gd-all-max1-tanh-sw25-c8x16-seed1,True,True,False,uv run --env-file .env python scripts/pai_faithful_kws.py --dendrites gd --conversion all --max-dendrites 1 --forward tanh --switch-epochs 25 --c1 8 --c2 16 --data-config configs/data/speech_commands_v2_mfcc32_paper_frac20.yaml --epochs-cap 600 --seed 1 --out outputs/pai-faithful-b21/f20-gd-all-max1-tanh-sw25-c8x16-seed1
research-1001b,outputs/pai-faithful-b21/det-none-c8x16-seed1,True,True,False,uv run --env-file .env python scripts/pai_faithful_kws.py --dendrites none --c1 8 --c2 16 --phase0-optimizer detached --epochs-cap 600 --seed 1 --out outputs/pai-faithful-b21/det-none-c8x16-seed1
research-1001b,outputs/pai-faithful-b21/det-none-c16x32-seed1,True,True,False,uv run --env-file .env python scripts/pai_faithful_kws.py --dendrites none --c1 16 --c2 32 --phase0-optimizer detached --epochs-cap 600 --seed 1 --out outputs/pai-faithful-b21/det-none-c16x32-seed1
research-1001b,outputs/pai-faithful-b21/det-pb-all-max1-relu-sw25-c8x16-seed1,True,True,False,uv run --env-file .env python scripts/pai_faithful_kws.py --dendrites pb --conversion all --max-dendrites 1 --forward relu --switch-epochs 25 --c1 8 --c2 16 --phase0-optimizer detached --epochs-cap 600 --seed 1 --out outputs/pai-faithful-b21/det-pb-all-max1-relu-sw25-c8x16-seed1
research-1001b,outputs/pai-faithful-b21/pb-all-max1-relu-sw25-c8x16-seed1,True,True,False,uv run --env-file .env python scripts/pai_faithful_kws.py --dendrites pb --conversion all --max-dendrites 1 --forward relu --switch-epochs 25 --c1 8 --c2 16 --epochs-cap 600 --seed 1 --out outputs/pai-faithful-b21/pb-all-max1-relu-sw25-c8x16-seed1
research-1001b,outputs/pai-faithful-b21/f20-det-none-c8x16-seed1,True,True,False,uv run --env-file .env python scripts/pai_faithful_kws.py --dendrites none --c1 8 --c2 16 --phase0-optimizer detached --data-config configs/data/speech_commands_v2_mfcc32_paper_frac20.yaml --epochs-cap 600 --seed 1 --out outputs/pai-faithful-b21/f20-det-none-c8x16-seed1
research-1001b,outputs/pai-faithful-b21/f20-det-pb-all-max1-relu-sw25-c8x16-seed1,True,True,False,uv run --env-file .env python scripts/pai_faithful_kws.py --dendrites pb --conversion all --max-dendrites 1 --forward relu --switch-epochs 25 --c1 8 --c2 16 --phase0-optimizer detached --data-config configs/data/speech_commands_v2_mfcc32_paper_frac20.yaml --epochs-cap 600 --seed 1 --out outputs/pai-faithful-b21/f20-det-pb-all-max1-relu-sw25-c8x16-seed1
research-1001b,outputs/pai-faithful-b21/f20-none-c4x8-seed2,True,True,False,uv run --env-file .env python scripts/pai_faithful_kws.py --dendrites none --c1 4 --c2 8 --data-config configs/data/speech_commands_v2_mfcc32_paper_frac20.yaml --epochs-cap 600 --seed 2 --out outputs/pai-faithful-b21/f20-none-c4x8-seed2
research-1001b,outputs/pai-faithful-b21/f20-none-c8x16-seed2,True,True,False,uv run --env-file .env python scripts/pai_faithful_kws.py --dendrites none --c1 8 --c2 16 --data-config configs/data/speech_commands_v2_mfcc32_paper_frac20.yaml --epochs-cap 600 --seed 2 --out outputs/pai-faithful-b21/f20-none-c8x16-seed2
research-1001b,outputs/pai-faithful-b21/f20-none-c12x24-seed2,True,True,False,uv run --env-file .env python scripts/pai_faithful_kws.py --dendrites none --c1 12 --c2 24 --data-config configs/data/speech_commands_v2_mfcc32_paper_frac20.yaml --epochs-cap 600 --seed 2 --out outputs/pai-faithful-b21/f20-none-c12x24-seed2
research-1001b,outputs/pai-faithful-b21/f20-none-c16x32-seed2,True,True,False,uv run --env-file .env python scripts/pai_faithful_kws.py --dendrites none --c1 16 --c2 32 --data-config configs/data/speech_commands_v2_mfcc32_paper_frac20.yaml --epochs-cap 600 --seed 2 --out outputs/pai-faithful-b21/f20-none-c16x32-seed2
research-1001b,outputs/pai-faithful-b21/f20-none-c24x48-seed2,True,True,False,uv run --env-file .env python scripts/pai_faithful_kws.py --dendrites none --c1 24 --c2 48 --data-config configs/data/speech_commands_v2_mfcc32_paper_frac20.yaml --epochs-cap 600 --seed 2 --out outputs/pai-faithful-b21/f20-none-c24x48-seed2
research-1001b,outputs/pai-faithful-b21/f20-none-r25-c8x16-seed2,True,True,False,uv run --env-file .env python scripts/pai_faithful_kws.py --dendrites none --c1 8 --c2 16 --restart-every 25 --data-config configs/data/speech_commands_v2_mfcc32_paper_frac20.yaml --epochs-cap 600 --seed 2 --out outputs/pai-faithful-b21/f20-none-r25-c8x16-seed2
research-1001b,outputs/pai-faithful-b21/f20-none-r25-c16x32-seed2,True,True,False,uv run --env-file .env python scripts/pai_faithful_kws.py --dendrites none --c1 16 --c2 32 --restart-every 25 --data-config configs/data/speech_commands_v2_mfcc32_paper_frac20.yaml --epochs-cap 600 --seed 2 --out outputs/pai-faithful-b21/f20-none-r25-c16x32-seed2
research-1001b,outputs/pai-faithful-b21/f20-pb-all-max1-tanh-sw25-c4x8-seed2,True,True,False,uv run --env-file .env python scripts/pai_faithful_kws.py --dendrites pb --conversion all --max-dendrites 1 --forward tanh --switch-epochs 25 --c1 4 --c2 8 --data-config configs/data/speech_commands_v2_mfcc32_paper_frac20.yaml --epochs-cap 600 --seed 2 --out outputs/pai-faithful-b21/f20-pb-all-max1-tanh-sw25-c4x8-seed2
research-1001b,outputs/pai-faithful-b21/f20-pb-all-max1-tanh-sw25-c8x16-seed2,True,True,False,uv run --env-file .env python scripts/pai_faithful_kws.py --dendrites pb --conversion all --max-dendrites 1 --forward tanh --switch-epochs 25 --c1 8 --c2 16 --data-config configs/data/speech_commands_v2_mfcc32_paper_frac20.yaml --epochs-cap 600 --seed 2 --out outputs/pai-faithful-b21/f20-pb-all-max1-tanh-sw25-c8x16-seed2
research-1001b,outputs/pai-faithful-b21/f20-pb-all-max1-relu-sw25-c8x16-seed2,True,True,False,uv run --env-file .env python scripts/pai_faithful_kws.py --dendrites pb --conversion all --max-dendrites 1 --forward relu --switch-epochs 25 --c1 8 --c2 16 --data-config configs/data/speech_commands_v2_mfcc32_paper_frac20.yaml --epochs-cap 600 --seed 2 --out outputs/pai-faithful-b21/f20-pb-all-max1-relu-sw25-c8x16-seed2
research-1001b,outputs/pai-faithful-b21/f20-gd-all-max1-tanh-sw25-c8x16-seed2,True,True,False,uv run --env-file .env python scripts/pai_faithful_kws.py --dendrites gd --conversion all --max-dendrites 1 --forward tanh --switch-epochs 25 --c1 8 --c2 16 --data-config configs/data/speech_commands_v2_mfcc32_paper_frac20.yaml --epochs-cap 600 --seed 2 --out outputs/pai-faithful-b21/f20-gd-all-max1-tanh-sw25-c8x16-seed2
research-1001b,outputs/pai-faithful-b21/det-none-c8x16-seed2,True,True,False,uv run --env-file .env python scripts/pai_faithful_kws.py --dendrites none --c1 8 --c2 16 --phase0-optimizer detached --epochs-cap 600 --seed 2 --out outputs/pai-faithful-b21/det-none-c8x16-seed2
research-1001b,outputs/pai-faithful-b21/det-none-c16x32-seed2,True,True,False,uv run --env-file .env python scripts/pai_faithful_kws.py --dendrites none --c1 16 --c2 32 --phase0-optimizer detached --epochs-cap 600 --seed 2 --out outputs/pai-faithful-b21/det-none-c16x32-seed2
research-1001b,outputs/pai-faithful-b21/det-pb-all-max1-relu-sw25-c8x16-seed2,True,True,False,uv run --env-file .env python scripts/pai_faithful_kws.py --dendrites pb --conversion all --max-dendrites 1 --forward relu --switch-epochs 25 --c1 8 --c2 16 --phase0-optimizer detached --epochs-cap 600 --seed 2 --out outputs/pai-faithful-b21/det-pb-all-max1-relu-sw25-c8x16-seed2
research-1001b,outputs/pai-faithful-b21/pb-all-max1-relu-sw25-c8x16-seed2,True,True,False,uv run --env-file .env python scripts/pai_faithful_kws.py --dendrites pb --conversion all --max-dendrites 1 --forward relu --switch-epochs 25 --c1 8 --c2 16 --epochs-cap 600 --seed 2 --out outputs/pai-faithful-b21/pb-all-max1-relu-sw25-c8x16-seed2
research-1001b,outputs/pai-faithful-b21/f20-det-none-c8x16-seed2,True,True,False,uv run --env-file .env python scripts/pai_faithful_kws.py --dendrites none --c1 8 --c2 16 --phase0-optimizer detached --data-config configs/data/speech_commands_v2_mfcc32_paper_frac20.yaml --epochs-cap 600 --seed 2 --out outputs/pai-faithful-b21/f20-det-none-c8x16-seed2
research-1001b,outputs/pai-faithful-b21/f20-det-pb-all-max1-relu-sw25-c8x16-seed2,True,True,False,uv run --env-file .env python scripts/pai_faithful_kws.py --dendrites pb --conversion all --max-dendrites 1 --forward relu --switch-epochs 25 --c1 8 --c2 16 --phase0-optimizer detached --data-config configs/data/speech_commands_v2_mfcc32_paper_frac20.yaml --epochs-cap 600 --seed 2 --out outputs/pai-faithful-b21/f20-det-pb-all-max1-relu-sw25-c8x16-seed2
research-1001b,outputs/pai-faithful-b21/f20-none-c4x8-seed3,True,True,False,uv run --env-file .env python scripts/pai_faithful_kws.py --dendrites none --c1 4 --c2 8 --data-config configs/data/speech_commands_v2_mfcc32_paper_frac20.yaml --epochs-cap 600 --seed 3 --out outputs/pai-faithful-b21/f20-none-c4x8-seed3
research-1001b,outputs/pai-faithful-b21/f20-none-c8x16-seed3,True,True,False,uv run --env-file .env python scripts/pai_faithful_kws.py --dendrites none --c1 8 --c2 16 --data-config configs/data/speech_commands_v2_mfcc32_paper_frac20.yaml --epochs-cap 600 --seed 3 --out outputs/pai-faithful-b21/f20-none-c8x16-seed3
research-1001b,outputs/pai-faithful-b21/f20-none-c12x24-seed3,True,True,False,uv run --env-file .env python scripts/pai_faithful_kws.py --dendrites none --c1 12 --c2 24 --data-config configs/data/speech_commands_v2_mfcc32_paper_frac20.yaml --epochs-cap 600 --seed 3 --out outputs/pai-faithful-b21/f20-none-c12x24-seed3
research-1001b,outputs/pai-faithful-b21/f20-none-c16x32-seed3,True,True,False,uv run --env-file .env python scripts/pai_faithful_kws.py --dendrites none --c1 16 --c2 32 --data-config configs/data/speech_commands_v2_mfcc32_paper_frac20.yaml --epochs-cap 600 --seed 3 --out outputs/pai-faithful-b21/f20-none-c16x32-seed3
research-1001b,outputs/pai-faithful-b21/f20-none-c24x48-seed3,True,True,False,uv run --env-file .env python scripts/pai_faithful_kws.py --dendrites none --c1 24 --c2 48 --data-config configs/data/speech_commands_v2_mfcc32_paper_frac20.yaml --epochs-cap 600 --seed 3 --out outputs/pai-faithful-b21/f20-none-c24x48-seed3
research-1001b,outputs/pai-faithful-b21/f20-none-r25-c8x16-seed3,True,True,False,uv run --env-file .env python scripts/pai_faithful_kws.py --dendrites none --c1 8 --c2 16 --restart-every 25 --data-config configs/data/speech_commands_v2_mfcc32_paper_frac20.yaml --epochs-cap 600 --seed 3 --out outputs/pai-faithful-b21/f20-none-r25-c8x16-seed3
research-1001b,outputs/pai-faithful-b21/f20-none-r25-c16x32-seed3,True,True,False,uv run --env-file .env python scripts/pai_faithful_kws.py --dendrites none --c1 16 --c2 32 --restart-every 25 --data-config configs/data/speech_commands_v2_mfcc32_paper_frac20.yaml --epochs-cap 600 --seed 3 --out outputs/pai-faithful-b21/f20-none-r25-c16x32-seed3
research-1001b,outputs/pai-faithful-b21/f20-pb-all-max1-tanh-sw25-c4x8-seed3,True,True,False,uv run --env-file .env python scripts/pai_faithful_kws.py --dendrites pb --conversion all --max-dendrites 1 --forward tanh --switch-epochs 25 --c1 4 --c2 8 --data-config configs/data/speech_commands_v2_mfcc32_paper_frac20.yaml --epochs-cap 600 --seed 3 --out outputs/pai-faithful-b21/f20-pb-all-max1-tanh-sw25-c4x8-seed3
research-1001b,outputs/pai-faithful-b21/f20-pb-all-max1-tanh-sw25-c8x16-seed3,True,True,False,uv run --env-file .env python scripts/pai_faithful_kws.py --dendrites pb --conversion all --max-dendrites 1 --forward tanh --switch-epochs 25 --c1 8 --c2 16 --data-config configs/data/speech_commands_v2_mfcc32_paper_frac20.yaml --epochs-cap 600 --seed 3 --out outputs/pai-faithful-b21/f20-pb-all-max1-tanh-sw25-c8x16-seed3
research-1001b,outputs/pai-faithful-b21/f20-pb-all-max1-relu-sw25-c8x16-seed3,True,True,False,uv run --env-file .env python scripts/pai_faithful_kws.py --dendrites pb --conversion all --max-dendrites 1 --forward relu --switch-epochs 25 --c1 8 --c2 16 --data-config configs/data/speech_commands_v2_mfcc32_paper_frac20.yaml --epochs-cap 600 --seed 3 --out outputs/pai-faithful-b21/f20-pb-all-max1-relu-sw25-c8x16-seed3
research-1001b,outputs/pai-faithful-b21/f20-gd-all-max1-tanh-sw25-c8x16-seed3,True,True,False,uv run --env-file .env python scripts/pai_faithful_kws.py --dendrites gd --conversion all --max-dendrites 1 --forward tanh --switch-epochs 25 --c1 8 --c2 16 --data-config configs/data/speech_commands_v2_mfcc32_paper_frac20.yaml --epochs-cap 600 --seed 3 --out outputs/pai-faithful-b21/f20-gd-all-max1-tanh-sw25-c8x16-seed3
research-1001b,outputs/pai-faithful-b21/det-none-c8x16-seed3,True,True,False,uv run --env-file .env python scripts/pai_faithful_kws.py --dendrites none --c1 8 --c2 16 --phase0-optimizer detached --epochs-cap 600 --seed 3 --out outputs/pai-faithful-b21/det-none-c8x16-seed3
research-1001b,outputs/pai-faithful-b21/det-none-c16x32-seed3,True,True,False,uv run --env-file .env python scripts/pai_faithful_kws.py --dendrites none --c1 16 --c2 32 --phase0-optimizer detached --epochs-cap 600 --seed 3 --out outputs/pai-faithful-b21/det-none-c16x32-seed3
research-1001b,outputs/pai-faithful-b21/det-pb-all-max1-relu-sw25-c8x16-seed3,True,True,False,uv run --env-file .env python scripts/pai_faithful_kws.py --dendrites pb --conversion all --max-dendrites 1 --forward relu --switch-epochs 25 --c1 8 --c2 16 --phase0-optimizer detached --epochs-cap 600 --seed 3 --out outputs/pai-faithful-b21/det-pb-all-max1-relu-sw25-c8x16-seed3
research-1001b,outputs/pai-faithful-b21/pb-all-max1-relu-sw25-c8x16-seed3,True,True,False,uv run --env-file .env python scripts/pai_faithful_kws.py --dendrites pb --conversion all --max-dendrites 1 --forward relu --switch-epochs 25 --c1 8 --c2 16 --epochs-cap 600 --seed 3 --out outputs/pai-faithful-b21/pb-all-max1-relu-sw25-c8x16-seed3
research-1001b,outputs/pai-faithful-b21/f20-det-none-c8x16-seed3,True,True,False,uv run --env-file .env python scripts/pai_faithful_kws.py --dendrites none --c1 8 --c2 16 --phase0-optimizer detached --data-config configs/data/speech_commands_v2_mfcc32_paper_frac20.yaml --epochs-cap 600 --seed 3 --out outputs/pai-faithful-b21/f20-det-none-c8x16-seed3
research-1001b,outputs/pai-faithful-b21/f20-det-pb-all-max1-relu-sw25-c8x16-seed3,True,True,False,uv run --env-file .env python scripts/pai_faithful_kws.py --dendrites pb --conversion all --max-dendrites 1 --forward relu --switch-epochs 25 --c1 8 --c2 16 --phase0-optimizer detached --data-config configs/data/speech_commands_v2_mfcc32_paper_frac20.yaml --epochs-cap 600 --seed 3 --out outputs/pai-faithful-b21/f20-det-pb-all-max1-relu-sw25-c8x16-seed3
research-1001b,outputs/pai-faithful-b21/f20-none-c4x8-seed4,True,True,False,uv run --env-file .env python scripts/pai_faithful_kws.py --dendrites none --c1 4 --c2 8 --data-config configs/data/speech_commands_v2_mfcc32_paper_frac20.yaml --epochs-cap 600 --seed 4 --out outputs/pai-faithful-b21/f20-none-c4x8-seed4
research-1001b,outputs/pai-faithful-b21/f20-none-c8x16-seed4,True,True,False,uv run --env-file .env python scripts/pai_faithful_kws.py --dendrites none --c1 8 --c2 16 --data-config configs/data/speech_commands_v2_mfcc32_paper_frac20.yaml --epochs-cap 600 --seed 4 --out outputs/pai-faithful-b21/f20-none-c8x16-seed4
research-1001b,outputs/pai-faithful-b21/f20-none-c12x24-seed4,True,True,False,uv run --env-file .env python scripts/pai_faithful_kws.py --dendrites none --c1 12 --c2 24 --data-config configs/data/speech_commands_v2_mfcc32_paper_frac20.yaml --epochs-cap 600 --seed 4 --out outputs/pai-faithful-b21/f20-none-c12x24-seed4
research-1001b,outputs/pai-faithful-b21/f20-none-c16x32-seed4,True,True,False,uv run --env-file .env python scripts/pai_faithful_kws.py --dendrites none --c1 16 --c2 32 --data-config configs/data/speech_commands_v2_mfcc32_paper_frac20.yaml --epochs-cap 600 --seed 4 --out outputs/pai-faithful-b21/f20-none-c16x32-seed4
research-1001b,outputs/pai-faithful-b21/f20-none-c24x48-seed4,True,True,False,uv run --env-file .env python scripts/pai_faithful_kws.py --dendrites none --c1 24 --c2 48 --data-config configs/data/speech_commands_v2_mfcc32_paper_frac20.yaml --epochs-cap 600 --seed 4 --out outputs/pai-faithful-b21/f20-none-c24x48-seed4
research-1001b,outputs/pai-faithful-b21/f20-none-r25-c8x16-seed4,True,True,False,uv run --env-file .env python scripts/pai_faithful_kws.py --dendrites none --c1 8 --c2 16 --restart-every 25 --data-config configs/data/speech_commands_v2_mfcc32_paper_frac20.yaml --epochs-cap 600 --seed 4 --out outputs/pai-faithful-b21/f20-none-r25-c8x16-seed4
research-1001b,outputs/pai-faithful-b21/f20-none-r25-c16x32-seed4,True,True,False,uv run --env-file .env python scripts/pai_faithful_kws.py --dendrites none --c1 16 --c2 32 --restart-every 25 --data-config configs/data/speech_commands_v2_mfcc32_paper_frac20.yaml --epochs-cap 600 --seed 4 --out outputs/pai-faithful-b21/f20-none-r25-c16x32-seed4
research-1001b,outputs/pai-faithful-b21/f20-pb-all-max1-tanh-sw25-c4x8-seed4,True,True,False,uv run --env-file .env python scripts/pai_faithful_kws.py --dendrites pb --conversion all --max-dendrites 1 --forward tanh --switch-epochs 25 --c1 4 --c2 8 --data-config configs/data/speech_commands_v2_mfcc32_paper_frac20.yaml --epochs-cap 600 --seed 4 --out outputs/pai-faithful-b21/f20-pb-all-max1-tanh-sw25-c4x8-seed4
research-1001b,outputs/pai-faithful-b21/f20-pb-all-max1-tanh-sw25-c8x16-seed4,True,True,False,uv run --env-file .env python scripts/pai_faithful_kws.py --dendrites pb --conversion all --max-dendrites 1 --forward tanh --switch-epochs 25 --c1 8 --c2 16 --data-config configs/data/speech_commands_v2_mfcc32_paper_frac20.yaml --epochs-cap 600 --seed 4 --out outputs/pai-faithful-b21/f20-pb-all-max1-tanh-sw25-c8x16-seed4
research-1001b,outputs/pai-faithful-b21/f20-pb-all-max1-relu-sw25-c8x16-seed4,True,True,False,uv run --env-file .env python scripts/pai_faithful_kws.py --dendrites pb --conversion all --max-dendrites 1 --forward relu --switch-epochs 25 --c1 8 --c2 16 --data-config configs/data/speech_commands_v2_mfcc32_paper_frac20.yaml --epochs-cap 600 --seed 4 --out outputs/pai-faithful-b21/f20-pb-all-max1-relu-sw25-c8x16-seed4
research-1001b,outputs/pai-faithful-b21/f20-gd-all-max1-tanh-sw25-c8x16-seed4,True,True,False,uv run --env-file .env python scripts/pai_faithful_kws.py --dendrites gd --conversion all --max-dendrites 1 --forward tanh --switch-epochs 25 --c1 8 --c2 16 --data-config configs/data/speech_commands_v2_mfcc32_paper_frac20.yaml --epochs-cap 600 --seed 4 --out outputs/pai-faithful-b21/f20-gd-all-max1-tanh-sw25-c8x16-seed4
research-1001b,outputs/pai-faithful-b21/det-none-c8x16-seed4,True,True,False,uv run --env-file .env python scripts/pai_faithful_kws.py --dendrites none --c1 8 --c2 16 --phase0-optimizer detached --epochs-cap 600 --seed 4 --out outputs/pai-faithful-b21/det-none-c8x16-seed4
research-1001b,outputs/pai-faithful-b21/det-none-c16x32-seed4,True,True,False,uv run --env-file .env python scripts/pai_faithful_kws.py --dendrites none --c1 16 --c2 32 --phase0-optimizer detached --epochs-cap 600 --seed 4 --out outputs/pai-faithful-b21/det-none-c16x32-seed4
research-1001b,outputs/pai-faithful-b21/det-pb-all-max1-relu-sw25-c8x16-seed4,True,True,False,uv run --env-file .env python scripts/pai_faithful_kws.py --dendrites pb --conversion all --max-dendrites 1 --forward relu --switch-epochs 25 --c1 8 --c2 16 --phase0-optimizer detached --epochs-cap 600 --seed 4 --out outputs/pai-faithful-b21/det-pb-all-max1-relu-sw25-c8x16-seed4
research-1001b,outputs/pai-faithful-b21/pb-all-max1-relu-sw25-c8x16-seed4,True,True,False,uv run --env-file .env python scripts/pai_faithful_kws.py --dendrites pb --conversion all --max-dendrites 1 --forward relu --switch-epochs 25 --c1 8 --c2 16 --epochs-cap 600 --seed 4 --out outputs/pai-faithful-b21/pb-all-max1-relu-sw25-c8x16-seed4
research-1001b,outputs/pai-faithful-b21/f20-det-none-c8x16-seed4,True,True,False,uv run --env-file .env python scripts/pai_faithful_kws.py --dendrites none --c1 8 --c2 16 --phase0-optimizer detached --data-config configs/data/speech_commands_v2_mfcc32_paper_frac20.yaml --epochs-cap 600 --seed 4 --out outputs/pai-faithful-b21/f20-det-none-c8x16-seed4
research-1001b,outputs/pai-faithful-b21/f20-det-pb-all-max1-relu-sw25-c8x16-seed4,True,True,False,uv run --env-file .env python scripts/pai_faithful_kws.py --dendrites pb --conversion all --max-dendrites 1 --forward relu --switch-epochs 25 --c1 8 --c2 16 --phase0-optimizer detached --data-config configs/data/speech_commands_v2_mfcc32_paper_frac20.yaml --epochs-cap 600 --seed 4 --out outputs/pai-faithful-b21/f20-det-pb-all-max1-relu-sw25-c8x16-seed4
research-1001c,outputs/pai-faithful-b22/pb-all-max1-tanh-sw25-c8x16-seed0,True,True,False,OMP_NUM_THREADS=1 uv run --env-file .env python scripts/pai_faithful_kws.py --dendrites pb --conversion all --max-dendrites 1 --forward tanh --switch-epochs 25 --c1 8 --c2 16 --device cpu --workers 2 --epochs-cap 600 --seed 0 --out outputs/pai-faithful-b22/pb-all-max1-tanh-sw25-c8x16-seed0
research-1001c,outputs/pai-faithful-b22/pb-all-max1-tanh-sw25-c12x24-seed0,True,True,False,OMP_NUM_THREADS=1 uv run --env-file .env python scripts/pai_faithful_kws.py --dendrites pb --conversion all --max-dendrites 1 --forward tanh --switch-epochs 25 --c1 12 --c2 24 --device cpu --workers 2 --epochs-cap 600 --seed 0 --out outputs/pai-faithful-b22/pb-all-max1-tanh-sw25-c12x24-seed0
research-1001c,outputs/pai-faithful-b22/pb-all-max1-sigmoid-sw25-c8x16-seed0,True,True,False,OMP_NUM_THREADS=1 uv run --env-file .env python scripts/pai_faithful_kws.py --dendrites pb --conversion all --max-dendrites 1 --forward sigmoid --switch-epochs 25 --c1 8 --c2 16 --device cpu --workers 2 --epochs-cap 600 --seed 0 --out outputs/pai-faithful-b22/pb-all-max1-sigmoid-sw25-c8x16-seed0
research-1001c,outputs/pai-faithful-b22/none-c12x32x64-seed0,True,True,False,OMP_NUM_THREADS=1 uv run --env-file .env python scripts/pai_faithful_kws.py --dendrites none --c1 12 --c2 32 --c3 64 --device cpu --workers 2 --epochs-cap 600 --seed 0 --out outputs/pai-faithful-b22/none-c12x32x64-seed0
research-1001c,outputs/pai-faithful-b22/none-c16x42x84-seed0,True,True,False,OMP_NUM_THREADS=1 uv run --env-file .env python scripts/pai_faithful_kws.py --dendrites none --c1 16 --c2 42 --c3 84 --device cpu --workers 2 --epochs-cap 600 --seed 0 --out outputs/pai-faithful-b22/none-c16x42x84-seed0
research-1001c,outputs/pai-faithful-b22/none-c12x24-seed0,True,True,False,OMP_NUM_THREADS=1 uv run --env-file .env python scripts/pai_faithful_kws.py --dendrites none --c1 12 --c2 24 --device cpu --workers 2 --epochs-cap 600 --seed 0 --out outputs/pai-faithful-b22/none-c12x24-seed0
research-1001c,outputs/pai-faithful-b22/none-c16x32-seed0,True,True,False,OMP_NUM_THREADS=1 uv run --env-file .env python scripts/pai_faithful_kws.py --dendrites none --c1 16 --c2 32 --device cpu --workers 2 --epochs-cap 600 --seed 0 --out outputs/pai-faithful-b22/none-c16x32-seed0
research-1001c,outputs/pai-faithful-b22/none-c20x40-seed0,True,True,False,OMP_NUM_THREADS=1 uv run --env-file .env python scripts/pai_faithful_kws.py --dendrites none --c1 20 --c2 40 --device cpu --workers 2 --epochs-cap 600 --seed 0 --out outputs/pai-faithful-b22/none-c20x40-seed0
research-1001c,outputs/pai-faithful-b22/none-c24x48-seed0,True,True,False,OMP_NUM_THREADS=1 uv run --env-file .env python scripts/pai_faithful_kws.py --dendrites none --c1 24 --c2 48 --device cpu --workers 2 --epochs-cap 600 --seed 0 --out outputs/pai-faithful-b22/none-c24x48-seed0
research-1001c,outputs/pai-faithful-b22/pb-all-max1-tanh-sw25-c8x16-seed1,True,True,False,OMP_NUM_THREADS=1 uv run --env-file .env python scripts/pai_faithful_kws.py --dendrites pb --conversion all --max-dendrites 1 --forward tanh --switch-epochs 25 --c1 8 --c2 16 --device cpu --workers 2 --epochs-cap 600 --seed 1 --out outputs/pai-faithful-b22/pb-all-max1-tanh-sw25-c8x16-seed1
research-1001c,outputs/pai-faithful-b22/pb-all-max1-tanh-sw25-c12x24-seed1,True,True,False,OMP_NUM_THREADS=1 uv run --env-file .env python scripts/pai_faithful_kws.py --dendrites pb --conversion all --max-dendrites 1 --forward tanh --switch-epochs 25 --c1 12 --c2 24 --device cpu --workers 2 --epochs-cap 600 --seed 1 --out outputs/pai-faithful-b22/pb-all-max1-tanh-sw25-c12x24-seed1
research-1001c,outputs/pai-faithful-b22/pb-all-max1-sigmoid-sw25-c8x16-seed1,True,True,False,OMP_NUM_THREADS=1 uv run --env-file .env python scripts/pai_faithful_kws.py --dendrites pb --conversion all --max-dendrites 1 --forward sigmoid --switch-epochs 25 --c1 8 --c2 16 --device cpu --workers 2 --epochs-cap 600 --seed 1 --out outputs/pai-faithful-b22/pb-all-max1-sigmoid-sw25-c8x16-seed1
research-1001c,outputs/pai-faithful-b22/none-c12x32x64-seed1,True,True,False,OMP_NUM_THREADS=1 uv run --env-file .env python scripts/pai_faithful_kws.py --dendrites none --c1 12 --c2 32 --c3 64 --device cpu --workers 2 --epochs-cap 600 --seed 1 --out outputs/pai-faithful-b22/none-c12x32x64-seed1
research-1001c,outputs/pai-faithful-b22/none-c16x42x84-seed1,True,True,False,OMP_NUM_THREADS=1 uv run --env-file .env python scripts/pai_faithful_kws.py --dendrites none --c1 16 --c2 42 --c3 84 --device cpu --workers 2 --epochs-cap 600 --seed 1 --out outputs/pai-faithful-b22/none-c16x42x84-seed1
research-1001c,outputs/pai-faithful-b22/none-c12x24-seed1,True,True,False,OMP_NUM_THREADS=1 uv run --env-file .env python scripts/pai_faithful_kws.py --dendrites none --c1 12 --c2 24 --device cpu --workers 2 --epochs-cap 600 --seed 1 --out outputs/pai-faithful-b22/none-c12x24-seed1
research-1001c,outputs/pai-faithful-b22/none-c16x32-seed1,True,True,False,OMP_NUM_THREADS=1 uv run --env-file .env python scripts/pai_faithful_kws.py --dendrites none --c1 16 --c2 32 --device cpu --workers 2 --epochs-cap 600 --seed 1 --out outputs/pai-faithful-b22/none-c16x32-seed1
research-1001c,outputs/pai-faithful-b22/none-c20x40-seed1,True,True,False,OMP_NUM_THREADS=1 uv run --env-file .env python scripts/pai_faithful_kws.py --dendrites none --c1 20 --c2 40 --device cpu --workers 2 --epochs-cap 600 --seed 1 --out outputs/pai-faithful-b22/none-c20x40-seed1
research-1001c,outputs/pai-faithful-b22/none-c24x48-seed1,True,True,False,OMP_NUM_THREADS=1 uv run --env-file .env python scripts/pai_faithful_kws.py --dendrites none --c1 24 --c2 48 --device cpu --workers 2 --epochs-cap 600 --seed 1 --out outputs/pai-faithful-b22/none-c24x48-seed1
research-1001c,outputs/pai-faithful-b22/pb-all-max1-tanh-sw25-c8x16-seed2,True,True,False,OMP_NUM_THREADS=1 uv run --env-file .env python scripts/pai_faithful_kws.py --dendrites pb --conversion all --max-dendrites 1 --forward tanh --switch-epochs 25 --c1 8 --c2 16 --device cpu --workers 2 --epochs-cap 600 --seed 2 --out outputs/pai-faithful-b22/pb-all-max1-tanh-sw25-c8x16-seed2
research-1001c,outputs/pai-faithful-b22/pb-all-max1-tanh-sw25-c12x24-seed2,True,True,False,OMP_NUM_THREADS=1 uv run --env-file .env python scripts/pai_faithful_kws.py --dendrites pb --conversion all --max-dendrites 1 --forward tanh --switch-epochs 25 --c1 12 --c2 24 --device cpu --workers 2 --epochs-cap 600 --seed 2 --out outputs/pai-faithful-b22/pb-all-max1-tanh-sw25-c12x24-seed2
research-1001c,outputs/pai-faithful-b22/pb-all-max1-sigmoid-sw25-c8x16-seed2,True,True,False,OMP_NUM_THREADS=1 uv run --env-file .env python scripts/pai_faithful_kws.py --dendrites pb --conversion all --max-dendrites 1 --forward sigmoid --switch-epochs 25 --c1 8 --c2 16 --device cpu --workers 2 --epochs-cap 600 --seed 2 --out outputs/pai-faithful-b22/pb-all-max1-sigmoid-sw25-c8x16-seed2
research-1001c,outputs/pai-faithful-b22/none-c12x32x64-seed2,True,True,False,OMP_NUM_THREADS=1 uv run --env-file .env python scripts/pai_faithful_kws.py --dendrites none --c1 12 --c2 32 --c3 64 --device cpu --workers 2 --epochs-cap 600 --seed 2 --out outputs/pai-faithful-b22/none-c12x32x64-seed2
research-1001c,outputs/pai-faithful-b22/none-c16x42x84-seed2,True,True,False,OMP_NUM_THREADS=1 uv run --env-file .env python scripts/pai_faithful_kws.py --dendrites none --c1 16 --c2 42 --c3 84 --device cpu --workers 2 --epochs-cap 600 --seed 2 --out outputs/pai-faithful-b22/none-c16x42x84-seed2
research-1001c,outputs/pai-faithful-b22/none-c12x24-seed2,True,True,False,OMP_NUM_THREADS=1 uv run --env-file .env python scripts/pai_faithful_kws.py --dendrites none --c1 12 --c2 24 --device cpu --workers 2 --epochs-cap 600 --seed 2 --out outputs/pai-faithful-b22/none-c12x24-seed2
research-1001c,outputs/pai-faithful-b22/none-c16x32-seed2,True,True,False,OMP_NUM_THREADS=1 uv run --env-file .env python scripts/pai_faithful_kws.py --dendrites none --c1 16 --c2 32 --device cpu --workers 2 --epochs-cap 600 --seed 2 --out outputs/pai-faithful-b22/none-c16x32-seed2
research-1001c,outputs/pai-faithful-b22/none-c20x40-seed2,True,True,False,OMP_NUM_THREADS=1 uv run --env-file .env python scripts/pai_faithful_kws.py --dendrites none --c1 20 --c2 40 --device cpu --workers 2 --epochs-cap 600 --seed 2 --out outputs/pai-faithful-b22/none-c20x40-seed2
research-1001c,outputs/pai-faithful-b22/none-c24x48-seed2,True,True,False,OMP_NUM_THREADS=1 uv run --env-file .env python scripts/pai_faithful_kws.py --dendrites none --c1 24 --c2 48 --device cpu --workers 2 --epochs-cap 600 --seed 2 --out outputs/pai-faithful-b22/none-c24x48-seed2
research-1001c,outputs/pai-faithful-b22/pb-all-max1-tanh-sw25-c8x16-seed3,True,True,False,OMP_NUM_THREADS=1 uv run --env-file .env python scripts/pai_faithful_kws.py --dendrites pb --conversion all --max-dendrites 1 --forward tanh --switch-epochs 25 --c1 8 --c2 16 --device cpu --workers 2 --epochs-cap 600 --seed 3 --out outputs/pai-faithful-b22/pb-all-max1-tanh-sw25-c8x16-seed3
research-1001c,outputs/pai-faithful-b22/pb-all-max1-tanh-sw25-c12x24-seed3,True,True,False,OMP_NUM_THREADS=1 uv run --env-file .env python scripts/pai_faithful_kws.py --dendrites pb --conversion all --max-dendrites 1 --forward tanh --switch-epochs 25 --c1 12 --c2 24 --device cpu --workers 2 --epochs-cap 600 --seed 3 --out outputs/pai-faithful-b22/pb-all-max1-tanh-sw25-c12x24-seed3
research-1001c,outputs/pai-faithful-b22/pb-all-max1-sigmoid-sw25-c8x16-seed3,True,True,False,OMP_NUM_THREADS=1 uv run --env-file .env python scripts/pai_faithful_kws.py --dendrites pb --conversion all --max-dendrites 1 --forward sigmoid --switch-epochs 25 --c1 8 --c2 16 --device cpu --workers 2 --epochs-cap 600 --seed 3 --out outputs/pai-faithful-b22/pb-all-max1-sigmoid-sw25-c8x16-seed3
research-1001c,outputs/pai-faithful-b22/none-c12x32x64-seed3,True,True,False,OMP_NUM_THREADS=1 uv run --env-file .env python scripts/pai_faithful_kws.py --dendrites none --c1 12 --c2 32 --c3 64 --device cpu --workers 2 --epochs-cap 600 --seed 3 --out outputs/pai-faithful-b22/none-c12x32x64-seed3
research-1001c,outputs/pai-faithful-b22/none-c16x42x84-seed3,True,True,False,OMP_NUM_THREADS=1 uv run --env-file .env python scripts/pai_faithful_kws.py --dendrites none --c1 16 --c2 42 --c3 84 --device cpu --workers 2 --epochs-cap 600 --seed 3 --out outputs/pai-faithful-b22/none-c16x42x84-seed3
research-1001c,outputs/pai-faithful-b22/none-c12x24-seed3,True,True,False,OMP_NUM_THREADS=1 uv run --env-file .env python scripts/pai_faithful_kws.py --dendrites none --c1 12 --c2 24 --device cpu --workers 2 --epochs-cap 600 --seed 3 --out outputs/pai-faithful-b22/none-c12x24-seed3
research-1001c,outputs/pai-faithful-b22/none-c16x32-seed3,True,True,False,OMP_NUM_THREADS=1 uv run --env-file .env python scripts/pai_faithful_kws.py --dendrites none --c1 16 --c2 32 --device cpu --workers 2 --epochs-cap 600 --seed 3 --out outputs/pai-faithful-b22/none-c16x32-seed3
research-1001c,outputs/pai-faithful-b22/none-c20x40-seed3,True,True,False,OMP_NUM_THREADS=1 uv run --env-file .env python scripts/pai_faithful_kws.py --dendrites none --c1 20 --c2 40 --device cpu --workers 2 --epochs-cap 600 --seed 3 --out outputs/pai-faithful-b22/none-c20x40-seed3
research-1001c,outputs/pai-faithful-b22/none-c24x48-seed3,True,True,False,OMP_NUM_THREADS=1 uv run --env-file .env python scripts/pai_faithful_kws.py --dendrites none --c1 24 --c2 48 --device cpu --workers 2 --epochs-cap 600 --seed 3 --out outputs/pai-faithful-b22/none-c24x48-seed3
research-1001c,outputs/pai-faithful-b22/pb-all-max1-tanh-sw25-c8x16-seed4,True,True,False,OMP_NUM_THREADS=1 uv run --env-file .env python scripts/pai_faithful_kws.py --dendrites pb --conversion all --max-dendrites 1 --forward tanh --switch-epochs 25 --c1 8 --c2 16 --device cpu --workers 2 --epochs-cap 600 --seed 4 --out outputs/pai-faithful-b22/pb-all-max1-tanh-sw25-c8x16-seed4
research-1001c,outputs/pai-faithful-b22/pb-all-max1-tanh-sw25-c12x24-seed4,True,True,False,OMP_NUM_THREADS=1 uv run --env-file .env python scripts/pai_faithful_kws.py --dendrites pb --conversion all --max-dendrites 1 --forward tanh --switch-epochs 25 --c1 12 --c2 24 --device cpu --workers 2 --epochs-cap 600 --seed 4 --out outputs/pai-faithful-b22/pb-all-max1-tanh-sw25-c12x24-seed4
research-1001c,outputs/pai-faithful-b22/pb-all-max1-sigmoid-sw25-c8x16-seed4,True,True,False,OMP_NUM_THREADS=1 uv run --env-file .env python scripts/pai_faithful_kws.py --dendrites pb --conversion all --max-dendrites 1 --forward sigmoid --switch-epochs 25 --c1 8 --c2 16 --device cpu --workers 2 --epochs-cap 600 --seed 4 --out outputs/pai-faithful-b22/pb-all-max1-sigmoid-sw25-c8x16-seed4
research-1001c,outputs/pai-faithful-b22/none-c12x32x64-seed4,True,True,False,OMP_NUM_THREADS=1 uv run --env-file .env python scripts/pai_faithful_kws.py --dendrites none --c1 12 --c2 32 --c3 64 --device cpu --workers 2 --epochs-cap 600 --seed 4 --out outputs/pai-faithful-b22/none-c12x32x64-seed4
research-1001c,outputs/pai-faithful-b22/none-c16x42x84-seed4,True,True,False,OMP_NUM_THREADS=1 uv run --env-file .env python scripts/pai_faithful_kws.py --dendrites none --c1 16 --c2 42 --c3 84 --device cpu --workers 2 --epochs-cap 600 --seed 4 --out outputs/pai-faithful-b22/none-c16x42x84-seed4
research-1001c,outputs/pai-faithful-b22/none-c12x24-seed4,True,True,False,OMP_NUM_THREADS=1 uv run --env-file .env python scripts/pai_faithful_kws.py --dendrites none --c1 12 --c2 24 --device cpu --workers 2 --epochs-cap 600 --seed 4 --out outputs/pai-faithful-b22/none-c12x24-seed4
research-1001c,outputs/pai-faithful-b22/none-c16x32-seed4,True,True,False,OMP_NUM_THREADS=1 uv run --env-file .env python scripts/pai_faithful_kws.py --dendrites none --c1 16 --c2 32 --device cpu --workers 2 --epochs-cap 600 --seed 4 --out outputs/pai-faithful-b22/none-c16x32-seed4
research-1001c,outputs/pai-faithful-b22/none-c20x40-seed4,True,True,False,OMP_NUM_THREADS=1 uv run --env-file .env python scripts/pai_faithful_kws.py --dendrites none --c1 20 --c2 40 --device cpu --workers 2 --epochs-cap 600 --seed 4 --out outputs/pai-faithful-b22/none-c20x40-seed4
research-1001c,outputs/pai-faithful-b22/none-c24x48-seed4,True,True,False,OMP_NUM_THREADS=1 uv run --env-file .env python scripts/pai_faithful_kws.py --dendrites none --c1 24 --c2 48 --device cpu --workers 2 --epochs-cap 600 --seed 4 --out outputs/pai-faithful-b22/none-c24x48-seed4
research-1001d,outputs/pai-faithful-b23/pb-all-max1-tanh-sw25-c8x20x40-seed0,True,True,False,OMP_NUM_THREADS=1 uv run --env-file .env python scripts/pai_faithful_kws.py --dendrites pb --conversion all --max-dendrites 1 --forward tanh --switch-epochs 25 --c1 8 --c2 20 --c3 40 --device cpu --workers 2 --epochs-cap 600 --seed 0 --out outputs/pai-faithful-b23/pb-all-max1-tanh-sw25-c8x20x40-seed0
research-1001d,outputs/pai-faithful-b23/pb-all-max1-tanh-sw25-c6x12x24-seed0,True,True,False,OMP_NUM_THREADS=1 uv run --env-file .env python scripts/pai_faithful_kws.py --dendrites pb --conversion all --max-dendrites 1 --forward tanh --switch-epochs 25 --c1 6 --c2 12 --c3 24 --device cpu --workers 2 --epochs-cap 600 --seed 0 --out outputs/pai-faithful-b23/pb-all-max1-tanh-sw25-c6x12x24-seed0
research-1001d,outputs/pai-faithful-b23/none-c8x20x40-seed0,True,True,False,OMP_NUM_THREADS=1 uv run --env-file .env python scripts/pai_faithful_kws.py --dendrites none --c1 8 --c2 20 --c3 40 --device cpu --workers 2 --epochs-cap 600 --seed 0 --out outputs/pai-faithful-b23/none-c8x20x40-seed0
research-1001d,outputs/pai-faithful-b23/none-c6x12x24-seed0,True,True,False,OMP_NUM_THREADS=1 uv run --env-file .env python scripts/pai_faithful_kws.py --dendrites none --c1 6 --c2 12 --c3 24 --device cpu --workers 2 --epochs-cap 600 --seed 0 --out outputs/pai-faithful-b23/none-c6x12x24-seed0
research-1001d,outputs/pai-faithful-b23/none-c12x24x48-seed0,True,True,False,OMP_NUM_THREADS=1 uv run --env-file .env python scripts/pai_faithful_kws.py --dendrites none --c1 12 --c2 24 --c3 48 --device cpu --workers 2 --epochs-cap 600 --seed 0 --out outputs/pai-faithful-b23/none-c12x24x48-seed0
research-1001d,outputs/pai-faithful-b23/pb-all-max1-tanh-sw25-c8x20x40-seed1,True,True,False,OMP_NUM_THREADS=1 uv run --env-file .env python scripts/pai_faithful_kws.py --dendrites pb --conversion all --max-dendrites 1 --forward tanh --switch-epochs 25 --c1 8 --c2 20 --c3 40 --device cpu --workers 2 --epochs-cap 600 --seed 1 --out outputs/pai-faithful-b23/pb-all-max1-tanh-sw25-c8x20x40-seed1
research-1001d,outputs/pai-faithful-b23/pb-all-max1-tanh-sw25-c6x12x24-seed1,True,True,False,OMP_NUM_THREADS=1 uv run --env-file .env python scripts/pai_faithful_kws.py --dendrites pb --conversion all --max-dendrites 1 --forward tanh --switch-epochs 25 --c1 6 --c2 12 --c3 24 --device cpu --workers 2 --epochs-cap 600 --seed 1 --out outputs/pai-faithful-b23/pb-all-max1-tanh-sw25-c6x12x24-seed1
research-1001d,outputs/pai-faithful-b23/none-c8x20x40-seed1,True,True,False,OMP_NUM_THREADS=1 uv run --env-file .env python scripts/pai_faithful_kws.py --dendrites none --c1 8 --c2 20 --c3 40 --device cpu --workers 2 --epochs-cap 600 --seed 1 --out outputs/pai-faithful-b23/none-c8x20x40-seed1
research-1001d,outputs/pai-faithful-b23/none-c6x12x24-seed1,True,True,False,OMP_NUM_THREADS=1 uv run --env-file .env python scripts/pai_faithful_kws.py --dendrites none --c1 6 --c2 12 --c3 24 --device cpu --workers 2 --epochs-cap 600 --seed 1 --out outputs/pai-faithful-b23/none-c6x12x24-seed1
research-1001d,outputs/pai-faithful-b23/none-c12x24x48-seed1,True,True,False,OMP_NUM_THREADS=1 uv run --env-file .env python scripts/pai_faithful_kws.py --dendrites none --c1 12 --c2 24 --c3 48 --device cpu --workers 2 --epochs-cap 600 --seed 1 --out outputs/pai-faithful-b23/none-c12x24x48-seed1
research-1001d,outputs/pai-faithful-b23/pb-all-max1-tanh-sw25-c8x20x40-seed2,True,True,False,OMP_NUM_THREADS=1 uv run --env-file .env python scripts/pai_faithful_kws.py --dendrites pb --conversion all --max-dendrites 1 --forward tanh --switch-epochs 25 --c1 8 --c2 20 --c3 40 --device cpu --workers 2 --epochs-cap 600 --seed 2 --out outputs/pai-faithful-b23/pb-all-max1-tanh-sw25-c8x20x40-seed2
research-1001d,outputs/pai-faithful-b23/pb-all-max1-tanh-sw25-c6x12x24-seed2,True,True,False,OMP_NUM_THREADS=1 uv run --env-file .env python scripts/pai_faithful_kws.py --dendrites pb --conversion all --max-dendrites 1 --forward tanh --switch-epochs 25 --c1 6 --c2 12 --c3 24 --device cpu --workers 2 --epochs-cap 600 --seed 2 --out outputs/pai-faithful-b23/pb-all-max1-tanh-sw25-c6x12x24-seed2
research-1001d,outputs/pai-faithful-b23/none-c8x20x40-seed2,True,True,False,OMP_NUM_THREADS=1 uv run --env-file .env python scripts/pai_faithful_kws.py --dendrites none --c1 8 --c2 20 --c3 40 --device cpu --workers 2 --epochs-cap 600 --seed 2 --out outputs/pai-faithful-b23/none-c8x20x40-seed2
research-1001d,outputs/pai-faithful-b23/none-c6x12x24-seed2,True,True,False,OMP_NUM_THREADS=1 uv run --env-file .env python scripts/pai_faithful_kws.py --dendrites none --c1 6 --c2 12 --c3 24 --device cpu --workers 2 --epochs-cap 600 --seed 2 --out outputs/pai-faithful-b23/none-c6x12x24-seed2
research-1001d,outputs/pai-faithful-b23/none-c12x24x48-seed2,True,True,False,OMP_NUM_THREADS=1 uv run --env-file .env python scripts/pai_faithful_kws.py --dendrites none --c1 12 --c2 24 --c3 48 --device cpu --workers 2 --epochs-cap 600 --seed 2 --out outputs/pai-faithful-b23/none-c12x24x48-seed2
research-1001d,outputs/pai-faithful-b23/pb-all-max1-tanh-sw25-c8x20x40-seed3,True,True,False,OMP_NUM_THREADS=1 uv run --env-file .env python scripts/pai_faithful_kws.py --dendrites pb --conversion all --max-dendrites 1 --forward tanh --switch-epochs 25 --c1 8 --c2 20 --c3 40 --device cpu --workers 2 --epochs-cap 600 --seed 3 --out outputs/pai-faithful-b23/pb-all-max1-tanh-sw25-c8x20x40-seed3
research-1001d,outputs/pai-faithful-b23/pb-all-max1-tanh-sw25-c6x12x24-seed3,True,True,False,OMP_NUM_THREADS=1 uv run --env-file .env python scripts/pai_faithful_kws.py --dendrites pb --conversion all --max-dendrites 1 --forward tanh --switch-epochs 25 --c1 6 --c2 12 --c3 24 --device cpu --workers 2 --epochs-cap 600 --seed 3 --out outputs/pai-faithful-b23/pb-all-max1-tanh-sw25-c6x12x24-seed3
research-1001d,outputs/pai-faithful-b23/none-c8x20x40-seed3,True,True,False,OMP_NUM_THREADS=1 uv run --env-file .env python scripts/pai_faithful_kws.py --dendrites none --c1 8 --c2 20 --c3 40 --device cpu --workers 2 --epochs-cap 600 --seed 3 --out outputs/pai-faithful-b23/none-c8x20x40-seed3
research-1001d,outputs/pai-faithful-b23/none-c6x12x24-seed3,True,True,False,OMP_NUM_THREADS=1 uv run --env-file .env python scripts/pai_faithful_kws.py --dendrites none --c1 6 --c2 12 --c3 24 --device cpu --workers 2 --epochs-cap 600 --seed 3 --out outputs/pai-faithful-b23/none-c6x12x24-seed3
research-1001d,outputs/pai-faithful-b23/none-c12x24x48-seed3,True,True,False,OMP_NUM_THREADS=1 uv run --env-file .env python scripts/pai_faithful_kws.py --dendrites none --c1 12 --c2 24 --c3 48 --device cpu --workers 2 --epochs-cap 600 --seed 3 --out outputs/pai-faithful-b23/none-c12x24x48-seed3
research-1001d,outputs/pai-faithful-b23/pb-all-max1-tanh-sw25-c8x20x40-seed4,True,True,False,OMP_NUM_THREADS=1 uv run --env-file .env python scripts/pai_faithful_kws.py --dendrites pb --conversion all --max-dendrites 1 --forward tanh --switch-epochs 25 --c1 8 --c2 20 --c3 40 --device cpu --workers 2 --epochs-cap 600 --seed 4 --out outputs/pai-faithful-b23/pb-all-max1-tanh-sw25-c8x20x40-seed4
research-1001d,outputs/pai-faithful-b23/pb-all-max1-tanh-sw25-c6x12x24-seed4,True,True,False,OMP_NUM_THREADS=1 uv run --env-file .env python scripts/pai_faithful_kws.py --dendrites pb --conversion all --max-dendrites 1 --forward tanh --switch-epochs 25 --c1 6 --c2 12 --c3 24 --device cpu --workers 2 --epochs-cap 600 --seed 4 --out outputs/pai-faithful-b23/pb-all-max1-tanh-sw25-c6x12x24-seed4
research-1001d,outputs/pai-faithful-b23/none-c8x20x40-seed4,True,True,False,OMP_NUM_THREADS=1 uv run --env-file .env python scripts/pai_faithful_kws.py --dendrites none --c1 8 --c2 20 --c3 40 --device cpu --workers 2 --epochs-cap 600 --seed 4 --out outputs/pai-faithful-b23/none-c8x20x40-seed4
research-1001d,outputs/pai-faithful-b23/none-c6x12x24-seed4,True,True,False,OMP_NUM_THREADS=1 uv run --env-file .env python scripts/pai_faithful_kws.py --dendrites none --c1 6 --c2 12 --c3 24 --device cpu --workers 2 --epochs-cap 600 --seed 4 --out outputs/pai-faithful-b23/none-c6x12x24-seed4
research-1001d,outputs/pai-faithful-b23/none-c12x24x48-seed4,True,True,False,OMP_NUM_THREADS=1 uv run --env-file .env python scripts/pai_faithful_kws.py --dendrites none --c1 12 --c2 24 --c3 48 --device cpu --workers 2 --epochs-cap 600 --seed 4 --out outputs/pai-faithful-b23/none-c12x24x48-seed4
research-1002a,outputs/pai-faithful-b24/pb-all-max1-tanh-sw25-c12x32x64-seed0,True,True,False,OMP_NUM_THREADS=1 uv run --env-file .env python scripts/pai_faithful_kws.py --dendrites pb --conversion all --max-dendrites 1 --forward tanh --switch-epochs 25 --c1 12 --c2 32 --c3 64 --device cpu --workers 2 --epochs-cap 600 --seed 0 --out outputs/pai-faithful-b24/pb-all-max1-tanh-sw25-c12x32x64-seed0
research-1002a,outputs/pai-faithful-b24/pb-linear-max1-tanh-sw25-c12x32x64-seed0,True,True,False,OMP_NUM_THREADS=1 uv run --env-file .env python scripts/pai_faithful_kws.py --dendrites pb --conversion linear --max-dendrites 1 --forward tanh --switch-epochs 25 --c1 12 --c2 32 --c3 64 --device cpu --workers 2 --epochs-cap 600 --seed 0 --out outputs/pai-faithful-b24/pb-linear-max1-tanh-sw25-c12x32x64-seed0
research-1002a,outputs/pai-faithful-b24/pb-all-max1-tanh-sw25-c12x32x64-seed1,True,True,False,OMP_NUM_THREADS=1 uv run --env-file .env python scripts/pai_faithful_kws.py --dendrites pb --conversion all --max-dendrites 1 --forward tanh --switch-epochs 25 --c1 12 --c2 32 --c3 64 --device cpu --workers 2 --epochs-cap 600 --seed 1 --out outputs/pai-faithful-b24/pb-all-max1-tanh-sw25-c12x32x64-seed1
research-1002a,outputs/pai-faithful-b24/pb-linear-max1-tanh-sw25-c12x32x64-seed1,True,True,False,OMP_NUM_THREADS=1 uv run --env-file .env python scripts/pai_faithful_kws.py --dendrites pb --conversion linear --max-dendrites 1 --forward tanh --switch-epochs 25 --c1 12 --c2 32 --c3 64 --device cpu --workers 2 --epochs-cap 600 --seed 1 --out outputs/pai-faithful-b24/pb-linear-max1-tanh-sw25-c12x32x64-seed1
research-1002a,outputs/pai-faithful-b24/pb-all-max1-tanh-sw25-c12x32x64-seed2,True,True,False,OMP_NUM_THREADS=1 uv run --env-file .env python scripts/pai_faithful_kws.py --dendrites pb --conversion all --max-dendrites 1 --forward tanh --switch-epochs 25 --c1 12 --c2 32 --c3 64 --device cpu --workers 2 --epochs-cap 600 --seed 2 --out outputs/pai-faithful-b24/pb-all-max1-tanh-sw25-c12x32x64-seed2
research-1002a,outputs/pai-faithful-b24/pb-linear-max1-tanh-sw25-c12x32x64-seed2,True,True,False,OMP_NUM_THREADS=1 uv run --env-file .env python scripts/pai_faithful_kws.py --dendrites pb --conversion linear --max-dendrites 1 --forward tanh --switch-epochs 25 --c1 12 --c2 32 --c3 64 --device cpu --workers 2 --epochs-cap 600 --seed 2 --out outputs/pai-faithful-b24/pb-linear-max1-tanh-sw25-c12x32x64-seed2
research-1002a,outputs/pai-faithful-b24/pb-all-max1-tanh-sw25-c12x32x64-seed3,True,True,False,OMP_NUM_THREADS=1 uv run --env-file .env python scripts/pai_faithful_kws.py --dendrites pb --conversion all --max-dendrites 1 --forward tanh --switch-epochs 25 --c1 12 --c2 32 --c3 64 --device cpu --workers 2 --epochs-cap 600 --seed 3 --out outputs/pai-faithful-b24/pb-all-max1-tanh-sw25-c12x32x64-seed3
research-1002a,outputs/pai-faithful-b24/pb-linear-max1-tanh-sw25-c12x32x64-seed3,True,True,False,OMP_NUM_THREADS=1 uv run --env-file .env python scripts/pai_faithful_kws.py --dendrites pb --conversion linear --max-dendrites 1 --forward tanh --switch-epochs 25 --c1 12 --c2 32 --c3 64 --device cpu --workers 2 --epochs-cap 600 --seed 3 --out outputs/pai-faithful-b24/pb-linear-max1-tanh-sw25-c12x32x64-seed3
research-1002a,outputs/pai-faithful-b24/pb-all-max1-tanh-sw25-c12x32x64-seed4,True,True,False,OMP_NUM_THREADS=1 uv run --env-file .env python scripts/pai_faithful_kws.py --dendrites pb --conversion all --max-dendrites 1 --forward tanh --switch-epochs 25 --c1 12 --c2 32 --c3 64 --device cpu --workers 2 --epochs-cap 600 --seed 4 --out outputs/pai-faithful-b24/pb-all-max1-tanh-sw25-c12x32x64-seed4
research-1002a,outputs/pai-faithful-b24/pb-linear-max1-tanh-sw25-c12x32x64-seed4,True,True,False,OMP_NUM_THREADS=1 uv run --env-file .env python scripts/pai_faithful_kws.py --dendrites pb --conversion linear --max-dendrites 1 --forward tanh --switch-epochs 25 --c1 12 --c2 32 --c3 64 --device cpu --workers 2 --epochs-cap 600 --seed 4 --out outputs/pai-faithful-b24/pb-linear-max1-tanh-sw25-c12x32x64-seed4
research-1002a,outputs/pai-faithful-b24/none-c17x50x100-seed0,True,True,False,OMP_NUM_THREADS=1 uv run --env-file .env python scripts/pai_faithful_kws.py --dendrites none --c1 17 --c2 50 --c3 100 --stop-lr 1e-6 --device cpu --workers 2 --epochs-cap 600 --seed 0 --out outputs/pai-faithful-b24/none-c17x50x100-seed0
research-1002a,outputs/pai-faithful-b24/none-c12x32x64x94-seed0,True,True,False,OMP_NUM_THREADS=1 uv run --env-file .env python scripts/pai_faithful_kws.py --dendrites none --c1 12 --c2 32 --c3 64 --c4 94 --stop-lr 1e-6 --device cpu --workers 2 --epochs-cap 600 --seed 0 --out outputs/pai-faithful-b24/none-c12x32x64x94-seed0
research-1002a,outputs/pai-faithful-b24/none-c16x41x82-seed0,True,True,False,OMP_NUM_THREADS=1 uv run --env-file .env python scripts/pai_faithful_kws.py --dendrites none --c1 16 --c2 41 --c3 82 --stop-lr 1e-6 --device cpu --workers 2 --epochs-cap 600 --seed 0 --out outputs/pai-faithful-b24/none-c16x41x82-seed0
research-1002a,outputs/pai-faithful-b24/none-c17x50x100-seed1,True,True,False,OMP_NUM_THREADS=1 uv run --env-file .env python scripts/pai_faithful_kws.py --dendrites none --c1 17 --c2 50 --c3 100 --stop-lr 1e-6 --device cpu --workers 2 --epochs-cap 600 --seed 1 --out outputs/pai-faithful-b24/none-c17x50x100-seed1
research-1002a,outputs/pai-faithful-b24/none-c12x32x64x94-seed1,True,True,False,OMP_NUM_THREADS=1 uv run --env-file .env python scripts/pai_faithful_kws.py --dendrites none --c1 12 --c2 32 --c3 64 --c4 94 --stop-lr 1e-6 --device cpu --workers 2 --epochs-cap 600 --seed 1 --out outputs/pai-faithful-b24/none-c12x32x64x94-seed1
research-1002a,outputs/pai-faithful-b24/none-c16x41x82-seed1,True,True,False,OMP_NUM_THREADS=1 uv run --env-file .env python scripts/pai_faithful_kws.py --dendrites none --c1 16 --c2 41 --c3 82 --stop-lr 1e-6 --device cpu --workers 2 --epochs-cap 600 --seed 1 --out outputs/pai-faithful-b24/none-c16x41x82-seed1
research-1002a,outputs/pai-faithful-b24/none-c17x50x100-seed2,True,True,False,OMP_NUM_THREADS=1 uv run --env-file .env python scripts/pai_faithful_kws.py --dendrites none --c1 17 --c2 50 --c3 100 --stop-lr 1e-6 --device cpu --workers 2 --epochs-cap 600 --seed 2 --out outputs/pai-faithful-b24/none-c17x50x100-seed2
research-1002a,outputs/pai-faithful-b24/none-c12x32x64x94-seed2,True,True,False,OMP_NUM_THREADS=1 uv run --env-file .env python scripts/pai_faithful_kws.py --dendrites none --c1 12 --c2 32 --c3 64 --c4 94 --stop-lr 1e-6 --device cpu --workers 2 --epochs-cap 600 --seed 2 --out outputs/pai-faithful-b24/none-c12x32x64x94-seed2
research-1002a,outputs/pai-faithful-b24/none-c16x41x82-seed2,True,True,False,OMP_NUM_THREADS=1 uv run --env-file .env python scripts/pai_faithful_kws.py --dendrites none --c1 16 --c2 41 --c3 82 --stop-lr 1e-6 --device cpu --workers 2 --epochs-cap 600 --seed 2 --out outputs/pai-faithful-b24/none-c16x41x82-seed2
research-1002a,outputs/pai-faithful-b24/none-c17x50x100-seed3,True,True,False,OMP_NUM_THREADS=1 uv run --env-file .env python scripts/pai_faithful_kws.py --dendrites none --c1 17 --c2 50 --c3 100 --stop-lr 1e-6 --device cpu --workers 2 --epochs-cap 600 --seed 3 --out outputs/pai-faithful-b24/none-c17x50x100-seed3
research-1002a,outputs/pai-faithful-b24/none-c12x32x64x94-seed3,True,True,False,OMP_NUM_THREADS=1 uv run --env-file .env python scripts/pai_faithful_kws.py --dendrites none --c1 12 --c2 32 --c3 64 --c4 94 --stop-lr 1e-6 --device cpu --workers 2 --epochs-cap 600 --seed 3 --out outputs/pai-faithful-b24/none-c12x32x64x94-seed3
research-1002a,outputs/pai-faithful-b24/none-c16x41x82-seed3,True,True,False,OMP_NUM_THREADS=1 uv run --env-file .env python scripts/pai_faithful_kws.py --dendrites none --c1 16 --c2 41 --c3 82 --stop-lr 1e-6 --device cpu --workers 2 --epochs-cap 600 --seed 3 --out outputs/pai-faithful-b24/none-c16x41x82-seed3
research-1002a,outputs/pai-faithful-b24/none-c17x50x100-seed4,True,True,False,OMP_NUM_THREADS=1 uv run --env-file .env python scripts/pai_faithful_kws.py --dendrites none --c1 17 --c2 50 --c3 100 --stop-lr 1e-6 --device cpu --workers 2 --epochs-cap 600 --seed 4 --out outputs/pai-faithful-b24/none-c17x50x100-seed4
research-1002a,outputs/pai-faithful-b24/none-c12x32x64x94-seed4,True,True,False,OMP_NUM_THREADS=1 uv run --env-file .env python scripts/pai_faithful_kws.py --dendrites none --c1 12 --c2 32 --c3 64 --c4 94 --stop-lr 1e-6 --device cpu --workers 2 --epochs-cap 600 --seed 4 --out outputs/pai-faithful-b24/none-c12x32x64x94-seed4
research-1002a,outputs/pai-faithful-b24/none-c16x41x82-seed4,True,True,False,OMP_NUM_THREADS=1 uv run --env-file .env python scripts/pai_faithful_kws.py --dendrites none --c1 16 --c2 41 --c3 82 --stop-lr 1e-6 --device cpu --workers 2 --epochs-cap 600 --seed 4 --out outputs/pai-faithful-b24/none-c16x41x82-seed4
research-1003a,outputs/pai-faithful-b25/pb-linear-max1-tanh-sw25-c12x32x64-seed5,False,False,False,OMP_NUM_THREADS=1 uv run --env-file .env python scripts/pai_faithful_kws.py --dendrites pb --conversion linear --max-dendrites 1 --forward tanh --switch-epochs 25 --c1 12 --c2 32 --c3 64 --device cpu --workers 2 --epochs-cap 600 --seed 5 --out outputs/pai-faithful-b25/pb-linear-max1-tanh-sw25-c12x32x64-seed5
research-1003a,outputs/pai-faithful-b25/pb-all-max1-tanh-sw25-c12x32x64-seed5,False,False,False,OMP_NUM_THREADS=1 uv run --env-file .env python scripts/pai_faithful_kws.py --dendrites pb --conversion all --max-dendrites 1 --forward tanh --switch-epochs 25 --c1 12 --c2 32 --c3 64 --device cpu --workers 2 --epochs-cap 600 --seed 5 --out outputs/pai-faithful-b25/pb-all-max1-tanh-sw25-c12x32x64-seed5
research-1003a,outputs/pai-faithful-b25/pb-linear-max1-tanh-sw25-c12x32x64-seed6,False,False,False,OMP_NUM_THREADS=1 uv run --env-file .env python scripts/pai_faithful_kws.py --dendrites pb --conversion linear --max-dendrites 1 --forward tanh --switch-epochs 25 --c1 12 --c2 32 --c3 64 --device cpu --workers 2 --epochs-cap 600 --seed 6 --out outputs/pai-faithful-b25/pb-linear-max1-tanh-sw25-c12x32x64-seed6
research-1003a,outputs/pai-faithful-b25/pb-all-max1-tanh-sw25-c12x32x64-seed6,False,False,False,OMP_NUM_THREADS=1 uv run --env-file .env python scripts/pai_faithful_kws.py --dendrites pb --conversion all --max-dendrites 1 --forward tanh --switch-epochs 25 --c1 12 --c2 32 --c3 64 --device cpu --workers 2 --epochs-cap 600 --seed 6 --out outputs/pai-faithful-b25/pb-all-max1-tanh-sw25-c12x32x64-seed6
research-1003a,outputs/pai-faithful-b25/pb-linear-max1-tanh-sw25-c12x32x64-seed7,False,False,False,OMP_NUM_THREADS=1 uv run --env-file .env python scripts/pai_faithful_kws.py --dendrites pb --conversion linear --max-dendrites 1 --forward tanh --switch-epochs 25 --c1 12 --c2 32 --c3 64 --device cpu --workers 2 --epochs-cap 600 --seed 7 --out outputs/pai-faithful-b25/pb-linear-max1-tanh-sw25-c12x32x64-seed7
research-1003a,outputs/pai-faithful-b25/pb-all-max1-tanh-sw25-c12x32x64-seed7,False,False,False,OMP_NUM_THREADS=1 uv run --env-file .env python scripts/pai_faithful_kws.py --dendrites pb --conversion all --max-dendrites 1 --forward tanh --switch-epochs 25 --c1 12 --c2 32 --c3 64 --device cpu --workers 2 --epochs-cap 600 --seed 7 --out outputs/pai-faithful-b25/pb-all-max1-tanh-sw25-c12x32x64-seed7
research-1003a,outputs/pai-faithful-b25/pb-linear-max1-tanh-sw25-c12x32x64-seed8,False,False,False,OMP_NUM_THREADS=1 uv run --env-file .env python scripts/pai_faithful_kws.py --dendrites pb --conversion linear --max-dendrites 1 --forward tanh --switch-epochs 25 --c1 12 --c2 32 --c3 64 --device cpu --workers 2 --epochs-cap 600 --seed 8 --out outputs/pai-faithful-b25/pb-linear-max1-tanh-sw25-c12x32x64-seed8
research-1003a,outputs/pai-faithful-b25/pb-all-max1-tanh-sw25-c12x32x64-seed8,False,False,False,OMP_NUM_THREADS=1 uv run --env-file .env python scripts/pai_faithful_kws.py --dendrites pb --conversion all --max-dendrites 1 --forward tanh --switch-epochs 25 --c1 12 --c2 32 --c3 64 --device cpu --workers 2 --epochs-cap 600 --seed 8 --out outputs/pai-faithful-b25/pb-all-max1-tanh-sw25-c12x32x64-seed8
research-1003a,outputs/pai-faithful-b25/pb-linear-max1-tanh-sw25-c12x32x64-seed9,False,False,False,OMP_NUM_THREADS=1 uv run --env-file .env python scripts/pai_faithful_kws.py --dendrites pb --conversion linear --max-dendrites 1 --forward tanh --switch-epochs 25 --c1 12 --c2 32 --c3 64 --device cpu --workers 2 --epochs-cap 600 --seed 9 --out outputs/pai-faithful-b25/pb-linear-max1-tanh-sw25-c12x32x64-seed9
research-1003a,outputs/pai-faithful-b25/pb-all-max1-tanh-sw25-c12x32x64-seed9,False,False,False,OMP_NUM_THREADS=1 uv run --env-file .env python scripts/pai_faithful_kws.py --dendrites pb --conversion all --max-dendrites 1 --forward tanh --switch-epochs 25 --c1 12 --c2 32 --c3 64 --device cpu --workers 2 --epochs-cap 600 --seed 9 --out outputs/pai-faithful-b25/pb-all-max1-tanh-sw25-c12x32x64-seed9
research-1003a,outputs/pai-faithful-b25/none-c12x32x64x61-seed0,False,False,False,OMP_NUM_THREADS=1 uv run --env-file .env python scripts/pai_faithful_kws.py --dendrites none --c1 12 --c2 32 --c3 64 --c4 61 --stop-lr 1e-6 --device cpu --workers 2 --epochs-cap 600 --seed 0 --out outputs/pai-faithful-b25/none-c12x32x64x61-seed0
research-1003a,outputs/pai-faithful-b25/none-c12x32x64x61-seed1,False,False,False,OMP_NUM_THREADS=1 uv run --env-file .env python scripts/pai_faithful_kws.py --dendrites none --c1 12 --c2 32 --c3 64 --c4 61 --stop-lr 1e-6 --device cpu --workers 2 --epochs-cap 600 --seed 1 --out outputs/pai-faithful-b25/none-c12x32x64x61-seed1
research-1003a,outputs/pai-faithful-b25/none-c12x32x64x61-seed2,False,False,False,OMP_NUM_THREADS=1 uv run --env-file .env python scripts/pai_faithful_kws.py --dendrites none --c1 12 --c2 32 --c3 64 --c4 61 --stop-lr 1e-6 --device cpu --workers 2 --epochs-cap 600 --seed 2 --out outputs/pai-faithful-b25/none-c12x32x64x61-seed2
research-1003a,outputs/pai-faithful-b25/none-c12x32x64x61-seed3,False,False,False,OMP_NUM_THREADS=1 uv run --env-file .env python scripts/pai_faithful_kws.py --dendrites none --c1 12 --c2 32 --c3 64 --c4 61 --stop-lr 1e-6 --device cpu --workers 2 --epochs-cap 600 --seed 3 --out outputs/pai-faithful-b25/none-c12x32x64x61-seed3
research-1003a,outputs/pai-faithful-b25/none-c12x32x64x61-seed4,False,False,False,OMP_NUM_THREADS=1 uv run --env-file .env python scripts/pai_faithful_kws.py --dendrites none --c1 12 --c2 32 --c3 64 --c4 61 --stop-lr 1e-6 --device cpu --workers 2 --epochs-cap 600 --seed 4 --out outputs/pai-faithful-b25/none-c12x32x64x61-seed4
research-1003a,outputs/pai-faithful-b25/none-c12x32x64x61-seed5,False,False,False,OMP_NUM_THREADS=1 uv run --env-file .env python scripts/pai_faithful_kws.py --dendrites none --c1 12 --c2 32 --c3 64 --c4 61 --stop-lr 1e-6 --device cpu --workers 2 --epochs-cap 600 --seed 5 --out outputs/pai-faithful-b25/none-c12x32x64x61-seed5
research-1003a,outputs/pai-faithful-b25/none-c12x32x64x61-seed6,False,False,False,OMP_NUM_THREADS=1 uv run --env-file .env python scripts/pai_faithful_kws.py --dendrites none --c1 12 --c2 32 --c3 64 --c4 61 --stop-lr 1e-6 --device cpu --workers 2 --epochs-cap 600 --seed 6 --out outputs/pai-faithful-b25/none-c12x32x64x61-seed6
research-1003a,outputs/pai-faithful-b25/none-c12x32x64x61-seed7,False,False,False,OMP_NUM_THREADS=1 uv run --env-file .env python scripts/pai_faithful_kws.py --dendrites none --c1 12 --c2 32 --c3 64 --c4 61 --stop-lr 1e-6 --device cpu --workers 2 --epochs-cap 600 --seed 7 --out outputs/pai-faithful-b25/none-c12x32x64x61-seed7
research-1003a,outputs/pai-faithful-b25/none-c12x32x64x61-seed8,False,False,False,OMP_NUM_THREADS=1 uv run --env-file .env python scripts/pai_faithful_kws.py --dendrites none --c1 12 --c2 32 --c3 64 --c4 61 --stop-lr 1e-6 --device cpu --workers 2 --epochs-cap 600 --seed 8 --out outputs/pai-faithful-b25/none-c12x32x64x61-seed8
research-1003a,outputs/pai-faithful-b25/none-c12x32x64x61-seed9,False,False,False,OMP_NUM_THREADS=1 uv run --env-file .env python scripts/pai_faithful_kws.py --dendrites none --c1 12 --c2 32 --c3 64 --c4 61 --stop-lr 1e-6 --device cpu --workers 2 --epochs-cap 600 --seed 9 --out outputs/pai-faithful-b25/none-c12x32x64x61-seed9
research-1003a,outputs/pai-faithful-b25/none-c16x41x82-seed5,False,False,False,OMP_NUM_THREADS=1 uv run --env-file .env python scripts/pai_faithful_kws.py --dendrites none --c1 16 --c2 41 --c3 82 --stop-lr 1e-6 --device cpu --workers 2 --epochs-cap 600 --seed 5 --out outputs/pai-faithful-b25/none-c16x41x82-seed5
research-1003a,outputs/pai-faithful-b25/none-c12x32x64-seed5,False,False,False,OMP_NUM_THREADS=1 uv run --env-file .env python scripts/pai_faithful_kws.py --dendrites none --c1 12 --c2 32 --c3 64 --stop-lr 1e-6 --device cpu --workers 2 --epochs-cap 600 --seed 5 --out outputs/pai-faithful-b25/none-c12x32x64-seed5
research-1003a,outputs/pai-faithful-b25/none-c17x50x100-seed5,False,False,False,OMP_NUM_THREADS=1 uv run --env-file .env python scripts/pai_faithful_kws.py --dendrites none --c1 17 --c2 50 --c3 100 --stop-lr 1e-6 --device cpu --workers 2 --epochs-cap 600 --seed 5 --out outputs/pai-faithful-b25/none-c17x50x100-seed5
research-1003a,outputs/pai-faithful-b25/none-c12x32x64x94-seed5,False,False,False,OMP_NUM_THREADS=1 uv run --env-file .env python scripts/pai_faithful_kws.py --dendrites none --c1 12 --c2 32 --c3 64 --c4 94 --stop-lr 1e-6 --device cpu --workers 2 --epochs-cap 600 --seed 5 --out outputs/pai-faithful-b25/none-c12x32x64x94-seed5
research-1003a,outputs/pai-faithful-b25/none-c16x41x82-seed6,False,False,False,OMP_NUM_THREADS=1 uv run --env-file .env python scripts/pai_faithful_kws.py --dendrites none --c1 16 --c2 41 --c3 82 --stop-lr 1e-6 --device cpu --workers 2 --epochs-cap 600 --seed 6 --out outputs/pai-faithful-b25/none-c16x41x82-seed6
research-1003a,outputs/pai-faithful-b25/none-c12x32x64-seed6,False,False,False,OMP_NUM_THREADS=1 uv run --env-file .env python scripts/pai_faithful_kws.py --dendrites none --c1 12 --c2 32 --c3 64 --stop-lr 1e-6 --device cpu --workers 2 --epochs-cap 600 --seed 6 --out outputs/pai-faithful-b25/none-c12x32x64-seed6
research-1003a,outputs/pai-faithful-b25/none-c17x50x100-seed6,False,False,False,OMP_NUM_THREADS=1 uv run --env-file .env python scripts/pai_faithful_kws.py --dendrites none --c1 17 --c2 50 --c3 100 --stop-lr 1e-6 --device cpu --workers 2 --epochs-cap 600 --seed 6 --out outputs/pai-faithful-b25/none-c17x50x100-seed6
research-1003a,outputs/pai-faithful-b25/none-c12x32x64x94-seed6,False,False,False,OMP_NUM_THREADS=1 uv run --env-file .env python scripts/pai_faithful_kws.py --dendrites none --c1 12 --c2 32 --c3 64 --c4 94 --stop-lr 1e-6 --device cpu --workers 2 --epochs-cap 600 --seed 6 --out outputs/pai-faithful-b25/none-c12x32x64x94-seed6
research-1003a,outputs/pai-faithful-b25/none-c16x41x82-seed7,False,False,False,OMP_NUM_THREADS=1 uv run --env-file .env python scripts/pai_faithful_kws.py --dendrites none --c1 16 --c2 41 --c3 82 --stop-lr 1e-6 --device cpu --workers 2 --epochs-cap 600 --seed 7 --out outputs/pai-faithful-b25/none-c16x41x82-seed7
research-1003a,outputs/pai-faithful-b25/none-c12x32x64-seed7,False,False,False,OMP_NUM_THREADS=1 uv run --env-file .env python scripts/pai_faithful_kws.py --dendrites none --c1 12 --c2 32 --c3 64 --stop-lr 1e-6 --device cpu --workers 2 --epochs-cap 600 --seed 7 --out outputs/pai-faithful-b25/none-c12x32x64-seed7
research-1003a,outputs/pai-faithful-b25/none-c17x50x100-seed7,False,False,False,OMP_NUM_THREADS=1 uv run --env-file .env python scripts/pai_faithful_kws.py --dendrites none --c1 17 --c2 50 --c3 100 --stop-lr 1e-6 --device cpu --workers 2 --epochs-cap 600 --seed 7 --out outputs/pai-faithful-b25/none-c17x50x100-seed7
research-1003a,outputs/pai-faithful-b25/none-c12x32x64x94-seed7,False,False,False,OMP_NUM_THREADS=1 uv run --env-file .env python scripts/pai_faithful_kws.py --dendrites none --c1 12 --c2 32 --c3 64 --c4 94 --stop-lr 1e-6 --device cpu --workers 2 --epochs-cap 600 --seed 7 --out outputs/pai-faithful-b25/none-c12x32x64x94-seed7
research-1003a,outputs/pai-faithful-b25/none-c16x41x82-seed8,False,False,False,OMP_NUM_THREADS=1 uv run --env-file .env python scripts/pai_faithful_kws.py --dendrites none --c1 16 --c2 41 --c3 82 --stop-lr 1e-6 --device cpu --workers 2 --epochs-cap 600 --seed 8 --out outputs/pai-faithful-b25/none-c16x41x82-seed8
research-1003a,outputs/pai-faithful-b25/none-c12x32x64-seed8,False,False,False,OMP_NUM_THREADS=1 uv run --env-file .env python scripts/pai_faithful_kws.py --dendrites none --c1 12 --c2 32 --c3 64 --stop-lr 1e-6 --device cpu --workers 2 --epochs-cap 600 --seed 8 --out outputs/pai-faithful-b25/none-c12x32x64-seed8
research-1003a,outputs/pai-faithful-b25/none-c17x50x100-seed8,False,False,False,OMP_NUM_THREADS=1 uv run --env-file .env python scripts/pai_faithful_kws.py --dendrites none --c1 17 --c2 50 --c3 100 --stop-lr 1e-6 --device cpu --workers 2 --epochs-cap 600 --seed 8 --out outputs/pai-faithful-b25/none-c17x50x100-seed8
research-1003a,outputs/pai-faithful-b25/none-c12x32x64x94-seed8,False,False,False,OMP_NUM_THREADS=1 uv run --env-file .env python scripts/pai_faithful_kws.py --dendrites none --c1 12 --c2 32 --c3 64 --c4 94 --stop-lr 1e-6 --device cpu --workers 2 --epochs-cap 600 --seed 8 --out outputs/pai-faithful-b25/none-c12x32x64x94-seed8
research-1003a,outputs/pai-faithful-b25/none-c16x41x82-seed9,False,False,False,OMP_NUM_THREADS=1 uv run --env-file .env python scripts/pai_faithful_kws.py --dendrites none --c1 16 --c2 41 --c3 82 --stop-lr 1e-6 --device cpu --workers 2 --epochs-cap 600 --seed 9 --out outputs/pai-faithful-b25/none-c16x41x82-seed9
research-1003a,outputs/pai-faithful-b25/none-c12x32x64-seed9,False,False,False,OMP_NUM_THREADS=1 uv run --env-file .env python scripts/pai_faithful_kws.py --dendrites none --c1 12 --c2 32 --c3 64 --stop-lr 1e-6 --device cpu --workers 2 --epochs-cap 600 --seed 9 --out outputs/pai-faithful-b25/none-c12x32x64-seed9
research-1003a,outputs/pai-faithful-b25/none-c17x50x100-seed9,False,False,False,OMP_NUM_THREADS=1 uv run --env-file .env python scripts/pai_faithful_kws.py --dendrites none --c1 17 --c2 50 --c3 100 --stop-lr 1e-6 --device cpu --workers 2 --epochs-cap 600 --seed 9 --out outputs/pai-faithful-b25/none-c17x50x100-seed9
research-1003a,outputs/pai-faithful-b25/none-c12x32x64x94-seed9,False,False,False,OMP_NUM_THREADS=1 uv run --env-file .env python scripts/pai_faithful_kws.py --dendrites none --c1 12 --c2 32 --c3 64 --c4 94 --stop-lr 1e-6 --device cpu --workers 2 --epochs-cap 600 --seed 9 --out outputs/pai-faithful-b25/none-c12x32x64x94-seed9
