family,artifact_kind,path_relative_to_KWS_Model,bytes,sha256
compression-run,run_manifest,outputs/compression-run/manifest.yaml,32440,0045a52ec5e13da628f82e204ed90ff86e4745444dbb697f8c783b15a9570a15
compression-run,canonical_epoch_log,outputs/compression-run/metrics/sparsity/w10/prune_kd.jsonl,40533,c1c1c05ee4754f2b424ba49675d618c289d97ca446e8aec90139becabac6e1a8
compression-run,canonical_epoch_log,outputs/compression-run/metrics/sparsity/w10_classifier/pai.jsonl,107263,a945e16f013710633b3dc5b6ad777e6f46d4bb13b1f1a395aa68f80a2ead6117
compression-run,canonical_epoch_log,outputs/compression-run/metrics/sparsity/w14/prune_kd.jsonl,40548,198691c823e96f3be3e5ad0ebbeb355cbd782d413deb775f357585c38ab3dc62
compression-run,canonical_epoch_log,outputs/compression-run/metrics/sparsity/w14_classifier/pai.jsonl,175084,a281ad8475239d6c78dbf92b04b33ab63904c7fbcffc696a034cd65acda88734
compression-run,canonical_epoch_log,outputs/compression-run/metrics/sparsity/w14_classifier/resume_kd.jsonl,8093,cb50c281b07b3195a049800ecd59598284497f0eb3d15cb522c2dbd134e82ad4
compression-run,canonical_epoch_log,outputs/compression-run/metrics/sparsity/w18/prune_kd.jsonl,40551,442c8b57e87baf4ec6200ab85ecdb60c39bb9f33b0a48d72fec200f125ba7a04
compression-run,canonical_epoch_log,outputs/compression-run/metrics/sparsity/w18_classifier/pai.jsonl,311520,514fe6aa7bce5f4246b186b451e04b34b5105b2be8a83dfdd77ca6bb3950a054
compression-run,canonical_epoch_log,outputs/compression-run/metrics/sparsity/w18_classifier/resume_kd.jsonl,8094,c3f4b6d667ad645fbd93ddc4e20e775a2124e7cd15d82da77ad78f559b8f1e64
compression-run,canonical_epoch_log,outputs/compression-run/metrics/sparsity/w6/prune_kd.jsonl,40518,5f451ffbe411cc412b56fc0ced0775e1e26aa010fba4d0eab3eaab4be8bb631e
compression-run,training_summary,outputs/compression-run/metrics/summaries.yaml,418,05305eb8a6acadeb58209776d2f3122de1b9bf2a33ef5b70c96ac4a8e2757790
compression-run,canonical_pai_architecture_scores,outputs/compression-run/pai/candidates/w10_classifier/w10_classifier_best_arch_scores.csv,79,d3f20a610838aa47d8e218de53f8b4a032c2886dbaf9dd6901dfa2aa5d60f4b1
compression-run,canonical_pai_architecture_scores,outputs/compression-run/pai/candidates/w14_classifier/w14_classifier_best_arch_scores.csv,122,8c83d9e6318eab5fd3558e2a52e11dfb26c5ec9fa722906f42ed39d891a201bc
compression-run,canonical_pai_architecture_scores,outputs/compression-run/pai/candidates/w18_classifier/w18_classifier_best_arch_scores.csv,124,8f7eb23774659911cd6521d5b1750f7871d5581cd7a26c63e1cd85fd8a515506
compression-run,stage_report,outputs/compression-run/reports/compression_experiment.yaml,21358,629678864dd244b32079901500d4ebe5b160738f8e3f0cb4ccb11b0665ed5c89
full-run-20260912T063022Z,run_manifest,outputs/full-run-20260912T063022Z/manifest.yaml,32810,3aa5f79457990ecaeac099def12e3720648470f0ca1b5388d68933ea07abfb30
full-run-20260912T063022Z,canonical_epoch_log,outputs/full-run-20260912T063022Z/metrics/sparsity/candidate_w17/pai.jsonl,2536,bd2b29285d3a208eda18f74f18f1e0cbadd4bce508d725b150d54f8bd3a839ce
full-run-20260912T063022Z,canonical_epoch_log,outputs/full-run-20260912T063022Z/metrics/sparsity/candidate_w17/prune_kd.jsonl,20399,acbbb4d518c172aa3430a3091fe64b305b34bce6939736f53fe2fcf38781c5c6
full-run-20260912T063022Z,canonical_epoch_log,outputs/full-run-20260912T063022Z/metrics/sparsity/candidate_w18/pai.jsonl,255367,153de61828853c884f39aff59a5f8db776be58804f7098ec10abd26d57a91b78
full-run-20260912T063022Z,canonical_epoch_log,outputs/full-run-20260912T063022Z/metrics/sparsity/candidate_w18/prune_kd.jsonl,20387,6c3635f33aa6bde6a06880f6da0837c6df344166a164dc55a5b5c724fecb66fe
full-run-20260912T063022Z,canonical_epoch_log,outputs/full-run-20260912T063022Z/metrics/sparsity/candidate_w18/resume_kd.jsonl,4066,3ad7ce4a47e6a668efd6ac762fc542670ade3c7196e3d2d8bd7ce6ce5f686521
full-run-20260912T063022Z,canonical_epoch_log,outputs/full-run-20260912T063022Z/metrics/student/distill.jsonl,102084,088689258683adfdeb59718372013efc38e377571b86ce069a7487ffe78e3cc1
full-run-20260912T063022Z,training_summary,outputs/full-run-20260912T063022Z/metrics/summaries.yaml,1217,f34ffe8be1b4ea1094fceb3f19664a84bee79c40662ade87c2abe54f51832d18
full-run-20260912T063022Z,canonical_epoch_log,outputs/full-run-20260912T063022Z/metrics/teacher/ds_cnn_l.jsonl,79927,bd887f0844639f55102b6e10feef995bd1a75044ffdc7ff0dd47541c382082b8
full-run-20260912T063022Z,canonical_pai_architecture_scores,outputs/full-run-20260912T063022Z/pai/candidates/candidate_w17/candidate_w17_best_arch_scores.csv,78,1ebf8d42a4a032097b845e1020231b6555cdede87800e8901afc97d1a7b78d69
full-run-20260912T063022Z,canonical_pai_architecture_scores,outputs/full-run-20260912T063022Z/pai/candidates/candidate_w18/candidate_w18_best_arch_scores.csv,122,d25e97eab5ac2a08652689cf4c6f3586299595ed505b9ad7fd440f8ff8c5fcd0
full-run-20260912T063022Z,stage_report,outputs/full-run-20260912T063022Z/reports/pipeline.yaml,2802,0c5cd37fadaa074d33ed6876c07c62ebce1eb1ddc8d9afd9003c661819deb241
full-run-20260912T063022Z,stage_report,outputs/full-run-20260912T063022Z/reports/sparsity.yaml,10489,091fb6ca04e2d8043fe0518ca883e0047dde5bf8a90c3c14b0233b1a0f820e3a
pai-faithful,canonical_epoch_log,outputs/pai-faithful/gd-all-max1-tanh-sw25-c4x8-seed0/epochs.jsonl,45579,5db9977813fd426c0d5f066ece42958fe093c1d98a9783f29b4daeec259ad39b
pai-faithful,faithful_result,outputs/pai-faithful/gd-all-max1-tanh-sw25-c4x8-seed0/result.json,3526,75823f14f922d8d584c47bd45315823fe0f15abdbd03dded7544113e92a7a15e
pai-faithful,canonical_epoch_log,outputs/pai-faithful/gd-all-max1-tanh-sw25-c4x8-seed1/epochs.jsonl,57157,fe1c59287de89b5120fbde66288f4c08d7dc9db1aca21a70b411e7dc8bb001fc
pai-faithful,faithful_result,outputs/pai-faithful/gd-all-max1-tanh-sw25-c4x8-seed1/result.json,3813,d905bd1182086e825b5aaa86dd8c4c2c0e9e12fe888e02ed0f621533722f7157
pai-faithful,canonical_epoch_log,outputs/pai-faithful/gd-all-max1-tanh-sw25-c4x8-seed2/epochs.jsonl,51749,2bd6fbe25fd60c1e3aea3b74232e154e5c747839e28b2b8a01a05c46562dced5
pai-faithful,faithful_result,outputs/pai-faithful/gd-all-max1-tanh-sw25-c4x8-seed2/result.json,3528,852d6374342694cfe1173eb32127396e8c4124419ecf5a8c7445e421963a030d
pai-faithful,canonical_epoch_log,outputs/pai-faithful/gd-all-max1-tanh-sw25-c4x8-seed3/epochs.jsonl,41175,1a04c05344064b7d36747659945e2f5fe6c7a2067ebe31c67b11373d5aca9d67
pai-faithful,faithful_result,outputs/pai-faithful/gd-all-max1-tanh-sw25-c4x8-seed3/result.json,3513,8979b93d0d77dc2cf1d52cf09c8b4022956794c104f45b585bb2caf99151103b
pai-faithful,canonical_epoch_log,outputs/pai-faithful/gd-all-max1-tanh-sw25-c4x8-seed4/epochs.jsonl,19626,eb7ac379d57b7a9995fdfd834e7fc9d4e457efc3957122a76d980235f27eb2b5
pai-faithful,faithful_result,outputs/pai-faithful/gd-all-max1-tanh-sw25-c4x8-seed4/result.json,3189,6213fbb3b41543de777e91d7699efd9a58cc400a8205ca16aeec97d5ee615b1d
pai-faithful,canonical_epoch_log,outputs/pai-faithful/none-c12x24-seed0/epochs.jsonl,162333,af417d92147fcf72e0f70b2856843393c16e5daf9cbc839bf6b3c0b7f2233d7c
pai-faithful,faithful_result,outputs/pai-faithful/none-c12x24-seed0/result.json,4642,d00a2ad00f54847d9225d5c7aabd348a9b01863c2f01b697a92b8410b630a14e
pai-faithful,canonical_epoch_log,outputs/pai-faithful/none-c12x24-seed1/epochs.jsonl,161920,150001a81eaac6c92dd404a0a096424304746e66b403c248f7198683a118f62c
pai-faithful,faithful_result,outputs/pai-faithful/none-c12x24-seed1/result.json,4639,cac3d88ea9349e0f1dda0d37b89994bcc4d7c916ab84612d28c18db3393bd432
pai-faithful,canonical_epoch_log,outputs/pai-faithful/none-c12x24-seed2/epochs.jsonl,163002,7608f2bb1aa9bab929706af085f492f0e4ca1d39ad33c563a8ad06458366b4ea
pai-faithful,faithful_result,outputs/pai-faithful/none-c12x24-seed2/result.json,4641,e116c585eb3a2b090f0d56ccfedb1428ce2d119112ee30d935defb61345be849
pai-faithful,canonical_epoch_log,outputs/pai-faithful/none-c12x24-seed3/epochs.jsonl,162694,3894f16e11fcd2fb80a74fe13d06a8ea0f491f57cc470ce6c4ab950d4ec378a2
pai-faithful,faithful_result,outputs/pai-faithful/none-c12x24-seed3/result.json,4640,743aa1f90826adead52b26eebef09060b7fedd2a292625a0420d0e45ebeff5c2
pai-faithful,canonical_epoch_log,outputs/pai-faithful/none-c12x24-seed4/epochs.jsonl,162629,f71e0d8ca37a71c18d96e30d79dcca20dac901e8041dd9d306f083dee5c058d8
pai-faithful,faithful_result,outputs/pai-faithful/none-c12x24-seed4/result.json,4654,5b5dd2e5035bccb1742dcf70a613b7a75decc9afb9d4c9948eff7871f00bef49
pai-faithful,canonical_epoch_log,outputs/pai-faithful/none-c16x32-seed0/epochs.jsonl,161905,1dfb59a2adcebced612be7e3e76f2db8ee78190ef4565bed5a0ff87bc598297d
pai-faithful,faithful_result,outputs/pai-faithful/none-c16x32-seed0/result.json,4644,cb3d79310421e08d2a296661220af6709164467c2d3b2db9f0362cd157db402a
pai-faithful,canonical_epoch_log,outputs/pai-faithful/none-c16x32-seed1/epochs.jsonl,162347,6a825738dd9787b49df95f9533a1a7cc9abc5814a958bb85b611011ed224a89b
pai-faithful,faithful_result,outputs/pai-faithful/none-c16x32-seed1/result.json,4644,a2ad893f5bab302ee50babdc523d5bbe60b48b6a7fd6a780bde0c1a2fb943853
pai-faithful,canonical_epoch_log,outputs/pai-faithful/none-c16x32-seed2/epochs.jsonl,162620,31e72294f9bdf30a2106e1ef02399b95e6a9c56e9332994f26ff8eacbf794fbd
pai-faithful,faithful_result,outputs/pai-faithful/none-c16x32-seed2/result.json,4640,2545875c2c4b94cc8081809b9215f0a54497e480b89e42a43239e577e50678f6
pai-faithful,canonical_epoch_log,outputs/pai-faithful/none-c16x32-seed3/epochs.jsonl,162606,2102645ba84e681695d56179800395ee035f3c7faec979fcd610643941ae593b
pai-faithful,faithful_result,outputs/pai-faithful/none-c16x32-seed3/result.json,4639,21dc407e36bc7cd92a24461c75b8f664a3ac49202666c4e6fe5d37f0287538a3
pai-faithful,canonical_epoch_log,outputs/pai-faithful/none-c16x32-seed4/epochs.jsonl,162264,09dd54db61271d989f56d46d2be9d8afee2d6e212bc4ff0f269bf8a2ee934ccc
pai-faithful,faithful_result,outputs/pai-faithful/none-c16x32-seed4/result.json,4641,66ec0b68b2d513b598502b390cceed6e74bc4f330bd8cbc963a1cd5177d7e263
pai-faithful,canonical_epoch_log,outputs/pai-faithful/none-c20x40-seed0/epochs.jsonl,161749,28bd65f1b04ae335a76cfe2c19296f3379d87f612f7140556c1d89b1033196db
pai-faithful,faithful_result,outputs/pai-faithful/none-c20x40-seed0/result.json,4643,81bf6744737a645daf25f7844401ec8149860bd6f2a797ea1b326ed6cc730f3e
pai-faithful,canonical_epoch_log,outputs/pai-faithful/none-c20x40-seed1/epochs.jsonl,162946,7ad8087ac58565403691bb45fb7c517e5b2b4318a7da47afa69922ab886e138d
pai-faithful,faithful_result,outputs/pai-faithful/none-c20x40-seed1/result.json,4624,b6a739097ac76712f4ddc3537603887ca2563a3e23781f41a1a9f5079072ef84
pai-faithful,canonical_epoch_log,outputs/pai-faithful/none-c20x40-seed2/epochs.jsonl,162041,deaa41c8a5433b0b0ead42bad64d04ad085d0be18cc90c13c37a7f2d95059c0c
pai-faithful,faithful_result,outputs/pai-faithful/none-c20x40-seed2/result.json,4631,071ff8be3623284a25e1cc5b5395e8c195aa8be1f9c601ea63d1de47070ddf47
pai-faithful,canonical_epoch_log,outputs/pai-faithful/none-c20x40-seed3/epochs.jsonl,161437,28a9ccaa2065638ee538395027f3648fa17a9515ef663e9b01ce9900abb8459e
pai-faithful,faithful_result,outputs/pai-faithful/none-c20x40-seed3/result.json,4638,f5b64ade162a72f21384990091818466818a7ca5a7b966ff648a6fa4151c1def
pai-faithful,canonical_epoch_log,outputs/pai-faithful/none-c20x40-seed4/epochs.jsonl,161922,db94a039fc5049b68c1726da958c6bdfa4d8866a38d4872beb58b3c76a2b2ea8
pai-faithful,faithful_result,outputs/pai-faithful/none-c20x40-seed4/result.json,4655,3c02a0585000c1329f4b40623e669efbfb69414c75806737c72ae2535b81f1a2
pai-faithful,canonical_epoch_log,outputs/pai-faithful/none-c24x48-seed0/epochs.jsonl,161464,47a8825c09b9b36ed9611081ef37c374f326c3c6a4fe31827323c42a86711381
pai-faithful,faithful_result,outputs/pai-faithful/none-c24x48-seed0/result.json,4629,5ba41c8f2230c3ab9aa8da5a98942be5d1d1030745b3b26567723428364f87cd
pai-faithful,canonical_epoch_log,outputs/pai-faithful/none-c24x48-seed1/epochs.jsonl,161345,8b349b601c3c324788c1c962aeccabe41d4c88619663f1593ab9651eb4314568
pai-faithful,faithful_result,outputs/pai-faithful/none-c24x48-seed1/result.json,4644,e2392383ab5fd2758a32db8040af755726e477ff68b220d9244263c1242b7ee5
pai-faithful,canonical_epoch_log,outputs/pai-faithful/none-c24x48-seed2/epochs.jsonl,162221,01fccf71b09b5c61a040293e7f325e777a1043e87287e6d8f9a13dac13edf893
pai-faithful,faithful_result,outputs/pai-faithful/none-c24x48-seed2/result.json,4646,667d014a220b1db8894244af1ae63e746b530fb426fd7a6bea3a0a776b03aaa7
pai-faithful,canonical_epoch_log,outputs/pai-faithful/none-c24x48-seed3/epochs.jsonl,161332,b39561ddaedf3d32c59d3c8ebdd0e87bc9036e72dff7449ee2d7f2310bfaa01e
pai-faithful,faithful_result,outputs/pai-faithful/none-c24x48-seed3/result.json,4643,9c168b06eae8744b8da6f41bca4e6a19118e361b29f36b93391cc8b035beb0d9
pai-faithful,canonical_epoch_log,outputs/pai-faithful/none-c24x48-seed4/epochs.jsonl,162181,5cad7aa47b17c2a6da492932b6f098395a0774ad015c00b6f7dac877406c2eb5
pai-faithful,faithful_result,outputs/pai-faithful/none-c24x48-seed4/result.json,4642,44d5947f7c372fe3fa5e5bd8d6ec2ed270f3d59308394856325262bc9a594051
pai-faithful,canonical_epoch_log,outputs/pai-faithful/none-c28x56-seed0/epochs.jsonl,161311,8b815f1129f066fea40a594680e84725e2b1d1cfba843b551942d695fb44c528
pai-faithful,faithful_result,outputs/pai-faithful/none-c28x56-seed0/result.json,4643,bc34042c3b3d0e2a6b62b615fcd84d20c87715935ffdf1578246019222090814
pai-faithful,canonical_epoch_log,outputs/pai-faithful/none-c28x56-seed1/epochs.jsonl,160731,ffc5bf488b1de5a1ff3740b02ffca7d897245037502acec6fb554f77a0756e66
pai-faithful,faithful_result,outputs/pai-faithful/none-c28x56-seed1/result.json,4632,6dabdd5279f99860475d69122ea33e4b167c1afa4284b64af3ea4194bf2acdd2
pai-faithful,canonical_epoch_log,outputs/pai-faithful/none-c28x56-seed2/epochs.jsonl,161276,ccc34a41b729789f0acc32aa5177dd0a90200b78cf08bf30c8672f0e49f6888e
pai-faithful,faithful_result,outputs/pai-faithful/none-c28x56-seed2/result.json,4643,57a3bb3de6413250d8cb511a16cba6e0a10e141f9fa0cdd3bf5d04bda7f799ff
pai-faithful,canonical_epoch_log,outputs/pai-faithful/none-c28x56-seed3/epochs.jsonl,162895,58b5fcfaa6af16cdac222d38580d4cc5b50028f06ae3e5be1c50ab4a96c52ac3
pai-faithful,faithful_result,outputs/pai-faithful/none-c28x56-seed3/result.json,4640,b60327f3e570bb4f17fe2e64c04f2a7ad98f1a3e871d4dfec7f5117a657dfdcd
pai-faithful,canonical_epoch_log,outputs/pai-faithful/none-c28x56-seed4/epochs.jsonl,162036,c5f665139a79dae1dd12e5373700f6c9bf872cb4e04b7667010b3e5b9a401b5c
pai-faithful,faithful_result,outputs/pai-faithful/none-c28x56-seed4/result.json,4641,9c41a1d249e7c191d4ba52f72499f958d4e21fd17b0a66a401a1821fc617a661
pai-faithful,canonical_epoch_log,outputs/pai-faithful/none-c4x8-seed0/epochs.jsonl,163606,a7011436d92a2d868902681e7e6f8f80e6e28edbace2fbddbcfc33ed77f72399
pai-faithful,faithful_result,outputs/pai-faithful/none-c4x8-seed0/result.json,4636,fbb85b28a65e47be76a8cb2d1d81d9723e279df18acfae8e59fc2d8f15280e88
pai-faithful,canonical_epoch_log,outputs/pai-faithful/none-c4x8-seed1/epochs.jsonl,162902,4657d69beffc2255244198fe385f75c6aea96331497c9595ea7e4f161f7c6000
pai-faithful,faithful_result,outputs/pai-faithful/none-c4x8-seed1/result.json,4629,7618cb838cb11f2d8f391a8474a53aa97d66ccd54bdfca1e5d34f84dfe68d753
pai-faithful,canonical_epoch_log,outputs/pai-faithful/none-c4x8-seed2/epochs.jsonl,162913,053d40dfb6584309ffe35e0b2702f36791cc481b8eb0b7eaa368cc96644261b6
pai-faithful,faithful_result,outputs/pai-faithful/none-c4x8-seed2/result.json,4635,4640317e340619301c57bf422694a670756c99139602fcef11f2cdb9cb23f1ff
pai-faithful,canonical_epoch_log,outputs/pai-faithful/none-c4x8-seed3/epochs.jsonl,163546,104a8c3b43e65da7050a887d812c21ef7cff3f2c0bee98fb60350e561a8edb3e
pai-faithful,faithful_result,outputs/pai-faithful/none-c4x8-seed3/result.json,4627,00eb58384e15bc22a47b1fac893ff90a2f2b2f82169e0cd3dc86becca507f454
pai-faithful,canonical_epoch_log,outputs/pai-faithful/none-c4x8-seed4/epochs.jsonl,163442,7f5c03483d71c124be7771a60f31a2008a00c777690254b007d8893163d18fed
pai-faithful,faithful_result,outputs/pai-faithful/none-c4x8-seed4/result.json,4648,efb6c8c48a153a9f76533b43063ce1b13962abcfee9000457e7816681a62b983
pai-faithful,canonical_epoch_log,outputs/pai-faithful/none-c6x12-seed0/epochs.jsonl,162620,c060fe5625cdffea9b7fac5815a6eb34b573ad45737f67b35b49cba7bc969538
pai-faithful,faithful_result,outputs/pai-faithful/none-c6x12-seed0/result.json,4637,6e8ce1cd72c4cd5ba43e4b4a4f1755b0c803409266eea3d0be362e6f7c952629
pai-faithful,canonical_epoch_log,outputs/pai-faithful/none-c6x12-seed1/epochs.jsonl,162875,423b796ffad99341c12275528df9fa1c70a0e9cc5763a6fd55c82d35f1b60d51
pai-faithful,faithful_result,outputs/pai-faithful/none-c6x12-seed1/result.json,4631,cbb07ef5a02a05e97dfb9c823ef31ab4434d3afc7af7dfb98c75f68aef4dec6c
pai-faithful,canonical_epoch_log,outputs/pai-faithful/none-c6x12-seed2/epochs.jsonl,161868,8fc48701c7153d1ca646423b48038b450024238916afbc29b113ee0570809cb1
pai-faithful,faithful_result,outputs/pai-faithful/none-c6x12-seed2/result.json,4640,b32e1d33e4ffd0e15cd4d85fb1d3770a771d3efaff59fc4e6a0af8fc18affcd3
pai-faithful,canonical_epoch_log,outputs/pai-faithful/none-c6x12-seed3/epochs.jsonl,162307,a433d00204be4c3ae0d0defbb6272158b3e587bd822eaac8d4cfdfe028b16717
pai-faithful,faithful_result,outputs/pai-faithful/none-c6x12-seed3/result.json,4641,81251c2e48a638c796899c8e80f75898fcf261b5c05c59172d7473c64152ecff
pai-faithful,canonical_epoch_log,outputs/pai-faithful/none-c6x12-seed4/epochs.jsonl,162774,20ed6099ed89e501860c8c8618057f6ca70234aedeafead6f0ebdd313116ec8d
pai-faithful,faithful_result,outputs/pai-faithful/none-c6x12-seed4/result.json,4651,1ada64852db1b4af32b1bd8dd5aa2b4f05f846c9f8aece01b529fd25c2760bcc
pai-faithful,canonical_epoch_log,outputs/pai-faithful/none-c8x16-seed0/epochs.jsonl,162134,6ef68cf6aa6a6ec1d163aa9a3b981d0a9b7e5670d7ecd66c4c2b88075e842e1e
pai-faithful,faithful_result,outputs/pai-faithful/none-c8x16-seed0/result.json,4628,7b75f93ae9a06013964d2c57b967935e9ee2e2d32ad4c5de4bff3a4501f64e1c
pai-faithful,canonical_epoch_log,outputs/pai-faithful/none-c8x16-seed1/epochs.jsonl,163017,7e39ccf5efad48c9352c69202b8d2d8d0ed7981a68c7c569a0eec2579a5d9ab0
pai-faithful,faithful_result,outputs/pai-faithful/none-c8x16-seed1/result.json,4636,2cc66fdd0dcd619355c8f8321acd61e5f4fda4c5829134217b41238ed22fa12c
pai-faithful,canonical_epoch_log,outputs/pai-faithful/none-c8x16-seed2/epochs.jsonl,162479,05b135f7b4504732c8a8bc08bc341d9f181b5fc5be950f05d9f672854d99ef84
pai-faithful,faithful_result,outputs/pai-faithful/none-c8x16-seed2/result.json,4637,26e292d65ce612470de5842898059f5ce4cbfb7c86c86e1e58658408d13a2f97
pai-faithful,canonical_epoch_log,outputs/pai-faithful/none-c8x16-seed3/epochs.jsonl,162787,82f5ac66610dfde62d609167748635f0e58d1e021ea3a53f9292f6fda3c4f996
pai-faithful,faithful_result,outputs/pai-faithful/none-c8x16-seed3/result.json,4638,4eec027c4c0e4a92fd980f691ebfcabb58903e03b07a7584d99f8869468740d7
pai-faithful,canonical_epoch_log,outputs/pai-faithful/none-c8x16-seed4/epochs.jsonl,162753,d635bf1ce7f2238eedc707bd98a9a8ad6a1cf68d92bc45209a986a98d4676d6d
pai-faithful,faithful_result,outputs/pai-faithful/none-c8x16-seed4/result.json,4651,15ec30ef96583920843e351423bba699a4808329a604dbeaf03ee3b1963a0c16
pai-faithful,canonical_epoch_log,outputs/pai-faithful/none-r25-c16x32-seed0/epochs.jsonl,155531,d3f68cc194ae9bba90fdcf04c3bfa166f410dde3052baa4c021340ff97f2d677
pai-faithful,faithful_result,outputs/pai-faithful/none-r25-c16x32-seed0/result.json,4864,2287aa1bde86d5e6a6edb8dd29eaf212bb629695baff2c5d9de0c62cbd4e8b7a
pai-faithful,canonical_epoch_log,outputs/pai-faithful/none-r25-c16x32-seed1/epochs.jsonl,155492,f5807190a491fe00051428257e1197938e32fd5a2046780940e2133a922d2244
pai-faithful,faithful_result,outputs/pai-faithful/none-r25-c16x32-seed1/result.json,4867,99efe491783311dd63330260e542d4b18b03fa049823133d1c7de059e954f086
pai-faithful,canonical_epoch_log,outputs/pai-faithful/none-r25-c16x32-seed2/epochs.jsonl,155255,9cea5436680382050483a93f10b8e1f9db4515f5502be160900e89ae22ef3407
pai-faithful,faithful_result,outputs/pai-faithful/none-r25-c16x32-seed2/result.json,4862,f5e349744220d49e8b92f51977e16182f6b5650e9da75aa704c11aa3ad8c1d05
pai-faithful,canonical_epoch_log,outputs/pai-faithful/none-r25-c16x32-seed3/epochs.jsonl,155174,f948309f5ea931b9470db895364a7b6d05e1c541bcb02ccb6e0c67cb41f7fddf
pai-faithful,faithful_result,outputs/pai-faithful/none-r25-c16x32-seed3/result.json,4868,cf9ce8400af98f7a0cb3b83b0580ec6d46ff42df88ebbe0ed380c3710d9ef590
pai-faithful,canonical_epoch_log,outputs/pai-faithful/none-r25-c16x32-seed4/epochs.jsonl,155178,cd60bfe90f2c8f00eb8ffe41d5cb9774ab8eb2df7572e5d5e0d9504b139b4265
pai-faithful,faithful_result,outputs/pai-faithful/none-r25-c16x32-seed4/result.json,4868,000f1eca59ff4afe885309427f268cc383767fcd948e97c7dd2e7dea412fce8e
pai-faithful,canonical_epoch_log,outputs/pai-faithful/none-r25-c28x56-seed0/epochs.jsonl,155486,57cfe177c871186f369d955af77e4bd0629827c705f9854525af3dcd08d62caf
pai-faithful,faithful_result,outputs/pai-faithful/none-r25-c28x56-seed0/result.json,4868,a08919c198b09f55542b86a2af174ba2ae9a2b10ccbd629745e20102b1da4b23
pai-faithful,canonical_epoch_log,outputs/pai-faithful/none-r25-c28x56-seed1/epochs.jsonl,155381,67b2552963b855962d3db6de278a759a84b57338a8ee706400cd966218177837
pai-faithful,faithful_result,outputs/pai-faithful/none-r25-c28x56-seed1/result.json,4861,fb952edd96fbe409e252edc214880a62040a83cf0667b2fe6fad546df264e121
pai-faithful,canonical_epoch_log,outputs/pai-faithful/none-r25-c28x56-seed2/epochs.jsonl,155398,a88f45fbd23600ee507427ebb45465e7e4cf045d439248b5cb3f8a17c30c199e
pai-faithful,faithful_result,outputs/pai-faithful/none-r25-c28x56-seed2/result.json,4867,bce3e1d98a1fdd871ac8ef63a2026e132aee54bfe1c7374a13bf4523f3d10ce0
pai-faithful,canonical_epoch_log,outputs/pai-faithful/none-r25-c28x56-seed3/epochs.jsonl,155168,d4cb3799d0ac521680ed1c5a16cd8118ae6cc01ac49c379c5afb0a25a894fa35
pai-faithful,faithful_result,outputs/pai-faithful/none-r25-c28x56-seed3/result.json,4866,151bb2e9391f3d53dbf1b77446e12e16cda4a6beb6884f8e819912d1a57f5137
pai-faithful,canonical_epoch_log,outputs/pai-faithful/none-r25-c28x56-seed4/epochs.jsonl,155119,a86e68d88c23bf062fc3559c51d87d39f330ee1e07ca7c0d30f1dce0d5593c41
pai-faithful,faithful_result,outputs/pai-faithful/none-r25-c28x56-seed4/result.json,4857,5455528408a7f348e4c9e0b87817e250f33cfcaa1e292e0a062361598ecc4764
pai-faithful,canonical_epoch_log,outputs/pai-faithful/none-r25-c8x16-seed0/epochs.jsonl,155448,fa4c4566e087da8e8177fee840c4b8734a67b3be4dfce81736b8731477cb51da
pai-faithful,faithful_result,outputs/pai-faithful/none-r25-c8x16-seed0/result.json,4858,ce1f63e03a59b7ee28987c4f907995ff59276b90eaa027f2369e898bd9b9677f
pai-faithful,canonical_epoch_log,outputs/pai-faithful/none-r25-c8x16-seed1/epochs.jsonl,155341,3ef3a7a29d5336afaf6b32a0ec8cc14025aefdc61d5f3b326c5eebde09f6312a
pai-faithful,faithful_result,outputs/pai-faithful/none-r25-c8x16-seed1/result.json,4865,40acaa4a99f9ee821678b6897d9a1ef9273757365ac4993bf8648bdbeeaef75c
pai-faithful,canonical_epoch_log,outputs/pai-faithful/none-r25-c8x16-seed2/epochs.jsonl,155299,88a675f0cb86403a08dbcc99a9d4c87e64425456279a21769f5d9ce3ef229516
pai-faithful,faithful_result,outputs/pai-faithful/none-r25-c8x16-seed2/result.json,4863,5ba107154ff1b563b80c3e244fd80785d983c6cacbeb528916e5958904b8dba7
pai-faithful,canonical_epoch_log,outputs/pai-faithful/none-r25-c8x16-seed3/epochs.jsonl,155475,641cfef31695886b5858599bc80fe91c5104d04b761b4fd3cbdcaee5afacbfac
pai-faithful,faithful_result,outputs/pai-faithful/none-r25-c8x16-seed3/result.json,4866,6a4b1a5b42fdfce5946997fcdb7aa5bed8bbce6968f363adacf093a74749236e
pai-faithful,canonical_epoch_log,outputs/pai-faithful/none-r25-c8x16-seed4/epochs.jsonl,155312,aaae94f63b0fafd8d782d4feae5be80557e0c1e2ca443fa2108f37321020af61
pai-faithful,faithful_result,outputs/pai-faithful/none-r25-c8x16-seed4/result.json,4864,f21e7c4d2a8e07b3eb72faf40275a1aa04840d72a9ffb204d98f73e75e456c75
pai-faithful,canonical_epoch_log,outputs/pai-faithful/pb-all-max1-relu-sw25-c4x8-seed0/epochs.jsonl,86224,58f1dd8bd2c3f221494d488c0f4bde311bd85deb825784b715ddc89ecf55f661
pai-faithful,faithful_result,outputs/pai-faithful/pb-all-max1-relu-sw25-c4x8-seed0/result.json,4144,50374739f33f67595dc97e1c24b7bf7abe7f3306d3535a9dc0b5ab9b22434c92
pai-faithful,canonical_epoch_log,outputs/pai-faithful/pb-all-max1-relu-sw25-c4x8-seed1/epochs.jsonl,65234,a2a2115062013e991eb3772a0ebb764c8bb3542caa20843aa3bf0fcaedbc9e9e
pai-faithful,faithful_result,outputs/pai-faithful/pb-all-max1-relu-sw25-c4x8-seed1/result.json,3820,c6a947dc19bbd214a42ce8fb5e5eea6a4055aa0337224ec5dad1c0e0729e4f60
pai-faithful,canonical_epoch_log,outputs/pai-faithful/pb-all-max1-relu-sw25-c4x8-seed2/epochs.jsonl,81261,82fdc6a25d86c11d7a899963746b8cdec7563b6757b25a3367bcb08bede1c363
pai-faithful,faithful_result,outputs/pai-faithful/pb-all-max1-relu-sw25-c4x8-seed2/result.json,4103,f5ca5ddcf011c2a12dcd98cac27935b50d0724a4419bf193772f1d0dcb5c5b4e
pai-faithful,canonical_epoch_log,outputs/pai-faithful/pb-all-max1-relu-sw25-c4x8-seed3/epochs.jsonl,61046,afd28129db1ed18d2db618399fe550ec37d736bd5d8ca4b39cbfae2d55a1cf00
pai-faithful,faithful_result,outputs/pai-faithful/pb-all-max1-relu-sw25-c4x8-seed3/result.json,3803,7767d97fe54f5305bc956507e2514956bac81de5c24906118d11fe3ea9f855e2
pai-faithful,canonical_epoch_log,outputs/pai-faithful/pb-all-max1-relu-sw25-c4x8-seed4/epochs.jsonl,53330,8fe7480a7ad360178ff35d9f9f45f5a4f6e564e69d451ba2e126a79d17888d42
pai-faithful,faithful_result,outputs/pai-faithful/pb-all-max1-relu-sw25-c4x8-seed4/result.json,3837,2ccc27dd2e6b6b38ddd22b677488925cc07d231c8974143cac753fc5b6fda2e1
pai-faithful,canonical_epoch_log,outputs/pai-faithful/pb-all-max1-tanh-sw25-c4x8-seed0/epochs.jsonl,55989,b2b6ef0f9966f5814d00a44b57222a9f004ede5127af4aed5d021185ca2e4c6b
pai-faithful,faithful_result,outputs/pai-faithful/pb-all-max1-tanh-sw25-c4x8-seed0/result.json,3832,f5f9904a4f38262bcc4dc2025523233914670c16569bfbd1f96b3777116ccd90
pai-faithful,canonical_epoch_log,outputs/pai-faithful/pb-all-max1-tanh-sw25-c4x8-seed1/epochs.jsonl,68896,50ff8401fb31164beab208ffb4e69f723dab54027558259221210495b38fcdc6
pai-faithful,faithful_result,outputs/pai-faithful/pb-all-max1-tanh-sw25-c4x8-seed1/result.json,3821,7db8ae4ab024f0a73d7c444917c4fc9dde6bb0f1e67a1544c8e6585928eb3df3
pai-faithful,canonical_epoch_log,outputs/pai-faithful/pb-all-max1-tanh-sw25-c4x8-seed2/epochs.jsonl,63504,f1c5683f9d3af1a6f38c053a6c743af60ceacb87a397312782c97ba9df15f3ff
pai-faithful,faithful_result,outputs/pai-faithful/pb-all-max1-tanh-sw25-c4x8-seed2/result.json,3825,4ec1b93b40717d73bf65e997783140b847de4f26f5dd7d8a699bd5c391c897c9
pai-faithful,canonical_epoch_log,outputs/pai-faithful/pb-all-max1-tanh-sw25-c4x8-seed3/epochs.jsonl,26883,875f7ff108a35e57dcf8d7a10458a2cc9dac03419341f966e435709f0ea0f409
pai-faithful,faithful_result,outputs/pai-faithful/pb-all-max1-tanh-sw25-c4x8-seed3/result.json,3516,0111c9535ac90512cbb57230d20c378b22f3aa6aa25766c3a4e4e8741a5c8f28
pai-faithful,canonical_epoch_log,outputs/pai-faithful/pb-all-max1-tanh-sw25-c4x8-seed4/epochs.jsonl,50958,404ec38ee1205116b466f7769f691a79379e0790d94bc74647ddc3f064aa25de
pai-faithful,faithful_result,outputs/pai-faithful/pb-all-max1-tanh-sw25-c4x8-seed4/result.json,3515,7656237c650bc3e55d16d53b34f44958e5b8a5b5ac173d8078dd1289d24dbda0
pai-faithful,canonical_epoch_log,outputs/pai-faithful/pb-all-max1-tanh-sw25-c8x16-seed0/epochs.jsonl,90630,ce73ff2eaaf9802e6c2e4afd37198be744c5a4770e990239d29ebb377a7c5289
pai-faithful,faithful_result,outputs/pai-faithful/pb-all-max1-tanh-sw25-c8x16-seed0/result.json,4148,0e8749872444e60cfe18bd4636afef0d582fc385be3e7f668eba3ed0c785af61
pai-faithful,canonical_epoch_log,outputs/pai-faithful/pb-all-max1-tanh-sw25-c8x16-seed1/epochs.jsonl,70019,9b74f8a76140907a703c60d2cab00be27fab1ba13c5a225dc069e36230ae626b
pai-faithful,faithful_result,outputs/pai-faithful/pb-all-max1-tanh-sw25-c8x16-seed1/result.json,3829,056cb5b84a88364b655420c520a80b5794323d84ffc3374692948eda6332d844
pai-faithful,canonical_epoch_log,outputs/pai-faithful/pb-all-max1-tanh-sw25-c8x16-seed2/epochs.jsonl,72611,37f2368659f3a18e2a71494de713d7374d0d7919f15f947dc0d27edad3fcc384
pai-faithful,faithful_result,outputs/pai-faithful/pb-all-max1-tanh-sw25-c8x16-seed2/result.json,3843,767c28622ed17e18282e79db4602d6c0ffb0c421d2b9018c918f11c49ec4495e
pai-faithful,canonical_epoch_log,outputs/pai-faithful/pb-all-max1-tanh-sw25-c8x16-seed3/epochs.jsonl,68218,1a39d94140c02135017e61d6c6cd9c26c5eeaef678db8fc1c1a308103543053a
pai-faithful,faithful_result,outputs/pai-faithful/pb-all-max1-tanh-sw25-c8x16-seed3/result.json,3832,35c25925f9218111eb414432b46402b54f9f6f02ce0caca0534bcfb2efaa902f
pai-faithful,canonical_epoch_log,outputs/pai-faithful/pb-all-max1-tanh-sw25-c8x16-seed4/epochs.jsonl,61387,b98e9f60a6449105eeb945e17fb73194dd37fcb5da76ea2bc0403c7547a71b10
pai-faithful,faithful_result,outputs/pai-faithful/pb-all-max1-tanh-sw25-c8x16-seed4/result.json,3820,603dbc1a3277b16af84692bd56f2a5a010b1cd0cda66b5fed747b7a58d1ef7cc
pai-faithful,canonical_epoch_log,outputs/pai-faithful/pb-linear-max3-tanh-sw25-c8x16-seed0/epochs.jsonl,148745,b6e946f562c43fbf39f76b2d9f4d335c14ddb75ca58e661a0b5973b143d20b3f
pai-faithful,faithful_result,outputs/pai-faithful/pb-linear-max3-tanh-sw25-c8x16-seed0/result.json,4569,0e115cd5e7015013cff43658be03377f12c5a565c0203c83b6bf8c49548358af
pai-faithful,canonical_epoch_log,outputs/pai-faithful/pb-linear-max3-tanh-sw25-c8x16-seed1/epochs.jsonl,110433,9f4823d29c78e62bd4ae503bb22834f638af018d26e25513b102a0070a5e58b7
pai-faithful,faithful_result,outputs/pai-faithful/pb-linear-max3-tanh-sw25-c8x16-seed1/result.json,4189,5a470b356cb33af134c5139cc26204d9b211429550f0efd4d91e25768485b501
pai-faithful,canonical_epoch_log,outputs/pai-faithful/pb-linear-max3-tanh-sw25-c8x16-seed2/epochs.jsonl,147455,0273cdbaac57a7897d20c70dcc746e5ef15a61f6934ce4c780c2355e45c06c7f
pai-faithful,faithful_result,outputs/pai-faithful/pb-linear-max3-tanh-sw25-c8x16-seed2/result.json,4569,878d43d7d5c779a592e5bbd4ba4ea9441130d06bd5873143f9f10f4dbc16d6ab
pai-faithful,canonical_epoch_log,outputs/pai-faithful/pb-linear-max3-tanh-sw25-c8x16-seed3/epochs.jsonl,155765,7006ee37acb206c5e40b172847e5fdec38141f77c29d8a1d35321e1027c06e46
pai-faithful,faithful_result,outputs/pai-faithful/pb-linear-max3-tanh-sw25-c8x16-seed3/result.json,4520,762290e8041320225823ad7f0248a1ace7dee63436dcf017ffb7f812cfa035fa
pai-faithful,canonical_epoch_log,outputs/pai-faithful/pb-linear-max3-tanh-sw25-c8x16-seed4/epochs.jsonl,110276,46f77c126548d28371aaf985d219ead556640783bfc82e131e4186b130725827
pai-faithful,faithful_result,outputs/pai-faithful/pb-linear-max3-tanh-sw25-c8x16-seed4/result.json,4231,65b3231a9c6177fdd3c7e36b2f0859fdde67537f9be39c5219af9205ea2551f2
pai-faithful-b21,canonical_epoch_log,outputs/pai-faithful-b21/det-none-c16x32-seed0/epochs.jsonl,154957,eb775d63af6c2fe3f0b763840b65e50710eb0cbb19a9d04c4ad5dd077592e1db
pai-faithful-b21,faithful_result,outputs/pai-faithful-b21/det-none-c16x32-seed0/result.json,4651,4d133fe3f712d761990b21ae97e09030237a6a9597aeb8e27d5f2dd9463f276a
pai-faithful-b21,canonical_epoch_log,outputs/pai-faithful-b21/det-none-c16x32-seed1/epochs.jsonl,155084,3b9e567a01a46663b3a6b06066e5cd47ea557a5cf04cc1797f0ca204a5710697
pai-faithful-b21,faithful_result,outputs/pai-faithful-b21/det-none-c16x32-seed1/result.json,4654,ce5ddc590ea4e99d23d3f89b68021bc3030997a8a99d38d47d0d8f0fad84f740
pai-faithful-b21,canonical_epoch_log,outputs/pai-faithful-b21/det-none-c16x32-seed2/epochs.jsonl,154906,c017f377be964091fa1b046beb47b60e0f9debbc5174f91da2c77b1985aeb5e4
pai-faithful-b21,faithful_result,outputs/pai-faithful-b21/det-none-c16x32-seed2/result.json,4646,87001f4bc9ee22de90a9d093399c2963a9e2d7b9b81524183622a49b58296dc4
pai-faithful-b21,canonical_epoch_log,outputs/pai-faithful-b21/det-none-c16x32-seed3/epochs.jsonl,155024,89dd64226583dcfd3f584a229a4b0c2ebc3f3a3dcc2b005d57bcf3ffb2a5190e
pai-faithful-b21,faithful_result,outputs/pai-faithful-b21/det-none-c16x32-seed3/result.json,4652,4e1ffa80376b70ea420f54452d36cba467f059191e017acf8395ea30633d8197
pai-faithful-b21,canonical_epoch_log,outputs/pai-faithful-b21/det-none-c16x32-seed4/epochs.jsonl,154944,4786b47e26bdfbabb025e50486e0a340b0df5bd8656332da63a6c328eab6268a
pai-faithful-b21,faithful_result,outputs/pai-faithful-b21/det-none-c16x32-seed4/result.json,4662,8c4118409fa7ade48a47090aab05414a38f4080c929e6572529806dc996f6dbb
pai-faithful-b21,canonical_epoch_log,outputs/pai-faithful-b21/det-none-c8x16-seed0/epochs.jsonl,154892,10382acfab8656b6347aaa865ffc4340d05782612619a71f30a19c80bd708b44
pai-faithful-b21,faithful_result,outputs/pai-faithful-b21/det-none-c8x16-seed0/result.json,4652,c0b574280cff62a1a379391985ce2e468456171c8e927652cdfd58eef9001797
pai-faithful-b21,canonical_epoch_log,outputs/pai-faithful-b21/det-none-c8x16-seed1/epochs.jsonl,155275,b68d3cd6b0ab0e023e169b63b43783f380ac388467d897d312a1a47074e2c83e
pai-faithful-b21,faithful_result,outputs/pai-faithful-b21/det-none-c8x16-seed1/result.json,4651,9428f0628bd99dc39f69b0c7ec1510ada71df4e7874f603a2b1fa93b5aa73963
pai-faithful-b21,canonical_epoch_log,outputs/pai-faithful-b21/det-none-c8x16-seed2/epochs.jsonl,155065,7eb7d833eb47ef1cd62d982cbb6fda29cdcfa68e0ddbd7530a03c027cad2d7af
pai-faithful-b21,faithful_result,outputs/pai-faithful-b21/det-none-c8x16-seed2/result.json,4640,c1afb6b882254e9c738befba76d155d258672efce923fe62e0f50d9b631d37c1
pai-faithful-b21,canonical_epoch_log,outputs/pai-faithful-b21/det-none-c8x16-seed3/epochs.jsonl,155272,f38d1e6e50f24ce7ba54db0d056a8bd1ec65334f3728a97c3a2c90d3506f53c4
pai-faithful-b21,faithful_result,outputs/pai-faithful-b21/det-none-c8x16-seed3/result.json,4648,4d0f551a32e9936c7be0abd3b2297b5b5c7678912978dd1d767e4a1fc09c02b3
pai-faithful-b21,canonical_epoch_log,outputs/pai-faithful-b21/det-none-c8x16-seed4/epochs.jsonl,154946,d3eb0f7b67c25ed4432f7844c46fccf091da47b3d30cc1ebca4707fd0dcbffd1
pai-faithful-b21,faithful_result,outputs/pai-faithful-b21/det-none-c8x16-seed4/result.json,4663,9dcdcacd75c7f5926d5e06e8136992444d95786ffdb3e05d080010e4d1320cbd
pai-faithful-b21,canonical_epoch_log,outputs/pai-faithful-b21/det-pb-all-max1-relu-sw25-c8x16-seed0/epochs.jsonl,82030,3b95fafd540e1d2ce1023a05745f4cac092086b5a9bc29f47fcbc4e97b68e79b
pai-faithful-b21,faithful_result,outputs/pai-faithful-b21/det-pb-all-max1-relu-sw25-c8x16-seed0/result.json,4136,2389a427cdb40cc945092a977180e3ae67d04279acb52fb82bac6c596c7b6d63
pai-faithful-b21,canonical_epoch_log,outputs/pai-faithful-b21/det-pb-all-max1-relu-sw25-c8x16-seed1/epochs.jsonl,84873,ddd9eec12920a76b8be8f3190f131987b6ae8f744c13bf82e457cfe839354243
pai-faithful-b21,faithful_result,outputs/pai-faithful-b21/det-pb-all-max1-relu-sw25-c8x16-seed1/result.json,4121,ffb684743291658e6055d201c3d3809b231849675826cb7183705a4cd603b872
pai-faithful-b21,canonical_epoch_log,outputs/pai-faithful-b21/det-pb-all-max1-relu-sw25-c8x16-seed2/epochs.jsonl,75643,07583a84431e6dc9e251b61101f3e7eefc2d38e118470f9b7a9875d5643afff6
pai-faithful-b21,faithful_result,outputs/pai-faithful-b21/det-pb-all-max1-relu-sw25-c8x16-seed2/result.json,3851,c0c8e0d6409caded59bc0a3470fd3d525d3e4ffc7e996d82c7ac71312ed27a34
pai-faithful-b21,canonical_epoch_log,outputs/pai-faithful-b21/det-pb-all-max1-relu-sw25-c8x16-seed3/epochs.jsonl,107833,fc41daafd0e6d5645a190e35d2dffe56ae6042516744a8f372c567a63888bbe4
pai-faithful-b21,faithful_result,outputs/pai-faithful-b21/det-pb-all-max1-relu-sw25-c8x16-seed3/result.json,4461,a8befa4d85d93218cb3dbff567e85e748137c7619ebd359728f7104bdf4d92e5
pai-faithful-b21,canonical_epoch_log,outputs/pai-faithful-b21/det-pb-all-max1-relu-sw25-c8x16-seed4/epochs.jsonl,86323,e4d9bd471d8d68668cc40409f483ca42c8bb9f4c268f1df9c33f12ee1d38f1e8
pai-faithful-b21,faithful_result,outputs/pai-faithful-b21/det-pb-all-max1-relu-sw25-c8x16-seed4/result.json,4167,592e8110a02c01ec444a44f41d389792d08d5520a6bd6e6a6f528956084bfffc
pai-faithful-b21,canonical_epoch_log,outputs/pai-faithful-b21/f20-det-none-c8x16-seed0/epochs.jsonl,155479,71c6b57cab6fa4093ff9913f81a81c1b991082a55c13bfe6206f9254bf8c218b
pai-faithful-b21,faithful_result,outputs/pai-faithful-b21/f20-det-none-c8x16-seed0/result.json,4657,57c795be35f06bc066931ea0f3ac1b63ce5eabac6a43e750918e67e1aa244284
pai-faithful-b21,canonical_epoch_log,outputs/pai-faithful-b21/f20-det-none-c8x16-seed1/epochs.jsonl,155627,919a04c3d96894769e493b0371e100d87dd5b0d9e724aa6bb60b29ad5748ba70
pai-faithful-b21,faithful_result,outputs/pai-faithful-b21/f20-det-none-c8x16-seed1/result.json,4661,3c6a70ecc9932e73d569ecdeb538e712a70b1d431040fd097399cfc00d413070
pai-faithful-b21,canonical_epoch_log,outputs/pai-faithful-b21/f20-det-none-c8x16-seed2/epochs.jsonl,155669,9726c314052fda495c2ada2f8efc89e528cc4c16053471deba061b80149a6e69
pai-faithful-b21,faithful_result,outputs/pai-faithful-b21/f20-det-none-c8x16-seed2/result.json,4658,6d1d1711b488b9cec54b1334e76de46f5c768073d8ba156e2d6cc65d80c2475c
pai-faithful-b21,canonical_epoch_log,outputs/pai-faithful-b21/f20-det-none-c8x16-seed3/epochs.jsonl,155678,10ef150466136012afa0e31c7cd66e53f55b0fe145432b804d9ff0fcb80492c3
pai-faithful-b21,faithful_result,outputs/pai-faithful-b21/f20-det-none-c8x16-seed3/result.json,4663,e1007e243741f053463dbab0de9b76690d379f3d5e9561fb0fb4952795fb5d61
pai-faithful-b21,canonical_epoch_log,outputs/pai-faithful-b21/f20-det-none-c8x16-seed4/epochs.jsonl,155700,43c1b46830f96ae916e8c698f1b337f19e3409d75c4b47ee8ce0461666113186
pai-faithful-b21,faithful_result,outputs/pai-faithful-b21/f20-det-none-c8x16-seed4/result.json,4674,2f6ff59d29d691a14bc487055d8523ea5df7c8081eba3c5d1132e0c6e0726f06
pai-faithful-b21,canonical_epoch_log,outputs/pai-faithful-b21/f20-det-pb-all-max1-relu-sw25-c8x16-seed0/epochs.jsonl,64610,43ae9d82f2152a00a8c1ca0c106d08d0fd5ae8131c3e49be5f9f0f0a32214b38
pai-faithful-b21,faithful_result,outputs/pai-faithful-b21/f20-det-pb-all-max1-relu-sw25-c8x16-seed0/result.json,3848,4034fdb20e5fab393084d38547a71467f721f5fa4b17fe9be0cff3ee68d39ca1
pai-faithful-b21,canonical_epoch_log,outputs/pai-faithful-b21/f20-det-pb-all-max1-relu-sw25-c8x16-seed1/epochs.jsonl,48137,da8062fa15d106b3e8c66d0e174c74d5fb3b8f1022eb706ab4f9f44b876449ff
pai-faithful-b21,faithful_result,outputs/pai-faithful-b21/f20-det-pb-all-max1-relu-sw25-c8x16-seed1/result.json,3544,65f35de6beed721b08646d35b7ddcd2c11099fc73e02f5c8d66fb46fc38a2d16
pai-faithful-b21,canonical_epoch_log,outputs/pai-faithful-b21/f20-det-pb-all-max1-relu-sw25-c8x16-seed2/epochs.jsonl,74286,e691fbde31cdef64d9cdaea0ea663bf221bd1cbc1f66b097ab1f2548e8789675
pai-faithful-b21,faithful_result,outputs/pai-faithful-b21/f20-det-pb-all-max1-relu-sw25-c8x16-seed2/result.json,3857,a4b11fbb1f449de778d36623b9955c1c8f235f75b9fa1e272fbb02632107e080
pai-faithful-b21,canonical_epoch_log,outputs/pai-faithful-b21/f20-det-pb-all-max1-relu-sw25-c8x16-seed3/epochs.jsonl,62495,28cce4bb9fd603df55df0c24274fdf57c54ad64537e41168428a972f7f67af3c
pai-faithful-b21,faithful_result,outputs/pai-faithful-b21/f20-det-pb-all-max1-relu-sw25-c8x16-seed3/result.json,3835,463685e8086ecb58661d4e4771af9a60290f09482e086fbf32060a36c6e38a27
pai-faithful-b21,canonical_epoch_log,outputs/pai-faithful-b21/f20-det-pb-all-max1-relu-sw25-c8x16-seed4/epochs.jsonl,45346,861a92bef58ce063118276a0cc30b13d10a11284db12602cad9c684f158ac07a
pai-faithful-b21,faithful_result,outputs/pai-faithful-b21/f20-det-pb-all-max1-relu-sw25-c8x16-seed4/result.json,3555,8c30c78517444f44579f0d833cb84d6a6b754f40df0804a56a0f9dc129530cde
pai-faithful-b21,canonical_epoch_log,outputs/pai-faithful-b21/f20-gd-all-max1-tanh-sw25-c8x16-seed0/epochs.jsonl,61113,6bdc67d0d573b7ee60f8f58ad32524074bedaa6f0961655a95261ce5fb220fe2
pai-faithful-b21,faithful_result,outputs/pai-faithful-b21/f20-gd-all-max1-tanh-sw25-c8x16-seed0/result.json,3834,fd8c44dfa20808b8f165c2ee5bcd89d9f0ae12a518bc0af72219ee8f23eb2d3e
pai-faithful-b21,canonical_epoch_log,outputs/pai-faithful-b21/f20-gd-all-max1-tanh-sw25-c8x16-seed1/epochs.jsonl,62541,e810be26d8fc55cc365f19a63ee6436f8339e1a874e568f8afea69544ce6bf5d
pai-faithful-b21,faithful_result,outputs/pai-faithful-b21/f20-gd-all-max1-tanh-sw25-c8x16-seed1/result.json,3850,a952a27529d0257e8acf25545ca5270d192d94142d8db84cf9e00319732e208b
pai-faithful-b21,canonical_epoch_log,outputs/pai-faithful-b21/f20-gd-all-max1-tanh-sw25-c8x16-seed2/epochs.jsonl,73413,e6b929b8bbbf12dbb85187b313523699c39ca034ca3ad210347217c2f168d0e6
pai-faithful-b21,faithful_result,outputs/pai-faithful-b21/f20-gd-all-max1-tanh-sw25-c8x16-seed2/result.json,3849,a59ee11e91a8ac20827de7c188639cf2b925e5583436e35f1d7d1e08e21661fe
pai-faithful-b21,canonical_epoch_log,outputs/pai-faithful-b21/f20-gd-all-max1-tanh-sw25-c8x16-seed3/epochs.jsonl,61520,5bedb2f8c25ac8e11f8d25ff82a98910326a84502a12f0180d2f7c73b379d65a
pai-faithful-b21,faithful_result,outputs/pai-faithful-b21/f20-gd-all-max1-tanh-sw25-c8x16-seed3/result.json,3852,049ebf29a7eeb8d86121e3f02683c0989aea1245a52e2c948fc7ab9f099f7a33
pai-faithful-b21,canonical_epoch_log,outputs/pai-faithful-b21/f20-gd-all-max1-tanh-sw25-c8x16-seed4/epochs.jsonl,51605,c1e5709e3a43da26e6d1223a974f7cbe1a5d0726da852485b0af6c8b1e5036aa
pai-faithful-b21,faithful_result,outputs/pai-faithful-b21/f20-gd-all-max1-tanh-sw25-c8x16-seed4/result.json,3560,8a02aa050633d68808481bd38a8bab491ad08138b53a196826e9b1be479f8967
pai-faithful-b21,canonical_epoch_log,outputs/pai-faithful-b21/f20-none-c12x24-seed0/epochs.jsonl,162910,5116049786fdcecbbf47ba0c35776018296aa8102d5b7eea7d9a3488c4b53522
pai-faithful-b21,faithful_result,outputs/pai-faithful-b21/f20-none-c12x24-seed0/result.json,4652,853f00d93ff8d5d5aefabcab2272681db87e91f28adaff8c4721306668e99cd9
pai-faithful-b21,canonical_epoch_log,outputs/pai-faithful-b21/f20-none-c12x24-seed1/epochs.jsonl,162545,d95671db8b1d7c1eb204e5923886b067457498e69dcfd2a7b9c6a63f95054c23
pai-faithful-b21,faithful_result,outputs/pai-faithful-b21/f20-none-c12x24-seed1/result.json,4649,b5224595a9cb87ee0bd1241efbfbac49cebc4a467c605564436531a37550d6e0
pai-faithful-b21,canonical_epoch_log,outputs/pai-faithful-b21/f20-none-c12x24-seed2/epochs.jsonl,162619,ad3fcf728f04be176dfedc557c0050d5af415bd61eee0e14b26ecc9d9bfd5963
pai-faithful-b21,faithful_result,outputs/pai-faithful-b21/f20-none-c12x24-seed2/result.json,4647,8f84c8b003b233b310059c1c0e5b5090af3ae473dd3fd7b12072be28355cbe95
pai-faithful-b21,canonical_epoch_log,outputs/pai-faithful-b21/f20-none-c12x24-seed3/epochs.jsonl,163240,a008bc0a9f4e22bde6e1deb0d185b96f7c398cd1112af8cca658ccb1fa8277c6
pai-faithful-b21,faithful_result,outputs/pai-faithful-b21/f20-none-c12x24-seed3/result.json,4655,11edb37cac60a8db1639bfe6b0227e6bfc01b9bd17103dce23f9c63236316ddb
pai-faithful-b21,canonical_epoch_log,outputs/pai-faithful-b21/f20-none-c12x24-seed4/epochs.jsonl,162422,3007c33f33aedb7272c65b1a566b91938db8122e681d6531fd1ec62885408e72
pai-faithful-b21,faithful_result,outputs/pai-faithful-b21/f20-none-c12x24-seed4/result.json,4657,20d0b9678b449d43f80cad9cf006b23ad67e9be58382249b71221b7735683786
pai-faithful-b21,canonical_epoch_log,outputs/pai-faithful-b21/f20-none-c16x32-seed0/epochs.jsonl,162695,2a1a81a8e99cd1289372de6e97a356c809bf7078d34f3368221a8c147b37057d
pai-faithful-b21,faithful_result,outputs/pai-faithful-b21/f20-none-c16x32-seed0/result.json,4658,9804a105a50937b2611708462562bf1669814bbad575db252d732461eb2d9591
pai-faithful-b21,canonical_epoch_log,outputs/pai-faithful-b21/f20-none-c16x32-seed1/epochs.jsonl,161490,c0c84a29501e12bb9d5d7b271021e98dfafb3be7458137596a62cdd83ebdcd55
pai-faithful-b21,faithful_result,outputs/pai-faithful-b21/f20-none-c16x32-seed1/result.json,4660,49f00fd80f2db30dd4ae9d44902da20af965bc4c34542897406ba036f80d5f4e
pai-faithful-b21,canonical_epoch_log,outputs/pai-faithful-b21/f20-none-c16x32-seed2/epochs.jsonl,162469,68644b32b45b952518052869fa9e8cbb96eb0dd08925446fe9ac8a15c4824627
pai-faithful-b21,faithful_result,outputs/pai-faithful-b21/f20-none-c16x32-seed2/result.json,4659,e0f93974463dbc270cf84202f3a13eabf5ef4137796447b08d10cca854fd8294
pai-faithful-b21,canonical_epoch_log,outputs/pai-faithful-b21/f20-none-c16x32-seed3/epochs.jsonl,162002,fffe8bc86e5cf3fed06db08dec2556a1afefd76bdb7852546f9d11ea38750d8f
pai-faithful-b21,faithful_result,outputs/pai-faithful-b21/f20-none-c16x32-seed3/result.json,4657,508ebcf338381414d14b8a5e6f1e72e87416b6aa1e5a86e7702f84d9df313c5a
pai-faithful-b21,canonical_epoch_log,outputs/pai-faithful-b21/f20-none-c16x32-seed4/epochs.jsonl,162273,92dc98171cebb5ffccb7b4c18cd0d0fd8a0d2f57b6aae1de505c6f15565497d3
pai-faithful-b21,faithful_result,outputs/pai-faithful-b21/f20-none-c16x32-seed4/result.json,4653,01c2faaf04d2bf6e40671c9443156e56aad817239ab5416dbac65299142ad4ea
pai-faithful-b21,canonical_epoch_log,outputs/pai-faithful-b21/f20-none-c24x48-seed0/epochs.jsonl,161407,a31adc62b17a5a40dcfc266dc5ff4aa05b98e99f473c388d8fbb7b4c3cb743bf
pai-faithful-b21,faithful_result,outputs/pai-faithful-b21/f20-none-c24x48-seed0/result.json,4659,8e9c9913c81268ae9a1c160a5ee50dccc3f17fb26a8af3f1f54d2246b3e87856
pai-faithful-b21,canonical_epoch_log,outputs/pai-faithful-b21/f20-none-c24x48-seed1/epochs.jsonl,160268,ed6dc3cf8d1a860f6d3f521f789081e632cae76ea0eae2a66b24b2404e70df81
pai-faithful-b21,faithful_result,outputs/pai-faithful-b21/f20-none-c24x48-seed1/result.json,4659,b1bef016d44ccdbb06a378e96b7b9d52968905303ea6879ca492803762891a6c
pai-faithful-b21,canonical_epoch_log,outputs/pai-faithful-b21/f20-none-c24x48-seed2/epochs.jsonl,161659,5a1ca8cfe385c7e26389278a94f390916892d47be82fe92b631ee2b478e3dd29
pai-faithful-b21,faithful_result,outputs/pai-faithful-b21/f20-none-c24x48-seed2/result.json,4655,52f15fdf921698609f43666c4bd5f00441d6a2055f10246ef42884fc7beb2869
pai-faithful-b21,canonical_epoch_log,outputs/pai-faithful-b21/f20-none-c24x48-seed3/epochs.jsonl,159481,456b754ec7de55a0ddadff861104c34ddac868e3776d307c82dee587850de8a5
pai-faithful-b21,faithful_result,outputs/pai-faithful-b21/f20-none-c24x48-seed3/result.json,4644,70be67bb3d40cff482c3f09526d98c5f7eac4e256c3bbe3e3b53b5d13fe22b1b
pai-faithful-b21,canonical_epoch_log,outputs/pai-faithful-b21/f20-none-c24x48-seed4/epochs.jsonl,161444,8ef9a030b31d3aef371d469602df36401feab431fe34021bb2a90c3d8f0882ed
pai-faithful-b21,faithful_result,outputs/pai-faithful-b21/f20-none-c24x48-seed4/result.json,4658,35203d092c1f66e665c0b655b2d70d5715d71c4f4a42065294cf77cc52f654d3
pai-faithful-b21,canonical_epoch_log,outputs/pai-faithful-b21/f20-none-c4x8-seed0/epochs.jsonl,163031,36507bf33f1dc1cebd0ce758624cf0a1db4f058aa98ba155708f74de54531eae
pai-faithful-b21,faithful_result,outputs/pai-faithful-b21/f20-none-c4x8-seed0/result.json,4646,66c54487a88dc0ce475afe5e584f82274e904bbad4b2e2e8eeda9db9a6ce483b
pai-faithful-b21,canonical_epoch_log,outputs/pai-faithful-b21/f20-none-c4x8-seed1/epochs.jsonl,163112,f37ecf1b0f6a70327cd19a6ae094abfe9d63ffea08dedae6a31e59941fa28bb3
pai-faithful-b21,faithful_result,outputs/pai-faithful-b21/f20-none-c4x8-seed1/result.json,4650,2a2026b4851034973fb4d2504f34076c3e78e1c7c320e38f158ac4008f846c1d
pai-faithful-b21,canonical_epoch_log,outputs/pai-faithful-b21/f20-none-c4x8-seed2/epochs.jsonl,162162,8e33a391c758be0a5c32f41110a64d54d191578edcf0a7e144f130fa147f9952
pai-faithful-b21,faithful_result,outputs/pai-faithful-b21/f20-none-c4x8-seed2/result.json,4653,b3fe36888526fdbffb545f5c668a7aa360199945c23cb937bf015304ef879806
pai-faithful-b21,canonical_epoch_log,outputs/pai-faithful-b21/f20-none-c4x8-seed3/epochs.jsonl,162248,21c55b03b4cff0045e5815f386abcdf7acd71542e67dc6cfbb8d5dfcd0e18746
pai-faithful-b21,faithful_result,outputs/pai-faithful-b21/f20-none-c4x8-seed3/result.json,4649,318d6fc4b00498112d46bc4e511cee0d4fca564c6c8d206b6805fabb339b51f8
pai-faithful-b21,canonical_epoch_log,outputs/pai-faithful-b21/f20-none-c4x8-seed4/epochs.jsonl,162622,50ebcb3fa7d14bf10858957e7f1fd1d54752ea838c4147d0f443f1eda45cabe5
pai-faithful-b21,faithful_result,outputs/pai-faithful-b21/f20-none-c4x8-seed4/result.json,4654,96505317d871daa7d364c644e06d7e62885cec160eae645e8b44f6e3b38f8310
pai-faithful-b21,canonical_epoch_log,outputs/pai-faithful-b21/f20-none-c8x16-seed0/epochs.jsonl,161781,1ee942fbdea9613aa41516de37143821fb2e6494109988ba53f3ff911f3878f6
pai-faithful-b21,faithful_result,outputs/pai-faithful-b21/f20-none-c8x16-seed0/result.json,4655,9aa02ccdf004035427d9a83be8efcd4460ebbf763fb669a118a022398b883141
pai-faithful-b21,canonical_epoch_log,outputs/pai-faithful-b21/f20-none-c8x16-seed1/epochs.jsonl,162876,a6fa7a74804c9e51faa2bc25662db81f9e05f9c73e241b10a1746671aa6d2850
pai-faithful-b21,faithful_result,outputs/pai-faithful-b21/f20-none-c8x16-seed1/result.json,4655,150854ca69cd1653505025882b4af2e3909e75f77182749644b276ee245374ac
pai-faithful-b21,canonical_epoch_log,outputs/pai-faithful-b21/f20-none-c8x16-seed2/epochs.jsonl,163012,0a1f3a51f2c9432e4485794c600fc30b669accf057860d2f45c32ba4ac16d868
pai-faithful-b21,faithful_result,outputs/pai-faithful-b21/f20-none-c8x16-seed2/result.json,4655,825c8b916d123d66ccf35b96e54e979d89b81f32c8e97ae9c7823a7e408b5aa2
pai-faithful-b21,canonical_epoch_log,outputs/pai-faithful-b21/f20-none-c8x16-seed3/epochs.jsonl,162775,17c950ef3fb97969e75ab1c69bbe7fbd2e5d0983a7e2cd35d7d526edd0198d00
pai-faithful-b21,faithful_result,outputs/pai-faithful-b21/f20-none-c8x16-seed3/result.json,4653,98767a5bde86b0ca3abe895879a2e2210e4eb10b2b267dc9c4fd7e7aed9b7fa2
pai-faithful-b21,canonical_epoch_log,outputs/pai-faithful-b21/f20-none-c8x16-seed4/epochs.jsonl,163502,be8ff679fe9af4e3cf1ca378b69b4e1076b31996aa655726f2c40e02372ddf1f
pai-faithful-b21,faithful_result,outputs/pai-faithful-b21/f20-none-c8x16-seed4/result.json,4651,59374e9d34da912d9494d48b036c1c35ab636a4b90fdb8e2368f8350b0e3fd9c
pai-faithful-b21,canonical_epoch_log,outputs/pai-faithful-b21/f20-none-r25-c16x32-seed0/epochs.jsonl,155917,edfe2547596c8e2adc32278d3fc12df43b63af92ddeb5383f772cedf2fb7324d
pai-faithful-b21,faithful_result,outputs/pai-faithful-b21/f20-none-r25-c16x32-seed0/result.json,4883,6a8d897809618e3ac5ae5fa0c3dd48fa6661d8f631f2b12b78645b3cd2e249cd
pai-faithful-b21,canonical_epoch_log,outputs/pai-faithful-b21/f20-none-r25-c16x32-seed1/epochs.jsonl,155879,b5f6c6acd3fe0308aa33761d61e4c7b4f0cbddab7c7ed13d620f5e2560e22d54
pai-faithful-b21,faithful_result,outputs/pai-faithful-b21/f20-none-r25-c16x32-seed1/result.json,4883,a8aa8199ed95198600231bd0fd373029a072d4ee17b97077157da6eaa60b9fc5
pai-faithful-b21,canonical_epoch_log,outputs/pai-faithful-b21/f20-none-r25-c16x32-seed2/epochs.jsonl,155953,6cf787aae9667e81120369e51badc99290aad2995d734f5aceb48a05dd0df7ef
pai-faithful-b21,faithful_result,outputs/pai-faithful-b21/f20-none-r25-c16x32-seed2/result.json,4874,0d4f27c58c5074d3f3622f0d726eae6674b0f19188f16d1651a977904d6a1f4a
pai-faithful-b21,canonical_epoch_log,outputs/pai-faithful-b21/f20-none-r25-c16x32-seed3/epochs.jsonl,155939,86c41165b6d22c2b408f810041220654be48e272ac88880ca4268d63eeb46824
pai-faithful-b21,faithful_result,outputs/pai-faithful-b21/f20-none-r25-c16x32-seed3/result.json,4881,2b0234fca12693f9e4c1e781230fc25c24d049d14f021ef52fcade93b16720aa
pai-faithful-b21,canonical_epoch_log,outputs/pai-faithful-b21/f20-none-r25-c16x32-seed4/epochs.jsonl,155824,f9ecba0b9ba4b71b2d9b8e6640b48c25fe5cfd792a6d7ae5296b8235e4737a9a
pai-faithful-b21,faithful_result,outputs/pai-faithful-b21/f20-none-r25-c16x32-seed4/result.json,4891,8654addacfa70c35f77691175193b3e701206af7900c27807184e2fb4a8e27ed
pai-faithful-b21,canonical_epoch_log,outputs/pai-faithful-b21/f20-none-r25-c8x16-seed0/epochs.jsonl,155683,06ba7b30eb804bf8de2b7775d33e2c50fba2dfe8b0b345f1b6b5f5f7a8feb994
pai-faithful-b21,faithful_result,outputs/pai-faithful-b21/f20-none-r25-c8x16-seed0/result.json,4878,211357025e4a906cd08374fee2a9b38b265e2e1c92dce92f782c7e3f538fabec
pai-faithful-b21,canonical_epoch_log,outputs/pai-faithful-b21/f20-none-r25-c8x16-seed1/epochs.jsonl,155643,653b0635306edb620f7a9cfe9fbf0e28f458a8c1cb2957076e30e917a4580d53
pai-faithful-b21,faithful_result,outputs/pai-faithful-b21/f20-none-r25-c8x16-seed1/result.json,4880,40f3bc0caaac4a851f6b741355c559aa4420abeae75bdd83bafc78c3bfec6605
pai-faithful-b21,canonical_epoch_log,outputs/pai-faithful-b21/f20-none-r25-c8x16-seed2/epochs.jsonl,155875,0771f5d05ad265835365db2f7b1a0d0324b7011825be43d0002dfb33ca1f2103
pai-faithful-b21,faithful_result,outputs/pai-faithful-b21/f20-none-r25-c8x16-seed2/result.json,4873,48a7e8a3f9983b3360fe1e0142997057bb5fd143b10c25b7a8cadbe96cd91bd0
pai-faithful-b21,canonical_epoch_log,outputs/pai-faithful-b21/f20-none-r25-c8x16-seed3/epochs.jsonl,155792,48e1d0c112654c7f33b9571e04b23be12ca2a40aca02e574e5416814272ac5ea
pai-faithful-b21,faithful_result,outputs/pai-faithful-b21/f20-none-r25-c8x16-seed3/result.json,4873,d6c07dd1760c4c7788bd4fe047dfcbf13e00048672a90e998ff96f166c4363f0
pai-faithful-b21,canonical_epoch_log,outputs/pai-faithful-b21/f20-none-r25-c8x16-seed4/epochs.jsonl,155808,6b3488b9ed371890ebdf70e447536e5a460482e5d00a76638f4cf24c7e408b95
pai-faithful-b21,faithful_result,outputs/pai-faithful-b21/f20-none-r25-c8x16-seed4/result.json,4890,4aab923fbf2eb136285a25e83c52ee4f25704e24c2984f7c65b54686e83afad1
pai-faithful-b21,canonical_epoch_log,outputs/pai-faithful-b21/f20-pb-all-max1-relu-sw25-c8x16-seed0/epochs.jsonl,64688,ec100236a7056d26d6b213d3c04a4cbdda76b0d61488eb2ae1ff2b3e34ed461a
pai-faithful-b21,faithful_result,outputs/pai-faithful-b21/f20-pb-all-max1-relu-sw25-c8x16-seed0/result.json,3843,ecfe377e5523e01c5a1b24f4555b7a1fbde93cee2a63c68d02746d7373a47df4
pai-faithful-b21,canonical_epoch_log,outputs/pai-faithful-b21/f20-pb-all-max1-relu-sw25-c8x16-seed1/epochs.jsonl,71836,52d730381af25b4dd3a4b2c1fb54e67060c49e7aab0ff630acae67f665e55195
pai-faithful-b21,faithful_result,outputs/pai-faithful-b21/f20-pb-all-max1-relu-sw25-c8x16-seed1/result.json,3862,39477bb91f5e8bc7364a43c62a078460af0f1f7d6c923217e1f315719ed25857
pai-faithful-b21,canonical_epoch_log,outputs/pai-faithful-b21/f20-pb-all-max1-relu-sw25-c8x16-seed2/epochs.jsonl,69353,a1163bed8d58a91818154727d9c7047924a723cdcb88d9a6a580359f62b8ae1a
pai-faithful-b21,faithful_result,outputs/pai-faithful-b21/f20-pb-all-max1-relu-sw25-c8x16-seed2/result.json,3862,dcc4bf8580e9bde03dcf5121b0f87208b66ab4c3c3e2438dac4e2dcb255b2594
pai-faithful-b21,canonical_epoch_log,outputs/pai-faithful-b21/f20-pb-all-max1-relu-sw25-c8x16-seed3/epochs.jsonl,80674,e1811d6fcbd2d6c446532145a78d765fe1c4c946584ab9f88e2b27e28098668a
pai-faithful-b21,faithful_result,outputs/pai-faithful-b21/f20-pb-all-max1-relu-sw25-c8x16-seed3/result.json,4160,3512d56bc2c6053b468e3d2088bd176580879191288cd38e9160aff4a5557ba6
pai-faithful-b21,canonical_epoch_log,outputs/pai-faithful-b21/f20-pb-all-max1-relu-sw25-c8x16-seed4/epochs.jsonl,80758,34a5b6e0400b604c60494e970628e5d64a7023622b6b0fe994262392185095ed
pai-faithful-b21,faithful_result,outputs/pai-faithful-b21/f20-pb-all-max1-relu-sw25-c8x16-seed4/result.json,4171,134ed12a73ced185f16b0da886c5e2c658375c7894bcfab46aa305ec51bae9eb
pai-faithful-b21,canonical_epoch_log,outputs/pai-faithful-b21/f20-pb-all-max1-tanh-sw25-c4x8-seed0/epochs.jsonl,64805,65e0747a51a7ae34f75c00a4ebebd583dcf54fa355575439117933d28f2e0007
pai-faithful-b21,faithful_result,outputs/pai-faithful-b21/f20-pb-all-max1-tanh-sw25-c4x8-seed0/result.json,3855,997c49805f43ac37aa22677c72b61cdcdc0f08c32dd20c7111270f856ef608b3
pai-faithful-b21,canonical_epoch_log,outputs/pai-faithful-b21/f20-pb-all-max1-tanh-sw25-c4x8-seed1/epochs.jsonl,34052,15285bf647bc569f267ba37cb6ecf737bd66b8aab9921c1d682837d1650d3219
pai-faithful-b21,faithful_result,outputs/pai-faithful-b21/f20-pb-all-max1-tanh-sw25-c4x8-seed1/result.json,3530,aefc75f13b68299dfedfdd67100fd09c14255793c481cebe6d043c6435126d81
pai-faithful-b21,canonical_epoch_log,outputs/pai-faithful-b21/f20-pb-all-max1-tanh-sw25-c4x8-seed2/epochs.jsonl,83930,e2d3def6ae381128a267f7c108a06ddc658433c2f7573dd7ef9a650ecfb79d89
pai-faithful-b21,faithful_result,outputs/pai-faithful-b21/f20-pb-all-max1-tanh-sw25-c4x8-seed2/result.json,4161,9d703acfdf87c249ebcba1269279a0380753e3ad52b086b46108149498c26106
pai-faithful-b21,canonical_epoch_log,outputs/pai-faithful-b21/f20-pb-all-max1-tanh-sw25-c4x8-seed3/epochs.jsonl,78448,7240b510959ac4f9750bd8a833672e23bd1c39a06925b06bef8f186f5454a63d
pai-faithful-b21,faithful_result,outputs/pai-faithful-b21/f20-pb-all-max1-tanh-sw25-c4x8-seed3/result.json,4159,2a2f8086a6381c6230f153de42a07d1edcf671b3889c455e3820587a0fecb1b2
pai-faithful-b21,canonical_epoch_log,outputs/pai-faithful-b21/f20-pb-all-max1-tanh-sw25-c4x8-seed4/epochs.jsonl,47040,4254c4b6b6fbfb9f05a92e71d761d89a1d281465d59e32fd475b68c62749664b
pai-faithful-b21,faithful_result,outputs/pai-faithful-b21/f20-pb-all-max1-tanh-sw25-c4x8-seed4/result.json,3547,2a226c0fa6ac82c0eef7da1be7d76da3de8c2159669615dc0331583c75fe9120
pai-faithful-b21,canonical_epoch_log,outputs/pai-faithful-b21/f20-pb-all-max1-tanh-sw25-c8x16-seed0/epochs.jsonl,65211,f4b36e8d3bc0cbd3f041a57c13d478f37aeccde9c79c0bc71da2f8c1d2a5f6d2
pai-faithful-b21,faithful_result,outputs/pai-faithful-b21/f20-pb-all-max1-tanh-sw25-c8x16-seed0/result.json,3842,ece03cb124cd7d35b0983649589f61faaaa656758960ddd20e4087c0d5df9e15
pai-faithful-b21,canonical_epoch_log,outputs/pai-faithful-b21/f20-pb-all-max1-tanh-sw25-c8x16-seed1/epochs.jsonl,72118,a34a746e7371fc90a94e76252f3b47934f2aacee4988f239856d393790211421
pai-faithful-b21,faithful_result,outputs/pai-faithful-b21/f20-pb-all-max1-tanh-sw25-c8x16-seed1/result.json,3862,ed9f11674713a5d56b746a0c2d992702b4c9c487be54fa873f59853323521907
pai-faithful-b21,canonical_epoch_log,outputs/pai-faithful-b21/f20-pb-all-max1-tanh-sw25-c8x16-seed2/epochs.jsonl,69537,2e1311478848bd419cd6e2e01d2af09ac19b47b0d38caa86254d715cb5ad7afb
pai-faithful-b21,faithful_result,outputs/pai-faithful-b21/f20-pb-all-max1-tanh-sw25-c8x16-seed2/result.json,3861,ac48436473ee46f21f3189b869273c4e1cab34a7ee8b253405414c1bed4b71d4
pai-faithful-b21,canonical_epoch_log,outputs/pai-faithful-b21/f20-pb-all-max1-tanh-sw25-c8x16-seed3/epochs.jsonl,67198,45794d470a5967c075b7682220941777951d2fa8e972066266685da1145e9f4c
pai-faithful-b21,faithful_result,outputs/pai-faithful-b21/f20-pb-all-max1-tanh-sw25-c8x16-seed3/result.json,3860,be68b89c6482f8289a5c51a9d112dcc1efed9ee184ce951df7ce212d353c91a9
pai-faithful-b21,canonical_epoch_log,outputs/pai-faithful-b21/f20-pb-all-max1-tanh-sw25-c8x16-seed4/epochs.jsonl,69077,96af13ec353fc30cb3b036472242cc00b6db70852c89be2c23f6e47910cfd544
pai-faithful-b21,faithful_result,outputs/pai-faithful-b21/f20-pb-all-max1-tanh-sw25-c8x16-seed4/result.json,3871,02b538e2e629338eddc7f4c8298100416f2e9b6b3f2b146fab07b3d0c52d8d02
pai-faithful-b21,canonical_epoch_log,outputs/pai-faithful-b21/pb-all-max1-relu-sw25-c8x16-seed0/epochs.jsonl,84790,891f193829323cf6d944d3b24a541d0e01cefa0f3789212bbb164e79023730d2
pai-faithful-b21,faithful_result,outputs/pai-faithful-b21/pb-all-max1-relu-sw25-c8x16-seed0/result.json,4151,4038f75ca17b0bce91a0e768f03c0a5dd8c97e635925729572fd3e794ce7d91b
pai-faithful-b21,canonical_epoch_log,outputs/pai-faithful-b21/pb-all-max1-relu-sw25-c8x16-seed1/epochs.jsonl,100858,3ce47dc7ceab41eb1fa9bb73d7ec29a6845ce0779459c3d971c8994fe6d096e8
pai-faithful-b21,faithful_result,outputs/pai-faithful-b21/pb-all-max1-relu-sw25-c8x16-seed1/result.json,4160,f8ebbf93c8e991fc2310916949adce89655c5a99125ce5c35c6b40a8bbae70ef
pai-faithful-b21,canonical_epoch_log,outputs/pai-faithful-b21/pb-all-max1-relu-sw25-c8x16-seed2/epochs.jsonl,70731,23b7be8782f80f1418ec35a185fad5f16064f5edde8657bf89c82b6da679b84b
pai-faithful-b21,faithful_result,outputs/pai-faithful-b21/pb-all-max1-relu-sw25-c8x16-seed2/result.json,3848,e0cfafc4b109df12c7b07d1ec125bd21d58c43478b4aa248a747f16ac3e4aab9
pai-faithful-b21,canonical_epoch_log,outputs/pai-faithful-b21/pb-all-max1-relu-sw25-c8x16-seed3/epochs.jsonl,88478,70ba88981a366477e50ac895c2928a980fec4f34c29d5b96ee49e1ca8394caf3
pai-faithful-b21,faithful_result,outputs/pai-faithful-b21/pb-all-max1-relu-sw25-c8x16-seed3/result.json,4157,3c3ee2c1c4e5235c4e90c0b73edf8057298b41f4d96ec8a3366e2ff872b3d51f
pai-faithful-b21,canonical_epoch_log,outputs/pai-faithful-b21/pb-all-max1-relu-sw25-c8x16-seed4/epochs.jsonl,59904,39432ed3163d6bd2bc65a5ac81c286f916a5dafbdabbb8b10ffdfa789d874142
pai-faithful-b21,faithful_result,outputs/pai-faithful-b21/pb-all-max1-relu-sw25-c8x16-seed4/result.json,3842,8c5f8aa1e311e7cb1c4af69aed9f55a5828eb0b5ded0aa2b96ecd36970e18e0e
pai-faithful-b21-f10-aborted,canonical_epoch_log,outputs/pai-faithful-b21-f10-aborted/f10-gd-all-max1-tanh-sw25-c8x16-seed0/epochs.jsonl,44816,33a2f61ae7566443dee587da5c9f9477f4719abee4edfc7d95aa0f59b149b1a7
pai-faithful-b21-f10-aborted,canonical_epoch_log,outputs/pai-faithful-b21-f10-aborted/f10-none-c12x24-seed0/epochs.jsonl,162389,5a108ddb64ab1316d3749fbcc0252c8c4d0b98a5fbc6e57b7d00f4e037b281e7
pai-faithful-b21-f10-aborted,faithful_result,outputs/pai-faithful-b21-f10-aborted/f10-none-c12x24-seed0/result.json,4658,69a840c63a2298245978f75c08bd2dc04908485b1b30ecc90156c721751fc9fb
pai-faithful-b21-f10-aborted,canonical_epoch_log,outputs/pai-faithful-b21-f10-aborted/f10-none-c16x32-seed0/epochs.jsonl,162529,cdb9546353e22c753f7506c32fb1063a8bffe907728ca619990b8abfa8df33f3
pai-faithful-b21-f10-aborted,faithful_result,outputs/pai-faithful-b21-f10-aborted/f10-none-c16x32-seed0/result.json,4657,772a40d000dc7e4872a7a47afa88f3e5fd9ea191c4ef30c05290469d86056f56
pai-faithful-b21-f10-aborted,canonical_epoch_log,outputs/pai-faithful-b21-f10-aborted/f10-none-c24x48-seed0/epochs.jsonl,161380,1fba7d822ec307b04844f12933104f833b4113d6ff650708ee3a6985956cef44
pai-faithful-b21-f10-aborted,faithful_result,outputs/pai-faithful-b21-f10-aborted/f10-none-c24x48-seed0/result.json,4646,50e18f1816fa60a93c61e3bf935bdf6ba9856dfe6477a5cb9c4f4cb9836a0258
pai-faithful-b21-f10-aborted,canonical_epoch_log,outputs/pai-faithful-b21-f10-aborted/f10-none-c4x8-seed0/epochs.jsonl,162602,49e62b687b9ca7a1bcaba70c60e215d9303482027ec1ec3cb324260048f654e3
pai-faithful-b21-f10-aborted,faithful_result,outputs/pai-faithful-b21-f10-aborted/f10-none-c4x8-seed0/result.json,4653,883c5286079151d38f36e25463180ef1487b57c39f2ce615fa888d2e41397599
pai-faithful-b21-f10-aborted,canonical_epoch_log,outputs/pai-faithful-b21-f10-aborted/f10-none-c8x16-seed0/epochs.jsonl,162774,01fe7eb209bda0e9da575292156e376760524df00b4f9525aa5ddc9375974a81
pai-faithful-b21-f10-aborted,faithful_result,outputs/pai-faithful-b21-f10-aborted/f10-none-c8x16-seed0/result.json,4649,a32a0bc07924ea9c105e093578dab5693aca9d3a3e2eb2e45d9e1048cdcf0eed
pai-faithful-b21-f10-aborted,canonical_epoch_log,outputs/pai-faithful-b21-f10-aborted/f10-none-r25-c16x32-seed0/epochs.jsonl,156057,e456e0e7570b429778eb0e66d06279f1761a4290429e720d50b5cbe5ee975fa8
pai-faithful-b21-f10-aborted,faithful_result,outputs/pai-faithful-b21-f10-aborted/f10-none-r25-c16x32-seed0/result.json,4882,7898a831020460cea5af966dfb19f8fd37939fbe9f5e2be36239f66632108bd8
pai-faithful-b21-f10-aborted,canonical_epoch_log,outputs/pai-faithful-b21-f10-aborted/f10-none-r25-c8x16-seed0/epochs.jsonl,155922,87d3b4a4a0cc55206767d44b6d1f687c927c86e4bee791bc47b2f3f4294ed921
pai-faithful-b21-f10-aborted,faithful_result,outputs/pai-faithful-b21-f10-aborted/f10-none-r25-c8x16-seed0/result.json,4879,514908612c04af9f3070c84a1e7e2c49391f34dea38916bc72d62542d5e61d37
pai-faithful-b21-f10-aborted,canonical_epoch_log,outputs/pai-faithful-b21-f10-aborted/f10-pb-all-max1-relu-sw25-c8x16-seed0/epochs.jsonl,29707,70f677e499a7ce520dca6caab2e57507b17885a9ee3b56444e09afe15b366c05
pai-faithful-b21-f10-aborted,canonical_epoch_log,outputs/pai-faithful-b21-f10-aborted/f10-pb-all-max1-tanh-sw25-c4x8-seed0/epochs.jsonl,34359,46a46e95d96866607f21f0477b62195cb78ad180a1fd3d19582318d41e53d7e6
pai-faithful-b21-f10-aborted,canonical_epoch_log,outputs/pai-faithful-b21-f10-aborted/f10-pb-all-max1-tanh-sw25-c8x16-seed0/epochs.jsonl,31790,6f7e1b2d2f043e89245c0d459a3811329bab604a5b6b6a419c7b383d9a0037b4
pai-faithful-b21-interrupted-1940,canonical_epoch_log,outputs/pai-faithful-b21-interrupted-1940/det-pb-all-max1-relu-sw25-c8x16-seed0/epochs.jsonl,28101,2f0647396065e8a13af1a76c4be81dc4ebd1e2c0c33ba9a40ad514189538b992
pai-faithful-b21-interrupted-1940,canonical_epoch_log,outputs/pai-faithful-b21-interrupted-1940/f20-det-pb-all-max1-relu-sw25-c8x16-seed0/epochs.jsonl,38938,7da57fc7e11fd8431ee68fdee4f0c3321af9b1546b7e22f38e21ff4debd9d6cf
pai-faithful-b21-interrupted-1940,canonical_epoch_log,outputs/pai-faithful-b21-interrupted-1940/f20-none-c12x24-seed1/epochs.jsonl,20928,1efb1556b62e47b0f9d3e4ba4ace2e266303aa8afc356f642e7702a2a25fe229
pai-faithful-b21-interrupted-1940,canonical_epoch_log,outputs/pai-faithful-b21-interrupted-1940/f20-none-c4x8-seed1/epochs.jsonl,95139,878cd9ce93e78c53ecc4987c4574a22d9354ffc108ebade85c1223557f86f2fc
pai-faithful-b21-interrupted-1940,canonical_epoch_log,outputs/pai-faithful-b21-interrupted-1940/f20-none-c8x16-seed1/epochs.jsonl,47286,ece9aed16a02860e1dddecd501afd7c2fbcf3dc555f9c6dc2a6f89f04a8bda05
pai-faithful-b21-interrupted-1940,canonical_epoch_log,outputs/pai-faithful-b21-interrupted-1940/pb-all-max1-relu-sw25-c8x16-seed0/epochs.jsonl,8508,b9a54a016b29e41236c0f6221a5a2a70f14c94194b70e9056648a6de4d98f11a
pai-faithful-b22,canonical_epoch_log,outputs/pai-faithful-b22/none-c12x24-seed0/epochs.jsonl,162214,7289f7ec8fe2227c3391b2e6e4d78e40fb2fcd200a4b982a2c1702b6c5e4203b
pai-faithful-b22,faithful_result,outputs/pai-faithful-b22/none-c12x24-seed0/result.json,4659,157fcb51e0bffb328ef661375e771d85c787d1602d8ce06d1bdc8ce84bbdbec7
pai-faithful-b22,canonical_epoch_log,outputs/pai-faithful-b22/none-c12x24-seed1/epochs.jsonl,162693,0048d948693099b43f30aa850547debb7c3273d5e032345b1c432532439e13ef
pai-faithful-b22,faithful_result,outputs/pai-faithful-b22/none-c12x24-seed1/result.json,4656,50a61abba70589849a5d65478a4588dd99ff0cb22745cac3dfce571496cc2d98
pai-faithful-b22,canonical_epoch_log,outputs/pai-faithful-b22/none-c12x24-seed2/epochs.jsonl,161625,cc0dad6c7cd9f2ffd6e29d80a61da084ef68b03060663c3b23a8d7c50fd7a4a9
pai-faithful-b22,faithful_result,outputs/pai-faithful-b22/none-c12x24-seed2/result.json,4658,92f00d5df0fcd7fd567eda91d3ae2e4476315b94a43ff7781ea86841806891f2
pai-faithful-b22,canonical_epoch_log,outputs/pai-faithful-b22/none-c12x24-seed3/epochs.jsonl,162711,b7c96c3f5a82234a28b95cbee8bd40768d1461d0714ca1b657c361fb320345dc
pai-faithful-b22,faithful_result,outputs/pai-faithful-b22/none-c12x24-seed3/result.json,4657,77ee5a1dde93f15f5196a62e0054aa6e3534f77530eccafc213d7eab3aaf0866
pai-faithful-b22,canonical_epoch_log,outputs/pai-faithful-b22/none-c12x24-seed4/epochs.jsonl,162956,803ff026eeb1ee011f15de66b05879fb86d6359cb507b448d63a320cc7ecf629
pai-faithful-b22,faithful_result,outputs/pai-faithful-b22/none-c12x24-seed4/result.json,4644,3a7bfda142eca8550a9edd30db169c8dd8c09a9262fa4e5746ec2de26b670e65
pai-faithful-b22,canonical_epoch_log,outputs/pai-faithful-b22/none-c12x32x64-seed0/epochs.jsonl,162975,6c73f3929454f33580593117000e67b57a2440a2f5b66f26810f156715e6463b
pai-faithful-b22,faithful_result,outputs/pai-faithful-b22/none-c12x32x64-seed0/result.json,4811,074c5aaa31cbefcce8cb705ec06abedfbe43ec1f7fdce0198946b30f9046f5ba
pai-faithful-b22,canonical_epoch_log,outputs/pai-faithful-b22/none-c12x32x64-seed1/epochs.jsonl,163201,aa9d9e8c6c4a76a72141e5d858fb5bb5f19a339922597eb23ac8e9e420621107
pai-faithful-b22,faithful_result,outputs/pai-faithful-b22/none-c12x32x64-seed1/result.json,4816,ebf041c953d14a27f4e2894620645eeb762db3c00862c3d0f3e434ea915bb28c
pai-faithful-b22,canonical_epoch_log,outputs/pai-faithful-b22/none-c12x32x64-seed2/epochs.jsonl,163081,bd9d4618af714bac7fca92b77fa6642bdde7e8d40a04bb9c49b32d38a72df7d9
pai-faithful-b22,faithful_result,outputs/pai-faithful-b22/none-c12x32x64-seed2/result.json,4819,d18da238832c5a844d1ea2e83736f4d04151bcd775c5da510bbb20653702cda8
pai-faithful-b22,canonical_epoch_log,outputs/pai-faithful-b22/none-c12x32x64-seed3/epochs.jsonl,163542,c1d2ae8a04636f2d184b6c1163714a5dd612345d4f1826ea9828e92e8c585e4a
pai-faithful-b22,faithful_result,outputs/pai-faithful-b22/none-c12x32x64-seed3/result.json,4808,7c1fbb1fd9b426b57c85b2a0660c1cf2d8c68b4a4c03f239cdf1ccf4a8551e26
pai-faithful-b22,canonical_epoch_log,outputs/pai-faithful-b22/none-c12x32x64-seed4/epochs.jsonl,163695,935244ce2f33bcbc2432820560a4fbf5502938c923b976991bcbc855670dab83
pai-faithful-b22,faithful_result,outputs/pai-faithful-b22/none-c12x32x64-seed4/result.json,4817,2865daeaabf4fbc8f2c456bbc5685ddd6d207675cb3aa29d1c9d9fbbd4500b70
pai-faithful-b22,canonical_epoch_log,outputs/pai-faithful-b22/none-c16x32-seed0/epochs.jsonl,163063,1301b6e129a306396f32b20fc51db4c6836a6c404a8ba0f40b60e0b2359315fb
pai-faithful-b22,faithful_result,outputs/pai-faithful-b22/none-c16x32-seed0/result.json,4658,1ee6f6cfe37bf9ba4ae8e3b4a1dde7788017b9a79b932d4e468d49215046483c
pai-faithful-b22,canonical_epoch_log,outputs/pai-faithful-b22/none-c16x32-seed1/epochs.jsonl,162438,54dc76a22dcbecd4eed5a4ded2e21fbf8580ff6103a3a27b52205243616838f4
pai-faithful-b22,faithful_result,outputs/pai-faithful-b22/none-c16x32-seed1/result.json,4661,32b760eadf2aac9d05926c3c6a9053b74a204e6aa18840722dc40d5dd15dbc33
pai-faithful-b22,canonical_epoch_log,outputs/pai-faithful-b22/none-c16x32-seed2/epochs.jsonl,162428,066371ceaa1930a1b558667f37b49ffd0737e670d4e40d7219ce9a81a5886829
pai-faithful-b22,faithful_result,outputs/pai-faithful-b22/none-c16x32-seed2/result.json,4653,a775f2b7f78a9cd682ff519e0d6aaef5d0e8a896b17a4c07aa006a92c72ee29f
pai-faithful-b22,canonical_epoch_log,outputs/pai-faithful-b22/none-c16x32-seed3/epochs.jsonl,162354,eff89ac0a389bf05a7ada40fbaeaeef30c6c19d4037b0dc10c6e8b2b9abc2b8e
pai-faithful-b22,faithful_result,outputs/pai-faithful-b22/none-c16x32-seed3/result.json,4658,e0c111f2bad5a6118474794649483eee4a9d7797d2bc1e3383e343bb173d9246
pai-faithful-b22,canonical_epoch_log,outputs/pai-faithful-b22/none-c16x32-seed4/epochs.jsonl,162818,97059343a2adc2ff293ac1951b69b80070310e0badde8a04b68ce15ff106bb65
pai-faithful-b22,faithful_result,outputs/pai-faithful-b22/none-c16x32-seed4/result.json,4645,05c06288f7974f70899329f817c317e8a1e4aded567a835e920bf47382227fe2
pai-faithful-b22,canonical_epoch_log,outputs/pai-faithful-b22/none-c16x42x84-seed0/epochs.jsonl,162692,9ca0ee6e2deac891c6fc7a249a6b8d22945fb6db8e9e89580068e38b777ca7ee
pai-faithful-b22,faithful_result,outputs/pai-faithful-b22/none-c16x42x84-seed0/result.json,4813,2aaaa377e09dac7f90f236fafc25908ee6260157685d8c68da7ec312d0f74c80
pai-faithful-b22,canonical_epoch_log,outputs/pai-faithful-b22/none-c16x42x84-seed1/epochs.jsonl,162678,df13f13eab2849099934653ec0389d9c81ed00f4f786ee5f0d96b8dedbf0c354
pai-faithful-b22,faithful_result,outputs/pai-faithful-b22/none-c16x42x84-seed1/result.json,4819,b80cc53a3c20d9f5abd67f8bc544c99e65251ba1fd3d0a968d8004549a788620
pai-faithful-b22,canonical_epoch_log,outputs/pai-faithful-b22/none-c16x42x84-seed2/epochs.jsonl,163406,acf6c51bfd6a710ade819448afd20ad5be89f83cb3fe64be1aa209a370650118
pai-faithful-b22,faithful_result,outputs/pai-faithful-b22/none-c16x42x84-seed2/result.json,4808,0c1249c2958f526f0cc0164e315929384e6775c3603db5e2c53fe9ea2b329b18
pai-faithful-b22,canonical_epoch_log,outputs/pai-faithful-b22/none-c16x42x84-seed3/epochs.jsonl,162857,88d7b42e3217a86e754d8281213ecfe307800491bcd83b54abb3f3b1ca633be0
pai-faithful-b22,faithful_result,outputs/pai-faithful-b22/none-c16x42x84-seed3/result.json,4819,383007d2bfc383810e2ecf622aea8e7cea9e0a39dee6a17d8820d81b6c122efb
pai-faithful-b22,canonical_epoch_log,outputs/pai-faithful-b22/none-c16x42x84-seed4/epochs.jsonl,162718,ea319a7d9bf314fd8386947617088715bdde211ac474e010b7fb85e554d9d752
pai-faithful-b22,faithful_result,outputs/pai-faithful-b22/none-c16x42x84-seed4/result.json,4805,74e1ce908a8931d1f9aa092650aa148fe275730f1e3acd57cfc944a70dd8ef8c
pai-faithful-b22,canonical_epoch_log,outputs/pai-faithful-b22/none-c20x40-seed0/epochs.jsonl,161377,e02f5772535e9ebea4a591b87bf36b70f1f36e9cab08704f000be7f5fb49b366
pai-faithful-b22,faithful_result,outputs/pai-faithful-b22/none-c20x40-seed0/result.json,4656,f77e10f07946c31909ab525ebbdc7ec11dd30fb4eaa277cc9af1317eaa218f21
pai-faithful-b22,canonical_epoch_log,outputs/pai-faithful-b22/none-c20x40-seed1/epochs.jsonl,162808,ac5d9007bca4ef0054b14bc30b5d47c2a449aab78cfd55f83c8ded0b5aff2e3b
pai-faithful-b22,faithful_result,outputs/pai-faithful-b22/none-c20x40-seed1/result.json,4658,4c9aba52b24c4cc023e642bed19195125c221fc4ee37a6ca038734906460f7d6
pai-faithful-b22,canonical_epoch_log,outputs/pai-faithful-b22/none-c20x40-seed2/epochs.jsonl,161667,a42f45da42de7aab1889b24c74236abd9cb34dcf39ac38440c630af9d10d92a2
pai-faithful-b22,faithful_result,outputs/pai-faithful-b22/none-c20x40-seed2/result.json,4659,d80c361efdc04db45c34ac65c3ec92c574f9024f15c0f2890085f272e1d3519e
pai-faithful-b22,canonical_epoch_log,outputs/pai-faithful-b22/none-c20x40-seed3/epochs.jsonl,162415,90f99f41a711bf31fe2335c2e593f31fb2463152d3bdbbf1e6a653fa600e2dac
pai-faithful-b22,faithful_result,outputs/pai-faithful-b22/none-c20x40-seed3/result.json,4660,f3be0a5663c7ae209d75db69a5b7849276bc02ffd1fcc452a21459e47aa6e1e2
pai-faithful-b22,canonical_epoch_log,outputs/pai-faithful-b22/none-c20x40-seed4/epochs.jsonl,163173,45cad2096fd04f60d5aa5f7e4fb0dfad5eee24cb5be82bfd37a9f2d77ec51bab
pai-faithful-b22,faithful_result,outputs/pai-faithful-b22/none-c20x40-seed4/result.json,4685,77fed8855ed0001c57661529c6fcdc199bca7e2f8c810cac7f9a92d32a768674
pai-faithful-b22,canonical_epoch_log,outputs/pai-faithful-b22/none-c24x48-seed0/epochs.jsonl,161715,70d8f30faec04fe2b693d4c7032966a513f69ecf1a2491d4c8533b228759314d
pai-faithful-b22,faithful_result,outputs/pai-faithful-b22/none-c24x48-seed0/result.json,4645,2bd43902da10e9622cb48b00f389b776077f4d3d2a560aad71125bfa83dc9dba
pai-faithful-b22,canonical_epoch_log,outputs/pai-faithful-b22/none-c24x48-seed1/epochs.jsonl,161896,b171f822b8d68d084d63226452e59731570ae1802b79f053d57cf778cf027d9a
pai-faithful-b22,faithful_result,outputs/pai-faithful-b22/none-c24x48-seed1/result.json,4661,c170c31f9f3398c0e4dc3f46a8109555763edb775266e11f6fc4dbf133736375
pai-faithful-b22,canonical_epoch_log,outputs/pai-faithful-b22/none-c24x48-seed2/epochs.jsonl,159597,b7fe09075c218b705c2ee5656ee1cbbe7e1d49789cdd3dfe3eb948a77d6023fa
pai-faithful-b22,faithful_result,outputs/pai-faithful-b22/none-c24x48-seed2/result.json,4659,437da10a3cdafac686b7c6bde4f0a887799fa88051caf8f9397ce3ab9df1d324
pai-faithful-b22,canonical_epoch_log,outputs/pai-faithful-b22/none-c24x48-seed3/epochs.jsonl,162773,9a3ce2a693f00c1872403d6bb03997195064cbd489135203cb9c916046c3f0f8
pai-faithful-b22,faithful_result,outputs/pai-faithful-b22/none-c24x48-seed3/result.json,4657,2e8450d10e9b2fb8d86c2e4eb7ff628ed49c767a4b5fff773d2153a4b1babdc6
pai-faithful-b22,canonical_epoch_log,outputs/pai-faithful-b22/none-c24x48-seed4/epochs.jsonl,162051,6bd5d9332a01a599f595f685005130263c3ffb2db503096488b1c76031a0f7e7
pai-faithful-b22,faithful_result,outputs/pai-faithful-b22/none-c24x48-seed4/result.json,4694,19782da2b384b66b237424d77723b42e8804db411b10f339e8818b91fbbd3bce
pai-faithful-b22,canonical_epoch_log,outputs/pai-faithful-b22/pb-all-max1-sigmoid-sw25-c8x16-seed0/epochs.jsonl,69981,12776c7955f0a3b72590fa25780774d935e6806e8fdc9f99f940b97adcf9c2de
pai-faithful-b22,faithful_result,outputs/pai-faithful-b22/pb-all-max1-sigmoid-sw25-c8x16-seed0/result.json,3870,78f73a2a0b31cadfe1cbd7b7a59794e12c97679d9f5b7e6556c2c644e1b75875
pai-faithful-b22,canonical_epoch_log,outputs/pai-faithful-b22/pb-all-max1-sigmoid-sw25-c8x16-seed1/epochs.jsonl,42477,05f87ef72540c680bdf68f4ba3904af6abd20a85f9cf61345d09509b5bdf834e
pai-faithful-b22,faithful_result,outputs/pai-faithful-b22/pb-all-max1-sigmoid-sw25-c8x16-seed1/result.json,3548,83d9d305d19884d2f4f6e3871e213bdf6de51360e1887a45c1f39053ccfa00b1
pai-faithful-b22,canonical_epoch_log,outputs/pai-faithful-b22/pb-all-max1-sigmoid-sw25-c8x16-seed2/epochs.jsonl,64291,54e16b0768a5d557583177c22f0b35b398c96409cf330d849f11288dde0b8841
pai-faithful-b22,faithful_result,outputs/pai-faithful-b22/pb-all-max1-sigmoid-sw25-c8x16-seed2/result.json,3870,e96f170abc1304f04e8376b09e2a9949d6b069ae04dd6f15e23cf719d81105ee
pai-faithful-b22,canonical_epoch_log,outputs/pai-faithful-b22/pb-all-max1-sigmoid-sw25-c8x16-seed3/epochs.jsonl,79237,c75a7e21c253fc56387564dfb1a2a7a7c4c24890e1dcbd60e2a9a5805b9e3073
pai-faithful-b22,faithful_result,outputs/pai-faithful-b22/pb-all-max1-sigmoid-sw25-c8x16-seed3/result.json,4169,07bb5ef2e2dac5c668431a74dd88f6e370031f562f29e285145e58a22bda0672
pai-faithful-b22,canonical_epoch_log,outputs/pai-faithful-b22/pb-all-max1-sigmoid-sw25-c8x16-seed4/epochs.jsonl,64134,8af16f74de23f0a4aa0d26de1934d232c1ec26cae165adb43953478c03cf7855
pai-faithful-b22,faithful_result,outputs/pai-faithful-b22/pb-all-max1-sigmoid-sw25-c8x16-seed4/result.json,3866,ecf34e3e96db12cc25bf8a690f099e2c8e1a105074f00b5af8d46503adb7e401
pai-faithful-b22,canonical_epoch_log,outputs/pai-faithful-b22/pb-all-max1-tanh-sw25-c12x24-seed0/epochs.jsonl,106687,06b23ce80c90bf74fbdc68883604c1519616b5697d00f1af2d67a020d25cdf56
pai-faithful-b22,faithful_result,outputs/pai-faithful-b22/pb-all-max1-tanh-sw25-c12x24-seed0/result.json,4464,0553f7576ea0ea8d50187260d88f362fd77a714a1a69eeb57dfb221e211507e7
pai-faithful-b22,canonical_epoch_log,outputs/pai-faithful-b22/pb-all-max1-tanh-sw25-c12x24-seed1/epochs.jsonl,95652,31d0a335635fe9914fb211f07f8dcf0cace23ec5941dba64b71dbefa8f76b95f
pai-faithful-b22,faithful_result,outputs/pai-faithful-b22/pb-all-max1-tanh-sw25-c12x24-seed1/result.json,4164,c9b4a744fdb451f99f0af5242fe830122435ebb8455cb6e66dc7d220973786eb
pai-faithful-b22,canonical_epoch_log,outputs/pai-faithful-b22/pb-all-max1-tanh-sw25-c12x24-seed2/epochs.jsonl,53186,102ce9dd654c21048b0762f60871793bf55c5b256b266b9172bd0f21a1445430
pai-faithful-b22,faithful_result,outputs/pai-faithful-b22/pb-all-max1-tanh-sw25-c12x24-seed2/result.json,3842,5f2985d6865fccbc60156ec445a66ea8324e1ce8178a26973acefb37f6cee71d
pai-faithful-b22,canonical_epoch_log,outputs/pai-faithful-b22/pb-all-max1-tanh-sw25-c12x24-seed3/epochs.jsonl,73164,db5acd798e5b66fb202141ed5501256a47c122ecf615c082027aa47ec9eaa631
pai-faithful-b22,faithful_result,outputs/pai-faithful-b22/pb-all-max1-tanh-sw25-c12x24-seed3/result.json,3864,067d6ba7aee9c9380e28331b8b69d272102b062a84d0a5f97856a6aa999bae2f
pai-faithful-b22,canonical_epoch_log,outputs/pai-faithful-b22/pb-all-max1-tanh-sw25-c12x24-seed4/epochs.jsonl,91747,307cc203fe797abcdf810cb04c7f7cc1e85ae043a5925e7c883d55986718ff59
pai-faithful-b22,faithful_result,outputs/pai-faithful-b22/pb-all-max1-tanh-sw25-c12x24-seed4/result.json,4149,1b62444cdcd762dabf79aad05201e7f1da4019dbff1f82d7e0749f6c04c1d044
pai-faithful-b22,canonical_epoch_log,outputs/pai-faithful-b22/pb-all-max1-tanh-sw25-c8x16-seed0/epochs.jsonl,87579,85f248b8f82a9279ea62aa6fd108a5d251d516f455cbfb9c188456614ea9e952
pai-faithful-b22,faithful_result,outputs/pai-faithful-b22/pb-all-max1-tanh-sw25-c8x16-seed0/result.json,4161,171f9c0c306de40b2b3122f36ac0c050593d9b0647a440969db4ee31b596c701
pai-faithful-b22,canonical_epoch_log,outputs/pai-faithful-b22/pb-all-max1-tanh-sw25-c8x16-seed1/epochs.jsonl,43777,541a1344fb0783de5eb4592935425a79a269527efd5264b1476d36402f958170
pai-faithful-b22,faithful_result,outputs/pai-faithful-b22/pb-all-max1-tanh-sw25-c8x16-seed1/result.json,3540,a4e26b1ade4946148c3ae0a67b847b2458603a41f778b3e53ab4f8925994c5db
pai-faithful-b22,canonical_epoch_log,outputs/pai-faithful-b22/pb-all-max1-tanh-sw25-c8x16-seed2/epochs.jsonl,68982,f71d41fb7921c5f8c8d6b0f38c2ecc8f9432df93b441f0b4ca69e0fabd04e2cf
pai-faithful-b22,faithful_result,outputs/pai-faithful-b22/pb-all-max1-tanh-sw25-c8x16-seed2/result.json,3846,51d29573f96440a0521d389be9be04b1ad22e9f9f325fffc5e597e1b3dabf94d
pai-faithful-b22,canonical_epoch_log,outputs/pai-faithful-b22/pb-all-max1-tanh-sw25-c8x16-seed3/epochs.jsonl,66994,bcee4bff01c3ecc092a2dd5c35437dfe5310b10e7c8dc86813e7db9cdcf863f5
pai-faithful-b22,faithful_result,outputs/pai-faithful-b22/pb-all-max1-tanh-sw25-c8x16-seed3/result.json,3863,9323182896a5258effeb66921d49308ce0c3fabc2b0d697abe8294a7021d34b6
pai-faithful-b22,canonical_epoch_log,outputs/pai-faithful-b22/pb-all-max1-tanh-sw25-c8x16-seed4/epochs.jsonl,56603,5dabbc856c4f31c3869c159e4033b91a40524ea225856369b0ad905b3687d43e
pai-faithful-b22,faithful_result,outputs/pai-faithful-b22/pb-all-max1-tanh-sw25-c8x16-seed4/result.json,3859,9435ad75d66e1f1b07afc11016e389e483b97a118e2d9092c653f3bbb4e22f36
pai-faithful-b22-interrupted-1038,canonical_epoch_log,outputs/pai-faithful-b22-interrupted-1038/none-c12x32x64-seed1/epochs.jsonl,53542,1d969a96ccdda719d35fe61d9eaf15d584f1d64c05c55b774f8c17b46ab20725
pai-faithful-b22-interrupted-1038,canonical_epoch_log,outputs/pai-faithful-b22-interrupted-1038/none-c16x32-seed0/epochs.jsonl,160061,b1c7606471944c066bc8ef843de53b416ccb466771cdf7243e238ba3f954904b
pai-faithful-b22-interrupted-1038,canonical_epoch_log,outputs/pai-faithful-b22-interrupted-1038/none-c16x42x84-seed0/epochs.jsonl,135180,0f7b3478e69c029376cc98f97df2afbc917f564f57fd603baaa8e56b06079f68
pai-faithful-b22-interrupted-1038,canonical_epoch_log,outputs/pai-faithful-b22-interrupted-1038/none-c16x42x84-seed1/epochs.jsonl,24856,b13b4f7c03ca587123779647119ce574e3ae4873627703f2899393430d17b57f
pai-faithful-b22-interrupted-1038,canonical_epoch_log,outputs/pai-faithful-b22-interrupted-1038/none-c20x40-seed0/epochs.jsonl,123374,29843341d75dece5862891b82a54b66d34335f1ac18f458570e42a206d4019b9
pai-faithful-b22-interrupted-1038,canonical_epoch_log,outputs/pai-faithful-b22-interrupted-1038/none-c24x48-seed0/epochs.jsonl,100626,cb8b0a2a37378503cbbca38201689176d03e5a79ccd987ea235a0ead94c3dda6
pai-faithful-b22-interrupted-1038,canonical_epoch_log,outputs/pai-faithful-b22-interrupted-1038/pb-all-max1-tanh-sw25-c12x24-seed1/epochs.jsonl,69560,afd4e8c4fd7a517e9e5b7a21511b9ac33993c474acf317365d7aebcacb7fa0c2
pai-faithful-b23,canonical_epoch_log,outputs/pai-faithful-b23/none-c12x24x48-seed0/epochs.jsonl,163097,59a0f292cce211eba2314e8500c5cb6281f1bdb4a50930855886c1cfa420bd5f
pai-faithful-b23,faithful_result,outputs/pai-faithful-b23/none-c12x24x48-seed0/result.json,4802,a0cacd7446472d9a4767926db04920fd952957ce5777fb17330f66f84a283b4b
pai-faithful-b23,canonical_epoch_log,outputs/pai-faithful-b23/none-c12x24x48-seed1/epochs.jsonl,163162,a1da9f7cc704a17ff9a198cfe9ab1772cfcef4a513d85d367c0105fbef2d59fe
pai-faithful-b23,faithful_result,outputs/pai-faithful-b23/none-c12x24x48-seed1/result.json,4818,ccdfa82fcb08ff22c517241d66529e26741c6d3cddc404fc7e48265571321109
pai-faithful-b23,canonical_epoch_log,outputs/pai-faithful-b23/none-c12x24x48-seed2/epochs.jsonl,163126,be873a8ad5b1d3434410c1e9f4f470e50dafd8e8d4fe8b999a48e2a579912c29
pai-faithful-b23,faithful_result,outputs/pai-faithful-b23/none-c12x24x48-seed2/result.json,4817,474a73c4410e50ba2ca84e98aaec94fde49f6a1c8ad9b44ee6330ad733a4257f
pai-faithful-b23,canonical_epoch_log,outputs/pai-faithful-b23/none-c12x24x48-seed3/epochs.jsonl,161704,fb692a8c030db1166da3da816a85135822edf9ad399ce73236c80341028acce7
pai-faithful-b23,faithful_result,outputs/pai-faithful-b23/none-c12x24x48-seed3/result.json,4817,65bfb1d1393f49bedb2336e4f31c3df191f4753b7c01e1472c9ff1b6b04241c4
pai-faithful-b23,canonical_epoch_log,outputs/pai-faithful-b23/none-c12x24x48-seed4/epochs.jsonl,162603,0025a035535680292535a11e30b80fe22a841ef8b9e727217bb68992c4c231ae
pai-faithful-b23,faithful_result,outputs/pai-faithful-b23/none-c12x24x48-seed4/result.json,4849,74fa3ef040597c174cf56b3eba99a3c04630aff0c119f457b862a7edc45fb3b0
pai-faithful-b23,canonical_epoch_log,outputs/pai-faithful-b23/none-c6x12x24-seed0/epochs.jsonl,162888,47c1a6b5fb7b2777739433490c59f21a0dca1e1baf54f6ccfcf82f5923f29e4c
pai-faithful-b23,faithful_result,outputs/pai-faithful-b23/none-c6x12x24-seed0/result.json,4813,222946698b21db431ef627c1006f0c078a0b846c8add38d402fdb6f1c8681030
pai-faithful-b23,canonical_epoch_log,outputs/pai-faithful-b23/none-c6x12x24-seed1/epochs.jsonl,163148,70276c46ae0f83ec8cd2bccf3342c34f8de82269d61b26ddac96b36649c84b13
pai-faithful-b23,faithful_result,outputs/pai-faithful-b23/none-c6x12x24-seed1/result.json,4796,022257b40e7eaa8c6cae14706e357a94024b8eb3eb273a1db4b2f0454e0dea05
pai-faithful-b23,canonical_epoch_log,outputs/pai-faithful-b23/none-c6x12x24-seed2/epochs.jsonl,162935,869754ecdc656dbebdaa452c677e9cbfb824ad46231cab77ea082b60fcef5b65
pai-faithful-b23,faithful_result,outputs/pai-faithful-b23/none-c6x12x24-seed2/result.json,4816,bc27b5e46213c46f878ba8613bdb5677559044309058b9ddd9a285c477180b72
pai-faithful-b23,canonical_epoch_log,outputs/pai-faithful-b23/none-c6x12x24-seed3/epochs.jsonl,163447,6f9e3c4cd33193ac24df6cc73dc12182a4f8b635b3249dc63bf561598e2bcc37
pai-faithful-b23,faithful_result,outputs/pai-faithful-b23/none-c6x12x24-seed3/result.json,4810,1c1328efac37e4e8b8c83138d6e2350cf940b89e61a05a94b55df59d22ceb448
pai-faithful-b23,canonical_epoch_log,outputs/pai-faithful-b23/none-c6x12x24-seed4/epochs.jsonl,163573,2df5e66db1687cdd29a01270e24b85f17f0d3b9ba1cf7010ed62c63fc42b5fce
pai-faithful-b23,faithful_result,outputs/pai-faithful-b23/none-c6x12x24-seed4/result.json,4813,49519cf6f5e96f4c6108dca1bedbf2469cf19480651f58c6c5992f76993496a1
pai-faithful-b23,canonical_epoch_log,outputs/pai-faithful-b23/none-c8x20x40-seed0/epochs.jsonl,162811,7c265ed6b51585ccdd25e131d10dcc21bb082b3b58e860e8911174cb4b4e7d51
pai-faithful-b23,faithful_result,outputs/pai-faithful-b23/none-c8x20x40-seed0/result.json,4815,faf1176fac7a417a021972e945dbafedc9d3cfebc9c3020d2f4db8407b62b5e7
pai-faithful-b23,canonical_epoch_log,outputs/pai-faithful-b23/none-c8x20x40-seed1/epochs.jsonl,162689,c5e8e33ac83857a50971061395fec4b906734bd2827b0a5be5314b2f3192679e
pai-faithful-b23,faithful_result,outputs/pai-faithful-b23/none-c8x20x40-seed1/result.json,4802,f275fa0d0fa1ebd209111a91ec5fb6c9a77c6997a92ae583a64b3d0e7a9ff1f6
pai-faithful-b23,canonical_epoch_log,outputs/pai-faithful-b23/none-c8x20x40-seed2/epochs.jsonl,162677,d22c98bf5adfb3cc86cf7bd49a2179d74731284319e1084d47873ddc5768a8eb
pai-faithful-b23,faithful_result,outputs/pai-faithful-b23/none-c8x20x40-seed2/result.json,4797,1a816a743a333a2dee041d70f5eabac1c9f7df4a87860c922cc6eac17ed0f3b3
pai-faithful-b23,canonical_epoch_log,outputs/pai-faithful-b23/none-c8x20x40-seed3/epochs.jsonl,162842,6198cc3abbccaa7392862c12b47ca7e1857507873c4398d0d34509142fcca013
pai-faithful-b23,faithful_result,outputs/pai-faithful-b23/none-c8x20x40-seed3/result.json,4816,7b07ba1ce5659c81175357783ccde0a450b4834b49522eefbaf022a47bef3295
pai-faithful-b23,canonical_epoch_log,outputs/pai-faithful-b23/none-c8x20x40-seed4/epochs.jsonl,162548,7f8634d8728f4aa05c108da6c83b0a0e363691fd145a38c03941cb1c38dea556
pai-faithful-b23,faithful_result,outputs/pai-faithful-b23/none-c8x20x40-seed4/result.json,4815,fd6a0e34a2b2f19d015be97b96b8c3f355c98db114d0b5b6b1f0c1ec10a11df5
pai-faithful-b23,canonical_epoch_log,outputs/pai-faithful-b23/pb-all-max1-tanh-sw25-c6x12x24-seed0/epochs.jsonl,87528,42598ded3fdebed556d46a0e7b6ecdd11516f15070c5091065a72409b86f1214
pai-faithful-b23,faithful_result,outputs/pai-faithful-b23/pb-all-max1-tanh-sw25-c6x12x24-seed0/result.json,4320,f53dd12c5c293f5af628ca6a6b2dc377aa0bc9c6acb877e17868974e4d260764
pai-faithful-b23,canonical_epoch_log,outputs/pai-faithful-b23/pb-all-max1-tanh-sw25-c6x12x24-seed1/epochs.jsonl,81618,6a06d8b32518607da73564815531950780cf14ef673ea125b9037e55331cba3c
pai-faithful-b23,faithful_result,outputs/pai-faithful-b23/pb-all-max1-tanh-sw25-c6x12x24-seed1/result.json,4308,25ab28fd07b200d3b25ef858e7afbfe4b17e5f3bcc73f571493dc78ba3267442
pai-faithful-b23,canonical_epoch_log,outputs/pai-faithful-b23/pb-all-max1-tanh-sw25-c6x12x24-seed2/epochs.jsonl,69913,aa47738dcf5cb4a52570fd67aed731cce36fc38212b5c9082c66842a074e110e
pai-faithful-b23,faithful_result,outputs/pai-faithful-b23/pb-all-max1-tanh-sw25-c6x12x24-seed2/result.json,4017,459495bcd246eec0200f5590beb35702ea6d9ea3d8319270f3eacb91457a2435
pai-faithful-b23,canonical_epoch_log,outputs/pai-faithful-b23/pb-all-max1-tanh-sw25-c6x12x24-seed3/epochs.jsonl,68618,d39277a12d6379ebcf03860e957ed91e6eb2319657827c3cdf9b9d191409ed2a
pai-faithful-b23,faithful_result,outputs/pai-faithful-b23/pb-all-max1-tanh-sw25-c6x12x24-seed3/result.json,4018,a35433970e3ca129c020319d887d35de2462b765bab0305484c5ba0e1798e317
pai-faithful-b23,canonical_epoch_log,outputs/pai-faithful-b23/pb-all-max1-tanh-sw25-c6x12x24-seed4/epochs.jsonl,80395,9b7c694018d0b2202eff5c5ae69dd4d6650c41311f977233d4aa38374663233a
pai-faithful-b23,faithful_result,outputs/pai-faithful-b23/pb-all-max1-tanh-sw25-c6x12x24-seed4/result.json,4317,1bf40c85829fe08f03fc743f303e0462118ad606f6d1fc5353efb4a99ba6ccc4
pai-faithful-b23,canonical_epoch_log,outputs/pai-faithful-b23/pb-all-max1-tanh-sw25-c8x20x40-seed0/epochs.jsonl,85537,46bd8212ac2691325d04791f9220e63619c2fe7256cb9d9f3c5e19d042297cf2
pai-faithful-b23,faithful_result,outputs/pai-faithful-b23/pb-all-max1-tanh-sw25-c8x20x40-seed0/result.json,4318,d54dbda8911a83a5c973f8e5b40d9b11ce16e9ceb21890e8b9f1aa207379c37b
pai-faithful-b23,canonical_epoch_log,outputs/pai-faithful-b23/pb-all-max1-tanh-sw25-c8x20x40-seed1/epochs.jsonl,69486,20ae4c3e5bc818ba93a12b6b64c596e611fc30ffad17aac79074250f81e3e4a3
pai-faithful-b23,faithful_result,outputs/pai-faithful-b23/pb-all-max1-tanh-sw25-c8x20x40-seed1/result.json,4020,657d87ad394f5bcb7b772637ababef70de1fcc78bc3819d2429fb1174b04c179
pai-faithful-b23,canonical_epoch_log,outputs/pai-faithful-b23/pb-all-max1-tanh-sw25-c8x20x40-seed2/epochs.jsonl,89334,bd5b3b47a8e3a73141f4198e22b8f1c9fefd3b3e9fe3aacff76bb56add5aa25a
pai-faithful-b23,faithful_result,outputs/pai-faithful-b23/pb-all-max1-tanh-sw25-c8x20x40-seed2/result.json,4322,23f4ce69bb56c3a7e30816862392d49906bbc214e53ade997fb268605cbb1cf5
pai-faithful-b23,canonical_epoch_log,outputs/pai-faithful-b23/pb-all-max1-tanh-sw25-c8x20x40-seed3/epochs.jsonl,49107,59175fa071e5788bbc250103849d36deed648e06545f15f8230cb4ad03e58ed2
pai-faithful-b23,faithful_result,outputs/pai-faithful-b23/pb-all-max1-tanh-sw25-c8x20x40-seed3/result.json,3693,2351e6860f0ac3717b0f5560e7209c57165f2c3789b08cf6b8645bb647517dc8
pai-faithful-b23,canonical_epoch_log,outputs/pai-faithful-b23/pb-all-max1-tanh-sw25-c8x20x40-seed4/epochs.jsonl,77848,9c0a0de42c313ba840c655599d7ad5595a29b75ecefe0a10f95425aff65579cc
pai-faithful-b23,faithful_result,outputs/pai-faithful-b23/pb-all-max1-tanh-sw25-c8x20x40-seed4/result.json,4016,ff119d0bf51415359c96cd71131b954c3d82778d00e1f94b3e5fdb389277a58b
pai-faithful-b23-interrupted-1038,canonical_epoch_log,outputs/pai-faithful-b23-interrupted-1038/none-c12x24x48-seed0/epochs.jsonl,3094,d79c960bad19be33cd7682184cf020a911f461d74b957a8ca5e9299a9f65df2b
pai-faithful-b23-interrupted-1038,canonical_epoch_log,outputs/pai-faithful-b23-interrupted-1038/none-c6x12x24-seed0/epochs.jsonl,51547,c69f3d4faeb23f8fdb14f2e3fa3d93d9dedb6e582ae7bc33cf84a0adecf5a983
pai-faithful-b23-interrupted-1038,canonical_epoch_log,outputs/pai-faithful-b23-interrupted-1038/none-c8x20x40-seed0/epochs.jsonl,148926,cc171d24e776b3e045e1fec016828b1d100c2381a92f72268ea59bf120ce4791
pai-faithful-b24,canonical_epoch_log,outputs/pai-faithful-b24/none-c12x32x64x94-seed0/epochs.jsonl,37616,e82a9816ad948d3b0ae281ac7048d130704290724917b3f0f93cc5d80bd3bd38
pai-faithful-b24,faithful_result,outputs/pai-faithful-b24/none-c12x32x64x94-seed0/result.json,3804,eb662d0d19c1abd10a70e0710c6db29e596d8a4da34fcab95ae417534e7a14fd
pai-faithful-b24,canonical_epoch_log,outputs/pai-faithful-b24/none-c12x32x64x94-seed1/epochs.jsonl,44653,cae2afcbc394e0ee357fd39bf6efe0730479ea81be8313ee9e8a67802ad1b36b
pai-faithful-b24,faithful_result,outputs/pai-faithful-b24/none-c12x32x64x94-seed1/result.json,3802,09d3f885fd2ca0682cc043e2a4ee399e972863241c2ee179c42c10084251e0aa
pai-faithful-b24,canonical_epoch_log,outputs/pai-faithful-b24/none-c12x32x64x94-seed2/epochs.jsonl,42367,a96db9fda08d83ea0f444f2e80bdf1ddd66df457c3867542b800a52c96c5b81c
pai-faithful-b24,faithful_result,outputs/pai-faithful-b24/none-c12x32x64x94-seed2/result.json,3803,b17f867099d87a6905f12b3d08567b5d1f667aca5a1b6533aef83d09f767979d
pai-faithful-b24,canonical_epoch_log,outputs/pai-faithful-b24/none-c12x32x64x94-seed3/epochs.jsonl,56973,2c4d6844a78b88b3bd13e1685cb333ad4c3aeaf8913731135e1057faf6c45be3
pai-faithful-b24,faithful_result,outputs/pai-faithful-b24/none-c12x32x64x94-seed3/result.json,4107,8db7ac0e3badafdaf3d3ac1138b8f737bddd943c9406bfd9cf518d35d33369cd
pai-faithful-b24,canonical_epoch_log,outputs/pai-faithful-b24/none-c12x32x64x94-seed4/epochs.jsonl,45785,2ea2a11b41707271c04fb8daf8427a9ea3d9a0cfd6cd4eefd074ab2eb501e9d3
pai-faithful-b24,faithful_result,outputs/pai-faithful-b24/none-c12x32x64x94-seed4/result.json,3805,fae6ccba1aff9d0f551e7aae91b2732c80d8615ea773916c476ff65c714df8f4
pai-faithful-b24,canonical_epoch_log,outputs/pai-faithful-b24/none-c16x41x82-seed0/epochs.jsonl,44091,a203d204a83fbbc4119d87a1f2942d4320c80daab66ed3544d9f1633cec8dbb1
pai-faithful-b24,faithful_result,outputs/pai-faithful-b24/none-c16x41x82-seed0/result.json,3641,23f2bff049c68e8d7be31e213eb2ba396882399ae9205b7411afcbcfb46ff5b0
pai-faithful-b24,canonical_epoch_log,outputs/pai-faithful-b24/none-c16x41x82-seed1/epochs.jsonl,37307,ff894a453d2f2f210a31364af91c385d8a9c09c357bb34aadd1b6c3f885622af
pai-faithful-b24,faithful_result,outputs/pai-faithful-b24/none-c16x41x82-seed1/result.json,3645,6c69f2d6d95f8e17be8cda53101d3a6ab093593f28dc8787d9b9779231dbbd09
pai-faithful-b24,canonical_epoch_log,outputs/pai-faithful-b24/none-c16x41x82-seed2/epochs.jsonl,48488,e8f8ca01d31d4d8ca988eb36f3d7e4075d05c8f12fb159a176ab9dbc81982c06
pai-faithful-b24,faithful_result,outputs/pai-faithful-b24/none-c16x41x82-seed2/result.json,3645,68aa185f35647a2da71c43ade4d95523f359386d7cd6f27cfedf5d7f1da80505
pai-faithful-b24,canonical_epoch_log,outputs/pai-faithful-b24/none-c16x41x82-seed3/epochs.jsonl,57180,395f0004bd4946af1576bd56a37540890f957510a7a770c3e96a67e0d01e43e1
pai-faithful-b24,faithful_result,outputs/pai-faithful-b24/none-c16x41x82-seed3/result.json,3946,5194d40e4dee0fe45a7ece35deed38dec83f24ced85bc6736c4e153d87ca99f0
pai-faithful-b24,canonical_epoch_log,outputs/pai-faithful-b24/none-c16x41x82-seed4/epochs.jsonl,42577,c574704a58a7fa18800921e4dd3ede0095955bc5cdfd3704f10b7dd4557f2d46
pai-faithful-b24,faithful_result,outputs/pai-faithful-b24/none-c16x41x82-seed4/result.json,3645,3f13804ce39e99509642d806f220290560d2182b6c3a1a43e286b433e70f5457
pai-faithful-b24,canonical_epoch_log,outputs/pai-faithful-b24/none-c17x50x100-seed0/epochs.jsonl,47755,19962a5d1250190d5e6dbc893d1abeb1f5e97e19befd17c3b2528f7b0ca29ac0
pai-faithful-b24,faithful_result,outputs/pai-faithful-b24/none-c17x50x100-seed0/result.json,3650,336ea94187d4bc492f8aea8ceb4dc8f75036cba85cef7573a41847d8c02c5658
pai-faithful-b24,canonical_epoch_log,outputs/pai-faithful-b24/none-c17x50x100-seed1/epochs.jsonl,37070,49f1d07f16ea5501ea84746d708b61f672f331597044092e40ca01aa1fde35c4
pai-faithful-b24,faithful_result,outputs/pai-faithful-b24/none-c17x50x100-seed1/result.json,3647,5281854189b41cd9675416478e7ed15e7293c4e8bba8134dfb043eaf41dde3f3
pai-faithful-b24,canonical_epoch_log,outputs/pai-faithful-b24/none-c17x50x100-seed2/epochs.jsonl,53425,665c4e8e0461dc1190d86df7529f27493b8431d0bb1452e63bf10d89cfa0b0f5
pai-faithful-b24,faithful_result,outputs/pai-faithful-b24/none-c17x50x100-seed2/result.json,3951,2fb753cf014418ffd642d954b08cedcbf29aab2369e3bac1a955168bb2feaeac
pai-faithful-b24,canonical_epoch_log,outputs/pai-faithful-b24/none-c17x50x100-seed3/epochs.jsonl,35274,7b089895a6ce35aebf6edfadb0f6e6ddd17c844029e2d609ac64e69ed75e9abb
pai-faithful-b24,faithful_result,outputs/pai-faithful-b24/none-c17x50x100-seed3/result.json,3642,27fb39e8b20e82488e5c44db9888dba6b8a4555181df5db162cc1538c301960a
pai-faithful-b24,canonical_epoch_log,outputs/pai-faithful-b24/none-c17x50x100-seed4/epochs.jsonl,36533,9d91d0ee6819179db39aad7539f5cc2a33139787a63fc11a8c58e1be0dbdf42a
pai-faithful-b24,faithful_result,outputs/pai-faithful-b24/none-c17x50x100-seed4/result.json,3647,da92dcabcca5ce6964b40849c5f54cd5225e745046351621d538b49cf3f463c3
pai-faithful-b24,canonical_epoch_log,outputs/pai-faithful-b24/pb-all-max1-tanh-sw25-c12x32x64-seed0/epochs.jsonl,86468,29f31b79cf7e4614ea5d750c5a2a38cb5abf38d5c223ebc162c949c45488befd
pai-faithful-b24,faithful_result,outputs/pai-faithful-b24/pb-all-max1-tanh-sw25-c12x32x64-seed0/result.json,4361,eb7ccf2b6da1fcc96093c646b3279dd7aa98336fa72d84cae3fc8052b1f85c82
pai-faithful-b24,canonical_epoch_log,outputs/pai-faithful-b24/pb-all-max1-tanh-sw25-c12x32x64-seed1/epochs.jsonl,71332,12e51b8bcb98954d415f346fb72d5178ee09934c7a262850832cd20d4e7770db
pai-faithful-b24,faithful_result,outputs/pai-faithful-b24/pb-all-max1-tanh-sw25-c12x32x64-seed1/result.json,4053,57e4b7e04668b1789540b55cec748bb7245841e1a0fc7a48e1bc8913929e7834
pai-faithful-b24,canonical_epoch_log,outputs/pai-faithful-b24/pb-all-max1-tanh-sw25-c12x32x64-seed2/epochs.jsonl,130771,9ea887958ecf4fba4d55a9a9cf39328c3bdf572186079b25036a8fdaaa1162e7
pai-faithful-b24,faithful_result,outputs/pai-faithful-b24/pb-all-max1-tanh-sw25-c12x32x64-seed2/result.json,5003,9792f674cab7b1f5c02a7523ec30af8bf49c957cd13488f44ccab3a037b72ffb
pai-faithful-b24,canonical_epoch_log,outputs/pai-faithful-b24/pb-all-max1-tanh-sw25-c12x32x64-seed3/epochs.jsonl,75040,f29ed5836e44c6d98b14fc8dbe6e208e1bd2c716fc86910a056cce269c5c834e
pai-faithful-b24,faithful_result,outputs/pai-faithful-b24/pb-all-max1-tanh-sw25-c12x32x64-seed3/result.json,4054,e86206b34d1c6cf67d844e263f20a3c0836e705c588bf99b10cff1aa291d0149
pai-faithful-b24,canonical_epoch_log,outputs/pai-faithful-b24/pb-all-max1-tanh-sw25-c12x32x64-seed4/epochs.jsonl,64256,82ce634a3851f3f2a8808e110a6e9ecc91e62e69604940092718bc89b2950990
pai-faithful-b24,faithful_result,outputs/pai-faithful-b24/pb-all-max1-tanh-sw25-c12x32x64-seed4/result.json,4052,d4cbaaed6edf5171f998a332a79c4e36e23cbb26530a6a69a1b39f08258a598b
pai-faithful-b24,canonical_epoch_log,outputs/pai-faithful-b24/pb-linear-max1-tanh-sw25-c12x32x64-seed0/epochs.jsonl,59553,96ce57c9dba5489548d9cfcf2194aa19a5d9561fafc63727b3c46509e9121b96
pai-faithful-b24,faithful_result,outputs/pai-faithful-b24/pb-linear-max1-tanh-sw25-c12x32x64-seed0/result.json,3610,277ad64ed1e987c689246b8d8066c061e1053a1ca2d0ab3e494f60a5cb291e9a
pai-faithful-b24,canonical_epoch_log,outputs/pai-faithful-b24/pb-linear-max1-tanh-sw25-c12x32x64-seed1/epochs.jsonl,74498,0a8269b18a7fd99e5f2aa30ad4a9ddb8e9c6b1ab060d80ccfdb157b2f34589a7
pai-faithful-b24,faithful_result,outputs/pai-faithful-b24/pb-linear-max1-tanh-sw25-c12x32x64-seed1/result.json,3605,a1eab7c1b7f73dcb5ba6f37b28f29f046bde527b3d045f9438ecf3eccd7b6458
pai-faithful-b24,canonical_epoch_log,outputs/pai-faithful-b24/pb-linear-max1-tanh-sw25-c12x32x64-seed2/epochs.jsonl,110951,726730cfca4a2801e2be5a9eaf48d9e01c788578907a5616e776c3608612d6ed
pai-faithful-b24,faithful_result,outputs/pai-faithful-b24/pb-linear-max1-tanh-sw25-c12x32x64-seed2/result.json,4250,dc4ae604569bcf8da0f1a1d6c5e448527310fae4765446f90488996427c59923
pai-faithful-b24,canonical_epoch_log,outputs/pai-faithful-b24/pb-linear-max1-tanh-sw25-c12x32x64-seed3/epochs.jsonl,59871,bd6719f044e26f83b0dc95468170c33ff7b56ffe0f25c30d376d6cbf8ac6d616
pai-faithful-b24,faithful_result,outputs/pai-faithful-b24/pb-linear-max1-tanh-sw25-c12x32x64-seed3/result.json,3612,b4bb9f9c99412b75f06551f92e235330c40201faf55a30dd70cda68fe18f2b57
pai-faithful-b24,canonical_epoch_log,outputs/pai-faithful-b24/pb-linear-max1-tanh-sw25-c12x32x64-seed4/epochs.jsonl,61958,29b80148e557bb447b6fac78549f808a2638d6d6bf48d6fff7c1a1241b91dd7a
pai-faithful-b24,faithful_result,outputs/pai-faithful-b24/pb-linear-max1-tanh-sw25-c12x32x64-seed4/result.json,3608,d4f39fd3f0ee75d2a43983a8a30131bbc36457b80df827329340efd8b9b577f9
pai-faithful-interrupted-1940,canonical_epoch_log,outputs/pai-faithful-interrupted-1940/none-c12x24-seed2/epochs.jsonl,74050,5500f1519e4cbea6454c161718b66980caab383ff9a4156f53913b9d8e11cf25
pai-faithful-interrupted-1940,canonical_epoch_log,outputs/pai-faithful-interrupted-1940/none-c20x40-seed2/epochs.jsonl,142349,ffed0a075f6ccc40ed3d844204ad869293b7963b89d9ef7d286cdb45712dd16a
pai-faithful-interrupted-1940,canonical_epoch_log,outputs/pai-faithful-interrupted-1940/none-c4x8-seed2/epochs.jsonl,45043,22c6800a7626f47cdd15b4f0b5cbe513f22c91d1e31df9f3ae7f0204a3103b5f
pai-faithful-interrupted-1940,canonical_epoch_log,outputs/pai-faithful-interrupted-1940/none-c6x12-seed2/epochs.jsonl,37710,176e9eef2a1bf1123490d004f48fcaacbac4e9fda1377f4cc13af6dc82d2b247
pai-faithful-interrupted-1940,canonical_epoch_log,outputs/pai-faithful-interrupted-1940/none-c8x16-seed2/epochs.jsonl,56457,4173ea2225ce3f02d382aca11ea1215eeeb9d06fa4ae31aef28b100b494c0d6f
phase_b,run_manifest,outputs/phase_b/r1_c12_light/manifest.yaml,2536,fc96e94f7e37d1cabdfbdb24b5282b388ae6cba1205bc53d269340711ebfc30f
phase_b,canonical_epoch_log,outputs/phase_b/r1_c12_light/metrics/student/sparknet_c12.jsonl,88506,99ded04822948da50bb5f652571b84f402fde06c3971d2f8f558bbfb76dd8151
phase_b,training_summary,outputs/phase_b/r1_c12_light/metrics/summaries.yaml,398,e252c1db66c12206993516d3175b4ca748aca54eea4bafa9673cfaad7948bc08
phase_b,run_manifest,outputs/phase_b/sparknet_c12_mfcc32_g32_kd_annealed/manifest.yaml,3897,11b06db5b8fa1e4ec78ea670c7612663108f8816122b29b3b88f322072e94628
phase_b,canonical_epoch_log,outputs/phase_b/sparknet_c12_mfcc32_g32_kd_annealed/metrics/student/distill.jsonl,207975,b1ad2a84b33bb2ed5baf49725434a81ecb168e2aa34831abe1b504055860a952
phase_b,training_summary,outputs/phase_b/sparknet_c12_mfcc32_g32_kd_annealed/metrics/summaries.yaml,388,18c7db76170ec5c755ce44a6a776c07042fe6f799e7e66f12eb0233c9ae1074b
phase_b,stage_report,outputs/phase_b/sparknet_c12_mfcc32_g32_kd_annealed/reports/distill.yaml,213944,7d2edde446e04c61e5469df5c44074125d0afecbb584f5b8582aa0c02c786ef3
phase_b,run_manifest,outputs/phase_b/sparknet_c12_speech_commands_v2_g32/manifest.yaml,3200,c6a7879e409fcccb4386b04eb2b4d99f5f1879e887b47a0196bd6441988f4c24
phase_b,canonical_epoch_log,outputs/phase_b/sparknet_c12_speech_commands_v2_g32/metrics/student/sparknet_c12.jsonl,88511,f8e529867ff7820ad6fb0e3b4146a87d4256e555d368e940b8eb2d30707f5adc
phase_b,training_summary,outputs/phase_b/sparknet_c12_speech_commands_v2_g32/metrics/summaries.yaml,398,f5ac9f29270892a829195bde44f43beab183e9bd1261acc48ac9fd97893b5f63
phase_b,run_manifest,outputs/phase_b/sparknet_c12_speech_commands_v2_g40/manifest.yaml,3224,bcec5df17dd7deefccece77546293c3b2fabe9aeff317c396f06fd797a2fc747
phase_b,canonical_epoch_log,outputs/phase_b/sparknet_c12_speech_commands_v2_g40/metrics/student/sparknet_c12_g40.jsonl,89228,09afb1e91b0813c77315348f7743a8e7cdb77a9bd53e7a65b12b2794b0bcb764
phase_b,training_summary,outputs/phase_b/sparknet_c12_speech_commands_v2_g40/metrics/summaries.yaml,406,31fdf5d616f738d37487cc6b14d870c50b3cb1653a52a6e5c91e526d37e333cc
phase_b,run_manifest,outputs/phase_b/sparknet_c12_speech_commands_v2_mfcc32_g32/manifest.yaml,3234,19a9945ef1d0a74672316ea761174dd97f79d9dd42c04ad24057786b4f6d1d02
phase_b,canonical_epoch_log,outputs/phase_b/sparknet_c12_speech_commands_v2_mfcc32_g32/metrics/student/sparknet_c12.jsonl,88306,efa12b7723474528444ddda89e5d1ab784cf8609f0524dd7497ad5568f2c3058
phase_b,training_summary,outputs/phase_b/sparknet_c12_speech_commands_v2_mfcc32_g32/metrics/summaries.yaml,398,9e1525d0bbcde0c1f9a4c074bbbabbeec0e844915935259215759dfaa2e6d93e
phase_b,run_manifest,outputs/phase_b/sparknet_c12_speech_commands_v2_mfcc32_g40/manifest.yaml,3258,25680ae1c3e6caaa610779255798e4a09d880928b077837a87214e3562fa635b
phase_b,canonical_epoch_log,outputs/phase_b/sparknet_c12_speech_commands_v2_mfcc32_g40/metrics/student/sparknet_c12_g40.jsonl,89183,06ae5af06903c8c4792ca0c46bf69cfc46a8ff434acdebd5fcec1a47280293ca
phase_b,training_summary,outputs/phase_b/sparknet_c12_speech_commands_v2_mfcc32_g40/metrics/summaries.yaml,405,968ce118664c5f10854a0549c2771daf0ab3c8cd84d2f86abf2c8765007ced02
phase_b,run_manifest,outputs/phase_b/step2_sparknet_c12_light_20260913T215424Z/manifest.yaml,3357,8561513ff18fa969ebcf7aa20790cc3b14e4e93f7cc1cdbb7b59a118248191a7
phase_b,canonical_epoch_log,outputs/phase_b/step2_sparknet_c12_light_20260913T215424Z/metrics/student/sparknet_c12.jsonl,88501,7a47f63aa87ebf94a5083768f4975b3b695d2f8337b356d068e1ce4131bea01e
phase_b,training_summary,outputs/phase_b/step2_sparknet_c12_light_20260913T215424Z/metrics/summaries.yaml,398,431703e938b0e4ed4255111eda2195c14e1b3865f702e39de0495b9dea8a6f73
phase_b,run_manifest,outputs/phase_b/step2_sparknet_c12_light_kd_t2_20260914T013331Z/manifest.yaml,5310,a357ec812bd2ef839a75570888a19b0d4dc37729d2b6c3d90b7911b2e104bd85
phase_b,canonical_epoch_log,outputs/phase_b/step2_sparknet_c12_light_kd_t2_20260914T013331Z/metrics/student/distill.jsonl,187482,4127e2506117a4f75b8b669f1268ffd391b5e2f8c69c17d8afbcedbdc67bb138
phase_b,training_summary,outputs/phase_b/step2_sparknet_c12_light_kd_t2_20260914T013331Z/metrics/summaries.yaml,388,3ae3582ae615002694580a60b5107692e1d0e801d57a008d87a6d2e4e41e247a
phase_b,stage_report,outputs/phase_b/step2_sparknet_c12_light_kd_t2_20260914T013331Z/reports/distill.yaml,192651,ad6200a47fcecb24592ba931c9d1c44e45b56c779e0e9c4110a410a5fc7de6be
phase_b,run_manifest,outputs/phase_b/teacher_ds_cnn_l_mfcc32/manifest.yaml,1853,23c43b2f0c889f6ac0fb473e032ae0c99685cdf0631032226d1154a1813e7dc9
phase_b,canonical_epoch_log,outputs/phase_b/teacher_ds_cnn_l_mfcc32/metrics/teacher/ds_cnn_l.jsonl,369,1e1c1fe73fbc5226120098b770bafb1175f15d3e32c1ca90218b31901e41c3fd
phase_b,run_manifest,outputs/phase_b/teacher_ds_cnn_l_mfcc32_nw0/manifest.yaml,3218,63d1ee770137cb311649b43558d48fc224a025e146cd2f3ae76e436544e1c656
phase_b,training_summary,outputs/phase_b/teacher_ds_cnn_l_mfcc32_nw0/metrics/summaries.yaml,390,b7a9a8d8c389ac360e84366a54293197786a0b8cfa66affe052472076b8c3cf2
phase_b,canonical_epoch_log,outputs/phase_b/teacher_ds_cnn_l_mfcc32_nw0/metrics/teacher/ds_cnn_l.jsonl,79980,317d47fa32cbb4d5dcf71cfae85a734b114c0dd93d5c3f5d9a897e9dd5e10dda
rp2040,run_manifest,outputs/rp2040/c10g16-b2-seed0/manifest.yaml,48379,584c601a2c780ab711efa91a7641e9514faa280b16e8fd5ab2ca0728a16cd85b
rp2040,stage_report,outputs/rp2040/c10g16-b2-seed0/reports/rp2040.yaml,3312,a6bc69a1c4e923b0dadf60a410577f98b667b86399be9717bc7961da82540ff5
rp2040,run_manifest,outputs/rp2040/c10g16-b2-seed2/manifest.yaml,48379,54b45efa6972fc7731a6b32688fd7f2d48cf44245124297ea270070e4e7ab65a
rp2040,stage_report,outputs/rp2040/c10g16-b2-seed2/reports/rp2040.yaml,3316,dc4df3c378c801c686bea0b4e5d13b6a8611dcd78d89cfaec61f7f25d03c0556
rp2040,run_manifest,outputs/rp2040/c16-seed0-scratch/manifest.yaml,49289,8a66de026cf5b4ff1a0cee4d321c5a57bf0dcd0a04188c4050e1c4d17fded289
rp2040,stage_report,outputs/rp2040/c16-seed0-scratch/reports/rp2040.yaml,3266,a5cac93666c9fe74de6993cb204b07b0bad5faff698412dbda2dc1f7567bfd0a
rp2040,run_manifest,outputs/rp2040/c18g16-b2-seed0/manifest.yaml,48379,69573699a9437b4585a6ab2959e2352dd0fce02416acae92586cd838a64d8117
rp2040,stage_report,outputs/rp2040/c18g16-b2-seed0/reports/rp2040.yaml,3313,7c67160193464ce653a91a73f5033f0f7f2edaed9745d749f3e498a7c8a978ba
rp2040,run_manifest,outputs/rp2040/c18g16-fc-seed0/manifest.yaml,48340,4d2f1fbdf4c7f5bc6f406ea32a05fc0913c1804c97fa575bc0b154eb87cad407
rp2040,stage_report,outputs/rp2040/c18g16-fc-seed0/reports/rp2040.yaml,3289,e2ba81ef20d93fbde8b57b3bec4af23e474cf726f9dfc48a31170da755aa296a
rp2040,run_manifest,outputs/rp2040/c6g16-b2-seed0/manifest.yaml,48374,83a88cdb3ed66aca59877e864e4f7b15b97a8052de2b5b041ce0d0fe67e79732
rp2040,stage_report,outputs/rp2040/c6g16-b2-seed0/reports/rp2040.yaml,3311,6c10c36ab166b433b8a32f8171a8b2cb60b9de3c60b52784d9d9f1b498b3d05d
rp2040,run_manifest,outputs/rp2040/c6g16-b2-seed1/manifest.yaml,48374,f62704c0a60b6c21b5dfba1160748c5a3b9a2bfb624867fd4ea2152bfa1558fa
rp2040,stage_report,outputs/rp2040/c6g16-b2-seed1/reports/rp2040.yaml,3312,b619d29ee23528c874b120715a5bea0f28021228a191878b969bb4441545bc50
sparknet-c12-dendritic-prune-no-kd-fc-only-d3,run_manifest,outputs/sparknet-c12-dendritic-prune-no-kd-fc-only-d3/manifest.yaml,30781,3e851efc9a32d1fcef5b33fedf4939731595406e81512afe6eed3d428d2e4117
sparknet-c12-dendritic-prune-no-kd-fc-only-d3,canonical_epoch_log,outputs/sparknet-c12-dendritic-prune-no-kd-fc-only-d3/metrics/sparsity/sparknet_c10/prune_supervised.jsonl,17748,3578bf74852e1fa452e323402369bd1585cfc5a566b62768d3d728f23e05456f
sparknet-c12-dendritic-prune-no-kd-fc-only-d3,canonical_epoch_log,outputs/sparknet-c12-dendritic-prune-no-kd-fc-only-d3/metrics/sparsity/sparknet_c10_multilayer/pai.jsonl,451188,91812a8ba19b7b38f164bd84f0a37fe03dc6629d2f3d536e57cd874277e65d3c
sparknet-c12-dendritic-prune-no-kd-fc-only-d3,canonical_epoch_log,outputs/sparknet-c12-dendritic-prune-no-kd-fc-only-d3/metrics/sparsity/sparknet_c10_multilayer/resume_supervised.jsonl,3540,01b9d600d37a14df95cc9ada2fb6c8326013f4f690fe31cdf8765e65f67eaaa3
sparknet-c12-dendritic-prune-no-kd-fc-only-d3,canonical_epoch_log,outputs/sparknet-c12-dendritic-prune-no-kd-fc-only-d3/metrics/sparsity/sparknet_c8/prune_supervised.jsonl,17769,f929d0f3eb636f19ddce8c1088262322524b4c9880ee08b6e83451463460c9cb
sparknet-c12-dendritic-prune-no-kd-fc-only-d3,canonical_epoch_log,outputs/sparknet-c12-dendritic-prune-no-kd-fc-only-d3/metrics/sparsity/sparknet_c8_multilayer/pai.jsonl,96320,7ed84a0e20a1a010098585f8d71c914aa8d2dbad93e5e19acf6dbc1e28588ddf
sparknet-c12-dendritic-prune-no-kd-fc-only-d3,training_summary,outputs/sparknet-c12-dendritic-prune-no-kd-fc-only-d3/metrics/summaries.yaml,477,89d061c0559bae73a980c7ae8090e15fb194a55bf49f1fcea2695af26e81643e
sparknet-c12-dendritic-prune-no-kd-fc-only-d3,canonical_pai_architecture_scores,outputs/sparknet-c12-dendritic-prune-no-kd-fc-only-d3/pai/candidates/sparknet_c10_multilayer/sparknet_c10_multilayer_best_arch_scores.csv,207,057f091e72297196e33df515eccaaa5bc4f120b4f6957931e4f6510e1dec0ee4
sparknet-c12-dendritic-prune-no-kd-fc-only-d3,canonical_pai_architecture_scores,outputs/sparknet-c12-dendritic-prune-no-kd-fc-only-d3/pai/candidates/sparknet_c8_multilayer/sparknet_c8_multilayer_best_arch_scores.csv,79,d10b84af4a708632a0f161af441337d30720bc566bac855ef61e2e1336da5f7b
sparknet-c12-dendritic-prune-no-kd-fc-only-d3,stage_report,outputs/sparknet-c12-dendritic-prune-no-kd-fc-only-d3/reports/sparknet_dendritic_prune_experiment.yaml,9452,29cbf4a4b8790c8f9726246ba6c60e100d3cc78b82d7fcff64bca08f1b4a5eef
sparknet-c12-dendritic-prune-no-kd-unlimited,run_manifest,outputs/sparknet-c12-dendritic-prune-no-kd-unlimited/manifest.yaml,6695,a9b6cb12e94429521858cdc74b32b4b3f98838861d79ab8e9934ed79144a1464
sparknet-c12-dendritic-prune-no-kd-unlimited,canonical_epoch_log,outputs/sparknet-c12-dendritic-prune-no-kd-unlimited/metrics/sparsity/sparknet_c10/prune_supervised.jsonl,17770,a34dafd9db6ba3d6dde410c84e9b90f7a8b5c95482812931dda09799eef94fca
sparknet-c12-dendritic-prune-no-kd-unlimited,canonical_epoch_log,outputs/sparknet-c12-dendritic-prune-no-kd-unlimited/metrics/sparsity/sparknet_c10_multilayer/pai.jsonl,1311706,ff4bde28cffb5875d166bb9372de7efefbbb766eb04c9f0a3e1c8f2892baa819
sparknet-c12-dendritic-prune-no-kd-unlimited,training_summary,outputs/sparknet-c12-dendritic-prune-no-kd-unlimited/metrics/summaries.yaml,480,9fa25e674762620311ee71c51571b6e1364d0a31cd76bc4d7c4218dc51d4a776
sparknet-c12-dendritic-prune-no-kd-unlimited,canonical_pai_architecture_scores,outputs/sparknet-c12-dendritic-prune-no-kd-unlimited/pai/candidates/sparknet_c10_multilayer/sparknet_c10_multilayer_best_arch_scores.csv,423,e602ef39ec00c0793efb23be9e97a4379b32c87d773188f0c7ca66cb09efd84d
sparknet-c12-dendritic-prune-no-kd-unlimited,stage_report,outputs/sparknet-c12-dendritic-prune-no-kd-unlimited/reports/sparknet_dendritic_prune_experiment.yaml,3724,cd4bd3e9e4bceb1736c54d6cb20b42fd1f7cca68cb9b5ecdd70f51d1358f7075
sparknet-c16-dendritic-prune-no-kd-fc-only-d3,run_manifest,outputs/sparknet-c16-dendritic-prune-no-kd-fc-only-d3/seed0/manifest.yaml,73227,eb022230247518aa40ee296bfef90200d8cbecaa2112ceef9c2badbba9cf5386
sparknet-c16-dendritic-prune-no-kd-fc-only-d3,canonical_epoch_log,outputs/sparknet-c16-dendritic-prune-no-kd-fc-only-d3/seed0/metrics/sparsity/sparknet_c10/prune_supervised.jsonl,17751,57198e8b3ceb2dc6c27c22681518c15f3ce3a252ea5952938e456cdad3c3c824
sparknet-c16-dendritic-prune-no-kd-fc-only-d3,canonical_epoch_log,outputs/sparknet-c16-dendritic-prune-no-kd-fc-only-d3/seed0/metrics/sparsity/sparknet_c10_multilayer/pai.jsonl,478973,2d3092ac8f65fb431961f909ce0545b8a19283441bb4f0e9b755426dc3a8de64
sparknet-c16-dendritic-prune-no-kd-fc-only-d3,canonical_epoch_log,outputs/sparknet-c16-dendritic-prune-no-kd-fc-only-d3/seed0/metrics/sparsity/sparknet_c10_multilayer/resume_supervised.jsonl,3538,94a81165e8bec3f0901b87f48c6e447e4edb140303b8c52a37f2cf39f1b9f6e6
sparknet-c16-dendritic-prune-no-kd-fc-only-d3,canonical_epoch_log,outputs/sparknet-c16-dendritic-prune-no-kd-fc-only-d3/seed0/metrics/sparsity/sparknet_c12/prune_supervised.jsonl,17783,99b9db48f51b7e5b628501299d0261ea59734c4d7d49f57c162b7af3ec660a32
sparknet-c16-dendritic-prune-no-kd-fc-only-d3,canonical_epoch_log,outputs/sparknet-c16-dendritic-prune-no-kd-fc-only-d3/seed0/metrics/sparsity/sparknet_c12_multilayer/pai.jsonl,626953,c34c8ce6f8357173759475309c421981f43c646cca52a2c0618b87519c0fa5f0
sparknet-c16-dendritic-prune-no-kd-fc-only-d3,canonical_epoch_log,outputs/sparknet-c16-dendritic-prune-no-kd-fc-only-d3/seed0/metrics/sparsity/sparknet_c12_multilayer/resume_supervised.jsonl,3538,1a6bcda082b791b8c3d8b9026f87b0b057627a439a2b698d081d6a8edad496ce
sparknet-c16-dendritic-prune-no-kd-fc-only-d3,canonical_epoch_log,outputs/sparknet-c16-dendritic-prune-no-kd-fc-only-d3/seed0/metrics/sparsity/sparknet_c8/prune_supervised.jsonl,17764,e20d3657ca41d258844f73af0ab29e096df438b1fcc1baccc2456e8d1f657e3e
sparknet-c16-dendritic-prune-no-kd-fc-only-d3,canonical_epoch_log,outputs/sparknet-c16-dendritic-prune-no-kd-fc-only-d3/seed0/metrics/sparsity/sparknet_c8_multilayer/pai.jsonl,569531,32cd3ff9448ec516ef2e55c73cd01e04fb1320075bf0836de6557ba849e5170c
sparknet-c16-dendritic-prune-no-kd-fc-only-d3,canonical_epoch_log,outputs/sparknet-c16-dendritic-prune-no-kd-fc-only-d3/seed0/metrics/sparsity/sparknet_c8_multilayer/resume_supervised.jsonl,3537,a8ebe6790aaa56c70edb37091d4d94ca93ac58d3abc33255ff8a41325485bbbc
sparknet-c16-dendritic-prune-no-kd-fc-only-d3,training_summary,outputs/sparknet-c16-dendritic-prune-no-kd-fc-only-d3/seed0/metrics/summaries.yaml,477,0a30425c5ef00115533405340245343f1f724db0d46a8c5ac587a8a566f46702
sparknet-c16-dendritic-prune-no-kd-fc-only-d3,canonical_pai_architecture_scores,outputs/sparknet-c16-dendritic-prune-no-kd-fc-only-d3/seed0/pai/candidates/sparknet_c10_multilayer/sparknet_c10_multilayer_best_arch_scores.csv,78,9ee00c36c94975b939c8ca4a157188a6662931c00504f4b829209555b59df3b9
sparknet-c16-dendritic-prune-no-kd-fc-only-d3,canonical_pai_architecture_scores,outputs/sparknet-c16-dendritic-prune-no-kd-fc-only-d3/seed0/pai/candidates/sparknet_c12_multilayer/sparknet_c12_multilayer_best_arch_scores.csv,165,748365392807766f7ca80b0d499aef62274518b467a6c8732c189dcc224f8054
sparknet-c16-dendritic-prune-no-kd-fc-only-d3,canonical_pai_architecture_scores,outputs/sparknet-c16-dendritic-prune-no-kd-fc-only-d3/seed0/pai/candidates/sparknet_c8_multilayer/sparknet_c8_multilayer_best_arch_scores.csv,207,5e3dd929d5483f82e5ed9b3176548524f11f88a0fb6e8178f10fbe8bdb9a27df
sparknet-c16-dendritic-prune-no-kd-fc-only-d3,stage_report,outputs/sparknet-c16-dendritic-prune-no-kd-fc-only-d3/seed0/reports/sparknet_dendritic_prune_experiment.yaml,23777,212902d0a32550c50d1503bd549fce0548387a00544c030b957d08a21d40a077
sparknet-c16-dendritic-prune-no-kd-fc-only-d3,run_manifest,outputs/sparknet-c16-dendritic-prune-no-kd-fc-only-d3/seed1/manifest.yaml,73077,72ff56ed8f6824f6a865e7220ceb7b34bf4df3cb242aa26f965ec8aced3242b1
sparknet-c16-dendritic-prune-no-kd-fc-only-d3,canonical_epoch_log,outputs/sparknet-c16-dendritic-prune-no-kd-fc-only-d3/seed1/metrics/sparsity/sparknet_c10/prune_supervised.jsonl,17748,c31c7726b58439d5916a65cd78adb9200e619d304f358e37a6f4e85a5661fded
sparknet-c16-dendritic-prune-no-kd-fc-only-d3,canonical_epoch_log,outputs/sparknet-c16-dendritic-prune-no-kd-fc-only-d3/seed1/metrics/sparsity/sparknet_c10_multilayer/pai.jsonl,381594,a5d926f8e3d9a1c0f325478b166c3a884121c6cb5c3bb5f4e3621e8e1913ddf6
sparknet-c16-dendritic-prune-no-kd-fc-only-d3,canonical_epoch_log,outputs/sparknet-c16-dendritic-prune-no-kd-fc-only-d3/seed1/metrics/sparsity/sparknet_c10_multilayer/resume_supervised.jsonl,3533,a18bc80aa1b5d567f39a98949c4ef75e15328fd87900a5407d083f9cc36cff71
sparknet-c16-dendritic-prune-no-kd-fc-only-d3,canonical_epoch_log,outputs/sparknet-c16-dendritic-prune-no-kd-fc-only-d3/seed1/metrics/sparsity/sparknet_c12/prune_supervised.jsonl,17774,f4c231514c2c0cf272998e87163f5fdd786d8164165729cd96e4d2ade1a11993
sparknet-c16-dendritic-prune-no-kd-fc-only-d3,canonical_epoch_log,outputs/sparknet-c16-dendritic-prune-no-kd-fc-only-d3/seed1/metrics/sparsity/sparknet_c12_multilayer/pai.jsonl,514417,59621afa0bd43f63377e87c6e2d829e50e8626c28d14c995f79608304ee27d39
sparknet-c16-dendritic-prune-no-kd-fc-only-d3,canonical_epoch_log,outputs/sparknet-c16-dendritic-prune-no-kd-fc-only-d3/seed1/metrics/sparsity/sparknet_c12_multilayer/resume_supervised.jsonl,3537,ab31a5ac8de0c59ef61f9b12f90b6011d9e15d3cef8d6760af016262289d91e5
sparknet-c16-dendritic-prune-no-kd-fc-only-d3,canonical_epoch_log,outputs/sparknet-c16-dendritic-prune-no-kd-fc-only-d3/seed1/metrics/sparsity/sparknet_c8/prune_supervised.jsonl,17749,a5954ab389f0c00e36db2bd2a710223a20a4178c52b71c869d9919b2f14b9948
sparknet-c16-dendritic-prune-no-kd-fc-only-d3,canonical_epoch_log,outputs/sparknet-c16-dendritic-prune-no-kd-fc-only-d3/seed1/metrics/sparsity/sparknet_c8_multilayer/pai.jsonl,422666,7badd6338532f76bdbcc79c3037075bebdf85d159179902b93577a1835146965
sparknet-c16-dendritic-prune-no-kd-fc-only-d3,canonical_epoch_log,outputs/sparknet-c16-dendritic-prune-no-kd-fc-only-d3/seed1/metrics/sparsity/sparknet_c8_multilayer/resume_supervised.jsonl,3536,8180f9ef64b50d235174b8a373e64f818b066e820a1d7dc0bcc051d827932d1b
sparknet-c16-dendritic-prune-no-kd-fc-only-d3,training_summary,outputs/sparknet-c16-dendritic-prune-no-kd-fc-only-d3/seed1/metrics/summaries.yaml,477,2da3b32911265661e2ec270cf13fff7b3f4acfa1394a5c94e3edcf0b2b336196
sparknet-c16-dendritic-prune-no-kd-fc-only-d3,canonical_pai_architecture_scores,outputs/sparknet-c16-dendritic-prune-no-kd-fc-only-d3/seed1/pai/candidates/sparknet_c10_multilayer/sparknet_c10_multilayer_best_arch_scores.csv,207,0744fd62719b473699c19a668c6127405c76a589d620900f660201ad1a423714
sparknet-c16-dendritic-prune-no-kd-fc-only-d3,canonical_pai_architecture_scores,outputs/sparknet-c16-dendritic-prune-no-kd-fc-only-d3/seed1/pai/candidates/sparknet_c12_multilayer/sparknet_c12_multilayer_best_arch_scores.csv,122,1ed84eade1f79726e855356a3ef6b2fb39f6769789e97e52933e6293ec7020c8
sparknet-c16-dendritic-prune-no-kd-fc-only-d3,canonical_pai_architecture_scores,outputs/sparknet-c16-dendritic-prune-no-kd-fc-only-d3/seed1/pai/candidates/sparknet_c8_multilayer/sparknet_c8_multilayer_best_arch_scores.csv,207,fdaed8b58d0d066a340f4db653feddd7935b83ffdede16f5a3769e46b8d3f205
sparknet-c16-dendritic-prune-no-kd-fc-only-d3,stage_report,outputs/sparknet-c16-dendritic-prune-no-kd-fc-only-d3/seed1/reports/sparknet_dendritic_prune_experiment.yaml,23756,705950fbb7e35d5d22a836205caff5e1c7372f9138f64777a80648830926f6c5
sparknet-c16-dendritic-prune-no-kd-fc-only-d3,run_manifest,outputs/sparknet-c16-dendritic-prune-no-kd-fc-only-d3/seed2/manifest.yaml,82438,eca7414297fa0dfc93da941c1a098104a84d7b1f183adcefb2ce60d8b33ae7f2
sparknet-c16-dendritic-prune-no-kd-fc-only-d3,canonical_epoch_log,outputs/sparknet-c16-dendritic-prune-no-kd-fc-only-d3/seed2/metrics/sparsity/sparknet_c10/prune_supervised.jsonl,17766,512c7c10a00e2b35159dc547fac41fa03a8e53e9e5be4972c996883464d237f0
sparknet-c16-dendritic-prune-no-kd-fc-only-d3,canonical_epoch_log,outputs/sparknet-c16-dendritic-prune-no-kd-fc-only-d3/seed2/metrics/sparsity/sparknet_c10_multilayer/pai.jsonl,583455,a64b4e55f671148bd42f90a71308968123bc1d147908d074f2174ea2f724cc31
sparknet-c16-dendritic-prune-no-kd-fc-only-d3,canonical_epoch_log,outputs/sparknet-c16-dendritic-prune-no-kd-fc-only-d3/seed2/metrics/sparsity/sparknet_c10_multilayer/resume_supervised.jsonl,3537,38413047c48484a505b88e5da93f1fd6479eb8822d200a32779fb24c60d96db5
sparknet-c16-dendritic-prune-no-kd-fc-only-d3,canonical_epoch_log,outputs/sparknet-c16-dendritic-prune-no-kd-fc-only-d3/seed2/metrics/sparsity/sparknet_c12/prune_supervised.jsonl,17766,964adac86da5176249d06cdd156ca08ae78ca5a23cb8707a1a8997cbeec7e68d
sparknet-c16-dendritic-prune-no-kd-fc-only-d3,canonical_epoch_log,outputs/sparknet-c16-dendritic-prune-no-kd-fc-only-d3/seed2/metrics/sparsity/sparknet_c12_multilayer/pai.jsonl,610793,ea9dd767562c8b3ca930f1f41269cfe0e862abdc457da8607b041de656751f63
sparknet-c16-dendritic-prune-no-kd-fc-only-d3,canonical_epoch_log,outputs/sparknet-c16-dendritic-prune-no-kd-fc-only-d3/seed2/metrics/sparsity/sparknet_c12_multilayer/resume_supervised.jsonl,3539,b755e616db6a4ddd242cbaaafdc5f9900d4b88d6bb7fed28b5ad2ecbfa3ff143
sparknet-c16-dendritic-prune-no-kd-fc-only-d3,canonical_epoch_log,outputs/sparknet-c16-dendritic-prune-no-kd-fc-only-d3/seed2/metrics/sparsity/sparknet_c8/prune_supervised.jsonl,17761,5b96eb844ee55ed8068ca390d6684411084f3deefad666f1eec610a467c73d39
sparknet-c16-dendritic-prune-no-kd-fc-only-d3,canonical_epoch_log,outputs/sparknet-c16-dendritic-prune-no-kd-fc-only-d3/seed2/metrics/sparsity/sparknet_c8_multilayer/pai.jsonl,463095,fb82a7f79e7bf0abb446f52290acb146d24b52aaab1478eb0d0c449d8082b832
sparknet-c16-dendritic-prune-no-kd-fc-only-d3,canonical_epoch_log,outputs/sparknet-c16-dendritic-prune-no-kd-fc-only-d3/seed2/metrics/sparsity/sparknet_c8_multilayer/resume_supervised.jsonl,3538,bb136a2e7f3c14355094fc305568ad80ff3a17f4e036494caa6a7c536a78dc0b
sparknet-c16-dendritic-prune-no-kd-fc-only-d3,training_summary,outputs/sparknet-c16-dendritic-prune-no-kd-fc-only-d3/seed2/metrics/summaries.yaml,476,ea5a34bdef8d7dc548bec80f91d951e512244a33e50c47db604c6a2eeea78663
sparknet-c16-dendritic-prune-no-kd-fc-only-d3,canonical_pai_architecture_scores,outputs/sparknet-c16-dendritic-prune-no-kd-fc-only-d3/seed2/pai/candidates/sparknet_c10_multilayer/sparknet_c10_multilayer_best_arch_scores.csv,165,4ab7d83eb40a07ab5f5f592a34dd2577cb8062a0c8de4daf83e8e1f2d1f0e742
sparknet-c16-dendritic-prune-no-kd-fc-only-d3,canonical_pai_architecture_scores,outputs/sparknet-c16-dendritic-prune-no-kd-fc-only-d3/seed2/pai/candidates/sparknet_c12_multilayer/sparknet_c12_multilayer_best_arch_scores.csv,164,4d5dae19c4f1f653cde839987a97e28e5d6e5ee027dc8573c4c5b0a6c09a1b24
sparknet-c16-dendritic-prune-no-kd-fc-only-d3,canonical_pai_architecture_scores,outputs/sparknet-c16-dendritic-prune-no-kd-fc-only-d3/seed2/pai/candidates/sparknet_c8_multilayer/sparknet_c8_multilayer_best_arch_scores.csv,122,290c1970a05919511e4053d25b0978d5864c9be4b16324a2185a32e046f54c72
sparknet-c16-dendritic-prune-no-kd-fc-only-d3,stage_report,outputs/sparknet-c16-dendritic-prune-no-kd-fc-only-d3/seed2/reports/sparknet_dendritic_prune_experiment.yaml,23774,451235850aa67378fa519d0271b7cc62ba99a5e0ef926b60a20308327e588383
sparknet-c16-dendritic-prune-no-kd-fc-only-d3,run_manifest,outputs/sparknet-c16-dendritic-prune-no-kd-fc-only-d3/seed3/manifest.yaml,80331,fc187f160c3929aa541e2e2724511ccc5a375b64296ccd0b1bc76005230030c2
sparknet-c16-dendritic-prune-no-kd-fc-only-d3,canonical_epoch_log,outputs/sparknet-c16-dendritic-prune-no-kd-fc-only-d3/seed3/metrics/sparsity/sparknet_c10/prune_supervised.jsonl,17742,b4fee46c47926fd38b2822e11abe8ca8103011c39ab8db9af76b9eb0ca6c625c
sparknet-c16-dendritic-prune-no-kd-fc-only-d3,canonical_epoch_log,outputs/sparknet-c16-dendritic-prune-no-kd-fc-only-d3/seed3/metrics/sparsity/sparknet_c10_multilayer/pai.jsonl,569043,d5bf98e6b280dff38bb9ff0467184cdcab6cb1758205090ae7e5c3b6de4b8b29
sparknet-c16-dendritic-prune-no-kd-fc-only-d3,canonical_epoch_log,outputs/sparknet-c16-dendritic-prune-no-kd-fc-only-d3/seed3/metrics/sparsity/sparknet_c10_multilayer/resume_supervised.jsonl,3529,d3095df2c29ffcd14a1064a24505f724770e85471b971079d3bac96c06793070
sparknet-c16-dendritic-prune-no-kd-fc-only-d3,canonical_epoch_log,outputs/sparknet-c16-dendritic-prune-no-kd-fc-only-d3/seed3/metrics/sparsity/sparknet_c12/prune_supervised.jsonl,17778,651a224009bcac5d427f5c78d9eda8fa2adcb7eaeeb141d1bd7f45123aa7909d
sparknet-c16-dendritic-prune-no-kd-fc-only-d3,canonical_epoch_log,outputs/sparknet-c16-dendritic-prune-no-kd-fc-only-d3/seed3/metrics/sparsity/sparknet_c12_multilayer/pai.jsonl,576887,cd93daceb274a19bb403a467db62a3d0cd2a93ba5c88dd6a1fa6ddfb756078fd
sparknet-c16-dendritic-prune-no-kd-fc-only-d3,canonical_epoch_log,outputs/sparknet-c16-dendritic-prune-no-kd-fc-only-d3/seed3/metrics/sparsity/sparknet_c12_multilayer/resume_supervised.jsonl,3538,ba0acffcb0107826ef5505ef119eccab59bb42e3bbe1b266c5e3d74c8871abc1
sparknet-c16-dendritic-prune-no-kd-fc-only-d3,canonical_epoch_log,outputs/sparknet-c16-dendritic-prune-no-kd-fc-only-d3/seed3/metrics/sparsity/sparknet_c8/prune_supervised.jsonl,17768,5e0ecfa0f68f47ac9ab20f42d712fc869332ac6ebecf023217a9178257f8d9e1
sparknet-c16-dendritic-prune-no-kd-fc-only-d3,canonical_epoch_log,outputs/sparknet-c16-dendritic-prune-no-kd-fc-only-d3/seed3/metrics/sparsity/sparknet_c8_multilayer/pai.jsonl,503368,a032d3a735807262c08bae5da36e004e9cff58e46ef465979a1bb70720ae68df
sparknet-c16-dendritic-prune-no-kd-fc-only-d3,canonical_epoch_log,outputs/sparknet-c16-dendritic-prune-no-kd-fc-only-d3/seed3/metrics/sparsity/sparknet_c8_multilayer/resume_supervised.jsonl,3534,1fa26dd4d266b64e1c9e80610bb85314e045521623992b7c31481d837456f3d4
sparknet-c16-dendritic-prune-no-kd-fc-only-d3,training_summary,outputs/sparknet-c16-dendritic-prune-no-kd-fc-only-d3/seed3/metrics/summaries.yaml,477,0ab21c2b06dd64894768fedd7161b8875f917e1d7793e2d37a9561399523093c
sparknet-c16-dendritic-prune-no-kd-fc-only-d3,canonical_pai_architecture_scores,outputs/sparknet-c16-dendritic-prune-no-kd-fc-only-d3/seed3/pai/candidates/sparknet_c10_multilayer/sparknet_c10_multilayer_best_arch_scores.csv,164,47c092ae39d15add06b5b2223c57074462f22b71c5e572a71078dba1af8b14c0
sparknet-c16-dendritic-prune-no-kd-fc-only-d3,canonical_pai_architecture_scores,outputs/sparknet-c16-dendritic-prune-no-kd-fc-only-d3/seed3/pai/candidates/sparknet_c12_multilayer/sparknet_c12_multilayer_best_arch_scores.csv,165,727284a38ea9f48c98011e88e7b7d26461c3b0e8b90a6801a3b53b2fc3530b6c
sparknet-c16-dendritic-prune-no-kd-fc-only-d3,canonical_pai_architecture_scores,outputs/sparknet-c16-dendritic-prune-no-kd-fc-only-d3/seed3/pai/candidates/sparknet_c8_multilayer/sparknet_c8_multilayer_best_arch_scores.csv,121,bb2a0609a1f9f315d18a076bd3ae3ff9bcf5cb82f358e0b0c0050b5cc5b04cad
sparknet-c16-dendritic-prune-no-kd-fc-only-d3,stage_report,outputs/sparknet-c16-dendritic-prune-no-kd-fc-only-d3/seed3/reports/sparknet_dendritic_prune_experiment.yaml,23766,f16da0547c424318867add877c18bf3affb03ddb4f2feca1ee47576007194378
sparknet-c16-dendritic-prune-no-kd-fc-only-d3,run_manifest,outputs/sparknet-c16-dendritic-prune-no-kd-fc-only-d3/seed4/manifest.yaml,75046,ed1eb897532cefbe76b4f7eadcc22fe47c5688eea9c889bae2a03bcb52efb4d9
sparknet-c16-dendritic-prune-no-kd-fc-only-d3,canonical_epoch_log,outputs/sparknet-c16-dendritic-prune-no-kd-fc-only-d3/seed4/metrics/sparsity/sparknet_c10/prune_supervised.jsonl,17749,d0d523a9c5056ee192e541853ba0cbc50706e31124d1c973a125cac8d4753140
sparknet-c16-dendritic-prune-no-kd-fc-only-d3,canonical_epoch_log,outputs/sparknet-c16-dendritic-prune-no-kd-fc-only-d3/seed4/metrics/sparsity/sparknet_c10_multilayer/pai.jsonl,593291,b1a527aeba0dc476415574593ec54a2690f7b2db211b2d09210e8c086bee5608
sparknet-c16-dendritic-prune-no-kd-fc-only-d3,canonical_epoch_log,outputs/sparknet-c16-dendritic-prune-no-kd-fc-only-d3/seed4/metrics/sparsity/sparknet_c10_multilayer/resume_supervised.jsonl,3536,cd3a216c107a74cce9094d7e46efdab90ffb30032691cd62cb411d5f1ed19af7
sparknet-c16-dendritic-prune-no-kd-fc-only-d3,canonical_epoch_log,outputs/sparknet-c16-dendritic-prune-no-kd-fc-only-d3/seed4/metrics/sparsity/sparknet_c12/prune_supervised.jsonl,17767,37a222b2d0461a4ac072ef6e2ef2e742f06fac35af4b40c2e9b523e83e10b35f
sparknet-c16-dendritic-prune-no-kd-fc-only-d3,canonical_epoch_log,outputs/sparknet-c16-dendritic-prune-no-kd-fc-only-d3/seed4/metrics/sparsity/sparknet_c12_multilayer/pai.jsonl,472530,cf7ab83fdaf925fc00819c559500d63b4602f903497c4b9304179432148d0485
sparknet-c16-dendritic-prune-no-kd-fc-only-d3,canonical_epoch_log,outputs/sparknet-c16-dendritic-prune-no-kd-fc-only-d3/seed4/metrics/sparsity/sparknet_c12_multilayer/resume_supervised.jsonl,3542,8478e05584d5c3097d5d1b3c9f7587c65bee5ab9d60bee43441656c1914001fa
sparknet-c16-dendritic-prune-no-kd-fc-only-d3,canonical_epoch_log,outputs/sparknet-c16-dendritic-prune-no-kd-fc-only-d3/seed4/metrics/sparsity/sparknet_c8/prune_supervised.jsonl,17772,caefa40e84dd68821e89ff0f898a8fbd75a2e22941fefd496c123474479ffc4b
sparknet-c16-dendritic-prune-no-kd-fc-only-d3,canonical_epoch_log,outputs/sparknet-c16-dendritic-prune-no-kd-fc-only-d3/seed4/metrics/sparsity/sparknet_c8_multilayer/pai.jsonl,570621,be3aa63edff7772fed15c799f60218d9e6e228db710632bae1d703d2422e0527
sparknet-c16-dendritic-prune-no-kd-fc-only-d3,canonical_epoch_log,outputs/sparknet-c16-dendritic-prune-no-kd-fc-only-d3/seed4/metrics/sparsity/sparknet_c8_multilayer/resume_supervised.jsonl,3535,3a4bf8094087d2bd8051c46671ec55065360f32ae17afee2302ac4a8f383b5c1
sparknet-c16-dendritic-prune-no-kd-fc-only-d3,training_summary,outputs/sparknet-c16-dendritic-prune-no-kd-fc-only-d3/seed4/metrics/summaries.yaml,477,3ef185408113ed8d1ac60bbfc581364c84623346a967c1ba9f2d451a8b9fa821
sparknet-c16-dendritic-prune-no-kd-fc-only-d3,canonical_pai_architecture_scores,outputs/sparknet-c16-dendritic-prune-no-kd-fc-only-d3/seed4/pai/candidates/sparknet_c10_multilayer/sparknet_c10_multilayer_best_arch_scores.csv,121,39598ad3030b735ebb804ce8a2b45add334b5c18e11554475802ab41573d1966
sparknet-c16-dendritic-prune-no-kd-fc-only-d3,canonical_pai_architecture_scores,outputs/sparknet-c16-dendritic-prune-no-kd-fc-only-d3/seed4/pai/candidates/sparknet_c12_multilayer/sparknet_c12_multilayer_best_arch_scores.csv,122,b397f5a3b5c77fc24dfe73f4eaf5598000cf0f80409efdc10c65fe4935581dbc
sparknet-c16-dendritic-prune-no-kd-fc-only-d3,canonical_pai_architecture_scores,outputs/sparknet-c16-dendritic-prune-no-kd-fc-only-d3/seed4/pai/candidates/sparknet_c8_multilayer/sparknet_c8_multilayer_best_arch_scores.csv,164,0023f0dd5777cd6beff819ea9392115037e1741332890d3ffd42876e1dbcf42e
sparknet-c16-dendritic-prune-no-kd-fc-only-d3,stage_report,outputs/sparknet-c16-dendritic-prune-no-kd-fc-only-d3/seed4/reports/sparknet_dendritic_prune_experiment.yaml,23834,81bf968a08f531c1bca53e5ee085c8c2c25d4bdcddcc03a290acc09fae45d61e
sparknet-c16-dendritic-prune-no-kd-gate-conv-d3,run_manifest,outputs/sparknet-c16-dendritic-prune-no-kd-gate-conv-d3/seed0/manifest.yaml,2317,444c4ff0403589bdfc30d621afd8320b207fcd6689e45cabb8bd2d483ea0a6a5
sparknet-c16-dendritic-prune-no-kd-gate-conv-d3,canonical_epoch_log,outputs/sparknet-c16-dendritic-prune-no-kd-gate-conv-d3/seed0/metrics/sparsity/sparknet_c12/prune_supervised.jsonl,17754,963fc5e3800c347ae39d5b807484b2ab6a82b95a841008afd9b79c07c8faed47
sparknet-c16-dendritic-prune-no-kd-gate-conv-d3,canonical_epoch_log,outputs/sparknet-c16-dendritic-prune-no-kd-gate-conv-d3/seed0/metrics/sparsity/sparknet_c12_multilayer/pai.jsonl,406934,7de5e60755d602407f074901d6bf71f12cad47b153f7117ca95cd0e59d97c1ef
sparknet-c16-dendritic-prune-no-kd-gate-conv-d3,training_summary,outputs/sparknet-c16-dendritic-prune-no-kd-gate-conv-d3/seed0/metrics/summaries.yaml,480,04562d7abd47bd9e581e96c0aedcb672464c303aec825ce5ff0168dc371e52d5
sparknet-c16-dendritic-prune-no-kd-gate-conv-d3,canonical_pai_architecture_scores,outputs/sparknet-c16-dendritic-prune-no-kd-gate-conv-d3/seed0/pai/candidates/sparknet_c12_multilayer/sparknet_c12_multilayer_best_arch_scores.csv,207,d75d539d9f06dcf00f7b52afa1d354d181d6ccad3787680310b9c05e21d116d6
sparknet-c16-dendritic-prune-no-kd-gate-conv-d3,stage_report,outputs/sparknet-c16-dendritic-prune-no-kd-gate-conv-d3/seed0/reports/sparknet_dendritic_prune_experiment.yaml,3586,0b877d0b6f44b22bc23432c1a5f580cb914c1ab742cb4c0a875c3f9d44444388
sparknet-c16-dendritic-prune-no-kd-gate-conv-d3,run_manifest,outputs/sparknet-c16-dendritic-prune-no-kd-gate-conv-d3/seed1/manifest.yaml,2317,179c93b17065f8360a93cb8fee22f85718e8bf5051af1113c5fd170c818e9749
sparknet-c16-dendritic-prune-no-kd-gate-conv-d3,canonical_epoch_log,outputs/sparknet-c16-dendritic-prune-no-kd-gate-conv-d3/seed1/metrics/sparsity/sparknet_c12/prune_supervised.jsonl,17742,f8c10e8e179b854c55c4e5bb1dbfd3096759200d3e1d2197f931eea853ba5242
sparknet-c16-dendritic-prune-no-kd-gate-conv-d3,canonical_epoch_log,outputs/sparknet-c16-dendritic-prune-no-kd-gate-conv-d3/seed1/metrics/sparsity/sparknet_c12_multilayer/pai.jsonl,404745,a5e087dac70104e9677a38fee2b2c6d01439ec12087a84f5ee2b77225902fd65
sparknet-c16-dendritic-prune-no-kd-gate-conv-d3,training_summary,outputs/sparknet-c16-dendritic-prune-no-kd-gate-conv-d3/seed1/metrics/summaries.yaml,479,2cdebaa5c1d616cd145ecc0d88e324d76b2bff8068148b947f1ddbde86bf7fe2
sparknet-c16-dendritic-prune-no-kd-gate-conv-d3,canonical_pai_architecture_scores,outputs/sparknet-c16-dendritic-prune-no-kd-gate-conv-d3/seed1/pai/candidates/sparknet_c12_multilayer/sparknet_c12_multilayer_best_arch_scores.csv,208,fc49c73862a1c23bce128028615efa76886020c2e8560ac5dc88e6aecc1d464c
sparknet-c16-dendritic-prune-no-kd-gate-conv-d3,stage_report,outputs/sparknet-c16-dendritic-prune-no-kd-gate-conv-d3/seed1/reports/sparknet_dendritic_prune_experiment.yaml,3585,cfa9d8a23b1ce98a29029692070f227dc75d6ea3c1b3ed4f3929ff49a8fe3b16
sparknet-c16-dendritic-prune-no-kd-gate-conv-d3,run_manifest,outputs/sparknet-c16-dendritic-prune-no-kd-gate-conv-d3/seed2/manifest.yaml,2317,dd1cc022664d576e7746750aa2fa45b2a572140c016701c2b5fe96adce969ef6
sparknet-c16-dendritic-prune-no-kd-gate-conv-d3,canonical_epoch_log,outputs/sparknet-c16-dendritic-prune-no-kd-gate-conv-d3/seed2/metrics/sparsity/sparknet_c12/prune_supervised.jsonl,17734,090b7c1d755a831d24b98a353badb424238eaa83fa9164e08a82297391fa7214
sparknet-c16-dendritic-prune-no-kd-gate-conv-d3,canonical_epoch_log,outputs/sparknet-c16-dendritic-prune-no-kd-gate-conv-d3/seed2/metrics/sparsity/sparknet_c12_multilayer/pai.jsonl,394393,6a853f4fe9be59bbe682a2acd95cc8d4e58696dffcb6bb553c7ad32d81a4b187
sparknet-c16-dendritic-prune-no-kd-gate-conv-d3,training_summary,outputs/sparknet-c16-dendritic-prune-no-kd-gate-conv-d3/seed2/metrics/summaries.yaml,480,be204f7e30c417da3f1672323664fb30ba1f59eb600fd6a44199497342a80192
sparknet-c16-dendritic-prune-no-kd-gate-conv-d3,canonical_pai_architecture_scores,outputs/sparknet-c16-dendritic-prune-no-kd-gate-conv-d3/seed2/pai/candidates/sparknet_c12_multilayer/sparknet_c12_multilayer_best_arch_scores.csv,206,025789131b778f5c4d5f8a2ad9fda0aa04d9c6c7b1648fe77c63b0b246e5d6f9
sparknet-c16-dendritic-prune-no-kd-gate-conv-d3,stage_report,outputs/sparknet-c16-dendritic-prune-no-kd-gate-conv-d3/seed2/reports/sparknet_dendritic_prune_experiment.yaml,3586,7f6161d8e79187d768bc3a771e62bccdd8bd149515e6b8b061494fc2fe1ac635
sparknet-c16-dendritic-prune-no-kd-gate-conv-d3,run_manifest,outputs/sparknet-c16-dendritic-prune-no-kd-gate-conv-d3/seed3/manifest.yaml,2318,49676cbd5877b5bd53bd7d580cdca58d173e32ed4154d4db8343b726148621bd
sparknet-c16-dendritic-prune-no-kd-gate-conv-d3,canonical_epoch_log,outputs/sparknet-c16-dendritic-prune-no-kd-gate-conv-d3/seed3/metrics/sparsity/sparknet_c12/prune_supervised.jsonl,2613,4d9355ce4b23293a7a0a350cbfcb150f6bb3c67ef106c0c27dbae09382daea55
sparknet-c16-dendritic-prune-no-kd-gate-conv-d3,stage_report,outputs/sparknet-c16-dendritic-prune-no-kd-gate-conv-d3/seed3/reports/sparknet_dendritic_prune_experiment.yaml,3586,63aaa81ea1c6b8bf3832a15605345a1ac6740de91b00e9fe1e63f25402f795ae
sparknet-c16-dendritic-prune-no-kd-gate-conv-d3,run_manifest,outputs/sparknet-c16-dendritic-prune-no-kd-gate-conv-d3/seed4/manifest.yaml,2318,c5c9d97270bf8f9ff17704ef7670479271bd1cd29ace3753d1593984793cadb9
sparknet-c16-dendritic-prune-no-kd-gate-conv-d3,canonical_epoch_log,outputs/sparknet-c16-dendritic-prune-no-kd-gate-conv-d3/seed4/metrics/sparsity/sparknet_c12/prune_supervised.jsonl,416,97c44361de071f2b23b81c24575c547e6d374e93ab4c27b3c9bf159a51a289ce
sparknet-c16-dendritic-prune-no-kd-gate-conv-d3,stage_report,outputs/sparknet-c16-dendritic-prune-no-kd-gate-conv-d3/seed4/reports/sparknet_dendritic_prune_experiment.yaml,3586,ec068b51ce2a92ac5f6a91bb53cb481d69178c9d6ee9312a506894ebde06002e
sparknet-c16-ptp,run_manifest,outputs/sparknet-c16-ptp/seed0/manifest.yaml,162067,d574fa55a93321acc1ceffe0ac43b4cb617928f2550ae2966d580506b7777f1c
sparknet-c16-ptp,canonical_epoch_log,outputs/sparknet-c16-ptp/seed0/metrics/sparsity/sparknet_c10/prune_supervised.jsonl,31323,5222a735602db4a25ae07c1f0dacd0ebb99cdd86eeb372868c71555d68cfdf68
sparknet-c16-ptp,canonical_epoch_log,outputs/sparknet-c16-ptp/seed0/metrics/sparsity/sparknet_c10_multilayer/pai.jsonl,97685,0919ebb4d20413ad55ad0a662f82239604162332cc2a819f278ed1c7ed698ade
sparknet-c16-ptp,canonical_epoch_log,outputs/sparknet-c16-ptp/seed0/metrics/sparsity/sparknet_c11/prune_supervised.jsonl,30901,c5ab301837c733345be7f770d8533ea849a62ce717cb8221f3dbf3885cd62bdb
sparknet-c16-ptp,canonical_epoch_log,outputs/sparknet-c16-ptp/seed0/metrics/sparsity/sparknet_c11_multilayer/pai.jsonl,64779,3af2545dbb43b26f41d57c3f3ef1a3da98e066b73c69a45e51718cfa5b3c5417
sparknet-c16-ptp,canonical_epoch_log,outputs/sparknet-c16-ptp/seed0/metrics/sparsity/sparknet_c13/prune_supervised.jsonl,16329,00cfe3264fcea552d7a32affed11cce4cdf6d30d5bc342008f702482375d593e
sparknet-c16-ptp,canonical_epoch_log,outputs/sparknet-c16-ptp/seed0/metrics/sparsity/sparknet_c13_multilayer/pai.jsonl,96833,c744971eee678aa4570a01178640296b4b4d3f14878015716693c9860c6ca3a4
sparknet-c16-ptp,canonical_epoch_log,outputs/sparknet-c16-ptp/seed0/metrics/sparsity/sparknet_c15/prune_supervised.jsonl,8811,e8f0dd08c35264145f8062b54ae1457b2ce33bcad7600eae4af94dcea84dbfa8
sparknet-c16-ptp,canonical_epoch_log,outputs/sparknet-c16-ptp/seed0/metrics/sparsity/sparknet_c15_multilayer/pai.jsonl,125404,4243fcb4453ed13a85b29d348c39e72f9bed8449f781d1399fb74d6a53abe7d5
sparknet-c16-ptp,canonical_epoch_log,outputs/sparknet-c16-ptp/seed0/metrics/sparsity/sparknet_c3/prune_supervised.jsonl,35341,4e766951710b24ed190891f4dcce2ab0383d84395f0468ac56d418bd24a12c22
sparknet-c16-ptp,canonical_epoch_log,outputs/sparknet-c16-ptp/seed0/metrics/sparsity/sparknet_c3_multilayer/pai.jsonl,201132,93d61c9b3a69e7a469472a358214ee16f890ab540cedbea3d06acbc003cc4adc
sparknet-c16-ptp,canonical_epoch_log,outputs/sparknet-c16-ptp/seed0/metrics/sparsity/sparknet_c6/prune_supervised.jsonl,35748,2247cb4a40996c437a894f6a8cad58f70d0f8994722f02b53ed6164654f9c6aa
sparknet-c16-ptp,canonical_epoch_log,outputs/sparknet-c16-ptp/seed0/metrics/sparsity/sparknet_c6_multilayer/pai.jsonl,127608,95f3f9f4d2913d618863dce6561ac85ae3ae7546cd732687f7f665034f444a4d
sparknet-c16-ptp,canonical_epoch_log,outputs/sparknet-c16-ptp/seed0/metrics/sparsity/sparknet_c8/prune_supervised.jsonl,34806,a9776d3905756ac2c3c2a0d860b71c507efc48ac8d93bae0f5071faadb47e737
sparknet-c16-ptp,canonical_epoch_log,outputs/sparknet-c16-ptp/seed0/metrics/sparsity/sparknet_c8_multilayer/pai.jsonl,152783,5b5783e716fcfda061054513b56e937c603b7606c80e5c365911a3da5c117ad4
sparknet-c16-ptp,training_summary,outputs/sparknet-c16-ptp/seed0/metrics/summaries.yaml,478,a4a27386ac53e15f4d00d55146736c27892a2d684d62a58bb70d548e226b0475
sparknet-c16-ptp,canonical_pai_architecture_scores,outputs/sparknet-c16-ptp/seed0/pai/candidates/sparknet_c10_multilayer/sparknet_c10_multilayer_best_arch_scores.csv,207,7f328752e223a088e3ebe3e6a2d615ce0f49cfa17e07b2c653588cf1cf3cb67b
sparknet-c16-ptp,canonical_pai_architecture_scores,outputs/sparknet-c16-ptp/seed0/pai/candidates/sparknet_c11_multilayer/sparknet_c11_multilayer_best_arch_scores.csv,207,63d6e6b484355beb039d8d75b6350eff843419876f1261025e8330e62eb66c44
sparknet-c16-ptp,canonical_pai_architecture_scores,outputs/sparknet-c16-ptp/seed0/pai/candidates/sparknet_c13_multilayer/sparknet_c13_multilayer_best_arch_scores.csv,207,b238ebec4076b3d4b1895dc7149d2da69b2aea85939392da2c72155e82e8b421
sparknet-c16-ptp,canonical_pai_architecture_scores,outputs/sparknet-c16-ptp/seed0/pai/candidates/sparknet_c15_multilayer/sparknet_c15_multilayer_best_arch_scores.csv,122,f9fc7883e1c8db43ac5b4598ac47b9175b2c4969f3dafcdc475896378703c668
sparknet-c16-ptp,canonical_pai_architecture_scores,outputs/sparknet-c16-ptp/seed0/pai/candidates/sparknet_c3_multilayer/sparknet_c3_multilayer_best_arch_scores.csv,208,9ca5d3100a5d3676aa2e8c48afc7cfe37c49523e898983e69969ee76c0adc97f
sparknet-c16-ptp,canonical_pai_architecture_scores,outputs/sparknet-c16-ptp/seed0/pai/candidates/sparknet_c6_multilayer/sparknet_c6_multilayer_best_arch_scores.csv,206,7c0f1df8d69bba2f5c7dc91e2f2f0848f5981c27d3296b2c4c0b2ad46c2d32cd
sparknet-c16-ptp,canonical_pai_architecture_scores,outputs/sparknet-c16-ptp/seed0/pai/candidates/sparknet_c8_multilayer/sparknet_c8_multilayer_best_arch_scores.csv,205,7a539910a1603a1628ebfd0525761f3f107b750e388db4e9eb7b50fa106de3d3
sparknet-c16-ptp,stage_report,outputs/sparknet-c16-ptp/seed0/reports/sparknet_dendritic_prune_experiment.yaml,20931,f40fb1e03993371d4b0be45ab160a63b4581dbdd5e0a257f055a68a8df36534d
sparknet-c16-ptp,run_manifest,outputs/sparknet-c16-ptp/seed1/manifest.yaml,151125,87ab6f8fe6c0502c1e1aba40fc516ba05c89af186b915ff3bee2453639664b9f
sparknet-c16-ptp,canonical_epoch_log,outputs/sparknet-c16-ptp/seed1/metrics/sparsity/sparknet_c10/prune_supervised.jsonl,19405,820333206b5f7dce1bd5cbf88cdfbaec99d14d562bd32d5152fd1486cab7d5f2
sparknet-c16-ptp,canonical_epoch_log,outputs/sparknet-c16-ptp/seed1/metrics/sparsity/sparknet_c10_multilayer/pai.jsonl,122747,8c59569e801f9114a815884bdf95e261e593784bdacb6f608eab45fe65e12a63
sparknet-c16-ptp,canonical_epoch_log,outputs/sparknet-c16-ptp/seed1/metrics/sparsity/sparknet_c11/prune_supervised.jsonl,21152,fb6f93c5c9272392bb19b3841d14ffd7edec43d0ba0a38d87789fb646316d4e0
sparknet-c16-ptp,canonical_epoch_log,outputs/sparknet-c16-ptp/seed1/metrics/sparsity/sparknet_c11_multilayer/pai.jsonl,114975,ef785e5b4b78e23ad3352fc118ae1879137ee21af015f29701777e1473cdf828
sparknet-c16-ptp,canonical_epoch_log,outputs/sparknet-c16-ptp/seed1/metrics/sparsity/sparknet_c13/prune_supervised.jsonl,11904,9752845864c7d9f2f15891adc34fcc504e132ea3fde4c8048d2cffe9c7c99ced
sparknet-c16-ptp,canonical_epoch_log,outputs/sparknet-c16-ptp/seed1/metrics/sparsity/sparknet_c13_multilayer/pai.jsonl,128919,8107c04c4abbc761820289e75a2461cde8b2083507277e209f521108a20d03f8
sparknet-c16-ptp,canonical_epoch_log,outputs/sparknet-c16-ptp/seed1/metrics/sparsity/sparknet_c15/prune_supervised.jsonl,7043,3993476b4954c3a5af580c7d2073c111c8059897628ec3a0170ab43560a51d2d
sparknet-c16-ptp,canonical_epoch_log,outputs/sparknet-c16-ptp/seed1/metrics/sparsity/sparknet_c15_multilayer/pai.jsonl,84628,c76b9e42e05daa967da9e70dce0d201195436e6692855157dc0299f2e8ffc6cb
sparknet-c16-ptp,canonical_epoch_log,outputs/sparknet-c16-ptp/seed1/metrics/sparsity/sparknet_c3/prune_supervised.jsonl,40722,fa7d8d2daaec2f45d1efd6a695873be4e84019e0d0b8e09417d0e21f303a1253
sparknet-c16-ptp,canonical_epoch_log,outputs/sparknet-c16-ptp/seed1/metrics/sparsity/sparknet_c3_multilayer/pai.jsonl,175144,b440852307c3ac893c72eacb17406732890aa3a6e5c15276092110ed154cd520
sparknet-c16-ptp,canonical_epoch_log,outputs/sparknet-c16-ptp/seed1/metrics/sparsity/sparknet_c6/prune_supervised.jsonl,41962,9d6434f3c0d6124e2d01bf6db3fb2746de42630cc7bc0c34ab2d483878d3f959
sparknet-c16-ptp,canonical_epoch_log,outputs/sparknet-c16-ptp/seed1/metrics/sparsity/sparknet_c6_multilayer/pai.jsonl,109515,efe5b2ab2e3d46bb6539a99459b132eb2e01b2a252f04163183e839b12bafb9b
sparknet-c16-ptp,canonical_epoch_log,outputs/sparknet-c16-ptp/seed1/metrics/sparsity/sparknet_c8/prune_supervised.jsonl,33533,23c355feccae622de0b11821ec97f6ebf25591944fab114b2b1787949dd53f08
sparknet-c16-ptp,canonical_epoch_log,outputs/sparknet-c16-ptp/seed1/metrics/sparsity/sparknet_c8_multilayer/pai.jsonl,116588,21bdba503e39b5da77378e4b70c464052845e2ce86d4333a7be728999d21778e
sparknet-c16-ptp,training_summary,outputs/sparknet-c16-ptp/seed1/metrics/summaries.yaml,478,e01979f7f2d846c351ceb8e2ac51cce3dd8286f1975a9fcb26762bb65b02ef53
sparknet-c16-ptp,canonical_pai_architecture_scores,outputs/sparknet-c16-ptp/seed1/pai/candidates/sparknet_c10_multilayer/sparknet_c10_multilayer_best_arch_scores.csv,208,c80f61a334da776852ef5ea22bceed62579d202bdfb2e630b07290af65f2c03c
sparknet-c16-ptp,canonical_pai_architecture_scores,outputs/sparknet-c16-ptp/seed1/pai/candidates/sparknet_c11_multilayer/sparknet_c11_multilayer_best_arch_scores.csv,208,256fa4f3b413b0a382efd3d9d17922432cd1372cf7546092e760cfbf30bd52d4
sparknet-c16-ptp,canonical_pai_architecture_scores,outputs/sparknet-c16-ptp/seed1/pai/candidates/sparknet_c13_multilayer/sparknet_c13_multilayer_best_arch_scores.csv,207,15e4665c5f9e9eb0bcf46d4c30676551016268ad58e84be0c4c90bdf7962ecb8
sparknet-c16-ptp,canonical_pai_architecture_scores,outputs/sparknet-c16-ptp/seed1/pai/candidates/sparknet_c15_multilayer/sparknet_c15_multilayer_best_arch_scores.csv,79,ac2da194ea3c1527cbd5948bc2a959fb810199aa52b6cd53a474fdd9a6a21937
sparknet-c16-ptp,canonical_pai_architecture_scores,outputs/sparknet-c16-ptp/seed1/pai/candidates/sparknet_c3_multilayer/sparknet_c3_multilayer_best_arch_scores.csv,208,28cd97eddfa345b1b378c3d24200a71b20d87392ee61d1bdbe74a808ff5007e3
sparknet-c16-ptp,canonical_pai_architecture_scores,outputs/sparknet-c16-ptp/seed1/pai/candidates/sparknet_c6_multilayer/sparknet_c6_multilayer_best_arch_scores.csv,206,4ee87749ca895118a98d335c261ee92a0d120e805146ee6e9a9d6f01a231a014
sparknet-c16-ptp,canonical_pai_architecture_scores,outputs/sparknet-c16-ptp/seed1/pai/candidates/sparknet_c8_multilayer/sparknet_c8_multilayer_best_arch_scores.csv,207,a7748b7532f446bc79317c37521da6997a089ce06eefc076dc7c3d0d49eca0dc
sparknet-c16-ptp,stage_report,outputs/sparknet-c16-ptp/seed1/reports/sparknet_dendritic_prune_experiment.yaml,20863,336aa4648afa74f8b5259a7f8e0ece3643c14ef25b91596c9c3043a5c8f8cecd
sparknet-c16-ptp,run_manifest,outputs/sparknet-c16-ptp/seed2/manifest.yaml,161906,752530e6128652ce210914e5d8be76da0e7b2051fe610b00246c1a9563e6f105
sparknet-c16-ptp,canonical_epoch_log,outputs/sparknet-c16-ptp/seed2/metrics/sparsity/sparknet_c10/prune_supervised.jsonl,29155,1ebc2b5ff74472ad38dad799bd3434d76bc49f59c9737bf52ee8fa475ba691ef
sparknet-c16-ptp,canonical_epoch_log,outputs/sparknet-c16-ptp/seed2/metrics/sparsity/sparknet_c10_multilayer/pai.jsonl,79340,ca4af696c88e250a589b060d6131646d246ffb79746af97894a85467f5cf00dc
sparknet-c16-ptp,canonical_epoch_log,outputs/sparknet-c16-ptp/seed2/metrics/sparsity/sparknet_c11/prune_supervised.jsonl,23837,84b1b2f99f7bf2bf27cf101b014e959479c98de50628029f564a6d6555abad27
sparknet-c16-ptp,canonical_epoch_log,outputs/sparknet-c16-ptp/seed2/metrics/sparsity/sparknet_c11_multilayer/pai.jsonl,79493,f6bacae976129096bacb5715f6f9ae38c3dd53d82040b3f6f42366264eaeeb4a
sparknet-c16-ptp,canonical_epoch_log,outputs/sparknet-c16-ptp/seed2/metrics/sparsity/sparknet_c13/prune_supervised.jsonl,21625,8330b1914db4b39a0a64bc387baeba7eb103462e9705cc47a55a2c4b4e290ffd
sparknet-c16-ptp,canonical_epoch_log,outputs/sparknet-c16-ptp/seed2/metrics/sparsity/sparknet_c13_multilayer/pai.jsonl,109816,4454af1ae8c48c550db54fb64bb0fe27b356be4f2e02b5646ee071d83feea2ec
sparknet-c16-ptp,canonical_epoch_log,outputs/sparknet-c16-ptp/seed2/metrics/sparsity/sparknet_c15/prune_supervised.jsonl,10163,a8b4eca1ffbcb45b5700f1fee20ff9811d2c7e0a69ef14e94344b91bf90948a5
sparknet-c16-ptp,canonical_epoch_log,outputs/sparknet-c16-ptp/seed2/metrics/sparsity/sparknet_c15_multilayer/pai.jsonl,109056,af7edba4894ba99a598b2226d8629ff9fa329e7fc99554b6de5c08bd9199bbae
sparknet-c16-ptp,canonical_epoch_log,outputs/sparknet-c16-ptp/seed2/metrics/sparsity/sparknet_c3/prune_supervised.jsonl,57596,97e3e180d6fc96e685a9b61201995eda007ce4537eab2b84b4d134fc867fae8a
sparknet-c16-ptp,canonical_epoch_log,outputs/sparknet-c16-ptp/seed2/metrics/sparsity/sparknet_c3_multilayer/pai.jsonl,142431,b18ed26964b235e87ea1c8bca6973b9e47f9ab2731ca3b592fabe3011ff10864
sparknet-c16-ptp,canonical_epoch_log,outputs/sparknet-c16-ptp/seed2/metrics/sparsity/sparknet_c6/prune_supervised.jsonl,48571,c5b6f18383cc96aa51fc52839469ba810fe6bfe19dbc0ac7bdd9a762633b49b5
sparknet-c16-ptp,canonical_epoch_log,outputs/sparknet-c16-ptp/seed2/metrics/sparsity/sparknet_c6_multilayer/pai.jsonl,79251,df045a58686db7c7fc13b1ee69417de1b2e9644bda5344a6c6f652ef8780abbe
sparknet-c16-ptp,canonical_epoch_log,outputs/sparknet-c16-ptp/seed2/metrics/sparsity/sparknet_c8/prune_supervised.jsonl,27782,d667e670603f505f2755b74d3f477412a39a2d7e8d8b1546ad0846f520a199ec
sparknet-c16-ptp,canonical_epoch_log,outputs/sparknet-c16-ptp/seed2/metrics/sparsity/sparknet_c8_multilayer/pai.jsonl,144421,9d5cf35ae0d3b608666a48f065fed58663d44b6868aa91563e4473822843ca45
sparknet-c16-ptp,training_summary,outputs/sparknet-c16-ptp/seed2/metrics/summaries.yaml,479,e0a5822ea1e64c472eea84b028c417abae5785a5795f05cb2a88f344b9f0e4d2
sparknet-c16-ptp,canonical_pai_architecture_scores,outputs/sparknet-c16-ptp/seed2/pai/candidates/sparknet_c10_multilayer/sparknet_c10_multilayer_best_arch_scores.csv,206,82c26eaed7ab45b789adb511c5dec226a684b1f9cb278e45bf5e0f4d022f6a97
sparknet-c16-ptp,canonical_pai_architecture_scores,outputs/sparknet-c16-ptp/seed2/pai/candidates/sparknet_c11_multilayer/sparknet_c11_multilayer_best_arch_scores.csv,208,d53315dd6274992d685a9737966402660595f599de1fc9b1a05771451d467623
sparknet-c16-ptp,canonical_pai_architecture_scores,outputs/sparknet-c16-ptp/seed2/pai/candidates/sparknet_c13_multilayer/sparknet_c13_multilayer_best_arch_scores.csv,208,6b1fea0fdf023b6aed89ad662da0fd09121e9e572c4122502cfc66a5788aec7e
sparknet-c16-ptp,canonical_pai_architecture_scores,outputs/sparknet-c16-ptp/seed2/pai/candidates/sparknet_c15_multilayer/sparknet_c15_multilayer_best_arch_scores.csv,165,9a6a41b5fa947badbf3ed49c6c0d98819f0a91f534f78df6e2d113af98b2e16c
sparknet-c16-ptp,canonical_pai_architecture_scores,outputs/sparknet-c16-ptp/seed2/pai/candidates/sparknet_c3_multilayer/sparknet_c3_multilayer_best_arch_scores.csv,208,ab93debeeb3f8046a5e398cb5242289940b72df27c12f589f672feba5765c706
sparknet-c16-ptp,canonical_pai_architecture_scores,outputs/sparknet-c16-ptp/seed2/pai/candidates/sparknet_c6_multilayer/sparknet_c6_multilayer_best_arch_scores.csv,206,3c607478f810a534642c492b648df1d403f0b48c64323e3d93f51833008140cf
sparknet-c16-ptp,canonical_pai_architecture_scores,outputs/sparknet-c16-ptp/seed2/pai/candidates/sparknet_c8_multilayer/sparknet_c8_multilayer_best_arch_scores.csv,208,19c2f6f8bc08182008d579c4fbc09bbc4111eb4660815278c88cb687267ef734
sparknet-c16-ptp,stage_report,outputs/sparknet-c16-ptp/seed2/reports/sparknet_dendritic_prune_experiment.yaml,20931,05fc97881b96a1c48101930ef76d69d7f486d572af54934438fc4b58e11f4fb9
sparknet-c16-ptp,run_manifest,outputs/sparknet-c16-ptp/seed3/manifest.yaml,165663,303cbafb90c1e6f41917ce74b97f9b2a18d1823e81249383847ba4519807a869
sparknet-c16-ptp,canonical_epoch_log,outputs/sparknet-c16-ptp/seed3/metrics/sparsity/sparknet_c10/prune_supervised.jsonl,28649,e786897b033400d64f30935782085a60b1fd3cdb4bd757d80e4bab68838438fc
sparknet-c16-ptp,canonical_epoch_log,outputs/sparknet-c16-ptp/seed3/metrics/sparsity/sparknet_c10_multilayer/pai.jsonl,95895,fe858728bf691b343df8d0ba66c8216d81040c17d5e44d76bed7bc0fa9ae619a
sparknet-c16-ptp,canonical_epoch_log,outputs/sparknet-c16-ptp/seed3/metrics/sparsity/sparknet_c11/prune_supervised.jsonl,36197,f0c1acb32474fa65efa16db1c3c8b67acc51782c7a7d697f3f6c3970aad1b522
sparknet-c16-ptp,canonical_epoch_log,outputs/sparknet-c16-ptp/seed3/metrics/sparsity/sparknet_c11_multilayer/pai.jsonl,122787,8b52598ac7056d4bd84a017b56c50c91c8cd6c15f93a1896fd0eea271dec23db
sparknet-c16-ptp,canonical_epoch_log,outputs/sparknet-c16-ptp/seed3/metrics/sparsity/sparknet_c13/prune_supervised.jsonl,15886,9d0f69132c35944800b80bd3c506ec0ce1da1be8b12179fcc405b99fafac4c33
sparknet-c16-ptp,canonical_epoch_log,outputs/sparknet-c16-ptp/seed3/metrics/sparsity/sparknet_c13_multilayer/pai.jsonl,149671,b20dce07c4abb42b9d1fac1aecc9488fba0ff0252e417cd5806bc46a9fc06386
sparknet-c16-ptp,canonical_epoch_log,outputs/sparknet-c16-ptp/seed3/metrics/sparsity/sparknet_c15/prune_supervised.jsonl,5735,270d545532827ab1781c882adc1990546ac33044d265d77bf9a97e3b11a88b98
sparknet-c16-ptp,canonical_epoch_log,outputs/sparknet-c16-ptp/seed3/metrics/sparsity/sparknet_c15_multilayer/pai.jsonl,125473,09d66b8d5fa0b3c256b931d6fdb6d804c1be9cb5bce57f0465db6d96e85bc5d3
sparknet-c16-ptp,canonical_epoch_log,outputs/sparknet-c16-ptp/seed3/metrics/sparsity/sparknet_c3/prune_supervised.jsonl,3969,c4b9f92e2dfb29bf4f508a1b3fe9e713166370056faed564c6bc0ce973891316
sparknet-c16-ptp,canonical_epoch_log,outputs/sparknet-c16-ptp/seed3/metrics/sparsity/sparknet_c3_multilayer/pai.jsonl,172533,c78fef2b184dee9a3cb0333b1e3ee59dbc0ba5eabb21368b708fb29c9143910c
sparknet-c16-ptp,canonical_epoch_log,outputs/sparknet-c16-ptp/seed3/metrics/sparsity/sparknet_c6/prune_supervised.jsonl,35254,088641a57754f71e55e15317115fba053dc42b02b475da7bbb6651dac7dd842a
sparknet-c16-ptp,canonical_epoch_log,outputs/sparknet-c16-ptp/seed3/metrics/sparsity/sparknet_c6_multilayer/pai.jsonl,132788,8fcdf256e22921306b046ee8c949532a6d1559ad1c6b1b03b21284dcbfa7ce22
sparknet-c16-ptp,canonical_epoch_log,outputs/sparknet-c16-ptp/seed3/metrics/sparsity/sparknet_c8/prune_supervised.jsonl,34378,f99d3ed6b20a95d7d136221b239133d962de5fc59a594516b59c90c18ae8c454
sparknet-c16-ptp,canonical_epoch_log,outputs/sparknet-c16-ptp/seed3/metrics/sparsity/sparknet_c8_multilayer/pai.jsonl,94971,97d05cc3121ce3b399f1391de7b8453daaae7f0aea368f0c9032181a898261e3
sparknet-c16-ptp,training_summary,outputs/sparknet-c16-ptp/seed3/metrics/summaries.yaml,477,39638055c49d226328206a0892ab942b98f9923a4aeff3af086c18b105844f29
sparknet-c16-ptp,canonical_pai_architecture_scores,outputs/sparknet-c16-ptp/seed3/pai/candidates/sparknet_c10_multilayer/sparknet_c10_multilayer_best_arch_scores.csv,207,c8b1e304591f216623bbaa930f26565ac13021e0733e2b85556a3998ccbc362b
sparknet-c16-ptp,canonical_pai_architecture_scores,outputs/sparknet-c16-ptp/seed3/pai/candidates/sparknet_c11_multilayer/sparknet_c11_multilayer_best_arch_scores.csv,207,23ca1e4347f34c097bc750085e62b6f7e4b93d31df86a15d6402346bb819762c
sparknet-c16-ptp,canonical_pai_architecture_scores,outputs/sparknet-c16-ptp/seed3/pai/candidates/sparknet_c13_multilayer/sparknet_c13_multilayer_best_arch_scores.csv,164,6c60d9cb3f945403f3ba6aca4501c93f27c0697b959cca3b78f2a5af50cda088
sparknet-c16-ptp,canonical_pai_architecture_scores,outputs/sparknet-c16-ptp/seed3/pai/candidates/sparknet_c15_multilayer/sparknet_c15_multilayer_best_arch_scores.csv,207,d90a92442b33af13855b0ae62c1fe5e54a76ab788c2b01c85808b88c622ca011
sparknet-c16-ptp,canonical_pai_architecture_scores,outputs/sparknet-c16-ptp/seed3/pai/candidates/sparknet_c3_multilayer/sparknet_c3_multilayer_best_arch_scores.csv,208,3f81b784e7629a18fe9c7d790681b4ad383535257fa72fb2ab7401bcf3573566
sparknet-c16-ptp,canonical_pai_architecture_scores,outputs/sparknet-c16-ptp/seed3/pai/candidates/sparknet_c6_multilayer/sparknet_c6_multilayer_best_arch_scores.csv,205,4a4df0655c532121e2dc05d7dd1333ef5baf6fa81b85cfdf2f870215a63f7b69
sparknet-c16-ptp,canonical_pai_architecture_scores,outputs/sparknet-c16-ptp/seed3/pai/candidates/sparknet_c8_multilayer/sparknet_c8_multilayer_best_arch_scores.csv,207,01d067ec869abbfa411da7ba9f7c186a2f1258b3e5130f80d6559fff2444874a
sparknet-c16-ptp,stage_report,outputs/sparknet-c16-ptp/seed3/reports/sparknet_dendritic_prune_experiment.yaml,20955,3993dca5750e2ba165d304f75245fc9655068e601578a9a2d3ff5b683e31e6a2
sparknet-c16-ptp,run_manifest,outputs/sparknet-c16-ptp/seed4/manifest.yaml,163796,8e88211226db3891327495c14b61ee4eb8a467aee22efcfb8c802044071fc7f1
sparknet-c16-ptp,canonical_epoch_log,outputs/sparknet-c16-ptp/seed4/metrics/sparsity/sparknet_c10/prune_supervised.jsonl,25155,b4bb2157fb44b7bb8c808805a25267d36c1f42146742f720283758669d2c488d
sparknet-c16-ptp,canonical_epoch_log,outputs/sparknet-c16-ptp/seed4/metrics/sparsity/sparknet_c10_multilayer/pai.jsonl,120948,83e81aa2e92b0dd589ac702504e79f034a23c0f9b5addd87b322a2f33bb4c5d0
sparknet-c16-ptp,canonical_epoch_log,outputs/sparknet-c16-ptp/seed4/metrics/sparsity/sparknet_c11/prune_supervised.jsonl,17193,f6c835d2ec31daa3ec93165f6ba9c6c695286a168a4afc667be7262d49067e9e
sparknet-c16-ptp,canonical_epoch_log,outputs/sparknet-c16-ptp/seed4/metrics/sparsity/sparknet_c11_multilayer/pai.jsonl,97586,2bd30b5f52926890a96a9b22597768e58d5f38c30b1adfbf9ccb357dbe416d39
sparknet-c16-ptp,canonical_epoch_log,outputs/sparknet-c16-ptp/seed4/metrics/sparsity/sparknet_c13/prune_supervised.jsonl,16359,9151f712004fb1d4e7e0f31a48c95d52b71e32edb54253f8ee35fea46eaf3bb2
sparknet-c16-ptp,canonical_epoch_log,outputs/sparknet-c16-ptp/seed4/metrics/sparsity/sparknet_c13_multilayer/pai.jsonl,118534,c902a263385484657a34c3d80e8a8e247b8c29836034e25f5730b5a5b6dd9660
sparknet-c16-ptp,canonical_epoch_log,outputs/sparknet-c16-ptp/seed4/metrics/sparsity/sparknet_c15/prune_supervised.jsonl,6164,c73f5089c0674a339da902829e4bce9a4cabd8b2177d60472cd931660ae61c7a
sparknet-c16-ptp,canonical_epoch_log,outputs/sparknet-c16-ptp/seed4/metrics/sparsity/sparknet_c15_multilayer/pai.jsonl,121979,5d9d926798f063698419d5cb1585a7abc0820659794df27848868b7bf24b5f55
sparknet-c16-ptp,canonical_epoch_log,outputs/sparknet-c16-ptp/seed4/metrics/sparsity/sparknet_c3/prune_supervised.jsonl,5305,37a64488c439e67f0f55285029d2a6e10343c48f09c6d19afed4429cdcf07326
sparknet-c16-ptp,canonical_epoch_log,outputs/sparknet-c16-ptp/seed4/metrics/sparsity/sparknet_c3_multilayer/pai.jsonl,188832,b7295a62b878d9f34ca3ca45c06719f289eb906e19db533226260a4a748b3810
sparknet-c16-ptp,canonical_epoch_log,outputs/sparknet-c16-ptp/seed4/metrics/sparsity/sparknet_c6/prune_supervised.jsonl,52998,e1b4628ae639060d47159df3efd075357a6de88d792335abc3246b490226468a
sparknet-c16-ptp,canonical_epoch_log,outputs/sparknet-c16-ptp/seed4/metrics/sparsity/sparknet_c6_multilayer/pai.jsonl,128544,1cc6dc72c288edb8dcb67328c84c9cc1f197936c0eec0ab4ab2e72e1f2572ee3
sparknet-c16-ptp,canonical_epoch_log,outputs/sparknet-c16-ptp/seed4/metrics/sparsity/sparknet_c8/prune_supervised.jsonl,33940,228b9ad69cf8c088859eaa4314c9600cdc286251d07c9e54a2bf0c6586369e66
sparknet-c16-ptp,canonical_epoch_log,outputs/sparknet-c16-ptp/seed4/metrics/sparsity/sparknet_c8_multilayer/pai.jsonl,120129,47f9c5159217fabd31e6b08f3176d504d3335ce4fbd4f4467ea2b7ac5b23eafb
sparknet-c16-ptp,training_summary,outputs/sparknet-c16-ptp/seed4/metrics/summaries.yaml,479,c927e8ec13b42595209cd6ef0400ead4ec8c1d1bdfcab68fc8c73b2b0b371294
sparknet-c16-ptp,canonical_pai_architecture_scores,outputs/sparknet-c16-ptp/seed4/pai/candidates/sparknet_c10_multilayer/sparknet_c10_multilayer_best_arch_scores.csv,207,b22b66ff0bce51a662bd63751ebca77f6fa8ed7984fb3f54ff125bf417e45ba6
sparknet-c16-ptp,canonical_pai_architecture_scores,outputs/sparknet-c16-ptp/seed4/pai/candidates/sparknet_c11_multilayer/sparknet_c11_multilayer_best_arch_scores.csv,208,d5fe2916f399e90b466cdaa78a6f604d362c7e0a0ff3edb123dd3fec74f32363
sparknet-c16-ptp,canonical_pai_architecture_scores,outputs/sparknet-c16-ptp/seed4/pai/candidates/sparknet_c13_multilayer/sparknet_c13_multilayer_best_arch_scores.csv,165,c722142a86be26032d6ac185b16c909851dd9c7d073ef45279c9f287bfd1b671
sparknet-c16-ptp,canonical_pai_architecture_scores,outputs/sparknet-c16-ptp/seed4/pai/candidates/sparknet_c15_multilayer/sparknet_c15_multilayer_best_arch_scores.csv,208,31facff6517bf8f2380664aed90fe3f5dc0b075f917a2301f48c86cfd4ac708d
sparknet-c16-ptp,canonical_pai_architecture_scores,outputs/sparknet-c16-ptp/seed4/pai/candidates/sparknet_c3_multilayer/sparknet_c3_multilayer_best_arch_scores.csv,208,1b1b349b4fd3dfbb1fc06588e7e0f0321798ca71da9a88ead6603b3707529782
sparknet-c16-ptp,canonical_pai_architecture_scores,outputs/sparknet-c16-ptp/seed4/pai/candidates/sparknet_c6_multilayer/sparknet_c6_multilayer_best_arch_scores.csv,206,fb13e3f252885a625bedd5436cae1e7a76e9b396af73104ccbb3f9ba79cd383f
sparknet-c16-ptp,canonical_pai_architecture_scores,outputs/sparknet-c16-ptp/seed4/pai/candidates/sparknet_c8_multilayer/sparknet_c8_multilayer_best_arch_scores.csv,208,a203f2169b8595d2041bbb1648dd1de7ba44581c442a4b8ca00159032f8fac0e
sparknet-c16-ptp,stage_report,outputs/sparknet-c16-ptp/seed4/reports/sparknet_dendritic_prune_experiment.yaml,20949,4b7db6163fcb4bd7608dc3b1cd80acff8647de4e2d12f55f6d6481f47dec01ee
sparknet-c16-ptp,run_manifest,outputs/sparknet-c16-ptp/seed5/manifest.yaml,163785,3c03143983bff48d25a1ae572d8b4b3ef6395800ea93d8148f3759abc4e6b35d
sparknet-c16-ptp,canonical_epoch_log,outputs/sparknet-c16-ptp/seed5/metrics/sparsity/sparknet_c10/prune_supervised.jsonl,32208,5bd4fdcbd6a495ec1b48ac066aeed28331d9e33c5c62745f0421db04f4537cf9
sparknet-c16-ptp,canonical_epoch_log,outputs/sparknet-c16-ptp/seed5/metrics/sparsity/sparknet_c10_multilayer/pai.jsonl,88131,cf2f2f517394962f3891d41b8f00441f9d6aaeea066b7c81c8223afc9a090e9f
sparknet-c16-ptp,canonical_epoch_log,outputs/sparknet-c16-ptp/seed5/metrics/sparsity/sparknet_c11/prune_supervised.jsonl,24728,02e5538be446f8ad7860ce523303dda1c424a826d9e4e3ec460d88793a576605
sparknet-c16-ptp,canonical_epoch_log,outputs/sparknet-c16-ptp/seed5/metrics/sparsity/sparknet_c11_multilayer/pai.jsonl,128891,60ddf937f9be29ff1402ecca9436ccdf5856f484a7ac51a02b360cd9f42003bf
sparknet-c16-ptp,canonical_epoch_log,outputs/sparknet-c16-ptp/seed5/metrics/sparsity/sparknet_c13/prune_supervised.jsonl,21675,18a9a0b5b2aae37751e5d308787c7081a0a10411e81f84cc11acb395cb2351aa
sparknet-c16-ptp,canonical_epoch_log,outputs/sparknet-c16-ptp/seed5/metrics/sparsity/sparknet_c13_multilayer/pai.jsonl,95102,ae95dcd0ac0f808c9d157368aab0c81f0c2510ad27603b1acc972a3c0b5d5736
sparknet-c16-ptp,canonical_epoch_log,outputs/sparknet-c16-ptp/seed5/metrics/sparsity/sparknet_c15/prune_supervised.jsonl,10158,bafcab51284806f7d1fdabe2d1ecb7a38acf05c1d8f3f4707d2c32d197746e89
sparknet-c16-ptp,canonical_epoch_log,outputs/sparknet-c16-ptp/seed5/metrics/sparsity/sparknet_c15_multilayer/pai.jsonl,109799,3cbabf5099a123c25972470c95e949007e7dec322ee73cf89114ef22f62e94c6
sparknet-c16-ptp,canonical_epoch_log,outputs/sparknet-c16-ptp/seed5/metrics/sparsity/sparknet_c3/prune_supervised.jsonl,56196,e468b3293c946ccfeef99581d4c072e6140f86023dfa94f0e59d94d5c275d81a
sparknet-c16-ptp,canonical_epoch_log,outputs/sparknet-c16-ptp/seed5/metrics/sparsity/sparknet_c3_multilayer/pai.jsonl,136250,c34ff3eac8b2519bd84c5036d808e548d33a067543e047dc9aafbb3c5aaea574
sparknet-c16-ptp,canonical_epoch_log,outputs/sparknet-c16-ptp/seed5/metrics/sparsity/sparknet_c6/prune_supervised.jsonl,38321,9480ab1cd8134610a3538b8df99c6d72f265cbdbddc355b752df756c72bb9663
sparknet-c16-ptp,canonical_epoch_log,outputs/sparknet-c16-ptp/seed5/metrics/sparsity/sparknet_c6_multilayer/pai.jsonl,163886,40b16c3d578b80c615a5b3e6c0dbb265aef26c656a91c633db800730f1c606e0
sparknet-c16-ptp,canonical_epoch_log,outputs/sparknet-c16-ptp/seed5/metrics/sparsity/sparknet_c8/prune_supervised.jsonl,33119,a9f8cff1593ba3590e7b9f854f6659be3c5aacdcad20eba244128c53fcd8d678
sparknet-c16-ptp,canonical_epoch_log,outputs/sparknet-c16-ptp/seed5/metrics/sparsity/sparknet_c8_multilayer/pai.jsonl,95871,e6fdc8924bf461758a12d91b3f668781b0370b7a4789e24447bc5298256b59f2
sparknet-c16-ptp,training_summary,outputs/sparknet-c16-ptp/seed5/metrics/summaries.yaml,480,a69dd586dc63f752e93a872ca8697b850f867af6087bd268cd8ca146f723c11b
sparknet-c16-ptp,canonical_pai_architecture_scores,outputs/sparknet-c16-ptp/seed5/pai/candidates/sparknet_c10_multilayer/sparknet_c10_multilayer_best_arch_scores.csv,205,55b2a952a69925575be4e2b1a20fc8e6c86bbdfe4adcf5528efeb22deee06fc3
sparknet-c16-ptp,canonical_pai_architecture_scores,outputs/sparknet-c16-ptp/seed5/pai/candidates/sparknet_c11_multilayer/sparknet_c11_multilayer_best_arch_scores.csv,206,144eaea2c67b338dfa2493062fcb18b97c2237469fb89dbe91ede5d12cf1d9f1
sparknet-c16-ptp,canonical_pai_architecture_scores,outputs/sparknet-c16-ptp/seed5/pai/candidates/sparknet_c13_multilayer/sparknet_c13_multilayer_best_arch_scores.csv,206,da3a9ebf9d3b75d8dd773c39eeb4457d60a48e1b880ed6c265f9b87a5a4f6c6f
sparknet-c16-ptp,canonical_pai_architecture_scores,outputs/sparknet-c16-ptp/seed5/pai/candidates/sparknet_c15_multilayer/sparknet_c15_multilayer_best_arch_scores.csv,207,17aa45a47d18c2e02daf4bf4a7d23841688c7b6848847537af221ced5fbf5b3c
sparknet-c16-ptp,canonical_pai_architecture_scores,outputs/sparknet-c16-ptp/seed5/pai/candidates/sparknet_c3_multilayer/sparknet_c3_multilayer_best_arch_scores.csv,208,87444e35acbdf397a0db2f65d18933992cf84a6100fe17c4d9d509533f596252
sparknet-c16-ptp,canonical_pai_architecture_scores,outputs/sparknet-c16-ptp/seed5/pai/candidates/sparknet_c6_multilayer/sparknet_c6_multilayer_best_arch_scores.csv,207,2b4f950beb637e9134233777440882327ade7e41b869d8e826e62c2c748b3070
sparknet-c16-ptp,canonical_pai_architecture_scores,outputs/sparknet-c16-ptp/seed5/pai/candidates/sparknet_c8_multilayer/sparknet_c8_multilayer_best_arch_scores.csv,205,41e4e92cc325c3dbb7bb3a2f15c845573c1685756fe51ce4fb88250afef33d4b
sparknet-c16-ptp,stage_report,outputs/sparknet-c16-ptp/seed5/reports/sparknet_dendritic_prune_experiment.yaml,20928,21738ee99e979f657ce3b3c62a8a4f65ce92e25abbeab3f5dfeb8efc39cf4df8
sparknet-c16g16-ptp,run_manifest,outputs/sparknet-c16g16-ptp/seed0/manifest.yaml,143834,6e56928379d66c889cdd02b9f942c97ec5f1958ab9abcdeeaf6c32b974bbcd82
sparknet-c16g16-ptp,canonical_epoch_log,outputs/sparknet-c16g16-ptp/seed0/metrics/sparsity/sparknet_c10/prune_supervised.jsonl,39696,c194718d7c55802c19283f3c944f069e1f8d66e07eed7ddeca095f8b55fc7924
sparknet-c16g16-ptp,canonical_epoch_log,outputs/sparknet-c16g16-ptp/seed0/metrics/sparsity/sparknet_c10_multilayer/pai.jsonl,109714,1bdec38a0256a7fd8f83371c2e3cc864fa7061069f02ffe93236b4fe73545068
sparknet-c16g16-ptp,canonical_epoch_log,outputs/sparknet-c16g16-ptp/seed0/metrics/sparsity/sparknet_c12/prune_supervised.jsonl,19837,24680961c172aad1cd72363be6867166eec5d8ac0432b7916c5a3f0bcb8e4332
sparknet-c16g16-ptp,canonical_epoch_log,outputs/sparknet-c16g16-ptp/seed0/metrics/sparsity/sparknet_c12_multilayer/pai.jsonl,85464,a3e1c263c96f75ca4f003a2761475df43d2759cdf2bec16340ccf522424d19d7
sparknet-c16g16-ptp,canonical_epoch_log,outputs/sparknet-c16g16-ptp/seed0/metrics/sparsity/sparknet_c13/prune_supervised.jsonl,23823,abcb650a7ec09b508a2ffeec8733e93bb0535f3ca90770db92d85bf409c0eb8a
sparknet-c16g16-ptp,canonical_epoch_log,outputs/sparknet-c16g16-ptp/seed0/metrics/sparsity/sparknet_c13_multilayer/pai.jsonl,91591,68be09078d75c51e5193681f47acaf1c24cee0a48481ea7aa94b6f53f1e30a8a
sparknet-c16g16-ptp,canonical_epoch_log,outputs/sparknet-c16g16-ptp/seed0/metrics/sparsity/sparknet_c15/prune_supervised.jsonl,13267,a6d7fe1e376a0b1ca873a9d2f7cf4643f8631f55e17c24146ea9228589c580dc
sparknet-c16g16-ptp,canonical_epoch_log,outputs/sparknet-c16g16-ptp/seed0/metrics/sparsity/sparknet_c15_multilayer/pai.jsonl,109056,32cde2e0a68ebb0efa1011d0375d665eb48d0ed2dd377eb1603e3f1daaeed39f
sparknet-c16g16-ptp,canonical_epoch_log,outputs/sparknet-c16g16-ptp/seed0/metrics/sparsity/sparknet_c6/prune_supervised.jsonl,43193,60bd53e6772b20ecdce35ac12c7b7443ad7fbbcaa9eef04df88fcd561576043e
sparknet-c16g16-ptp,canonical_epoch_log,outputs/sparknet-c16g16-ptp/seed0/metrics/sparsity/sparknet_c6_multilayer/pai.jsonl,170514,c1f1b0c89b7c2f0b68baa255c681f26e78c09e2d9bbd9471aa1c2a9856497db9
sparknet-c16g16-ptp,canonical_epoch_log,outputs/sparknet-c16g16-ptp/seed0/metrics/sparsity/sparknet_c8/prune_supervised.jsonl,30381,96f1b7e256cd5f6d6842ba546f2235c41ff520c764eaedddb4cbe004a934a09e
sparknet-c16g16-ptp,canonical_epoch_log,outputs/sparknet-c16g16-ptp/seed0/metrics/sparsity/sparknet_c8_multilayer/pai.jsonl,175392,29887ef8995ec9e70efe1143c97798bd9c552e10700d3982bb67841f9f4b6aa7
sparknet-c16g16-ptp,training_summary,outputs/sparknet-c16g16-ptp/seed0/metrics/summaries.yaml,478,fef8b7270f25243b4776cbd67b7c757b15c27d15c6343ce1bc75fe17264f548c
sparknet-c16g16-ptp,canonical_pai_architecture_scores,outputs/sparknet-c16g16-ptp/seed0/pai/candidates/sparknet_c10_multilayer/sparknet_c10_multilayer_best_arch_scores.csv,164,e51ca3db0d3379033a042361bcf419656744cdb2e58221dc4d530da9af8ad131
sparknet-c16g16-ptp,canonical_pai_architecture_scores,outputs/sparknet-c16g16-ptp/seed0/pai/candidates/sparknet_c12_multilayer/sparknet_c12_multilayer_best_arch_scores.csv,208,a968f80d8cec33e4145843bd1fa31edd965c585315b432173ccccc52b3710cae
sparknet-c16g16-ptp,canonical_pai_architecture_scores,outputs/sparknet-c16g16-ptp/seed0/pai/candidates/sparknet_c13_multilayer/sparknet_c13_multilayer_best_arch_scores.csv,208,23dca502291db15661bf1902f57ad1d651568fd062f4287a8e06c624367f4918
sparknet-c16g16-ptp,canonical_pai_architecture_scores,outputs/sparknet-c16g16-ptp/seed0/pai/candidates/sparknet_c15_multilayer/sparknet_c15_multilayer_best_arch_scores.csv,208,6b5398b6dc15c7f0fa4a11c6643f86b388d9eae296907a8110f940f8f9a891b2
sparknet-c16g16-ptp,canonical_pai_architecture_scores,outputs/sparknet-c16g16-ptp/seed0/pai/candidates/sparknet_c6_multilayer/sparknet_c6_multilayer_best_arch_scores.csv,208,095c2d19837d23c6ff2869c7955d90913188bbae5aaac8ae9bd3a4a71591d45f
sparknet-c16g16-ptp,canonical_pai_architecture_scores,outputs/sparknet-c16g16-ptp/seed0/pai/candidates/sparknet_c8_multilayer/sparknet_c8_multilayer_best_arch_scores.csv,208,841afbc7621ec5a7fe3c479755a6019b15ee3ac458bc7cf554e3638e2353d48d
sparknet-c16g16-ptp,stage_report,outputs/sparknet-c16g16-ptp/seed0/reports/sparknet_dendritic_prune_experiment.yaml,18165,5e169e8eb62ffeae24b3c61407c5e9358d126c6bd8a6e573cc63f4799bdaf234
sparknet-c16g16-ptp,run_manifest,outputs/sparknet-c16g16-ptp/seed1/manifest.yaml,140114,3d46fe838f866d3200e067119f8c03de117208dfaeb290df1f115f419895e636
sparknet-c16g16-ptp,canonical_epoch_log,outputs/sparknet-c16g16-ptp/seed1/metrics/sparsity/sparknet_c10/prune_supervised.jsonl,40611,fc480c748dd49f46b39105a54c379d100b8eec01cb70ed8c7a256439db464586
sparknet-c16g16-ptp,canonical_epoch_log,outputs/sparknet-c16g16-ptp/seed1/metrics/sparsity/sparknet_c10_multilayer/pai.jsonl,109711,513faf95fed795d2eb3459db8e20080b38ee776c0cf65d13d56b0e0a6408f547
sparknet-c16g16-ptp,canonical_epoch_log,outputs/sparknet-c16g16-ptp/seed1/metrics/sparsity/sparknet_c12/prune_supervised.jsonl,20289,d3ee38b20cbe0c506786ce665f02da4ba8dc168367f40dd77863432233bc69da
sparknet-c16g16-ptp,canonical_epoch_log,outputs/sparknet-c16g16-ptp/seed1/metrics/sparsity/sparknet_c12_multilayer/pai.jsonl,104534,61afd8e1c89f55cda87d63e230c14ac5d7276f37c4c3760ecd630dde8909abdd
sparknet-c16g16-ptp,canonical_epoch_log,outputs/sparknet-c16g16-ptp/seed1/metrics/sparsity/sparknet_c13/prune_supervised.jsonl,21660,b5c64e4e467db4233916b7069173d4c56d2fd96984325ed7d43be88d1012f439
sparknet-c16g16-ptp,canonical_epoch_log,outputs/sparknet-c16g16-ptp/seed1/metrics/sparsity/sparknet_c13_multilayer/pai.jsonl,89858,d7fdb7e57de3ea00202de97af2b0667b24c00a53d7a67ca05efd9f3f32874494
sparknet-c16g16-ptp,canonical_epoch_log,outputs/sparknet-c16g16-ptp/seed1/metrics/sparsity/sparknet_c15/prune_supervised.jsonl,7050,828e09fe30f1960a84d0a159789a259ff9ea7f002fa1765a5be914c85489694c
sparknet-c16g16-ptp,canonical_epoch_log,outputs/sparknet-c16g16-ptp/seed1/metrics/sparsity/sparknet_c15_multilayer/pai.jsonl,131529,8ef6b26a80771c6cf18eb1da68e638718008aefe6fe39241b645169cea4c1d30
sparknet-c16g16-ptp,canonical_epoch_log,outputs/sparknet-c16g16-ptp/seed1/metrics/sparsity/sparknet_c6/prune_supervised.jsonl,44989,f9ebea7dd9f5d9e68d1a87ef40130e411fa6e83ae02a1a738e4f49e4406bfc6d
sparknet-c16g16-ptp,canonical_epoch_log,outputs/sparknet-c16g16-ptp/seed1/metrics/sparsity/sparknet_c6_multilayer/pai.jsonl,116276,82911c64cc0c65fc444bd24a68a6531f2f48bec169092cf591d4cb7aaf765d49
sparknet-c16g16-ptp,canonical_epoch_log,outputs/sparknet-c16g16-ptp/seed1/metrics/sparsity/sparknet_c8/prune_supervised.jsonl,37018,4b00d499a726fb6160c2bdefc86d6b97e88b82cb7fd47736e20709ddd3e1d6f2
sparknet-c16g16-ptp,canonical_epoch_log,outputs/sparknet-c16g16-ptp/seed1/metrics/sparsity/sparknet_c8_multilayer/pai.jsonl,129397,45aff6158333bea45a66417b9ca88793f118a4eb89554312a9225d7d905203f6
sparknet-c16g16-ptp,training_summary,outputs/sparknet-c16g16-ptp/seed1/metrics/summaries.yaml,480,ccef0aebf1cf9dba7905b9de038ef2085a4e03fb0c8ce62fcdf785296e5cb7a6
sparknet-c16g16-ptp,canonical_pai_architecture_scores,outputs/sparknet-c16g16-ptp/seed1/pai/candidates/sparknet_c10_multilayer/sparknet_c10_multilayer_best_arch_scores.csv,208,0fbfe94116904f0af8233476a8d0fbc8cd38a9d0c33c4de06c7e23e1731d8d84
sparknet-c16g16-ptp,canonical_pai_architecture_scores,outputs/sparknet-c16g16-ptp/seed1/pai/candidates/sparknet_c12_multilayer/sparknet_c12_multilayer_best_arch_scores.csv,206,b0eb640f18f78a2ef3415ec3895ab07e3d8414bef6647e3ab7b957fef7c8afde
sparknet-c16g16-ptp,canonical_pai_architecture_scores,outputs/sparknet-c16g16-ptp/seed1/pai/candidates/sparknet_c13_multilayer/sparknet_c13_multilayer_best_arch_scores.csv,207,f1ee530f818cfe7d5f683e7cda02b1b1a05ad9787b797e384b837b708535388d
sparknet-c16g16-ptp,canonical_pai_architecture_scores,outputs/sparknet-c16g16-ptp/seed1/pai/candidates/sparknet_c15_multilayer/sparknet_c15_multilayer_best_arch_scores.csv,165,3a9a00609ae59e11a1b00053c2fd35e822f997266d9c273ecdf30446aa2c1349
sparknet-c16g16-ptp,canonical_pai_architecture_scores,outputs/sparknet-c16g16-ptp/seed1/pai/candidates/sparknet_c6_multilayer/sparknet_c6_multilayer_best_arch_scores.csv,206,b73ce5f7432aaa5c7b7d788e3229113407b48214a8b91093e1f8d558c1c53581
sparknet-c16g16-ptp,canonical_pai_architecture_scores,outputs/sparknet-c16g16-ptp/seed1/pai/candidates/sparknet_c8_multilayer/sparknet_c8_multilayer_best_arch_scores.csv,206,874d44fbe448ab6bf68eac77db6dc38b607ccf4ae3397c36b980337ce9e2ca07
sparknet-c16g16-ptp,stage_report,outputs/sparknet-c16g16-ptp/seed1/reports/sparknet_dendritic_prune_experiment.yaml,18150,4181f60c29d87b276f7d3f09f1d7ce195ea1fd40bcbd94364ae593205beda300
sparknet-c16g16-ptp,run_manifest,outputs/sparknet-c16g16-ptp/seed2/manifest.yaml,134694,bbaf1e92da18748ccdcc3db61b2f602822fdd5557252e057b87f54970ffc375c
sparknet-c16g16-ptp,canonical_epoch_log,outputs/sparknet-c16g16-ptp/seed2/metrics/sparsity/sparknet_c10/prune_supervised.jsonl,37979,65f1c68f4624d3457e8c037aea5bf42cc2dad3ed6cf1ab91984e9f5314ddd995
sparknet-c16g16-ptp,canonical_epoch_log,outputs/sparknet-c16g16-ptp/seed2/metrics/sparsity/sparknet_c10_multilayer/pai.jsonl,106262,f97533ac4c79e7a9827b89cfba4e0219da3841bb30900236b427cb675184848c
sparknet-c16g16-ptp,canonical_epoch_log,outputs/sparknet-c16g16-ptp/seed2/metrics/sparsity/sparknet_c12/prune_supervised.jsonl,26057,2010dbf0571ae190ab78c56513b67fba199dcf0cbb3db996758685693489da2d
sparknet-c16g16-ptp,canonical_epoch_log,outputs/sparknet-c16g16-ptp/seed2/metrics/sparsity/sparknet_c12_multilayer/pai.jsonl,93437,6f81e38beca1fe6f1d1bf1be23476774210dfd7d9acf7f2d4bf640143f5c308d
sparknet-c16g16-ptp,canonical_epoch_log,outputs/sparknet-c16g16-ptp/seed2/metrics/sparsity/sparknet_c13/prune_supervised.jsonl,19884,1e7b1e9443b35eb0e712a0c0d3e57b157084d0b5776099767e7004eb8967445c
sparknet-c16g16-ptp,canonical_epoch_log,outputs/sparknet-c16g16-ptp/seed2/metrics/sparsity/sparknet_c13_multilayer/pai.jsonl,67445,ac9e1379dadd8ac96895ef4df5247722b58bb4182aaa1f853069cfba77105e19
sparknet-c16g16-ptp,canonical_epoch_log,outputs/sparknet-c16g16-ptp/seed2/metrics/sparsity/sparknet_c15/prune_supervised.jsonl,6629,981c7a5230cc046d7c2ae96990219d7cf1c1230ab246597034a0fc689126fb08
sparknet-c16g16-ptp,canonical_epoch_log,outputs/sparknet-c16g16-ptp/seed2/metrics/sparsity/sparknet_c15_multilayer/pai.jsonl,133285,c1e14dc0c7c6a79acd8368220b71438c304571e5f6281f4a677aa2a754ac8f81
sparknet-c16g16-ptp,canonical_epoch_log,outputs/sparknet-c16g16-ptp/seed2/metrics/sparsity/sparknet_c6/prune_supervised.jsonl,48101,0c88a33fe4eaafb9700bfec4bcbfc9e1d60fdb301f778e1fdad1e7c191a0521c
sparknet-c16g16-ptp,canonical_epoch_log,outputs/sparknet-c16g16-ptp/seed2/metrics/sparsity/sparknet_c6_multilayer/pai.jsonl,96480,d9ddf6552311e36a9172355440c232686a1434237d27f0cb2371dc080c4e89fb
sparknet-c16g16-ptp,canonical_epoch_log,outputs/sparknet-c16g16-ptp/seed2/metrics/sparsity/sparknet_c8/prune_supervised.jsonl,27314,c37e848fec19ea30a44fb8234dd36d59adec86ebaec339c9a02ecbcb31d8ff5f
sparknet-c16g16-ptp,canonical_epoch_log,outputs/sparknet-c16g16-ptp/seed2/metrics/sparsity/sparknet_c8_multilayer/pai.jsonl,129524,d410b73ebd72bf6f75c7bc5cdea10e2172b21d88faa757cf41b39fbcf98de220
sparknet-c16g16-ptp,training_summary,outputs/sparknet-c16g16-ptp/seed2/metrics/summaries.yaml,480,8cf6c8e21650929ecfe318e9eac50ba1a7749c3c18787e6d6498e5c3f438b462
sparknet-c16g16-ptp,canonical_pai_architecture_scores,outputs/sparknet-c16g16-ptp/seed2/pai/candidates/sparknet_c10_multilayer/sparknet_c10_multilayer_best_arch_scores.csv,206,27f3776fc0adf63999f3ca27968764261c632e87645902ab401457e2f2c415ba
sparknet-c16g16-ptp,canonical_pai_architecture_scores,outputs/sparknet-c16g16-ptp/seed2/pai/candidates/sparknet_c12_multilayer/sparknet_c12_multilayer_best_arch_scores.csv,208,0670d02cc9b94fad82d4ba4027d8b94ab51c99e6330d1571274f2ef720272a4f
sparknet-c16g16-ptp,canonical_pai_architecture_scores,outputs/sparknet-c16g16-ptp/seed2/pai/candidates/sparknet_c13_multilayer/sparknet_c13_multilayer_best_arch_scores.csv,207,08f1859536725ca644032cf0b2586f5f380dedd8526a84a1ba2544bcb7ea67c8
sparknet-c16g16-ptp,canonical_pai_architecture_scores,outputs/sparknet-c16g16-ptp/seed2/pai/candidates/sparknet_c15_multilayer/sparknet_c15_multilayer_best_arch_scores.csv,122,585da0715afe6ed9082b1c149dc45ba737545dcfa18c5d556eca984d62db117c
sparknet-c16g16-ptp,canonical_pai_architecture_scores,outputs/sparknet-c16g16-ptp/seed2/pai/candidates/sparknet_c6_multilayer/sparknet_c6_multilayer_best_arch_scores.csv,207,04c41ac46694153580a8fbdbb6ff9b299248ce70120085b66f4d23cfbcf21e38
sparknet-c16g16-ptp,canonical_pai_architecture_scores,outputs/sparknet-c16g16-ptp/seed2/pai/candidates/sparknet_c8_multilayer/sparknet_c8_multilayer_best_arch_scores.csv,208,d5ef50d412212bceeda157f02feef7c2071291749d79e598e76b572c3631c04a
sparknet-c16g16-ptp,stage_report,outputs/sparknet-c16g16-ptp/seed2/reports/sparknet_dendritic_prune_experiment.yaml,18183,b617e37f62da3a0bcf20201b2074b6e177d947d1ad45020354d2ca0942c7db52
sparknet-c16g16-ptp,run_manifest,outputs/sparknet-c16g16-ptp/seed3/manifest.yaml,136559,90bdb08eff23373f16a9cfa671bf7878c0b417061dee7acdab167c5fcf52aa54
sparknet-c16g16-ptp,canonical_epoch_log,outputs/sparknet-c16g16-ptp/seed3/metrics/sparsity/sparknet_c10/prune_supervised.jsonl,22038,86bc4eb2592bb36b3f1fb8d6364eaba9aeb14d50b040af86c2bbace9dd7e44f0
sparknet-c16g16-ptp,canonical_epoch_log,outputs/sparknet-c16g16-ptp/seed3/metrics/sparsity/sparknet_c10_multilayer/pai.jsonl,112293,f0b090fc0d15796c2ac781695f6a497706b114fcbc2fcd4f89d64c2dfdfaa511
sparknet-c16g16-ptp,canonical_epoch_log,outputs/sparknet-c16g16-ptp/seed3/metrics/sparsity/sparknet_c12/prune_supervised.jsonl,18100,88c0a639b33b989ba561d71608dc2ef7f3e4bba2fa9cd72d98ca53bb8a04cf44
sparknet-c16g16-ptp,canonical_epoch_log,outputs/sparknet-c16g16-ptp/seed3/metrics/sparsity/sparknet_c12_multilayer/pai.jsonl,82049,275baf0971abc3636ebe165090fb4ae31b591caa204f81abb1ddcc6a41f9476c
sparknet-c16g16-ptp,canonical_epoch_log,outputs/sparknet-c16g16-ptp/seed3/metrics/sparsity/sparknet_c13/prune_supervised.jsonl,15000,b5cefc5aaa2067ae44c7b2e33276775c748d686cafdf8c2d0739a8fe6a1efae5
sparknet-c16g16-ptp,canonical_epoch_log,outputs/sparknet-c16g16-ptp/seed3/metrics/sparsity/sparknet_c13_multilayer/pai.jsonl,153952,4d907bbc7fa15b18e3dd709f614afe2458ebe68ff4c073d1490e695a53a0f9bc
sparknet-c16g16-ptp,canonical_epoch_log,outputs/sparknet-c16g16-ptp/seed3/metrics/sparsity/sparknet_c15/prune_supervised.jsonl,8386,fcacbae76baebdb47e1ac6f0d91fea5001ee33e2eed1807f7136ad7a5cf570df
sparknet-c16g16-ptp,canonical_epoch_log,outputs/sparknet-c16g16-ptp/seed3/metrics/sparsity/sparknet_c15_multilayer/pai.jsonl,95907,5dc050f54a789e9ccfa3e378c61b15bdaf958669819dd144479c88bca58ee4dc
sparknet-c16g16-ptp,canonical_epoch_log,outputs/sparknet-c16g16-ptp/seed3/metrics/sparsity/sparknet_c6/prune_supervised.jsonl,45021,565d19cfdb6bfe66a7dd34f8e5d27cea9bc8098477338805439160b0619ae67f
sparknet-c16g16-ptp,canonical_epoch_log,outputs/sparknet-c16g16-ptp/seed3/metrics/sparsity/sparknet_c6_multilayer/pai.jsonl,99971,377af79acd5aa41a747ccdb9276a8e25669342cd18d346c697c85e15772fda64
sparknet-c16g16-ptp,canonical_epoch_log,outputs/sparknet-c16g16-ptp/seed3/metrics/sparsity/sparknet_c8/prune_supervised.jsonl,33076,4b4fba25c193deaa8ce94c640252f8ae7283c2b7cd6330a93de8b99762311875
sparknet-c16g16-ptp,canonical_epoch_log,outputs/sparknet-c16g16-ptp/seed3/metrics/sparsity/sparknet_c8_multilayer/pai.jsonl,101931,24e3568928c5ec75ef4400b2e1dfe705d181886c4319b73f8f41f5e57372c53f
sparknet-c16g16-ptp,training_summary,outputs/sparknet-c16g16-ptp/seed3/metrics/summaries.yaml,479,85e1a378de9826e8e24409dbcd76756c5ecb4b7ab233b9a5bc94a1b73a03220e
sparknet-c16g16-ptp,canonical_pai_architecture_scores,outputs/sparknet-c16g16-ptp/seed3/pai/candidates/sparknet_c10_multilayer/sparknet_c10_multilayer_best_arch_scores.csv,206,f2abf711af7e51f20dc5e8e9a7b89b7d5810904afab823325e761c2f9d660842
sparknet-c16g16-ptp,canonical_pai_architecture_scores,outputs/sparknet-c16g16-ptp/seed3/pai/candidates/sparknet_c12_multilayer/sparknet_c12_multilayer_best_arch_scores.csv,205,eb04b180c30710695456edea9db65f3bb2d1ee4b1bb4f6b01e5571cabfc6acd2
sparknet-c16g16-ptp,canonical_pai_architecture_scores,outputs/sparknet-c16g16-ptp/seed3/pai/candidates/sparknet_c13_multilayer/sparknet_c13_multilayer_best_arch_scores.csv,207,4569160de7958288dec4fb577ba0fd9500b2d3ed38f4d38f651b6316965599f0
sparknet-c16g16-ptp,canonical_pai_architecture_scores,outputs/sparknet-c16g16-ptp/seed3/pai/candidates/sparknet_c15_multilayer/sparknet_c15_multilayer_best_arch_scores.csv,122,a897869f43ffafdec74ffa8dda976437c06f2daea24d4dec45e11be0bc48b3a0
sparknet-c16g16-ptp,canonical_pai_architecture_scores,outputs/sparknet-c16g16-ptp/seed3/pai/candidates/sparknet_c6_multilayer/sparknet_c6_multilayer_best_arch_scores.csv,207,71d96921a8542d2de41924319b97bbd411c7a965a82e1d65548d5a728a38724c
sparknet-c16g16-ptp,canonical_pai_architecture_scores,outputs/sparknet-c16g16-ptp/seed3/pai/candidates/sparknet_c8_multilayer/sparknet_c8_multilayer_best_arch_scores.csv,207,bc08e335a1c82b20ab94aff7753e6248c2ba13aadb436232641ac206c510776a
sparknet-c16g16-ptp,stage_report,outputs/sparknet-c16g16-ptp/seed3/reports/sparknet_dendritic_prune_experiment.yaml,18164,59ee95ef2c8b1910f6918f21733266e2198a63df70f71a0d0719d17bd4c7239c
sparknet-c16g16-ptp,run_manifest,outputs/sparknet-c16g16-ptp/seed4/manifest.yaml,138256,9c89f1738998e22e193bf0aae0c48fff61bf385d7fd6d78a1f2b36a8772d13e9
sparknet-c16g16-ptp,canonical_epoch_log,outputs/sparknet-c16g16-ptp/seed4/metrics/sparsity/sparknet_c10/prune_supervised.jsonl,39227,aa2801fd84d20d984c3eb7da916c4ac847d5e0fcd9ebace2a2055909d893a033
sparknet-c16g16-ptp,canonical_epoch_log,outputs/sparknet-c16g16-ptp/seed4/metrics/sparsity/sparknet_c10_multilayer/pai.jsonl,98337,b0094b30a2d20e68ebaf83c2191286aa4a0c3d484fc4e7fdf6d4f704eae228ec
sparknet-c16g16-ptp,canonical_epoch_log,outputs/sparknet-c16g16-ptp/seed4/metrics/sparsity/sparknet_c12/prune_supervised.jsonl,21570,a4bebaadac44c9e58c908e2c9768e6e4c4f035192745551175ba699e29c0ecf1
sparknet-c16g16-ptp,canonical_epoch_log,outputs/sparknet-c16g16-ptp/seed4/metrics/sparsity/sparknet_c12_multilayer/pai.jsonl,108773,a8d52591687471c97a5813e93a398cb0f889902a40ec1d9c20dbf6d8c6d250cf
sparknet-c16g16-ptp,canonical_epoch_log,outputs/sparknet-c16g16-ptp/seed4/metrics/sparsity/sparknet_c13/prune_supervised.jsonl,22916,343c8d6cd8871c1cef149b262f5b28489feb468947b2be985a16fd7c3853b2d7
sparknet-c16g16-ptp,canonical_epoch_log,outputs/sparknet-c16g16-ptp/seed4/metrics/sparsity/sparknet_c13_multilayer/pai.jsonl,97579,6d48c43d2a1c8a271079c958d2cdce18b421b1245fb355674f45cd726d17c6e4
sparknet-c16g16-ptp,canonical_epoch_log,outputs/sparknet-c16g16-ptp/seed4/metrics/sparsity/sparknet_c15/prune_supervised.jsonl,9262,8d705025c387b1c03c4ece9dde3959b5d45d85a7cc998a858f3bd584944df74a
sparknet-c16g16-ptp,canonical_epoch_log,outputs/sparknet-c16g16-ptp/seed4/metrics/sparsity/sparknet_c15_multilayer/pai.jsonl,122716,34155637851969b6c578ca6df81556e923e4d811df2e1ffa4d5d4429fd3bc2f5
sparknet-c16g16-ptp,canonical_epoch_log,outputs/sparknet-c16g16-ptp/seed4/metrics/sparsity/sparknet_c6/prune_supervised.jsonl,40522,c7c08cb704c252b25e763ccd08a942f124388ea3ec08df510b546802b854bfb9
sparknet-c16g16-ptp,canonical_epoch_log,outputs/sparknet-c16g16-ptp/seed4/metrics/sparsity/sparknet_c6_multilayer/pai.jsonl,136072,5a46b927f0ceb52645933a9436e64b27669144a3fe20c955108141fe42296259
sparknet-c16g16-ptp,canonical_epoch_log,outputs/sparknet-c16g16-ptp/seed4/metrics/sparsity/sparknet_c8/prune_supervised.jsonl,42732,26cbb9c2c65aade1ee4ec37a4cbdfa13a23519c2eed7c5e531863e18999d64c5
sparknet-c16g16-ptp,canonical_epoch_log,outputs/sparknet-c16g16-ptp/seed4/metrics/sparsity/sparknet_c8_multilayer/pai.jsonl,94933,354c1e743f9e92b34f93add5d52c9031b1d62c042135d1004466db266a0cbd69
sparknet-c16g16-ptp,training_summary,outputs/sparknet-c16g16-ptp/seed4/metrics/summaries.yaml,478,33168d888f66828e5acd4d4fd3f54994e7d6b571ba2ab170d1be3b967887f41f
sparknet-c16g16-ptp,canonical_pai_architecture_scores,outputs/sparknet-c16g16-ptp/seed4/pai/candidates/sparknet_c10_multilayer/sparknet_c10_multilayer_best_arch_scores.csv,207,9a6155adee1800c515fe62cb7cbfdf4e12fd5305967a96796d2d73d577012d5e
sparknet-c16g16-ptp,canonical_pai_architecture_scores,outputs/sparknet-c16g16-ptp/seed4/pai/candidates/sparknet_c12_multilayer/sparknet_c12_multilayer_best_arch_scores.csv,208,0975921dc40624c7ab55bd675bb199fddcc356310b23aa0edf05ebf75a70781b
sparknet-c16g16-ptp,canonical_pai_architecture_scores,outputs/sparknet-c16g16-ptp/seed4/pai/candidates/sparknet_c13_multilayer/sparknet_c13_multilayer_best_arch_scores.csv,208,33c64fbd8b653c8174b95e5c752721dc70a6b0ac0c2c8d1b6fefa2bf8b83430c
sparknet-c16g16-ptp,canonical_pai_architecture_scores,outputs/sparknet-c16g16-ptp/seed4/pai/candidates/sparknet_c15_multilayer/sparknet_c15_multilayer_best_arch_scores.csv,164,2ebea3b8c45ac02c5e0a5fbbc1de6bb44164a2f5cc76d49ed87119ade3a5d8b8
sparknet-c16g16-ptp,canonical_pai_architecture_scores,outputs/sparknet-c16g16-ptp/seed4/pai/candidates/sparknet_c6_multilayer/sparknet_c6_multilayer_best_arch_scores.csv,207,ff0950cab7e7e86597d9192b5ed9c3464cb15994818879c25e814cc954c032be
sparknet-c16g16-ptp,canonical_pai_architecture_scores,outputs/sparknet-c16g16-ptp/seed4/pai/candidates/sparknet_c8_multilayer/sparknet_c8_multilayer_best_arch_scores.csv,208,70796df2774eaa9dbad14cde8b0af019de96d0f80f469bf2faca2770dbc70961
sparknet-c16g16-ptp,stage_report,outputs/sparknet-c16g16-ptp/seed4/reports/sparknet_dendritic_prune_experiment.yaml,18153,468bfc34e46c031a35fbb4940099998bba8fd1a931dcdfa136d7b9d903b3bcbe
sparknet-c18g8-ptp,run_manifest,outputs/sparknet-c18g8-ptp/seed0/manifest.yaml,143972,323886ff2479b3a49daddeb0d33bc5dc7844892f5122bb847980a0df1ff5dfee
sparknet-c18g8-ptp,canonical_epoch_log,outputs/sparknet-c18g8-ptp/seed0/metrics/sparsity/sparknet_c10/prune_supervised.jsonl,33471,d012a5f1d35e93ee541e339c05dc3cb6184187e399386354e93b9971c384de64
sparknet-c18g8-ptp,canonical_epoch_log,outputs/sparknet-c18g8-ptp/seed0/metrics/sparsity/sparknet_c10_multilayer/pai.jsonl,99274,7bd574aaf843da1ee13194726ec27c2faaebae0fe56e52bf798c5e5c682c1d0c
sparknet-c18g8-ptp,canonical_epoch_log,outputs/sparknet-c18g8-ptp/seed0/metrics/sparsity/sparknet_c12/prune_supervised.jsonl,38377,1f436aa8c31fad8045b43bbd63ab54554f9424ba8bfdadb36886ab2aec4fc74f
sparknet-c18g8-ptp,canonical_epoch_log,outputs/sparknet-c18g8-ptp/seed0/metrics/sparsity/sparknet_c12_multilayer/pai.jsonl,76845,9818e96f0d9678c8c93498fc4b8cd6ab37c06587ac3ec1429d3c24a597a625d7
sparknet-c18g8-ptp,canonical_epoch_log,outputs/sparknet-c18g8-ptp/seed0/metrics/sparsity/sparknet_c14/prune_supervised.jsonl,23349,ea1d4b36c1af80b2aea125f8e7cf9e9e9784d17e94e3af5389134928759148ac
sparknet-c18g8-ptp,canonical_epoch_log,outputs/sparknet-c18g8-ptp/seed0/metrics/sparsity/sparknet_c14_multilayer/pai.jsonl,80350,ac29fb4b01780a698f9e9ca14a0ddaeff1dcd5d88611080544538abb38000c78
sparknet-c18g8-ptp,canonical_epoch_log,outputs/sparknet-c18g8-ptp/seed0/metrics/sparsity/sparknet_c15/prune_supervised.jsonl,9695,20214b201a4fccba23fd4692cdb2a6814a90658dd172fc911da23841e8560fe8
sparknet-c18g8-ptp,canonical_epoch_log,outputs/sparknet-c18g8-ptp/seed0/metrics/sparsity/sparknet_c15_multilayer/pai.jsonl,123655,416fc5b41215ee74301bfaa00e212afcd45868ef655a4bcb183d27a4596ff2df
sparknet-c18g8-ptp,canonical_epoch_log,outputs/sparknet-c18g8-ptp/seed0/metrics/sparsity/sparknet_c17/prune_supervised.jsonl,8375,5a6d0fa67d49ee21d00f0f2bef55766095d23e16092b681c80adf18642cb38f6
sparknet-c18g8-ptp,canonical_epoch_log,outputs/sparknet-c18g8-ptp/seed0/metrics/sparsity/sparknet_c17_multilayer/pai.jsonl,114143,68c32b3c33b4604472cdb974a27a2a4492adb9023d2e6d33641466911e6bc33a
sparknet-c18g8-ptp,canonical_epoch_log,outputs/sparknet-c18g8-ptp/seed0/metrics/sparsity/sparknet_c8/prune_supervised.jsonl,33448,15ac5101087630e46af7c10e4dae21833f7045ec5fa2f15b9ed79781a9daa1e0
sparknet-c18g8-ptp,canonical_epoch_log,outputs/sparknet-c18g8-ptp/seed0/metrics/sparsity/sparknet_c8_multilayer/pai.jsonl,106882,3a0f5d8e226324cbf329d58e2a6e9854492ef2ca85aa35b86cda9265020d46ea
sparknet-c18g8-ptp,training_summary,outputs/sparknet-c18g8-ptp/seed0/metrics/summaries.yaml,478,3bc152050b12d28e148e5c46ca6c12f62eeab4e0f266c0f4e53e7828670434f1
sparknet-c18g8-ptp,canonical_pai_architecture_scores,outputs/sparknet-c18g8-ptp/seed0/pai/candidates/sparknet_c10_multilayer/sparknet_c10_multilayer_best_arch_scores.csv,207,452a1f7a1ca60074ca7f1a71fc1d8d33338b8effcb72ea3bb6e0c3761af89529
sparknet-c18g8-ptp,canonical_pai_architecture_scores,outputs/sparknet-c18g8-ptp/seed0/pai/candidates/sparknet_c12_multilayer/sparknet_c12_multilayer_best_arch_scores.csv,207,773c27046d143b61a2257c84cf32f8ffbbc9ff6f821b88a192525ec62a877206
sparknet-c18g8-ptp,canonical_pai_architecture_scores,outputs/sparknet-c18g8-ptp/seed0/pai/candidates/sparknet_c14_multilayer/sparknet_c14_multilayer_best_arch_scores.csv,208,966d53dc08d7b8d04a177e3dc6a97de82cb90f458426ba47cf62b3804e132919
sparknet-c18g8-ptp,canonical_pai_architecture_scores,outputs/sparknet-c18g8-ptp/seed0/pai/candidates/sparknet_c15_multilayer/sparknet_c15_multilayer_best_arch_scores.csv,164,9eb2abfcf5225b09bc4bc53844f061c9e8963f7959e10138e307012138303bd8
sparknet-c18g8-ptp,canonical_pai_architecture_scores,outputs/sparknet-c18g8-ptp/seed0/pai/candidates/sparknet_c17_multilayer/sparknet_c17_multilayer_best_arch_scores.csv,162,32687f7787eaf998da9059219bab28cc627ed4ac9c802bc9491fcb562c3321ea
sparknet-c18g8-ptp,canonical_pai_architecture_scores,outputs/sparknet-c18g8-ptp/seed0/pai/candidates/sparknet_c8_multilayer/sparknet_c8_multilayer_best_arch_scores.csv,207,a308c4d35ed6cf9ef0af84701d042fe867374829560748c26fd1fc49825b0a60
sparknet-c18g8-ptp,stage_report,outputs/sparknet-c18g8-ptp/seed0/reports/sparknet_dendritic_prune_experiment.yaml,18212,cf3544647ff881828383ac31f8411ffea214629d2ba4a3e06dbe9f728631f4ec
sparknet-c18g8-ptp,run_manifest,outputs/sparknet-c18g8-ptp/seed1/manifest.yaml,145849,7ba0d43ab12444acbec86d686490e724f0cead523ff71195aa596e55aa2a2b83
sparknet-c18g8-ptp,canonical_epoch_log,outputs/sparknet-c18g8-ptp/seed1/metrics/sparsity/sparknet_c10/prune_supervised.jsonl,29088,3549ec08fc59081a0737abab53e9843dc62280e3acf65205d6b45001324f528c
sparknet-c18g8-ptp,canonical_epoch_log,outputs/sparknet-c18g8-ptp/seed1/metrics/sparsity/sparknet_c10_multilayer/pai.jsonl,124449,fd4805715fb6e16e50cf554046edf5f4215870f5feb2955ca796df31307d782a
sparknet-c18g8-ptp,canonical_epoch_log,outputs/sparknet-c18g8-ptp/seed1/metrics/sparsity/sparknet_c12/prune_supervised.jsonl,25133,a1dd27c4f910b408a31e5a5db7b157dfbb2028dbf7b735e55e640f1b5e6d65ec
sparknet-c18g8-ptp,canonical_epoch_log,outputs/sparknet-c18g8-ptp/seed1/metrics/sparsity/sparknet_c12_multilayer/pai.jsonl,109706,1a3768e3746c28d6d9b09e34c1dd3cedf3d89dd28225856d460159f98a430dcf
sparknet-c18g8-ptp,canonical_epoch_log,outputs/sparknet-c18g8-ptp/seed1/metrics/sparsity/sparknet_c14/prune_supervised.jsonl,15428,16676263e839c6c44cda3446eb71eddbbcace2fea1920a3d25d5dc8fae1f0c41
sparknet-c18g8-ptp,canonical_epoch_log,outputs/sparknet-c18g8-ptp/seed1/metrics/sparsity/sparknet_c14_multilayer/pai.jsonl,102065,0308488e58c40833fa09e6c9de40d48af8bdab865707a3483b9a7bfa26c59f45
sparknet-c18g8-ptp,canonical_epoch_log,outputs/sparknet-c18g8-ptp/seed1/metrics/sparsity/sparknet_c15/prune_supervised.jsonl,13249,338af736b9944488edc5a389682f08a0e55837486ad5c3f720d01a1e0338a580
sparknet-c18g8-ptp,canonical_epoch_log,outputs/sparknet-c18g8-ptp/seed1/metrics/sparsity/sparknet_c15_multilayer/pai.jsonl,138474,048322d16de0aecfe09cf6f124c20e724f29c34a6225489e70f1aa23ca047c74
sparknet-c18g8-ptp,canonical_epoch_log,outputs/sparknet-c18g8-ptp/seed1/metrics/sparsity/sparknet_c17/prune_supervised.jsonl,8379,753eac4b5f28c68592c13fc258bc1209b67f566a6c796cd65b030ce88c3d97eb
sparknet-c18g8-ptp,canonical_epoch_log,outputs/sparknet-c18g8-ptp/seed1/metrics/sparsity/sparknet_c17_multilayer/pai.jsonl,124682,21c19d176aefe2fef362860e29f83817989a18d26c4c18c13cf05abe9440cdf4
sparknet-c18g8-ptp,canonical_epoch_log,outputs/sparknet-c18g8-ptp/seed1/metrics/sparsity/sparknet_c8/prune_supervised.jsonl,40104,afba03ba6421fd717a122197bab0ecc5a12c6c4dd75f83e4c29f5b607856b53a
sparknet-c18g8-ptp,canonical_epoch_log,outputs/sparknet-c18g8-ptp/seed1/metrics/sparsity/sparknet_c8_multilayer/pai.jsonl,115360,03becba3c63b88b5b7b05c8985729a81b61609d19639b3287ff7f3ccae95c8dd
sparknet-c18g8-ptp,training_summary,outputs/sparknet-c18g8-ptp/seed1/metrics/summaries.yaml,478,83cff327229211fc2447096f28743ddf90707d4ade216285c6fc1b61b7179aa5
sparknet-c18g8-ptp,canonical_pai_architecture_scores,outputs/sparknet-c18g8-ptp/seed1/pai/candidates/sparknet_c10_multilayer/sparknet_c10_multilayer_best_arch_scores.csv,207,8a6b4ce79ccc3685266a0033a0c59a1472f446c417db845e4cef7398cd44281a
sparknet-c18g8-ptp,canonical_pai_architecture_scores,outputs/sparknet-c18g8-ptp/seed1/pai/candidates/sparknet_c12_multilayer/sparknet_c12_multilayer_best_arch_scores.csv,206,6cc5852792c2be3e7edf61205ad4e2041232d654c18f1620f49a747dc677897d
sparknet-c18g8-ptp,canonical_pai_architecture_scores,outputs/sparknet-c18g8-ptp/seed1/pai/candidates/sparknet_c14_multilayer/sparknet_c14_multilayer_best_arch_scores.csv,208,622afaf45694163d525a3b3da1d01fe0cb8a265bcd505f53248e3dc77dd7878d
sparknet-c18g8-ptp,canonical_pai_architecture_scores,outputs/sparknet-c18g8-ptp/seed1/pai/candidates/sparknet_c15_multilayer/sparknet_c15_multilayer_best_arch_scores.csv,165,3821e37499a312d4dfa737ea9185e2423685a250c2dcca1c49ca4e93a556da83
sparknet-c18g8-ptp,canonical_pai_architecture_scores,outputs/sparknet-c18g8-ptp/seed1/pai/candidates/sparknet_c17_multilayer/sparknet_c17_multilayer_best_arch_scores.csv,165,b6f0dab605f31fe0042fc8625673fc0d7afecbc0cc50b0bc1f5cf085b6661f2b
sparknet-c18g8-ptp,canonical_pai_architecture_scores,outputs/sparknet-c18g8-ptp/seed1/pai/candidates/sparknet_c8_multilayer/sparknet_c8_multilayer_best_arch_scores.csv,208,68ed026771786a5fe898958e7d2fb06eabac0f70afdbf03fff29cd8019d87e52
sparknet-c18g8-ptp,stage_report,outputs/sparknet-c18g8-ptp/seed1/reports/sparknet_dendritic_prune_experiment.yaml,18239,c28001a4466edfebc09c8ae157b270b1fa801cb123d4c944c55c2109d6e2a906
sparknet-c18g8-ptp,run_manifest,outputs/sparknet-c18g8-ptp/seed2/manifest.yaml,142136,9e5131a13019837899e20c785815d8a1d3e50d77b88fac579ee1c3a5ef3c4b37
sparknet-c18g8-ptp,canonical_epoch_log,outputs/sparknet-c18g8-ptp/seed2/metrics/sparsity/sparknet_c10/prune_supervised.jsonl,31279,98389942262546d0dea223856ee872dcfb0379e61650b4942f3415f946ef1310
sparknet-c18g8-ptp,canonical_epoch_log,outputs/sparknet-c18g8-ptp/seed2/metrics/sparsity/sparknet_c10_multilayer/pai.jsonl,136416,da922ad2c165b2d1d716a7369d2deab6beffd01f88683ec0df95b506e09b6ad7
sparknet-c18g8-ptp,canonical_epoch_log,outputs/sparknet-c18g8-ptp/seed2/metrics/sparsity/sparknet_c12/prune_supervised.jsonl,20701,02f7c210ce7b4d7da737d921e775195bb1a745529e94c03f6a11da35b2dee6aa
sparknet-c18g8-ptp,canonical_epoch_log,outputs/sparknet-c18g8-ptp/seed2/metrics/sparsity/sparknet_c12_multilayer/pai.jsonl,84571,7938d2057927d4ca9e1eb1ec240c6dd4ef0d9ea67520d7f2815a3baa8c8b2439
sparknet-c18g8-ptp,canonical_epoch_log,outputs/sparknet-c18g8-ptp/seed2/metrics/sparsity/sparknet_c14/prune_supervised.jsonl,18492,7825255cb6b1dab6473fb3a9e641fe86cff057217c03e3d2f10b1ce03b145601
sparknet-c18g8-ptp,canonical_epoch_log,outputs/sparknet-c18g8-ptp/seed2/metrics/sparsity/sparknet_c14_multilayer/pai.jsonl,79444,68ecb8a3d510ca0d789d943780e3067b07e022780ee2e0c77bde5c122ecac7f7
sparknet-c18g8-ptp,canonical_epoch_log,outputs/sparknet-c18g8-ptp/seed2/metrics/sparsity/sparknet_c15/prune_supervised.jsonl,16323,77dadf453202df59c762601086ec1d3b5a4f6c83cb752bb4d0936801643ca911
sparknet-c18g8-ptp,canonical_epoch_log,outputs/sparknet-c18g8-ptp/seed2/metrics/sparsity/sparknet_c15_multilayer/pai.jsonl,102854,702a75d5caa5d8a7a6d532c0f87b8c9707df7789d3dfba53adb323c933896c77
sparknet-c18g8-ptp,canonical_epoch_log,outputs/sparknet-c18g8-ptp/seed2/metrics/sparsity/sparknet_c17/prune_supervised.jsonl,12359,0fa42a61a1e0c683b2d34972d5057850a3a5eb575bdd3c152d8e169e08b76168
sparknet-c18g8-ptp,canonical_epoch_log,outputs/sparknet-c18g8-ptp/seed2/metrics/sparsity/sparknet_c17_multilayer/pai.jsonl,115866,f9deb350fa442adaaac3dc961d31c868bd33447532809f004357f0a82c92c9f3
sparknet-c18g8-ptp,canonical_epoch_log,outputs/sparknet-c18g8-ptp/seed2/metrics/sparsity/sparknet_c8/prune_supervised.jsonl,36517,a39a57ad820c834f243efd30153eed1b0507fcf0493f458fc53bf61ef612066a
sparknet-c18g8-ptp,canonical_epoch_log,outputs/sparknet-c18g8-ptp/seed2/metrics/sparsity/sparknet_c8_multilayer/pai.jsonl,77523,1f3ce4c4027d83e989cec1b6b6f317ea7d5e8efb847797142d78c39b394481e0
sparknet-c18g8-ptp,training_summary,outputs/sparknet-c18g8-ptp/seed2/metrics/summaries.yaml,478,0452114586b8c0e1b7011465243a9a2fefa7dcdf3c9752077a71c451d2421127
sparknet-c18g8-ptp,canonical_pai_architecture_scores,outputs/sparknet-c18g8-ptp/seed2/pai/candidates/sparknet_c10_multilayer/sparknet_c10_multilayer_best_arch_scores.csv,207,b38bfebebf1f513be4d79d8ece7b2c4761f5eb4d025fa2a950f7cb91c38adc00
sparknet-c18g8-ptp,canonical_pai_architecture_scores,outputs/sparknet-c18g8-ptp/seed2/pai/candidates/sparknet_c12_multilayer/sparknet_c12_multilayer_best_arch_scores.csv,206,4e5a52ea8f697e40ff666eec60e86002e452cb90049d4424d509d9e2655d124b
sparknet-c18g8-ptp,canonical_pai_architecture_scores,outputs/sparknet-c18g8-ptp/seed2/pai/candidates/sparknet_c14_multilayer/sparknet_c14_multilayer_best_arch_scores.csv,207,b0d4533e919cd4b9da46a008b670eb7d0813e3ed0e268f536914fc247d6053ec
sparknet-c18g8-ptp,canonical_pai_architecture_scores,outputs/sparknet-c18g8-ptp/seed2/pai/candidates/sparknet_c15_multilayer/sparknet_c15_multilayer_best_arch_scores.csv,208,deae3ffb1ed84890bb1bce285ac4d370114ba8bed610450ec11757ba1bd4d2b0
sparknet-c18g8-ptp,canonical_pai_architecture_scores,outputs/sparknet-c18g8-ptp/seed2/pai/candidates/sparknet_c17_multilayer/sparknet_c17_multilayer_best_arch_scores.csv,165,90c813d262794b4ef64858d39e5ee5e154a9b1c3bdf496a0ecd7f629ff2274cc
sparknet-c18g8-ptp,canonical_pai_architecture_scores,outputs/sparknet-c18g8-ptp/seed2/pai/candidates/sparknet_c8_multilayer/sparknet_c8_multilayer_best_arch_scores.csv,208,3e229955fc47a8d90c0b7b467fcdb6dbdab6c113bae082a1f649da7c408d4597
sparknet-c18g8-ptp,stage_report,outputs/sparknet-c18g8-ptp/seed2/reports/sparknet_dendritic_prune_experiment.yaml,18264,2ce255af5fed4c05768a53571644e37d9cdd7bf188e5024f35d46ac8ceb0c821
sparknet-c18g8-ptp,run_manifest,outputs/sparknet-c18g8-ptp/seed3/manifest.yaml,134865,edb183ee6f3a42028e486021ef206dde4acf0fd85493650f7da66ef1eac9292e
sparknet-c18g8-ptp,canonical_epoch_log,outputs/sparknet-c18g8-ptp/seed3/metrics/sparsity/sparknet_c10/prune_supervised.jsonl,31742,01fbd8f8d5544efe1d84c166ff81ba6f367ca8d791d4685a2820758910396f73
sparknet-c18g8-ptp,canonical_epoch_log,outputs/sparknet-c18g8-ptp/seed3/metrics/sparsity/sparknet_c10_multilayer/pai.jsonl,88820,74681846ea4199fe6135f27f80f2a18e0c0a9a0e9d09eba67fc08883d6dfa4e5
sparknet-c18g8-ptp,canonical_epoch_log,outputs/sparknet-c18g8-ptp/seed3/metrics/sparsity/sparknet_c12/prune_supervised.jsonl,21616,6149861247fb61b99a3e8a08cd24584776faa51b54699158df7c6eb888544540
sparknet-c18g8-ptp,canonical_epoch_log,outputs/sparknet-c18g8-ptp/seed3/metrics/sparsity/sparknet_c12_multilayer/pai.jsonl,81062,235abfbbd1167d162f123ce7a6045b24b043e787301f4a0bb935deadb78f7de2
sparknet-c18g8-ptp,canonical_epoch_log,outputs/sparknet-c18g8-ptp/seed3/metrics/sparsity/sparknet_c14/prune_supervised.jsonl,21622,d731073374382fe73754b1d5c1b276e3b76986fefeb9af2fedc88f080cc8645e
sparknet-c18g8-ptp,canonical_epoch_log,outputs/sparknet-c18g8-ptp/seed3/metrics/sparsity/sparknet_c14_multilayer/pai.jsonl,82051,cc74291052b09bc6ea0d27f03ef72839caa286795b18de7e18713ba6318147b9
sparknet-c18g8-ptp,canonical_epoch_log,outputs/sparknet-c18g8-ptp/seed3/metrics/sparsity/sparknet_c15/prune_supervised.jsonl,10148,b0d37b9472bb2468a1c723ef590ff96ea0d5fd6134623f82e40a79b88ed4dd2d
sparknet-c18g8-ptp,canonical_epoch_log,outputs/sparknet-c18g8-ptp/seed3/metrics/sparsity/sparknet_c15_multilayer/pai.jsonl,103630,88896ff3103e1d0047d6581f142d33f2f4113b8ace6d4c491088d6aad0835ee5
sparknet-c18g8-ptp,canonical_epoch_log,outputs/sparknet-c18g8-ptp/seed3/metrics/sparsity/sparknet_c17/prune_supervised.jsonl,10139,b783f3e86ebc0bb7aacab821b8cc438aeb331e3ada444badf656f1a080643d73
sparknet-c18g8-ptp,canonical_epoch_log,outputs/sparknet-c18g8-ptp/seed3/metrics/sparsity/sparknet_c17_multilayer/pai.jsonl,107895,6f56f9f09c4ac41256ffc39894c6812d127c14eae9a25fd78e1f7394b00e3954
sparknet-c18g8-ptp,canonical_epoch_log,outputs/sparknet-c18g8-ptp/seed3/metrics/sparsity/sparknet_c8/prune_supervised.jsonl,32073,08bd5eafa2bf7848902c5fa05b0163f97f4fdc35348f669f0539e8a62738c6ea
sparknet-c18g8-ptp,canonical_epoch_log,outputs/sparknet-c18g8-ptp/seed3/metrics/sparsity/sparknet_c8_multilayer/pai.jsonl,111920,64765d16a1daebde1a0c0995172a6f02f821cc1c2c5075ef3fe54e7f99c63055
sparknet-c18g8-ptp,training_summary,outputs/sparknet-c18g8-ptp/seed3/metrics/summaries.yaml,478,1cffa8b69e5197b64444c1ae7251038f9317215d3e643f4712dd7d7b46c98c62
sparknet-c18g8-ptp,canonical_pai_architecture_scores,outputs/sparknet-c18g8-ptp/seed3/pai/candidates/sparknet_c10_multilayer/sparknet_c10_multilayer_best_arch_scores.csv,207,400c7fdb638810ce765344c49fa70e7ee51687c70da7b3598b744eefb919f71e
sparknet-c18g8-ptp,canonical_pai_architecture_scores,outputs/sparknet-c18g8-ptp/seed3/pai/candidates/sparknet_c12_multilayer/sparknet_c12_multilayer_best_arch_scores.csv,207,b903ab948f08dc58977b33ce5163918fed46b1b68391c4ab3634e939e8402c1c
sparknet-c18g8-ptp,canonical_pai_architecture_scores,outputs/sparknet-c18g8-ptp/seed3/pai/candidates/sparknet_c14_multilayer/sparknet_c14_multilayer_best_arch_scores.csv,206,fd14c02b35473bfb73d15a88dee6ba3e4c7b34c93354bf90b5c63fae350f533a
sparknet-c18g8-ptp,canonical_pai_architecture_scores,outputs/sparknet-c18g8-ptp/seed3/pai/candidates/sparknet_c15_multilayer/sparknet_c15_multilayer_best_arch_scores.csv,208,9002e6e739888d76400ce38e92ccd7f50e72f6949abbc7c4086ebeee4856f46d
sparknet-c18g8-ptp,canonical_pai_architecture_scores,outputs/sparknet-c18g8-ptp/seed3/pai/candidates/sparknet_c17_multilayer/sparknet_c17_multilayer_best_arch_scores.csv,121,67d5fc2778dfa6cc946af4eaa9e1aa43df9d200008b9e09f9db7976246fca781
sparknet-c18g8-ptp,canonical_pai_architecture_scores,outputs/sparknet-c18g8-ptp/seed3/pai/candidates/sparknet_c8_multilayer/sparknet_c8_multilayer_best_arch_scores.csv,208,4673b2c279994ed2e0c14db297d44cb468aee8dea61061c6cf00d8c56d11b1fb
sparknet-c18g8-ptp,stage_report,outputs/sparknet-c18g8-ptp/seed3/reports/sparknet_dendritic_prune_experiment.yaml,18267,05255486431ea4952280e5aaa7120d16438d9705e5db2b7131dfff6c10c74e32
sparknet-c18g8-ptp,run_manifest,outputs/sparknet-c18g8-ptp/seed4/manifest.yaml,145859,5f19c9031cc2c17be421290f37aff95b4e42738f90b9a565351f4027d1b78e3f
sparknet-c18g8-ptp,canonical_epoch_log,outputs/sparknet-c18g8-ptp/seed4/metrics/sparsity/sparknet_c10/prune_supervised.jsonl,38792,9070aa7fbdd2a6cb7b1d4c4431a96fd52c3c26b1effb4ad9c823f2307fef9c73
sparknet-c18g8-ptp,canonical_epoch_log,outputs/sparknet-c18g8-ptp/seed4/metrics/sparsity/sparknet_c10_multilayer/pai.jsonl,95701,6d3ff606f1d13b55dc1aa0621fb499ce672d06a7432b2c8bca778b4705147b81
sparknet-c18g8-ptp,canonical_epoch_log,outputs/sparknet-c18g8-ptp/seed4/metrics/sparsity/sparknet_c12/prune_supervised.jsonl,37962,c44a825372f54e33a4d94490b312182fdf7a4e2ccf3af0272bfdcdcbdfd4e33b
sparknet-c18g8-ptp,canonical_epoch_log,outputs/sparknet-c18g8-ptp/seed4/metrics/sparsity/sparknet_c12_multilayer/pai.jsonl,110410,59b8a8a0279674af9a9bba09dbcd1d60296d3586df28b0dd8c1377ca38aac3aa
sparknet-c18g8-ptp,canonical_epoch_log,outputs/sparknet-c18g8-ptp/seed4/metrics/sparsity/sparknet_c14/prune_supervised.jsonl,17208,7e19c375dd6906dcfbd26c51b50495b97ecdebaa97dbd070344d3e1ad297e50f
sparknet-c18g8-ptp,canonical_epoch_log,outputs/sparknet-c18g8-ptp/seed4/metrics/sparsity/sparknet_c14_multilayer/pai.jsonl,128669,d435eb26cad0d1bdf2a5e03eb59e00d8f21efb2afc3fdd4fd2fafc207cbc3d0f
sparknet-c18g8-ptp,canonical_epoch_log,outputs/sparknet-c18g8-ptp/seed4/metrics/sparsity/sparknet_c15/prune_supervised.jsonl,26938,38328665f0231eba7d27c274122c5ae1f2ed43e9aa0d3344f5a37802a07bb181
sparknet-c18g8-ptp,canonical_epoch_log,outputs/sparknet-c18g8-ptp/seed4/metrics/sparsity/sparknet_c15_multilayer/pai.jsonl,88096,37646218cfcc298f87f34ac4a0a5329b37252605514266d519e896c103dd162c
sparknet-c18g8-ptp,canonical_epoch_log,outputs/sparknet-c18g8-ptp/seed4/metrics/sparsity/sparknet_c17/prune_supervised.jsonl,6161,c1c518a945f6d70612fc63365997030784a1539cf5d5bdbfaf5ba74ff47a2c2d
sparknet-c18g8-ptp,canonical_epoch_log,outputs/sparknet-c18g8-ptp/seed4/metrics/sparsity/sparknet_c17_multilayer/pai.jsonl,113204,d53fc45c2f4d76b6262038fc882d1f6ead5b65d504845fcc10b9262a4960fcc6
sparknet-c18g8-ptp,canonical_epoch_log,outputs/sparknet-c18g8-ptp/seed4/metrics/sparsity/sparknet_c8/prune_supervised.jsonl,43630,9b5ada7da0fa8d6a14519dd5e27591c296015a308f1c884a7279e0cc1aa86541
sparknet-c18g8-ptp,canonical_epoch_log,outputs/sparknet-c18g8-ptp/seed4/metrics/sparsity/sparknet_c8_multilayer/pai.jsonl,123121,e7c85b4f3b77b08f58815eaad5d875c5593f191d762129fcb07f0fe756d31433
sparknet-c18g8-ptp,training_summary,outputs/sparknet-c18g8-ptp/seed4/metrics/summaries.yaml,478,68e30955030b4f475dabbe302e9c5836e6a852d647acdf4663a92309fed17fa0
sparknet-c18g8-ptp,canonical_pai_architecture_scores,outputs/sparknet-c18g8-ptp/seed4/pai/candidates/sparknet_c10_multilayer/sparknet_c10_multilayer_best_arch_scores.csv,207,c4e0cd64b32401ea4f8b4dfe049f84c22f7b95b26e2119ba23dd1e8a9c243e1f
sparknet-c18g8-ptp,canonical_pai_architecture_scores,outputs/sparknet-c18g8-ptp/seed4/pai/candidates/sparknet_c12_multilayer/sparknet_c12_multilayer_best_arch_scores.csv,164,bbca4cc7b1a73cdf9ce26076b916fb9fff681deb1a4fb8433faa1c2ce81ecafb
sparknet-c18g8-ptp,canonical_pai_architecture_scores,outputs/sparknet-c18g8-ptp/seed4/pai/candidates/sparknet_c14_multilayer/sparknet_c14_multilayer_best_arch_scores.csv,208,d62716d06268712f52a64a512bb166959c1ffe3dc0ebbb7d8a36f6a913b10c40
sparknet-c18g8-ptp,canonical_pai_architecture_scores,outputs/sparknet-c18g8-ptp/seed4/pai/candidates/sparknet_c15_multilayer/sparknet_c15_multilayer_best_arch_scores.csv,208,439cbd96a5b7dd12f4b635063ce883f727f3a207b015dba86524d75ea98c6c5f
sparknet-c18g8-ptp,canonical_pai_architecture_scores,outputs/sparknet-c18g8-ptp/seed4/pai/candidates/sparknet_c17_multilayer/sparknet_c17_multilayer_best_arch_scores.csv,208,99a04acc95077de27396a54bee6e9c0113dbd8f3e22b1ffd979eca29e6fd5046
sparknet-c18g8-ptp,canonical_pai_architecture_scores,outputs/sparknet-c18g8-ptp/seed4/pai/candidates/sparknet_c8_multilayer/sparknet_c8_multilayer_best_arch_scores.csv,206,acfa03276b0d9cfc0992a5f705c8713d805281d45f6d6aec3fcae137c3ca7630
sparknet-c18g8-ptp,stage_report,outputs/sparknet-c18g8-ptp/seed4/reports/sparknet_dendritic_prune_experiment.yaml,18241,0615f0f77b1386b0ce196de5ab5e6853ddf2f2921b9a5ae64f9248ec17ff903e
sparknet-dendritic-study-v2,run_manifest,outputs/sparknet-dendritic-study-v2/arms/control/c10-seed0/manifest.yaml,4312,761148f1f71e08de39b4f638adee7d75bd0782bde4306cc7c5dab1af2c53615e
sparknet-dendritic-study-v2,canonical_epoch_log,outputs/sparknet-dendritic-study-v2/arms/control/c10-seed0/metrics/sparsity/sparknet_c10/prune_supervised.jsonl,17760,1e944b2398e20ddaeb022efb9a3bbdcdeed8ed428159e917260c4d8b8357c056
sparknet-dendritic-study-v2,canonical_epoch_log,outputs/sparknet-dendritic-study-v2/arms/control/c10-seed0/metrics/sparsity/sparknet_c10_multilayer/standard_control.jsonl,43832,c4e961ae6785c9479a50ae0e6622cbffd01919491704e1fce0336546fbf049d7
sparknet-dendritic-study-v2,training_summary,outputs/sparknet-dendritic-study-v2/arms/control/c10-seed0/metrics/summaries.yaml,967,db9d7dabb0c794d4ee1d4c4db6dca77b983e8b7bc449de9abe974e3d67dc96c1
sparknet-dendritic-study-v2,stage_report,outputs/sparknet-dendritic-study-v2/arms/control/c10-seed0/reports/sparknet_dendritic_prune_experiment.yaml,3230,bcb6f0f0aef3ab4cc357d1263a1f07a63423c9abb6f074be4f2499a9469be3a1
sparknet-dendritic-study-v2,run_manifest,outputs/sparknet-dendritic-study-v2/arms/control/c10-seed1/manifest.yaml,4312,8fd824908a8aa4da5ef4b3e3ffcc35ade517bc15040f5f4dde58af9f18e68829
sparknet-dendritic-study-v2,canonical_epoch_log,outputs/sparknet-dendritic-study-v2/arms/control/c10-seed1/metrics/sparsity/sparknet_c10/prune_supervised.jsonl,17758,5984bcffeefe64c0a5b69c230f317271b20595eabf9e495d227fdb43408b4786
sparknet-dendritic-study-v2,canonical_epoch_log,outputs/sparknet-dendritic-study-v2/arms/control/c10-seed1/metrics/sparsity/sparknet_c10_multilayer/standard_control.jsonl,43822,f4476047b2d4b95c184f5be420955baa2b0faef720bfda02e1c8d31496ba2ce6
sparknet-dendritic-study-v2,training_summary,outputs/sparknet-dendritic-study-v2/arms/control/c10-seed1/metrics/summaries.yaml,968,138b50b59e50227ef56ba529a0386d6feb5a2a1e5610470bc14e8148af3f7982
sparknet-dendritic-study-v2,stage_report,outputs/sparknet-dendritic-study-v2/arms/control/c10-seed1/reports/sparknet_dendritic_prune_experiment.yaml,3234,005e878ff46c18eb38380c6f541960a1d6c9fa6b8d8a797fdfc7f9630a4fff67
sparknet-dendritic-study-v2,run_manifest,outputs/sparknet-dendritic-study-v2/arms/control/c10-seed2/manifest.yaml,4312,252bc5524abea19f6dc785aae9309757c15c93377930aec4a9908d014723dae7
sparknet-dendritic-study-v2,canonical_epoch_log,outputs/sparknet-dendritic-study-v2/arms/control/c10-seed2/metrics/sparsity/sparknet_c10/prune_supervised.jsonl,17751,fec0f42c091b7bec9c54b608ef8fa471b8e2d7ba558f78b5a939c3b37659c17e
sparknet-dendritic-study-v2,canonical_epoch_log,outputs/sparknet-dendritic-study-v2/arms/control/c10-seed2/metrics/sparsity/sparknet_c10_multilayer/standard_control.jsonl,43832,abfa4e0203b2af6744f6e97599b3431830e6866e0c8ef3626acfcdbe6813ed53
sparknet-dendritic-study-v2,training_summary,outputs/sparknet-dendritic-study-v2/arms/control/c10-seed2/metrics/summaries.yaml,968,11ebc67902f9aa5af284775b1d57c0a51bef8e3ffc1b78e047cf280b3a3bb6ce
sparknet-dendritic-study-v2,stage_report,outputs/sparknet-dendritic-study-v2/arms/control/c10-seed2/reports/sparknet_dendritic_prune_experiment.yaml,3233,8c172f12c499522ff2bc1ea75967e2586c52700f67783f273fa7d944eedb9ffb
sparknet-dendritic-study-v2,run_manifest,outputs/sparknet-dendritic-study-v2/arms/control/c10-seed3/manifest.yaml,4312,aa3aa254556a54f40ec7329eb3c5bddea3cb57ef5493dce54b86e997d19a3e23
sparknet-dendritic-study-v2,canonical_epoch_log,outputs/sparknet-dendritic-study-v2/arms/control/c10-seed3/metrics/sparsity/sparknet_c10/prune_supervised.jsonl,17764,a42053bf35e77fdc32ae7ca2232bc0111797b6853439308910ebd005453dc959
sparknet-dendritic-study-v2,canonical_epoch_log,outputs/sparknet-dendritic-study-v2/arms/control/c10-seed3/metrics/sparsity/sparknet_c10_multilayer/standard_control.jsonl,43827,b3ba4f600e0c00a3d49822e01e094e635b587f5c740201f061578e59af3f18aa
sparknet-dendritic-study-v2,training_summary,outputs/sparknet-dendritic-study-v2/arms/control/c10-seed3/metrics/summaries.yaml,968,0cc1a75bfeee9f07269a8eb5b4bec7f5ed9ae873f6834aae9ca3b4b8406929f7
sparknet-dendritic-study-v2,stage_report,outputs/sparknet-dendritic-study-v2/arms/control/c10-seed3/reports/sparknet_dendritic_prune_experiment.yaml,3235,39bb4a869472cffd6b474ab88c47a17da9a88b2e661954a85755c809172502dd
sparknet-dendritic-study-v2,run_manifest,outputs/sparknet-dendritic-study-v2/arms/control/c10-seed4/manifest.yaml,4312,0b2f6240b942394a3c71aec895b2719d92351aa67b107dd8037077b1b2b00742
sparknet-dendritic-study-v2,canonical_epoch_log,outputs/sparknet-dendritic-study-v2/arms/control/c10-seed4/metrics/sparsity/sparknet_c10/prune_supervised.jsonl,17766,0914c87be571aee803ce694e67cb9a1988015d827d703181e4f0dc561c219879
sparknet-dendritic-study-v2,canonical_epoch_log,outputs/sparknet-dendritic-study-v2/arms/control/c10-seed4/metrics/sparsity/sparknet_c10_multilayer/standard_control.jsonl,43794,3b4df3a7474a0e1bd8e22b19c258ec0247cc53236c97cf1f665da39d103c9ecc
sparknet-dendritic-study-v2,training_summary,outputs/sparknet-dendritic-study-v2/arms/control/c10-seed4/metrics/summaries.yaml,968,88cf6d49e9ee5f1f053bc1fa6bd246f1fdc005fc32457d594fe85853de907c31
sparknet-dendritic-study-v2,stage_report,outputs/sparknet-dendritic-study-v2/arms/control/c10-seed4/reports/sparknet_dendritic_prune_experiment.yaml,3235,699792a88146e0be038e56443dfa95caa951ca5b5cd243cd8718ae5c4f4e81a6
sparknet-dendritic-study-v2,run_manifest,outputs/sparknet-dendritic-study-v2/arms/control/c12-seed0/manifest.yaml,10140,b8189554a3f24d571c88edb3f7da637798b4ad8922d9bb740485204b0992a4b5
sparknet-dendritic-study-v2,canonical_epoch_log,outputs/sparknet-dendritic-study-v2/arms/control/c12-seed0/metrics/sparsity/sparknet_c12/prune_supervised.jsonl,17725,7bbd2bc779d4b09b0a873767d4ae07687da77df46c9cedb6f2ac79c806384cd2
sparknet-dendritic-study-v2,canonical_epoch_log,outputs/sparknet-dendritic-study-v2/arms/control/c12-seed0/metrics/sparsity/sparknet_c12_multilayer/pai.jsonl,33958,51d9b91d8f3d45feee6455b72262d4dbd81f9ecaab5b3d1fa4525ff5623fdc2f
sparknet-dendritic-study-v2,canonical_epoch_log,outputs/sparknet-dendritic-study-v2/arms/control/c12-seed0/metrics/sparsity/sparknet_c12_multilayer/standard_control.jsonl,43834,180c06aa164349fdf93f256079c445f996b758100fd7143c8c61688667058aa6
sparknet-dendritic-study-v2,training_summary,outputs/sparknet-dendritic-study-v2/arms/control/c12-seed0/metrics/summaries.yaml,967,ed53ccd26b3f751a7e96c047fe7e5695b0a1f5087d782b3e1b5eb5020bc50378
sparknet-dendritic-study-v2,canonical_pai_architecture_scores,outputs/sparknet-dendritic-study-v2/arms/control/c12-seed0/pai/candidates/sparknet_c12_multilayer/sparknet_c12_multilayer_best_arch_scores.csv,79,f3f002cf9206f594f317de835c8fbabd7dc40ed12f8ce3bfb13f62fcb6168630
sparknet-dendritic-study-v2,stage_report,outputs/sparknet-dendritic-study-v2/arms/control/c12-seed0/reports/sparknet_dendritic_prune_experiment.yaml,3230,758588e9e983bcd3df98919a970ecf8e6cab8037169e0f2bbf81ffc811a6dbab
sparknet-dendritic-study-v2,run_manifest,outputs/sparknet-dendritic-study-v2/arms/control/c12-seed1/manifest.yaml,4312,ea8e671af011c63c923286aa8beee0a93a6496332c075f1e216287068cf352ff
sparknet-dendritic-study-v2,canonical_epoch_log,outputs/sparknet-dendritic-study-v2/arms/control/c12-seed1/metrics/sparsity/sparknet_c12/prune_supervised.jsonl,17759,544029a5e666ee61a158ab34b3b304176c430079ec20e680e7f888a40ef1676a
sparknet-dendritic-study-v2,canonical_epoch_log,outputs/sparknet-dendritic-study-v2/arms/control/c12-seed1/metrics/sparsity/sparknet_c12_multilayer/standard_control.jsonl,43833,13df136375e6f75c4176c0994d70e34e938191ea772bc0011b19a783bcda4816
sparknet-dendritic-study-v2,training_summary,outputs/sparknet-dendritic-study-v2/arms/control/c12-seed1/metrics/summaries.yaml,968,350db55cda2fa01cdd88a63ca286bfe2dba9686a8d939db382878ac93decafb5
sparknet-dendritic-study-v2,stage_report,outputs/sparknet-dendritic-study-v2/arms/control/c12-seed1/reports/sparknet_dendritic_prune_experiment.yaml,3236,88b96a7661a2ebf5ae039bc64f41548e191b0ffc58b75fc19a920f6e1b7bbb38
sparknet-dendritic-study-v2,run_manifest,outputs/sparknet-dendritic-study-v2/arms/control/c12-seed2/manifest.yaml,4312,3b5fd2071ae2ca1e6d8955f144f356f64351ece6c54a9ae2a3b407f77d5b773b
sparknet-dendritic-study-v2,canonical_epoch_log,outputs/sparknet-dendritic-study-v2/arms/control/c12-seed2/metrics/sparsity/sparknet_c12/prune_supervised.jsonl,17760,bbde3f6070e40ba2de659feaf9da3b56b237a85a301bc3be972ac51322f54108
sparknet-dendritic-study-v2,canonical_epoch_log,outputs/sparknet-dendritic-study-v2/arms/control/c12-seed2/metrics/sparsity/sparknet_c12_multilayer/standard_control.jsonl,43842,60d411ffdd0aadca002e7471f146a2beb60160b12220909e24d0af686eae57e0
sparknet-dendritic-study-v2,training_summary,outputs/sparknet-dendritic-study-v2/arms/control/c12-seed2/metrics/summaries.yaml,968,9b46f335b71c4ea1864016d61481a32c8fba3c3f39d7676dccea88eec28e1b38
sparknet-dendritic-study-v2,stage_report,outputs/sparknet-dendritic-study-v2/arms/control/c12-seed2/reports/sparknet_dendritic_prune_experiment.yaml,3217,372c4b1b75b1950979dbdb0d03c715c0bb538ad412b248fc28c35998ac7f000e
sparknet-dendritic-study-v2,run_manifest,outputs/sparknet-dendritic-study-v2/arms/control/c12-seed3/manifest.yaml,4312,0d3d439537acc7d3c0289d351bdcd6b12c0540670e88fbec1b0806aaec99057f
sparknet-dendritic-study-v2,canonical_epoch_log,outputs/sparknet-dendritic-study-v2/arms/control/c12-seed3/metrics/sparsity/sparknet_c12/prune_supervised.jsonl,17775,e40cd121adf54187615d174c74ca9813c001bd0753630d5d9401395fba12322d
sparknet-dendritic-study-v2,canonical_epoch_log,outputs/sparknet-dendritic-study-v2/arms/control/c12-seed3/metrics/sparsity/sparknet_c12_multilayer/standard_control.jsonl,43824,e4e2c23893b7008343a88bae0a75e54dbb5107e867628e3f0c6f1bce0e84d3a4
sparknet-dendritic-study-v2,training_summary,outputs/sparknet-dendritic-study-v2/arms/control/c12-seed3/metrics/summaries.yaml,968,eb2d748ab9f1bcf7946535a43ad15109daa0da764a165f847d073ea62ccdbad0
sparknet-dendritic-study-v2,stage_report,outputs/sparknet-dendritic-study-v2/arms/control/c12-seed3/reports/sparknet_dendritic_prune_experiment.yaml,3236,b85d9853905e273f9018b7a5edd302ba0ae6a5926fc6ef24fc5df6244875e397
sparknet-dendritic-study-v2,run_manifest,outputs/sparknet-dendritic-study-v2/arms/control/c12-seed4/manifest.yaml,4312,b616449cf0eb755b18fb88a23205ab42b90c5a8973a7839dddb75d58f64d04c0
sparknet-dendritic-study-v2,canonical_epoch_log,outputs/sparknet-dendritic-study-v2/arms/control/c12-seed4/metrics/sparsity/sparknet_c12/prune_supervised.jsonl,17737,c7822c5ebadd08eb6c454d530dc7678abfab207970daa419fa4bd0fc780bb23a
sparknet-dendritic-study-v2,canonical_epoch_log,outputs/sparknet-dendritic-study-v2/arms/control/c12-seed4/metrics/sparsity/sparknet_c12_multilayer/standard_control.jsonl,43840,56f0558022f30fd1ecebcf727f9e8ed4bf8da1663e532b32e105925a4379cddf
sparknet-dendritic-study-v2,training_summary,outputs/sparknet-dendritic-study-v2/arms/control/c12-seed4/metrics/summaries.yaml,968,eae8ec7872ed7a497aa73030f29ea317f094bf4733fa8560660057794cc6c40a
sparknet-dendritic-study-v2,stage_report,outputs/sparknet-dendritic-study-v2/arms/control/c12-seed4/reports/sparknet_dendritic_prune_experiment.yaml,3235,4a39dbdf338635fb0aba58c468056e74493c11036b01b6c9c3c2a963da81f499
sparknet-dendritic-study-v2,run_manifest,outputs/sparknet-dendritic-study-v2/arms/control/c2-seed0/manifest.yaml,4301,09600a9b4dc76bb22f40e156d8330dc0ce5fb98448b8d17633247302b1864e9f
sparknet-dendritic-study-v2,canonical_epoch_log,outputs/sparknet-dendritic-study-v2/arms/control/c2-seed0/metrics/sparsity/sparknet_c2/prune_supervised.jsonl,17794,15c6c71a65abf7b6e150d08af0f9d46c713e5a3d0540d83ca1223c0eb48a8b68
sparknet-dendritic-study-v2,canonical_epoch_log,outputs/sparknet-dendritic-study-v2/arms/control/c2-seed0/metrics/sparsity/sparknet_c2_multilayer/standard_control.jsonl,43914,be1839300135afc788201381a4bd8d1048102868b1ec8620e3b425a30de415fa
sparknet-dendritic-study-v2,training_summary,outputs/sparknet-dendritic-study-v2/arms/control/c2-seed0/metrics/summaries.yaml,961,4447ad518afc80b774f09bc20f2556fbe75d60c1460e3b2f043096d5882e8645
sparknet-dendritic-study-v2,stage_report,outputs/sparknet-dendritic-study-v2/arms/control/c2-seed0/reports/sparknet_dendritic_prune_experiment.yaml,3217,f0e1acee37bb59d2f1ff8f5cf5e864db6a88bfae2a1c710f1452e09043b9ad08
sparknet-dendritic-study-v2,run_manifest,outputs/sparknet-dendritic-study-v2/arms/control/c2-seed1/manifest.yaml,4301,0c6438731eaee5dfded47737ad95e69d119b6eed76e2a02b4be660a2d41d5271
sparknet-dendritic-study-v2,canonical_epoch_log,outputs/sparknet-dendritic-study-v2/arms/control/c2-seed1/metrics/sparsity/sparknet_c2/prune_supervised.jsonl,17779,963dbd7256ff452d674fad3cdf7a7e8b5ada7ef2185b0445f20af9f0edadd5bd
sparknet-dendritic-study-v2,canonical_epoch_log,outputs/sparknet-dendritic-study-v2/arms/control/c2-seed1/metrics/sparsity/sparknet_c2_multilayer/standard_control.jsonl,43897,f95f9c616a6b889ffe3f6e2841c1d63c535a65efba6182b3a0ae80ff0cc250ee
sparknet-dendritic-study-v2,training_summary,outputs/sparknet-dendritic-study-v2/arms/control/c2-seed1/metrics/summaries.yaml,962,2678d9973fc3218f14c32f9f2ef35f090f40d6b3f0ccc945685e0b2e1941ebda
sparknet-dendritic-study-v2,stage_report,outputs/sparknet-dendritic-study-v2/arms/control/c2-seed1/reports/sparknet_dendritic_prune_experiment.yaml,3214,ad57198259e62ff2654a84b32e59aac55f521c55b0667f922a31b3a7ec717cc3
sparknet-dendritic-study-v2,run_manifest,outputs/sparknet-dendritic-study-v2/arms/control/c2-seed2/manifest.yaml,4301,a0d29a1c09e315769a2e6b7da3cbc66e3d016b0ed809d7ee98a2a390c54a7c59
sparknet-dendritic-study-v2,canonical_epoch_log,outputs/sparknet-dendritic-study-v2/arms/control/c2-seed2/metrics/sparsity/sparknet_c2/prune_supervised.jsonl,17765,c8ac01f17b0546c1d8c6cba60f29dd061792fba89344befcf61a69147ad77bd3
sparknet-dendritic-study-v2,canonical_epoch_log,outputs/sparknet-dendritic-study-v2/arms/control/c2-seed2/metrics/sparsity/sparknet_c2_multilayer/standard_control.jsonl,43775,0dbb459f34ad6c181d4978dbd0681205d327c1bd89a87aa8ee7d8c637fceae8f
sparknet-dendritic-study-v2,training_summary,outputs/sparknet-dendritic-study-v2/arms/control/c2-seed2/metrics/summaries.yaml,962,34e96f52d009ca9bd2bef507fd259dcfe6122baee509914958dd812200e62b88
sparknet-dendritic-study-v2,stage_report,outputs/sparknet-dendritic-study-v2/arms/control/c2-seed2/reports/sparknet_dendritic_prune_experiment.yaml,3225,2bae21850bd397c81b63f2a46735750a68c7798b5dd176ec62a0f8edd1b1a5e8
sparknet-dendritic-study-v2,run_manifest,outputs/sparknet-dendritic-study-v2/arms/control/c2-seed3/manifest.yaml,4301,642206bbe68259c82983bb41ca923f4dcbc8f5844661805acef3b9e31ca18b4c
sparknet-dendritic-study-v2,canonical_epoch_log,outputs/sparknet-dendritic-study-v2/arms/control/c2-seed3/metrics/sparsity/sparknet_c2/prune_supervised.jsonl,17772,a0063564b4e4a03262ea282872608677a9c24c6fe6279399376e00c43ccebbbb
sparknet-dendritic-study-v2,canonical_epoch_log,outputs/sparknet-dendritic-study-v2/arms/control/c2-seed3/metrics/sparsity/sparknet_c2_multilayer/standard_control.jsonl,43834,ee987ef706ad568d92252c935b57938d1d4488fd72f7f0f33130f53228f78f6d
sparknet-dendritic-study-v2,training_summary,outputs/sparknet-dendritic-study-v2/arms/control/c2-seed3/metrics/summaries.yaml,961,de4e3a1e1eb2a5d95074ea78ac0140fe26d516448c436ded7bc55f1bce531c0d
sparknet-dendritic-study-v2,stage_report,outputs/sparknet-dendritic-study-v2/arms/control/c2-seed3/reports/sparknet_dendritic_prune_experiment.yaml,3218,644e6b82bad85736e96088e37abc5ea135665b7a21824dfba10f94e9d995a73f
sparknet-dendritic-study-v2,run_manifest,outputs/sparknet-dendritic-study-v2/arms/control/c2-seed4/manifest.yaml,4301,8c61ccc56db34e3989563facb65bb04b4d1ba40fb421abfd71ceb65e5bbd3e27
sparknet-dendritic-study-v2,canonical_epoch_log,outputs/sparknet-dendritic-study-v2/arms/control/c2-seed4/metrics/sparsity/sparknet_c2/prune_supervised.jsonl,17789,96bd2f7ab3a554889342e64dcbece97fa497ce9f1ba9b68eb487f9c8631a6bd4
sparknet-dendritic-study-v2,canonical_epoch_log,outputs/sparknet-dendritic-study-v2/arms/control/c2-seed4/metrics/sparsity/sparknet_c2_multilayer/standard_control.jsonl,43915,4f596204635ce465dacfb54b0544bd9e956ec34a1da7989e9da3d695bce89ccb
sparknet-dendritic-study-v2,training_summary,outputs/sparknet-dendritic-study-v2/arms/control/c2-seed4/metrics/summaries.yaml,961,be3d68be3755eafacc34c5fd45e7a581f0a4462eb9d27c99fb7d330d04efe7e3
sparknet-dendritic-study-v2,stage_report,outputs/sparknet-dendritic-study-v2/arms/control/c2-seed4/reports/sparknet_dendritic_prune_experiment.yaml,3221,0f33697636f4601368ba71be804038e342993fbe62e39f31ab569b15ec9d8d54
sparknet-dendritic-study-v2,run_manifest,outputs/sparknet-dendritic-study-v2/arms/control/c4-seed0/manifest.yaml,4301,c934894ceb7b4e94b42e097e2dfe6b8ee5f8f39fff2b40ff7f4619a2cd118d4d
sparknet-dendritic-study-v2,canonical_epoch_log,outputs/sparknet-dendritic-study-v2/arms/control/c4-seed0/metrics/sparsity/sparknet_c4/prune_supervised.jsonl,17791,75da682e0e4413bc1192fe6925ce0343a5fb68aa89c27ecb2ab769e759fb1d9c
sparknet-dendritic-study-v2,canonical_epoch_log,outputs/sparknet-dendritic-study-v2/arms/control/c4-seed0/metrics/sparsity/sparknet_c4_multilayer/standard_control.jsonl,43922,428ffb5d156a7d0c54adaf94e12113a4dff703d1b0fff9e76146c578ded0100c
sparknet-dendritic-study-v2,training_summary,outputs/sparknet-dendritic-study-v2/arms/control/c4-seed0/metrics/summaries.yaml,961,c3803cb21829edebdcc281927f4e6a9751c718deffa96a7886e710341bea6360
sparknet-dendritic-study-v2,stage_report,outputs/sparknet-dendritic-study-v2/arms/control/c4-seed0/reports/sparknet_dendritic_prune_experiment.yaml,3217,72f9e92e41a61a9c00ddf3dba46f57543b34749ebd28415d8713275682cf8b5d
sparknet-dendritic-study-v2,run_manifest,outputs/sparknet-dendritic-study-v2/arms/control/c4-seed1/manifest.yaml,4301,688cd3eec8ad63345f4c169268c992324faa45bbe26fd64c11878ec461f29e33
sparknet-dendritic-study-v2,canonical_epoch_log,outputs/sparknet-dendritic-study-v2/arms/control/c4-seed1/metrics/sparsity/sparknet_c4/prune_supervised.jsonl,17796,3226f929fb77c859a15d55bb642a96ddaf6ef62836dfb257c05bca7649ee7e0b
sparknet-dendritic-study-v2,canonical_epoch_log,outputs/sparknet-dendritic-study-v2/arms/control/c4-seed1/metrics/sparsity/sparknet_c4_multilayer/standard_control.jsonl,43914,86c92b1f16df5341ac322f88a9f8fc22de4bb327f9bb1d46198d0204903ae518
sparknet-dendritic-study-v2,training_summary,outputs/sparknet-dendritic-study-v2/arms/control/c4-seed1/metrics/summaries.yaml,961,7564286cf617180185af03bf3af213512c75b13f3fe974483656d48baf60a5d0
sparknet-dendritic-study-v2,stage_report,outputs/sparknet-dendritic-study-v2/arms/control/c4-seed1/reports/sparknet_dendritic_prune_experiment.yaml,3218,cf046dfbe949958e631457c8d54438580308dfaba260f6c22427fd7102f1da84
sparknet-dendritic-study-v2,run_manifest,outputs/sparknet-dendritic-study-v2/arms/control/c4-seed2/manifest.yaml,4301,fcdbb90078f73697f9c22b1f3c1396178e52c79d65935bceb73097a44b4f938f
sparknet-dendritic-study-v2,canonical_epoch_log,outputs/sparknet-dendritic-study-v2/arms/control/c4-seed2/metrics/sparsity/sparknet_c4/prune_supervised.jsonl,17802,655c007c0c97d85efcaee090fdf4cb486d4da204531b617bf645d7596f688d70
sparknet-dendritic-study-v2,canonical_epoch_log,outputs/sparknet-dendritic-study-v2/arms/control/c4-seed2/metrics/sparsity/sparknet_c4_multilayer/standard_control.jsonl,43934,903c7e55ed143514bf27743a6e11db8fc0bae05da573694c6c03c08ac5d5989a
sparknet-dendritic-study-v2,training_summary,outputs/sparknet-dendritic-study-v2/arms/control/c4-seed2/metrics/summaries.yaml,962,6aff26d0f412c2b23de2a934e2540f12653ba507498d1c603eef2578b48abfe4
sparknet-dendritic-study-v2,stage_report,outputs/sparknet-dendritic-study-v2/arms/control/c4-seed2/reports/sparknet_dendritic_prune_experiment.yaml,3214,7392bee4ca75f4dc079f511ab3169c2cc53ac10c44bdb35cd3b868a8b722f8cd
sparknet-dendritic-study-v2,run_manifest,outputs/sparknet-dendritic-study-v2/arms/control/c4-seed3/manifest.yaml,4301,19c8c6e14704b063cecd1c415c06894674fc380e520554d3591b2f6eeadabee1
sparknet-dendritic-study-v2,canonical_epoch_log,outputs/sparknet-dendritic-study-v2/arms/control/c4-seed3/metrics/sparsity/sparknet_c4/prune_supervised.jsonl,17789,3ef3a19984b6c00d810a8af0ae6ed177636ad3619d8279080743701b7af3caa8
sparknet-dendritic-study-v2,canonical_epoch_log,outputs/sparknet-dendritic-study-v2/arms/control/c4-seed3/metrics/sparsity/sparknet_c4_multilayer/standard_control.jsonl,43917,b7426f61447b67c61d8386c9b2ed83b3fd44a9717d477e43356932e4936a6a04
sparknet-dendritic-study-v2,training_summary,outputs/sparknet-dendritic-study-v2/arms/control/c4-seed3/metrics/summaries.yaml,961,3629703f647076566e10b469c2a4c123fae6fef56b1796bbfc695d62dd23fba0
sparknet-dendritic-study-v2,stage_report,outputs/sparknet-dendritic-study-v2/arms/control/c4-seed3/reports/sparknet_dendritic_prune_experiment.yaml,3214,f32cdf11f0568acb56f237fce87fcee890af5229673e525166d57776a3361927
sparknet-dendritic-study-v2,run_manifest,outputs/sparknet-dendritic-study-v2/arms/control/c4-seed4/manifest.yaml,4301,14041c81fd144a9cc79d6b59f125575101db54a84dfc0305034ee1f4b28e8b9f
sparknet-dendritic-study-v2,canonical_epoch_log,outputs/sparknet-dendritic-study-v2/arms/control/c4-seed4/metrics/sparsity/sparknet_c4/prune_supervised.jsonl,17793,304424588efa59a65284c189a3348d9ab0ba42fa336621eda7942fe5d5d1604e
sparknet-dendritic-study-v2,canonical_epoch_log,outputs/sparknet-dendritic-study-v2/arms/control/c4-seed4/metrics/sparsity/sparknet_c4_multilayer/standard_control.jsonl,43907,0c7074f4268a2c62e7dd7e8cc5207b718b1ef1491b27299b21f8a54945ef1874
sparknet-dendritic-study-v2,training_summary,outputs/sparknet-dendritic-study-v2/arms/control/c4-seed4/metrics/summaries.yaml,960,6eb75a0bd32d39db185d1094be66c0724b9506bb51cf1b64bcec14db0091fc60
sparknet-dendritic-study-v2,stage_report,outputs/sparknet-dendritic-study-v2/arms/control/c4-seed4/reports/sparknet_dendritic_prune_experiment.yaml,3216,b83bf9b1760039735b6109a4ed1ccdf5be8eb7dd89f692b52735f7249b3d2c6a
sparknet-dendritic-study-v2,run_manifest,outputs/sparknet-dendritic-study-v2/arms/control/c6-seed0/manifest.yaml,4301,1bca68e850d14e05240aa0afaa18af10ce430d89c15001f16292ce610b4a765d
sparknet-dendritic-study-v2,canonical_epoch_log,outputs/sparknet-dendritic-study-v2/arms/control/c6-seed0/metrics/sparsity/sparknet_c6/prune_supervised.jsonl,17769,16a7fbdcb44dfa9427da752aaf9b1972114c6696ed5279eb693824edb1a01238
sparknet-dendritic-study-v2,canonical_epoch_log,outputs/sparknet-dendritic-study-v2/arms/control/c6-seed0/metrics/sparsity/sparknet_c6_multilayer/standard_control.jsonl,43849,255525b3213aa4e79a87d2b31b53623ba58a3130827c37070de0e0529bdb3226
sparknet-dendritic-study-v2,training_summary,outputs/sparknet-dendritic-study-v2/arms/control/c6-seed0/metrics/summaries.yaml,962,81fcd16b1c4300e3999c24eeca4a3e6d806b2ddfed4373d764e99cffa94b405a
sparknet-dendritic-study-v2,stage_report,outputs/sparknet-dendritic-study-v2/arms/control/c6-seed0/reports/sparknet_dendritic_prune_experiment.yaml,3228,663be7d7788dd4e39c4f95bd74355afcbbcb4b097ee96bd98e8d60b5b896067d
sparknet-dendritic-study-v2,run_manifest,outputs/sparknet-dendritic-study-v2/arms/control/c6-seed1/manifest.yaml,4301,1e93c52e5ffd5ac26d419e3122f436070165f1c6d145d34f3132ab85fdc5f245
sparknet-dendritic-study-v2,canonical_epoch_log,outputs/sparknet-dendritic-study-v2/arms/control/c6-seed1/metrics/sparsity/sparknet_c6/prune_supervised.jsonl,17769,25a071fe3e5884ff1d89d5738ecc392974c0edb6f50441ea8ab9e652ad40697d
sparknet-dendritic-study-v2,canonical_epoch_log,outputs/sparknet-dendritic-study-v2/arms/control/c6-seed1/metrics/sparsity/sparknet_c6_multilayer/standard_control.jsonl,43834,d912204301c00e6880a381483e679836f42750ccefe7ae60158341523a25bf7d
sparknet-dendritic-study-v2,training_summary,outputs/sparknet-dendritic-study-v2/arms/control/c6-seed1/metrics/summaries.yaml,961,5e5eabbf3d9281b4e1dabf7c9c671722c8f43208bc823ffb381839a37831ad14
sparknet-dendritic-study-v2,stage_report,outputs/sparknet-dendritic-study-v2/arms/control/c6-seed1/reports/sparknet_dendritic_prune_experiment.yaml,3222,b7fe7b0429e964109dd476765d8252a06f8a0cb17a1b0ed970b1520660e96c9c
sparknet-dendritic-study-v2,run_manifest,outputs/sparknet-dendritic-study-v2/arms/control/c6-seed2/manifest.yaml,4301,b9a02311db38222c3053009f8fd7ab21e3e577a1a2f18d113aa669516db38912
sparknet-dendritic-study-v2,canonical_epoch_log,outputs/sparknet-dendritic-study-v2/arms/control/c6-seed2/metrics/sparsity/sparknet_c6/prune_supervised.jsonl,17750,f73c71052fb05ed07e76eb0481ee83235c850357d117f6479eda9e2ae424a22c
sparknet-dendritic-study-v2,canonical_epoch_log,outputs/sparknet-dendritic-study-v2/arms/control/c6-seed2/metrics/sparsity/sparknet_c6_multilayer/standard_control.jsonl,43811,c8da51cee506724733f31f580f67c57193efe8e2bdf61802047310fdc2064f3c
sparknet-dendritic-study-v2,training_summary,outputs/sparknet-dendritic-study-v2/arms/control/c6-seed2/metrics/summaries.yaml,959,908ed8ae181d5a90da3909f7bafaf274c511632b00d068eb108dea7473d722c4
sparknet-dendritic-study-v2,stage_report,outputs/sparknet-dendritic-study-v2/arms/control/c6-seed2/reports/sparknet_dendritic_prune_experiment.yaml,3167,9e82561e470b3a45bb3d4202cb12b379fa8488dd56d4c5f0ae042aa9f44d3471
sparknet-dendritic-study-v2,run_manifest,outputs/sparknet-dendritic-study-v2/arms/control/c6-seed3/manifest.yaml,4301,b6503ac27d22c7779b2022fdd6e736e553469d3b2054acee597a84f15d22bebf
sparknet-dendritic-study-v2,canonical_epoch_log,outputs/sparknet-dendritic-study-v2/arms/control/c6-seed3/metrics/sparsity/sparknet_c6/prune_supervised.jsonl,17763,53353ef866e15dbebad6ef900bcf7b90a430555e02729a24855d8893f43b774d
sparknet-dendritic-study-v2,canonical_epoch_log,outputs/sparknet-dendritic-study-v2/arms/control/c6-seed3/metrics/sparsity/sparknet_c6_multilayer/standard_control.jsonl,43817,afec80ba2b55d7d332a6a1cf4dc9134cfff4d13d2439511e968debfdfd0ad3e4
sparknet-dendritic-study-v2,training_summary,outputs/sparknet-dendritic-study-v2/arms/control/c6-seed3/metrics/summaries.yaml,961,e5b11558b019cc0e94afca01f5766c1d1523adf7210ab75653768af22e13d9e2
sparknet-dendritic-study-v2,stage_report,outputs/sparknet-dendritic-study-v2/arms/control/c6-seed3/reports/sparknet_dendritic_prune_experiment.yaml,3224,413e6b0e1a03b934e3064cdae76f6cd802fae6ac4d99201c59480c92c2014dae
sparknet-dendritic-study-v2,run_manifest,outputs/sparknet-dendritic-study-v2/arms/control/c6-seed4/manifest.yaml,4301,34fc62db98943483c42f2e478540adb6e699a6e30879c9da7234143ea1846244
sparknet-dendritic-study-v2,canonical_epoch_log,outputs/sparknet-dendritic-study-v2/arms/control/c6-seed4/metrics/sparsity/sparknet_c6/prune_supervised.jsonl,17777,4eb2cfe05e81387dc5718cf051e8e22639d6e538a6eabb5abc25cb917f414bec
sparknet-dendritic-study-v2,canonical_epoch_log,outputs/sparknet-dendritic-study-v2/arms/control/c6-seed4/metrics/sparsity/sparknet_c6_multilayer/standard_control.jsonl,43856,5c488d4f91788b4acb3eb683a26ec334aa465f3d05fdee761fe74ef3fb520348
sparknet-dendritic-study-v2,training_summary,outputs/sparknet-dendritic-study-v2/arms/control/c6-seed4/metrics/summaries.yaml,961,9ded1ca7e156141202d65c45f994163340a8c543bcdb2b7b60e5b21f45c4d058
sparknet-dendritic-study-v2,stage_report,outputs/sparknet-dendritic-study-v2/arms/control/c6-seed4/reports/sparknet_dendritic_prune_experiment.yaml,3220,885b17751bf4b41555c71bceeb51b60b22f57fd5bc90fbc834e8a098bcf99340
sparknet-dendritic-study-v2,run_manifest,outputs/sparknet-dendritic-study-v2/arms/control/c8-seed0/manifest.yaml,4301,feaac47ee6f8b423b985adfcc11d4569b7cf3be22ef381b417683dd1ce7e3a81
sparknet-dendritic-study-v2,canonical_epoch_log,outputs/sparknet-dendritic-study-v2/arms/control/c8-seed0/metrics/sparsity/sparknet_c8/prune_supervised.jsonl,17749,1caf13598341cded8115e9f2d3e88f16248921f87b69f3fdf9843681d63b55c8
sparknet-dendritic-study-v2,canonical_epoch_log,outputs/sparknet-dendritic-study-v2/arms/control/c8-seed0/metrics/sparsity/sparknet_c8_multilayer/standard_control.jsonl,43853,2e6994ff7d452bfd4a3362e51f02ed28005c58bcf72fe47b96d04af2f552eee4
sparknet-dendritic-study-v2,training_summary,outputs/sparknet-dendritic-study-v2/arms/control/c8-seed0/metrics/summaries.yaml,961,39d0bb4274652158501c53521ac2d2d2ffcc851d8b49e15dee83955f4640be0d
sparknet-dendritic-study-v2,stage_report,outputs/sparknet-dendritic-study-v2/arms/control/c8-seed0/reports/sparknet_dendritic_prune_experiment.yaml,3228,7f73aae40479eeb8f58d0d487ff467fc7f5b89e19fb192321d04a14bf350303e
sparknet-dendritic-study-v2,run_manifest,outputs/sparknet-dendritic-study-v2/arms/control/c8-seed1/manifest.yaml,4301,3652c532bbf049ff74e0e47bc41de3d123f62c23976e726c15c0c0b1a0ff380f
sparknet-dendritic-study-v2,canonical_epoch_log,outputs/sparknet-dendritic-study-v2/arms/control/c8-seed1/metrics/sparsity/sparknet_c8/prune_supervised.jsonl,17748,9da3adf18ad04693a3562effd32c6858f9e88780d74dfd0b523612a5e47ee8ca
sparknet-dendritic-study-v2,canonical_epoch_log,outputs/sparknet-dendritic-study-v2/arms/control/c8-seed1/metrics/sparsity/sparknet_c8_multilayer/standard_control.jsonl,43815,3d7f6e66842e54622335bf20d4c82e81d42b3ff9b8c863ddc8174ed14463d4dc
sparknet-dendritic-study-v2,training_summary,outputs/sparknet-dendritic-study-v2/arms/control/c8-seed1/metrics/summaries.yaml,960,93306ab3e4426a10c06ffd964d196199fcdd1430eaa7b322558a73e6635c36aa
sparknet-dendritic-study-v2,stage_report,outputs/sparknet-dendritic-study-v2/arms/control/c8-seed1/reports/sparknet_dendritic_prune_experiment.yaml,3228,d1b0ec66038f1161c16c57c4bca4578d463ca4249b8393e7ab5ccfee4a385a46
sparknet-dendritic-study-v2,run_manifest,outputs/sparknet-dendritic-study-v2/arms/control/c8-seed2/manifest.yaml,4301,afb1d5fcb43a8136fd47b16a6b9c6aeecf62783c481b48bdcd22fec1fa909b5e
sparknet-dendritic-study-v2,canonical_epoch_log,outputs/sparknet-dendritic-study-v2/arms/control/c8-seed2/metrics/sparsity/sparknet_c8/prune_supervised.jsonl,17755,cf85f67cebad88c567d91d4b2fde7839cd380be6d251b02ec8c1cfb22fd1d8c6
sparknet-dendritic-study-v2,canonical_epoch_log,outputs/sparknet-dendritic-study-v2/arms/control/c8-seed2/metrics/sparsity/sparknet_c8_multilayer/standard_control.jsonl,43825,4fc4a595eeffbdd52f985a300f8c2560f60e9ea4b239e3843623653ce24a9442
sparknet-dendritic-study-v2,training_summary,outputs/sparknet-dendritic-study-v2/arms/control/c8-seed2/metrics/summaries.yaml,961,d3b1ee7dc22418ca53d00ba57b31dc826fccadbcff25ff3b5f7918d21b3f6265
sparknet-dendritic-study-v2,stage_report,outputs/sparknet-dendritic-study-v2/arms/control/c8-seed2/reports/sparknet_dendritic_prune_experiment.yaml,3224,e08744dc6f0046b4582379e6d76a278bfd3426a1df593a483a5420d84bd923a2
sparknet-dendritic-study-v2,run_manifest,outputs/sparknet-dendritic-study-v2/arms/control/c8-seed3/manifest.yaml,4301,542b3382b2a119445652b7b137170af85524de3ec1baaa573dcf125c1cb4b30a
sparknet-dendritic-study-v2,canonical_epoch_log,outputs/sparknet-dendritic-study-v2/arms/control/c8-seed3/metrics/sparsity/sparknet_c8/prune_supervised.jsonl,17756,3e4f578e0c2e6b6fcee14cd14e446052fb245e73d90d348f274f6234d0131240
sparknet-dendritic-study-v2,canonical_epoch_log,outputs/sparknet-dendritic-study-v2/arms/control/c8-seed3/metrics/sparsity/sparknet_c8_multilayer/standard_control.jsonl,43851,df224e8a42aec10f28716b9ce130d9aa67f73a4cfb8ddb1c33bd62388017b798
sparknet-dendritic-study-v2,training_summary,outputs/sparknet-dendritic-study-v2/arms/control/c8-seed3/metrics/summaries.yaml,962,3f93c1b8aee413554eec103a249a66387c8cecd392a21d9f294ea7d7bf4fa28d
sparknet-dendritic-study-v2,stage_report,outputs/sparknet-dendritic-study-v2/arms/control/c8-seed3/reports/sparknet_dendritic_prune_experiment.yaml,3224,5bc5febe966f4a6de8d54efe433431af0822ec280390f4ad66cf13f8cf0b623a
sparknet-dendritic-study-v2,run_manifest,outputs/sparknet-dendritic-study-v2/arms/control/c8-seed4/manifest.yaml,4301,8747ceac28f989c6599acd0a763c9abb18a2140d32192139961d116817bfabc1
sparknet-dendritic-study-v2,canonical_epoch_log,outputs/sparknet-dendritic-study-v2/arms/control/c8-seed4/metrics/sparsity/sparknet_c8/prune_supervised.jsonl,17752,d36fb869950002d1f36eeb621855eb26a393913c2f00b7bdc734f485f1cbcd08
sparknet-dendritic-study-v2,canonical_epoch_log,outputs/sparknet-dendritic-study-v2/arms/control/c8-seed4/metrics/sparsity/sparknet_c8_multilayer/standard_control.jsonl,43830,f85fd214006b1637cc4c65fd75c4ee1dd44f002ab7da6f69c02ec46287096a64
sparknet-dendritic-study-v2,training_summary,outputs/sparknet-dendritic-study-v2/arms/control/c8-seed4/metrics/summaries.yaml,961,5e578f39ebbb856de5947df50611c3b7364ee07aa3c307e593d72fa0c58ea384
sparknet-dendritic-study-v2,stage_report,outputs/sparknet-dendritic-study-v2/arms/control/c8-seed4/reports/sparknet_dendritic_prune_experiment.yaml,3228,4fc051af3c6f7bfe8d7b076bddeff469f08648d3338b8a2ca094b71f68d52b90
sparknet-dendritic-study-v2,run_manifest,outputs/sparknet-dendritic-study-v2/arms/depthwise/c10-seed0/manifest.yaml,14800,9a355a04a216cd6c46596ba229eaf82b00ad77636c001b59c7c57666d26840b0
sparknet-dendritic-study-v2,canonical_epoch_log,outputs/sparknet-dendritic-study-v2/arms/depthwise/c10-seed0/metrics/sparsity/sparknet_c10/prune_supervised.jsonl,17761,2a997667ef1358f62424c08a87cc42c6ec3f09cafdc3290b2f822b4ab7bb4a00
sparknet-dendritic-study-v2,canonical_epoch_log,outputs/sparknet-dendritic-study-v2/arms/depthwise/c10-seed0/metrics/sparsity/sparknet_c10_multilayer/pai.jsonl,98667,624967a07dda77ea96e8129cc917847c6594e8fd315e06f186b9ed0338e6d1bd
sparknet-dendritic-study-v2,canonical_epoch_log,outputs/sparknet-dendritic-study-v2/arms/depthwise/c10-seed0/metrics/sparsity/sparknet_c10_multilayer/resume_supervised.jsonl,3534,b4663cebf26987f2061e44198fc3fbbd68fc54871f07b2955f3c4845825ba063
sparknet-dendritic-study-v2,training_summary,outputs/sparknet-dendritic-study-v2/arms/depthwise/c10-seed0/metrics/summaries.yaml,479,6aa0384fdad63ed0d70da1e9cbbb93b66ac30ccfc9bff5c55c813457ff431185
sparknet-dendritic-study-v2,canonical_pai_architecture_scores,outputs/sparknet-dendritic-study-v2/arms/depthwise/c10-seed0/pai/candidates/sparknet_c10_multilayer/sparknet_c10_multilayer_best_arch_scores.csv,122,820a1740f05e3e538de38a49029d9b15a6b616de244ce123026a3ff0d35c4b29
sparknet-dendritic-study-v2,stage_report,outputs/sparknet-dendritic-study-v2/arms/depthwise/c10-seed0/reports/sparknet_dendritic_prune_experiment.yaml,8765,7c82cf70ecd9b76fdc20d67d065de1a51978155746b1d9aeaa08348151ec6d62
sparknet-dendritic-study-v2,run_manifest,outputs/sparknet-dendritic-study-v2/arms/depthwise/c10-seed1/manifest.yaml,14800,43426399665a5eb571fe2583c8316e95d0abadf939612d6ea2b525c098059e84
sparknet-dendritic-study-v2,canonical_epoch_log,outputs/sparknet-dendritic-study-v2/arms/depthwise/c10-seed1/metrics/sparsity/sparknet_c10/prune_supervised.jsonl,17762,6ac1ff57e260c7afc75a4852e4b33f9d594bf60961828e898862a7efeca602c2
sparknet-dendritic-study-v2,canonical_epoch_log,outputs/sparknet-dendritic-study-v2/arms/depthwise/c10-seed1/metrics/sparsity/sparknet_c10_multilayer/pai.jsonl,92010,63b5214c587c9a0e9564f7f46359935eb5a717e6f4f95a0c519cdbe3434d65bc
sparknet-dendritic-study-v2,canonical_epoch_log,outputs/sparknet-dendritic-study-v2/arms/depthwise/c10-seed1/metrics/sparsity/sparknet_c10_multilayer/resume_supervised.jsonl,3534,763fa9bc65805d298c4c677e31123b6e3a2c0f483e3aec26006ba0cfc008cde5
sparknet-dendritic-study-v2,training_summary,outputs/sparknet-dendritic-study-v2/arms/depthwise/c10-seed1/metrics/summaries.yaml,480,3a977c108a0055638ed42839b7722f69351e769d2e571e59b9ad7a24b8ba6555
sparknet-dendritic-study-v2,canonical_pai_architecture_scores,outputs/sparknet-dendritic-study-v2/arms/depthwise/c10-seed1/pai/candidates/sparknet_c10_multilayer/sparknet_c10_multilayer_best_arch_scores.csv,122,47fc19ba657bdeef57f5e6c6c6b2563c7fd6a47006690249713e3344d8efa97a
sparknet-dendritic-study-v2,stage_report,outputs/sparknet-dendritic-study-v2/arms/depthwise/c10-seed1/reports/sparknet_dendritic_prune_experiment.yaml,8636,08400a69227eacadf13d800bd626e04c14edd1cc960ec01fdd0766ae24224e60
sparknet-dendritic-study-v2,run_manifest,outputs/sparknet-dendritic-study-v2/arms/depthwise/c10-seed2/manifest.yaml,14800,c87c52e57e156897aa4b607f1967cafb75db2fee4d81032fc8dc927c3768c910
sparknet-dendritic-study-v2,canonical_epoch_log,outputs/sparknet-dendritic-study-v2/arms/depthwise/c10-seed2/metrics/sparsity/sparknet_c10/prune_supervised.jsonl,17756,dbc7a1314fb429fef5b8f655306a295d132eeca4794b59165520b5602589edcc
sparknet-dendritic-study-v2,canonical_epoch_log,outputs/sparknet-dendritic-study-v2/arms/depthwise/c10-seed2/metrics/sparsity/sparknet_c10_multilayer/pai.jsonl,86667,268adea68d713e61ce90cc1c96641ad6144b5f3874f660dad27d4ccd732df08e
sparknet-dendritic-study-v2,canonical_epoch_log,outputs/sparknet-dendritic-study-v2/arms/depthwise/c10-seed2/metrics/sparsity/sparknet_c10_multilayer/resume_supervised.jsonl,3533,65bc890a8ff1f9b657c16f739bae1b1a4019399b5f11290c1ae999661835554c
sparknet-dendritic-study-v2,training_summary,outputs/sparknet-dendritic-study-v2/arms/depthwise/c10-seed2/metrics/summaries.yaml,480,3fe50e8cfb7862544166ec6550fafeb52ae10959b0a608e5058399d7a4abe41c
sparknet-dendritic-study-v2,canonical_pai_architecture_scores,outputs/sparknet-dendritic-study-v2/arms/depthwise/c10-seed2/pai/candidates/sparknet_c10_multilayer/sparknet_c10_multilayer_best_arch_scores.csv,120,c38eceeeb0880d50ee4cad138775800889f6c00c9158c55ad4c0b244bd6e5a29
sparknet-dendritic-study-v2,stage_report,outputs/sparknet-dendritic-study-v2/arms/depthwise/c10-seed2/reports/sparknet_dendritic_prune_experiment.yaml,8635,60c9c26878949e513a7f538d9031c383f76a54cfd3a179909f9a231bf9a22d2c
sparknet-dendritic-study-v2,run_manifest,outputs/sparknet-dendritic-study-v2/arms/depthwise/c10-seed3/manifest.yaml,14800,0b8d6071e5dab7dad6fe4603e345d67176980bc10d422bf2c97c31ab80baac0d
sparknet-dendritic-study-v2,canonical_epoch_log,outputs/sparknet-dendritic-study-v2/arms/depthwise/c10-seed3/metrics/sparsity/sparknet_c10/prune_supervised.jsonl,17762,4e4ec1a71e67b12c551c6b47641e90e56a6a8be3e956efd9d396edf519a1315b
sparknet-dendritic-study-v2,canonical_epoch_log,outputs/sparknet-dendritic-study-v2/arms/depthwise/c10-seed3/metrics/sparsity/sparknet_c10_multilayer/pai.jsonl,88880,b394b9f9a974c3d1df5c05a1d787115ce607d255e0f49428897a1a81f01e9139
sparknet-dendritic-study-v2,canonical_epoch_log,outputs/sparknet-dendritic-study-v2/arms/depthwise/c10-seed3/metrics/sparsity/sparknet_c10_multilayer/resume_supervised.jsonl,3535,6022696377012d572a401fe86208b28fad1953efb4df5377c0bc07420d3113a1
sparknet-dendritic-study-v2,training_summary,outputs/sparknet-dendritic-study-v2/arms/depthwise/c10-seed3/metrics/summaries.yaml,480,bf3f088febac04135e45dbb8fdae46d896f3107a77f599fd30acb5bc9ba4fd4f
sparknet-dendritic-study-v2,canonical_pai_architecture_scores,outputs/sparknet-dendritic-study-v2/arms/depthwise/c10-seed3/pai/candidates/sparknet_c10_multilayer/sparknet_c10_multilayer_best_arch_scores.csv,122,b72971f2d42a0d213725f9d91cffade88877011f83fc8f22ecaeb5857d9aa283
sparknet-dendritic-study-v2,stage_report,outputs/sparknet-dendritic-study-v2/arms/depthwise/c10-seed3/reports/sparknet_dendritic_prune_experiment.yaml,8636,7d29336fdba5cd3c47028cf8877fd065161044f661df30aab5675d49270f4f72
sparknet-dendritic-study-v2,run_manifest,outputs/sparknet-dendritic-study-v2/arms/depthwise/c10-seed4/manifest.yaml,14800,3fa847ba197435b60a37904299e8b094353d8da9b05f4fb107241ecd64b80a2f
sparknet-dendritic-study-v2,canonical_epoch_log,outputs/sparknet-dendritic-study-v2/arms/depthwise/c10-seed4/metrics/sparsity/sparknet_c10/prune_supervised.jsonl,17766,317648a6baf198aee9fb8c420dea0b41b451f8de192d495b33ca7ec91ea526f9
sparknet-dendritic-study-v2,canonical_epoch_log,outputs/sparknet-dendritic-study-v2/arms/depthwise/c10-seed4/metrics/sparsity/sparknet_c10_multilayer/pai.jsonl,98657,84e99a50f73c41bad19691bf96a3fb56bcb8272f94be02d5e45a85cc778bb4f3
sparknet-dendritic-study-v2,canonical_epoch_log,outputs/sparknet-dendritic-study-v2/arms/depthwise/c10-seed4/metrics/sparsity/sparknet_c10_multilayer/resume_supervised.jsonl,3538,044eafdcafc006cb8f1f3908a5a4b87081f7567225a377039f31cd9b53a3050f
sparknet-dendritic-study-v2,training_summary,outputs/sparknet-dendritic-study-v2/arms/depthwise/c10-seed4/metrics/summaries.yaml,480,df0fe54f5541ac3a31d6819402e22e892d0ac65a2d86e4e793f574872ca5edf8
sparknet-dendritic-study-v2,canonical_pai_architecture_scores,outputs/sparknet-dendritic-study-v2/arms/depthwise/c10-seed4/pai/candidates/sparknet_c10_multilayer/sparknet_c10_multilayer_best_arch_scores.csv,122,b2f373cd24f25dd7363ea2d05dffba724523eb11547207252b4149e9820028a5
sparknet-dendritic-study-v2,stage_report,outputs/sparknet-dendritic-study-v2/arms/depthwise/c10-seed4/reports/sparknet_dendritic_prune_experiment.yaml,8644,16dfdab02de6b78090efd45cc129e1f3d07a6819cce0b9b0c9e30f4b31b5caf1
sparknet-dendritic-study-v2,run_manifest,outputs/sparknet-dendritic-study-v2/arms/depthwise/c12-seed0/manifest.yaml,14704,bf0dfa74123aff1605becd7db262cbd64a63fdcc6a5f7a24307f7c9d08989590
sparknet-dendritic-study-v2,canonical_epoch_log,outputs/sparknet-dendritic-study-v2/arms/depthwise/c12-seed0/metrics/sparsity/sparknet_c12/prune_supervised.jsonl,17729,d43428f08308df5ae90fde81b6527e9501fefde93963daf6fcc9fefff611fce2
sparknet-dendritic-study-v2,canonical_epoch_log,outputs/sparknet-dendritic-study-v2/arms/depthwise/c12-seed0/metrics/sparsity/sparknet_c12_multilayer/pai.jsonl,93710,589df63e30bf767c5dea0c5c8e7b1644ebd9f38877942b7a371388db31dabeea
sparknet-dendritic-study-v2,canonical_epoch_log,outputs/sparknet-dendritic-study-v2/arms/depthwise/c12-seed0/metrics/sparsity/sparknet_c12_multilayer/resume_supervised.jsonl,3537,619690c16fa17607a869f5ae9805d5be8998557cc7607254f694f94b8ba03768
sparknet-dendritic-study-v2,training_summary,outputs/sparknet-dendritic-study-v2/arms/depthwise/c12-seed0/metrics/summaries.yaml,479,df5f5eff7d0d4d1d0cf6b4ff1e8349240ede3fb333ecc727c9b805b936b9bc8c
sparknet-dendritic-study-v2,canonical_pai_architecture_scores,outputs/sparknet-dendritic-study-v2/arms/depthwise/c12-seed0/pai/candidates/sparknet_c12_multilayer/sparknet_c12_multilayer_best_arch_scores.csv,122,61e8104a94672993d89f4821fc6507a5bc39e8c9cc0066772c4304cd0ef62e6a
sparknet-dendritic-study-v2,stage_report,outputs/sparknet-dendritic-study-v2/arms/depthwise/c12-seed0/reports/sparknet_dendritic_prune_experiment.yaml,8698,b76427b3a7a6eb8e731f7c1d384e1f6d357ae2ce6db72a7b948f772173f5618c
sparknet-dendritic-study-v2,run_manifest,outputs/sparknet-dendritic-study-v2/arms/depthwise/c12-seed1/manifest.yaml,14704,14278d12c1847d40b1e3680528e4409512d1e8b0f2b1b9a5e7138453bf34b871
sparknet-dendritic-study-v2,canonical_epoch_log,outputs/sparknet-dendritic-study-v2/arms/depthwise/c12-seed1/metrics/sparsity/sparknet_c12/prune_supervised.jsonl,17741,158681aafd174dd35c5a01f5c03fe834b217c5d32779abdaa4efc98a32faf9a8
sparknet-dendritic-study-v2,canonical_epoch_log,outputs/sparknet-dendritic-study-v2/arms/depthwise/c12-seed1/metrics/sparsity/sparknet_c12_multilayer/pai.jsonl,93621,62cc2e50eb64c3ea2714938d9f1fbb3971e6b0ed1a1a6e715f791646020abe73
sparknet-dendritic-study-v2,canonical_epoch_log,outputs/sparknet-dendritic-study-v2/arms/depthwise/c12-seed1/metrics/sparsity/sparknet_c12_multilayer/resume_supervised.jsonl,3529,da1aff774467658dd13ff3a2802a7e9680e978b06af47b9d1774ab8d74cc2d3d
sparknet-dendritic-study-v2,training_summary,outputs/sparknet-dendritic-study-v2/arms/depthwise/c12-seed1/metrics/summaries.yaml,480,731b5260374eed788b354ca1f501cefdcdacd188e31573d6a21d7a55e173ec13
sparknet-dendritic-study-v2,canonical_pai_architecture_scores,outputs/sparknet-dendritic-study-v2/arms/depthwise/c12-seed1/pai/candidates/sparknet_c12_multilayer/sparknet_c12_multilayer_best_arch_scores.csv,122,943ab029b6d56e32e8a043a6f3482b92aafe84f04b2580cc637762b64c5e5b02
sparknet-dendritic-study-v2,stage_report,outputs/sparknet-dendritic-study-v2/arms/depthwise/c12-seed1/reports/sparknet_dendritic_prune_experiment.yaml,8727,6f386f9da6d2908c6a66f98eebbf629cb948f4df5b1dfbb86f7d2439763299d4
sparknet-dendritic-study-v2,run_manifest,outputs/sparknet-dendritic-study-v2/arms/depthwise/c12-seed2/manifest.yaml,14800,21f857a912252a51625f4f6fad42155d2ad0538361b7e86d69a3812c10afa6ca
sparknet-dendritic-study-v2,canonical_epoch_log,outputs/sparknet-dendritic-study-v2/arms/depthwise/c12-seed2/metrics/sparsity/sparknet_c12/prune_supervised.jsonl,17761,5147fa471cf8cd539e53ffe69c7b3ffcf8a0de79da6057daa8a035880f675633
sparknet-dendritic-study-v2,canonical_epoch_log,outputs/sparknet-dendritic-study-v2/arms/depthwise/c12-seed2/metrics/sparsity/sparknet_c12_multilayer/pai.jsonl,90820,b86e73841416edb737fdb11e3a9a6957e7b2a650615bc9d14eb2ffd27dd5848c
sparknet-dendritic-study-v2,canonical_epoch_log,outputs/sparknet-dendritic-study-v2/arms/depthwise/c12-seed2/metrics/sparsity/sparknet_c12_multilayer/resume_supervised.jsonl,3542,11fa81eaad4ae16b578baa92769a845f183178ad07e4de5bd79498a460024b93
sparknet-dendritic-study-v2,training_summary,outputs/sparknet-dendritic-study-v2/arms/depthwise/c12-seed2/metrics/summaries.yaml,480,ebedde37cf5c7c6e570d3720fccd5eaf52e68b90fa81f6ae4338b7f3dac2cccd
sparknet-dendritic-study-v2,canonical_pai_architecture_scores,outputs/sparknet-dendritic-study-v2/arms/depthwise/c12-seed2/pai/candidates/sparknet_c12_multilayer/sparknet_c12_multilayer_best_arch_scores.csv,122,73ef25aaf27067f12f235246c829b401dad2d6c976d9fcbf62bc8256aeee0b8e
sparknet-dendritic-study-v2,stage_report,outputs/sparknet-dendritic-study-v2/arms/depthwise/c12-seed2/reports/sparknet_dendritic_prune_experiment.yaml,8699,fc706777f7a5575f0bc8a6fb789a7c0e410c5372c730a33aecfc0e3d34fce7da
sparknet-dendritic-study-v2,run_manifest,outputs/sparknet-dendritic-study-v2/arms/depthwise/c12-seed3/manifest.yaml,14800,55d76a1f63068abd38d770ad12838961c47fe34ec0aa37117180cfe0d44f037d
sparknet-dendritic-study-v2,canonical_epoch_log,outputs/sparknet-dendritic-study-v2/arms/depthwise/c12-seed3/metrics/sparsity/sparknet_c12/prune_supervised.jsonl,17773,0691c0d8b357d4029ceeb9a22d5d1737e84fab1d034837d06a7fb00851695476
sparknet-dendritic-study-v2,canonical_epoch_log,outputs/sparknet-dendritic-study-v2/arms/depthwise/c12-seed3/metrics/sparsity/sparknet_c12_multilayer/pai.jsonl,95454,682003934eb421369b7d0f2c41a60e16bfbd94805ae2b4118e70a90ee75d5346
sparknet-dendritic-study-v2,canonical_epoch_log,outputs/sparknet-dendritic-study-v2/arms/depthwise/c12-seed3/metrics/sparsity/sparknet_c12_multilayer/resume_supervised.jsonl,3537,6b8cad81d693772dcaf2b6e7d839d4e4e369e829a13d25727c2c0fc585ef8385
sparknet-dendritic-study-v2,training_summary,outputs/sparknet-dendritic-study-v2/arms/depthwise/c12-seed3/metrics/summaries.yaml,480,5a7b8f3455d187853d685c53526190c07e2b7e20890538487e9075ba7dd1d50a
sparknet-dendritic-study-v2,canonical_pai_architecture_scores,outputs/sparknet-dendritic-study-v2/arms/depthwise/c12-seed3/pai/candidates/sparknet_c12_multilayer/sparknet_c12_multilayer_best_arch_scores.csv,122,2f9b7d3bb96fedd968a5ec15d81cd93a2c6a0b9c46c36492f8741fac574c94f0
sparknet-dendritic-study-v2,stage_report,outputs/sparknet-dendritic-study-v2/arms/depthwise/c12-seed3/reports/sparknet_dendritic_prune_experiment.yaml,8772,4269cfe0297781cbdc4aa61c02556e5e6a9c7a151cd46f638ef194570be92823
sparknet-dendritic-study-v2,run_manifest,outputs/sparknet-dendritic-study-v2/arms/depthwise/c12-seed4/manifest.yaml,14800,b638144bdf1fe19ec25802c733d8459f1770f1f6f5da1b0b06e44348b973cbec
sparknet-dendritic-study-v2,canonical_epoch_log,outputs/sparknet-dendritic-study-v2/arms/depthwise/c12-seed4/metrics/sparsity/sparknet_c12/prune_supervised.jsonl,17746,38454d0ec83fa8fdba9ab8fcd373ac5456bc63eaaccf3309cc1b2a2710a2bd7d
sparknet-dendritic-study-v2,canonical_epoch_log,outputs/sparknet-dendritic-study-v2/arms/depthwise/c12-seed4/metrics/sparsity/sparknet_c12_multilayer/pai.jsonl,91716,fe21c592ec516744666ced48b52a74006c4bd3b2f0dc6f6f94cb654f2e8c88b3
sparknet-dendritic-study-v2,canonical_epoch_log,outputs/sparknet-dendritic-study-v2/arms/depthwise/c12-seed4/metrics/sparsity/sparknet_c12_multilayer/resume_supervised.jsonl,3529,c5a38c72bedf950a18fd89650f9b52c6cc47d22d00a21dcee0673470cf46087d
sparknet-dendritic-study-v2,training_summary,outputs/sparknet-dendritic-study-v2/arms/depthwise/c12-seed4/metrics/summaries.yaml,480,c710ab160c530516c2602a06133ffb1e60733ecbed5a26a21593b7e44a67999b
sparknet-dendritic-study-v2,canonical_pai_architecture_scores,outputs/sparknet-dendritic-study-v2/arms/depthwise/c12-seed4/pai/candidates/sparknet_c12_multilayer/sparknet_c12_multilayer_best_arch_scores.csv,122,992efd399b497aa09c90809b7bff0b620280d5b7eaa3fc87532f252fce2ac0e0
sparknet-dendritic-study-v2,stage_report,outputs/sparknet-dendritic-study-v2/arms/depthwise/c12-seed4/reports/sparknet_dendritic_prune_experiment.yaml,8685,e35def10f6d2c41b1a7bbcbeb7ccbc156a14e0975d707e9c4df5731c1d1fabc4
sparknet-dendritic-study-v2,run_manifest,outputs/sparknet-dendritic-study-v2/arms/depthwise/c2-seed0/manifest.yaml,14703,eb1130b359577b2541f3db8422cf3ac22ba5fd8c8c22aee8434eb1455fc6bcf5
sparknet-dendritic-study-v2,canonical_epoch_log,outputs/sparknet-dendritic-study-v2/arms/depthwise/c2-seed0/metrics/sparsity/sparknet_c2/prune_supervised.jsonl,17786,87301d6f827b621badccce0fb7bc45b8a5fbcf56fee4bc9328653742ee89b8d3
sparknet-dendritic-study-v2,canonical_epoch_log,outputs/sparknet-dendritic-study-v2/arms/depthwise/c2-seed0/metrics/sparsity/sparknet_c2_multilayer/pai.jsonl,92144,9975ead370b10dff5510eaa918cbd5e5391f1a2768f27b754ad9c34cf265b859
sparknet-dendritic-study-v2,canonical_epoch_log,outputs/sparknet-dendritic-study-v2/arms/depthwise/c2-seed0/metrics/sparsity/sparknet_c2_multilayer/resume_supervised.jsonl,3543,82b9a111dd93b71a180efd1e549031c461906bb71175bac6ae055a9a6d1adbcf
sparknet-dendritic-study-v2,training_summary,outputs/sparknet-dendritic-study-v2/arms/depthwise/c2-seed0/metrics/summaries.yaml,477,a4dd3eee6f50e84c440c75bbb5f1ea8e60477fe85dde81d70d7c95ce0d3e9ab0
sparknet-dendritic-study-v2,canonical_pai_architecture_scores,outputs/sparknet-dendritic-study-v2/arms/depthwise/c2-seed0/pai/candidates/sparknet_c2_multilayer/sparknet_c2_multilayer_best_arch_scores.csv,121,252997eade3ef272924727aa835717052ea7a9801da833e457d2a06dc16d5f34
sparknet-dendritic-study-v2,stage_report,outputs/sparknet-dendritic-study-v2/arms/depthwise/c2-seed0/reports/sparknet_dendritic_prune_experiment.yaml,8676,b233305829093de0dd579a9f21b1103632738eb313d66c98184e2b989a195b97
sparknet-dendritic-study-v2,run_manifest,outputs/sparknet-dendritic-study-v2/arms/depthwise/c2-seed1/manifest.yaml,14698,08d6927c64aa720c43b074f4403e26bc0a3a947e07032caf0c9279cdbf6939f2
sparknet-dendritic-study-v2,canonical_epoch_log,outputs/sparknet-dendritic-study-v2/arms/depthwise/c2-seed1/metrics/sparsity/sparknet_c2/prune_supervised.jsonl,17783,0e0b99df71e2926a6ab9fe8a26dda98afc11c8ba0839d3f7f14864461afd61d9
sparknet-dendritic-study-v2,canonical_epoch_log,outputs/sparknet-dendritic-study-v2/arms/depthwise/c2-seed1/metrics/sparsity/sparknet_c2_multilayer/pai.jsonl,90193,6e3c56262bdf054d05cd0a33f4fac751b753738d469164183baa28cdbef1ddcc
sparknet-dendritic-study-v2,canonical_epoch_log,outputs/sparknet-dendritic-study-v2/arms/depthwise/c2-seed1/metrics/sparsity/sparknet_c2_multilayer/resume_supervised.jsonl,3543,413be76b6536b67c0cbb33ade21a1b412e6daa1f8703eccdad95a5bdee8aac1c
sparknet-dendritic-study-v2,training_summary,outputs/sparknet-dendritic-study-v2/arms/depthwise/c2-seed1/metrics/summaries.yaml,477,607e843dd55933d27d6fd1daea16dbec5cebde3a01b877329f7e3240ea9bdea6
sparknet-dendritic-study-v2,canonical_pai_architecture_scores,outputs/sparknet-dendritic-study-v2/arms/depthwise/c2-seed1/pai/candidates/sparknet_c2_multilayer/sparknet_c2_multilayer_best_arch_scores.csv,122,f7b8fd8c90ebd076d486569f15338acd6cbbd77811bc05409cfea1be66b051ba
sparknet-dendritic-study-v2,stage_report,outputs/sparknet-dendritic-study-v2/arms/depthwise/c2-seed1/reports/sparknet_dendritic_prune_experiment.yaml,8631,19df5be2091d6f78c96f810b5f6f45da7edbac3a5afd730a9f965e7ee1ea7a4f
sparknet-dendritic-study-v2,run_manifest,outputs/sparknet-dendritic-study-v2/arms/depthwise/c2-seed2/manifest.yaml,14700,af61ce0d75b3fc6a8c7106cf65d8c99c20276cc9398cab37f22a069150e46ed2
sparknet-dendritic-study-v2,canonical_epoch_log,outputs/sparknet-dendritic-study-v2/arms/depthwise/c2-seed2/metrics/sparsity/sparknet_c2/prune_supervised.jsonl,17761,67ff7319d32589ecad50667b4df7014523ba8be6c0878b35dcda1bdd5617243c
sparknet-dendritic-study-v2,canonical_epoch_log,outputs/sparknet-dendritic-study-v2/arms/depthwise/c2-seed2/metrics/sparsity/sparknet_c2_multilayer/pai.jsonl,90624,8bb3d52c84c912a7d05713130c908522d4acabbdcd2dc4a6792fa0feb8daca20
sparknet-dendritic-study-v2,canonical_epoch_log,outputs/sparknet-dendritic-study-v2/arms/depthwise/c2-seed2/metrics/sparsity/sparknet_c2_multilayer/resume_supervised.jsonl,3542,0dc9feb6f2aeb4534c754b428750bb7545546bd31faec04784fcd8f8cf6af13c
sparknet-dendritic-study-v2,training_summary,outputs/sparknet-dendritic-study-v2/arms/depthwise/c2-seed2/metrics/summaries.yaml,477,73b3089b92018e42d87ad0310db38a1482528fffcfd43b53a77d8adda09a52b5
sparknet-dendritic-study-v2,canonical_pai_architecture_scores,outputs/sparknet-dendritic-study-v2/arms/depthwise/c2-seed2/pai/candidates/sparknet_c2_multilayer/sparknet_c2_multilayer_best_arch_scores.csv,122,19f2527e8fc9302f275d4b3bf7232ac11817bf805cf50ad78680e2ad0be82f46
sparknet-dendritic-study-v2,stage_report,outputs/sparknet-dendritic-study-v2/arms/depthwise/c2-seed2/reports/sparknet_dendritic_prune_experiment.yaml,8628,646bcf4b7685dac814226b4199fb684f5e2f7a4d5e8f81ea01e619736b85f931
sparknet-dendritic-study-v2,run_manifest,outputs/sparknet-dendritic-study-v2/arms/depthwise/c2-seed3/manifest.yaml,14700,929e06e8f29491a32179244e318ef74ca03c123cbaa46d5340fa9ecc680177b8
sparknet-dendritic-study-v2,canonical_epoch_log,outputs/sparknet-dendritic-study-v2/arms/depthwise/c2-seed3/metrics/sparsity/sparknet_c2/prune_supervised.jsonl,17775,e4b57ffa5d212be51a6ce1ce77b8756cb48561869eb60161b1a33617b480726e
sparknet-dendritic-study-v2,canonical_epoch_log,outputs/sparknet-dendritic-study-v2/arms/depthwise/c2-seed3/metrics/sparsity/sparknet_c2_multilayer/pai.jsonl,78854,68a96aa3aec912102064134ee6970d8d624ec0f5b6504749b7cd7a8bdec7b8cb
sparknet-dendritic-study-v2,canonical_epoch_log,outputs/sparknet-dendritic-study-v2/arms/depthwise/c2-seed3/metrics/sparsity/sparknet_c2_multilayer/resume_supervised.jsonl,3546,f33aed2bfa38d324b0c49b14abe148d1a8762337c60bc8eeac6799cf783deb39
sparknet-dendritic-study-v2,training_summary,outputs/sparknet-dendritic-study-v2/arms/depthwise/c2-seed3/metrics/summaries.yaml,477,bc94025e778570eabc80ad6726c4a6406a7fa455ca701e3116430079b0d59029
sparknet-dendritic-study-v2,canonical_pai_architecture_scores,outputs/sparknet-dendritic-study-v2/arms/depthwise/c2-seed3/pai/candidates/sparknet_c2_multilayer/sparknet_c2_multilayer_best_arch_scores.csv,122,c93dfbb9a0e99efa051ec2fb65005a46408d6e3ccc2bae9babdcb94a3d7ae9cf
sparknet-dendritic-study-v2,stage_report,outputs/sparknet-dendritic-study-v2/arms/depthwise/c2-seed3/reports/sparknet_dendritic_prune_experiment.yaml,8628,cc29f78f242b02539eda04f591743822b38e69d1bfab997eade5f9bd3448cc89
sparknet-dendritic-study-v2,run_manifest,outputs/sparknet-dendritic-study-v2/arms/depthwise/c2-seed4/manifest.yaml,14700,38fa01ccc34e7a8e3910080a0372ee138c365b131fbd8d89c1863e8180ae3ccd
sparknet-dendritic-study-v2,canonical_epoch_log,outputs/sparknet-dendritic-study-v2/arms/depthwise/c2-seed4/metrics/sparsity/sparknet_c2/prune_supervised.jsonl,17789,ff1e1682b79798ba118f1e399efc74cc0ecd277c9ab2858b288e8d5e26786510
sparknet-dendritic-study-v2,canonical_epoch_log,outputs/sparknet-dendritic-study-v2/arms/depthwise/c2-seed4/metrics/sparsity/sparknet_c2_multilayer/pai.jsonl,84384,6a39c836e2f466420daf8440f82ba761336bd74ceced5d1e5fc3a219684fd039
sparknet-dendritic-study-v2,canonical_epoch_log,outputs/sparknet-dendritic-study-v2/arms/depthwise/c2-seed4/metrics/sparsity/sparknet_c2_multilayer/resume_supervised.jsonl,3537,1230d2f2c105691f89ba4b58f1473ce7042dbb03bf80fd905b8b07adb48ac23c
sparknet-dendritic-study-v2,training_summary,outputs/sparknet-dendritic-study-v2/arms/depthwise/c2-seed4/metrics/summaries.yaml,476,de0c7c4844d8fb0b27e11dbb30c754c518ba85b172afd4600f8077240adec94a
sparknet-dendritic-study-v2,canonical_pai_architecture_scores,outputs/sparknet-dendritic-study-v2/arms/depthwise/c2-seed4/pai/candidates/sparknet_c2_multilayer/sparknet_c2_multilayer_best_arch_scores.csv,121,91e296156e6d2ed6c643843ed7433e78ace68f91b73d5547e3ccc325c0e365bf
sparknet-dendritic-study-v2,stage_report,outputs/sparknet-dendritic-study-v2/arms/depthwise/c2-seed4/reports/sparknet_dendritic_prune_experiment.yaml,8620,f77c07e9d235a994c005e930a1792b78af01eaef4be3fa94a3c292e105eeaecd
sparknet-dendritic-study-v2,run_manifest,outputs/sparknet-dendritic-study-v2/arms/depthwise/c4-seed0/manifest.yaml,14703,3d8eb1ea2b8bd5c288b584ef43319336c5b71d59c88d14617aa35c0644e85b4c
sparknet-dendritic-study-v2,canonical_epoch_log,outputs/sparknet-dendritic-study-v2/arms/depthwise/c4-seed0/metrics/sparsity/sparknet_c4/prune_supervised.jsonl,17780,e53a3baff3559ddac51b8459ed56f7a06004aa0b0ad974380d71044600d72b4d
sparknet-dendritic-study-v2,canonical_epoch_log,outputs/sparknet-dendritic-study-v2/arms/depthwise/c4-seed0/metrics/sparsity/sparknet_c4_multilayer/pai.jsonl,95766,d68ac8df62d80f0fabc314aa9bef28f4aaf044a688c785f7cbbe22d371b51a22
sparknet-dendritic-study-v2,canonical_epoch_log,outputs/sparknet-dendritic-study-v2/arms/depthwise/c4-seed0/metrics/sparsity/sparknet_c4_multilayer/resume_supervised.jsonl,3540,65a5b6c25dd3733c98a8566bf3d08965b795fb70495fbdc26f5b1c1c07a20f30
sparknet-dendritic-study-v2,training_summary,outputs/sparknet-dendritic-study-v2/arms/depthwise/c4-seed0/metrics/summaries.yaml,477,6143f3ab748a766141779ce9402443a084b5784ee9b82a053c4be96ad8ad7e54
sparknet-dendritic-study-v2,canonical_pai_architecture_scores,outputs/sparknet-dendritic-study-v2/arms/depthwise/c4-seed0/pai/candidates/sparknet_c4_multilayer/sparknet_c4_multilayer_best_arch_scores.csv,121,da91f8965df6561b82def45b33d5eb77e300726e7e5bab91b0f4597ff48aece7
sparknet-dendritic-study-v2,stage_report,outputs/sparknet-dendritic-study-v2/arms/depthwise/c4-seed0/reports/sparknet_dendritic_prune_experiment.yaml,8632,a6b7ba8d10831dde0736f810a830ec29fea9449c94ea74751a6b8b7134f055c8
sparknet-dendritic-study-v2,run_manifest,outputs/sparknet-dendritic-study-v2/arms/depthwise/c4-seed1/manifest.yaml,14700,68cd78b226dacc56d9566e2ec4cdc865468b491043a62573c5776f5dc8a75e9b
sparknet-dendritic-study-v2,canonical_epoch_log,outputs/sparknet-dendritic-study-v2/arms/depthwise/c4-seed1/metrics/sparsity/sparknet_c4/prune_supervised.jsonl,17793,0f81cb4fb1e4b642b3f9a134b7b4f8e3dd66529ce6709d4d4bca2854af86ee2f
sparknet-dendritic-study-v2,canonical_epoch_log,outputs/sparknet-dendritic-study-v2/arms/depthwise/c4-seed1/metrics/sparsity/sparknet_c4_multilayer/pai.jsonl,86314,87dae2bb574aa57e8043eedb24c73f00bec939510d0dc2243eac27fda8b9bebb
sparknet-dendritic-study-v2,canonical_epoch_log,outputs/sparknet-dendritic-study-v2/arms/depthwise/c4-seed1/metrics/sparsity/sparknet_c4_multilayer/resume_supervised.jsonl,3545,f9873931e0b95c033087c09d70cc4b89c0df5b6f0dd4b654029604fe2e1dbb0d
sparknet-dendritic-study-v2,training_summary,outputs/sparknet-dendritic-study-v2/arms/depthwise/c4-seed1/metrics/summaries.yaml,477,54378305d2cba828fab4b99f334e0e4c0d5a630d1b1e3358c6e434ddb275242a
sparknet-dendritic-study-v2,canonical_pai_architecture_scores,outputs/sparknet-dendritic-study-v2/arms/depthwise/c4-seed1/pai/candidates/sparknet_c4_multilayer/sparknet_c4_multilayer_best_arch_scores.csv,121,02124a3d1ce8637d4d0d32cc7c557eec6917026b7870d4618872732b0f5063da
sparknet-dendritic-study-v2,stage_report,outputs/sparknet-dendritic-study-v2/arms/depthwise/c4-seed1/reports/sparknet_dendritic_prune_experiment.yaml,8641,859c4d3d35062876572160631a757fb807486f973199e16c4658b824fd052ea3
sparknet-dendritic-study-v2,run_manifest,outputs/sparknet-dendritic-study-v2/arms/depthwise/c4-seed2/manifest.yaml,14700,1ecf94ed918d18511ee65c854c8a45867ede82e58ecb6604bce42737a6893a72
sparknet-dendritic-study-v2,canonical_epoch_log,outputs/sparknet-dendritic-study-v2/arms/depthwise/c4-seed2/metrics/sparsity/sparknet_c4/prune_supervised.jsonl,17801,13e893d3822ae4c31077c2902e5f8893a044fcb477294de2174d783470e8cd19
sparknet-dendritic-study-v2,canonical_epoch_log,outputs/sparknet-dendritic-study-v2/arms/depthwise/c4-seed2/metrics/sparsity/sparknet_c4_multilayer/pai.jsonl,90665,964c4a598526f6a6b1f8614a85e8f52cf0d78083fade1d04ce5b6af2f176af53
sparknet-dendritic-study-v2,canonical_epoch_log,outputs/sparknet-dendritic-study-v2/arms/depthwise/c4-seed2/metrics/sparsity/sparknet_c4_multilayer/resume_supervised.jsonl,3540,44b735a7eeff995bf9735695e19f7e1362a25508b7184a8afb02087c2d182df4
sparknet-dendritic-study-v2,training_summary,outputs/sparknet-dendritic-study-v2/arms/depthwise/c4-seed2/metrics/summaries.yaml,477,df646089a1173dd5f2ec95c0d132d581e77c00cceab494c847f7206a0f67ad3d
sparknet-dendritic-study-v2,canonical_pai_architecture_scores,outputs/sparknet-dendritic-study-v2/arms/depthwise/c4-seed2/pai/candidates/sparknet_c4_multilayer/sparknet_c4_multilayer_best_arch_scores.csv,120,80adc7e6188a7735f8c64e531bb084df08c7f01366c92db1c66399e8d7c484f4
sparknet-dendritic-study-v2,stage_report,outputs/sparknet-dendritic-study-v2/arms/depthwise/c4-seed2/reports/sparknet_dendritic_prune_experiment.yaml,8722,28a17018add80ef5e203ee17d4ed8a7632948d641402dba7d54f56bfeedf5c42
sparknet-dendritic-study-v2,run_manifest,outputs/sparknet-dendritic-study-v2/arms/depthwise/c4-seed3/manifest.yaml,14703,f1ad98b5f65a274cbbdafc8492f0de5a74134fa7a71a5d74db4a9ae03bcb888d
sparknet-dendritic-study-v2,canonical_epoch_log,outputs/sparknet-dendritic-study-v2/arms/depthwise/c4-seed3/metrics/sparsity/sparknet_c4/prune_supervised.jsonl,17791,e00c70b770bf58fd89b8b67aa3305707224080a4382c8e702145ca42f6e97c1d
sparknet-dendritic-study-v2,canonical_epoch_log,outputs/sparknet-dendritic-study-v2/arms/depthwise/c4-seed3/metrics/sparsity/sparknet_c4_multilayer/pai.jsonl,94903,89b198e6826f0b19b56a479642cdfe455b8389e438d775b38bf37c62745a0771
sparknet-dendritic-study-v2,canonical_epoch_log,outputs/sparknet-dendritic-study-v2/arms/depthwise/c4-seed3/metrics/sparsity/sparknet_c4_multilayer/resume_supervised.jsonl,3548,086c9d2babf8ecfde3b91ec09fce9712400953497913ba2afd5257dfbf643b71
sparknet-dendritic-study-v2,training_summary,outputs/sparknet-dendritic-study-v2/arms/depthwise/c4-seed3/metrics/summaries.yaml,477,a4a4b2770f0d01bda98ba2b0dfa99c98932b04ce4d6fb7b8a3dfe29c5173d2fc
sparknet-dendritic-study-v2,canonical_pai_architecture_scores,outputs/sparknet-dendritic-study-v2/arms/depthwise/c4-seed3/pai/candidates/sparknet_c4_multilayer/sparknet_c4_multilayer_best_arch_scores.csv,122,aa70810104046a72ddc6a5bb9b39c261086e82c0565eb5d151763d8a1b0c96c3
sparknet-dendritic-study-v2,stage_report,outputs/sparknet-dendritic-study-v2/arms/depthwise/c4-seed3/reports/sparknet_dendritic_prune_experiment.yaml,8715,c35692d59a12aad8a2669cfc0f80e3c50ca8b9eb49750411e3004c2da441c074
sparknet-dendritic-study-v2,run_manifest,outputs/sparknet-dendritic-study-v2/arms/depthwise/c4-seed4/manifest.yaml,14703,636b96e13c8dbe035b4a8804c2ceb9c0ddba17d89af5a585062200d071ca6f54
sparknet-dendritic-study-v2,canonical_epoch_log,outputs/sparknet-dendritic-study-v2/arms/depthwise/c4-seed4/metrics/sparsity/sparknet_c4/prune_supervised.jsonl,17795,9554a3759b0bf21f8ecd11885996b4bef24d75a077798f887c52c25f7cf19462
sparknet-dendritic-study-v2,canonical_epoch_log,outputs/sparknet-dendritic-study-v2/arms/depthwise/c4-seed4/metrics/sparsity/sparknet_c4_multilayer/pai.jsonl,87466,c677ab77f8941f552988bcffdd06d01caf85611ac1229f962f2bed8e86b64e08
sparknet-dendritic-study-v2,canonical_epoch_log,outputs/sparknet-dendritic-study-v2/arms/depthwise/c4-seed4/metrics/sparsity/sparknet_c4_multilayer/resume_supervised.jsonl,3548,1a747aecb51c75f51db9e855a78aa17d90c393cd2130d59cd952daf2657abaee
sparknet-dendritic-study-v2,training_summary,outputs/sparknet-dendritic-study-v2/arms/depthwise/c4-seed4/metrics/summaries.yaml,477,79db29c59893cd58f431753fe1a004908144928f37ee0655bfe349205cf95a54
sparknet-dendritic-study-v2,canonical_pai_architecture_scores,outputs/sparknet-dendritic-study-v2/arms/depthwise/c4-seed4/pai/candidates/sparknet_c4_multilayer/sparknet_c4_multilayer_best_arch_scores.csv,121,2e9e56dcd34928d5ff72caecb703eab0874eb9752eab51872445544b5247225a
sparknet-dendritic-study-v2,stage_report,outputs/sparknet-dendritic-study-v2/arms/depthwise/c4-seed4/reports/sparknet_dendritic_prune_experiment.yaml,8639,fb4ec93774fec2ace260f7e868b421c2706f882dca78f3f92fd47fbfcc475995
sparknet-dendritic-study-v2,run_manifest,outputs/sparknet-dendritic-study-v2/arms/depthwise/c6-seed0/manifest.yaml,14703,30c679ad56590e1a5e1a43aed91f330113f24fcfd7808274b6e677719c56deda
sparknet-dendritic-study-v2,canonical_epoch_log,outputs/sparknet-dendritic-study-v2/arms/depthwise/c6-seed0/metrics/sparsity/sparknet_c6/prune_supervised.jsonl,17769,5ea7b1f3c5fe096214c32fb6265864e304ec7a468c56f2da0d829ce7aa2955f5
sparknet-dendritic-study-v2,canonical_epoch_log,outputs/sparknet-dendritic-study-v2/arms/depthwise/c6-seed0/metrics/sparsity/sparknet_c6_multilayer/pai.jsonl,94167,674846651c99bab488b6e4971c23153c14969e9423808ce0756844224a7ac09f
sparknet-dendritic-study-v2,canonical_epoch_log,outputs/sparknet-dendritic-study-v2/arms/depthwise/c6-seed0/metrics/sparsity/sparknet_c6_multilayer/resume_supervised.jsonl,3530,92453054cc6932b516172f74b9a98401e79418746b0a561a071acca5fc55c126
sparknet-dendritic-study-v2,training_summary,outputs/sparknet-dendritic-study-v2/arms/depthwise/c6-seed0/metrics/summaries.yaml,477,39607d70c480ed3e0bdcb7f6d77038990f41f282f051571819f67aaded19f28a
sparknet-dendritic-study-v2,canonical_pai_architecture_scores,outputs/sparknet-dendritic-study-v2/arms/depthwise/c6-seed0/pai/candidates/sparknet_c6_multilayer/sparknet_c6_multilayer_best_arch_scores.csv,122,f96ca8a11b63933b1f663a1dfa5d43aee7b5e4d52a1f7a272e9fcb24bb4d8a9a
sparknet-dendritic-study-v2,stage_report,outputs/sparknet-dendritic-study-v2/arms/depthwise/c6-seed0/reports/sparknet_dendritic_prune_experiment.yaml,8627,8208a3f04f6f256f3ede9c8edd508b60bf856d9fb44542730deee50f3117017e
sparknet-dendritic-study-v2,run_manifest,outputs/sparknet-dendritic-study-v2/arms/depthwise/c6-seed1/manifest.yaml,14703,620288b9ffd8ce75214e0b251cc888004e07f125a631e29894be712b6f6a0357
sparknet-dendritic-study-v2,canonical_epoch_log,outputs/sparknet-dendritic-study-v2/arms/depthwise/c6-seed1/metrics/sparsity/sparknet_c6/prune_supervised.jsonl,17756,e68e7399300e71a9b47e75576ed8594ace0294642bf065df8014ba52bcc885e7
sparknet-dendritic-study-v2,canonical_epoch_log,outputs/sparknet-dendritic-study-v2/arms/depthwise/c6-seed1/metrics/sparsity/sparknet_c6_multilayer/pai.jsonl,90849,1de9a56131b8bd1aec4a31e11c6493dddd06b7a2d15781342bd3a7ad2e3a3659
sparknet-dendritic-study-v2,canonical_epoch_log,outputs/sparknet-dendritic-study-v2/arms/depthwise/c6-seed1/metrics/sparsity/sparknet_c6_multilayer/resume_supervised.jsonl,3533,c005e931462853e9561d9d398b57147fa34c6604b02d8eeb5c79d14ae2649835
sparknet-dendritic-study-v2,training_summary,outputs/sparknet-dendritic-study-v2/arms/depthwise/c6-seed1/metrics/summaries.yaml,476,354e95c3d30076a5d9198d44aff294d0dde5ce1f661859edc346b689452d24ad
sparknet-dendritic-study-v2,canonical_pai_architecture_scores,outputs/sparknet-dendritic-study-v2/arms/depthwise/c6-seed1/pai/candidates/sparknet_c6_multilayer/sparknet_c6_multilayer_best_arch_scores.csv,121,529b021e8f7fe11dd7735ee0ab38789508631eeaaff0c84bc54a0b366ba43fbf
sparknet-dendritic-study-v2,stage_report,outputs/sparknet-dendritic-study-v2/arms/depthwise/c6-seed1/reports/sparknet_dendritic_prune_experiment.yaml,8633,09978991416ece3a5f9ee9d4553ea849e0f0de750583d9ad6b337cb06a17f963
sparknet-dendritic-study-v2,run_manifest,outputs/sparknet-dendritic-study-v2/arms/depthwise/c6-seed2/manifest.yaml,14703,5f1ab945af4120a86ecd8124bf5e96fc817c20defb60a1d823bdac77a2a98a74
sparknet-dendritic-study-v2,canonical_epoch_log,outputs/sparknet-dendritic-study-v2/arms/depthwise/c6-seed2/metrics/sparsity/sparknet_c6/prune_supervised.jsonl,17755,5ffdb887f8a7fae84b15826e3c35d9d34a232adba3cbf3803200b1d425dd3eaf
sparknet-dendritic-study-v2,canonical_epoch_log,outputs/sparknet-dendritic-study-v2/arms/depthwise/c6-seed2/metrics/sparsity/sparknet_c6_multilayer/pai.jsonl,89404,3a87bfb99d4a3a14f521ce367f25bd7b2c782ceb4a22baeca61bb136d7f04907
sparknet-dendritic-study-v2,canonical_epoch_log,outputs/sparknet-dendritic-study-v2/arms/depthwise/c6-seed2/metrics/sparsity/sparknet_c6_multilayer/resume_supervised.jsonl,3537,ad9d35b6236c509ac8970478b858e34bedfe0ef1e24d84c159974e84eeb847f3
sparknet-dendritic-study-v2,training_summary,outputs/sparknet-dendritic-study-v2/arms/depthwise/c6-seed2/metrics/summaries.yaml,475,3ad36ae5e5939f5c101599e577bb447a0975f39b31d7b1c35c04712f3bf79d85
sparknet-dendritic-study-v2,canonical_pai_architecture_scores,outputs/sparknet-dendritic-study-v2/arms/depthwise/c6-seed2/pai/candidates/sparknet_c6_multilayer/sparknet_c6_multilayer_best_arch_scores.csv,120,9233a4752175679131492d07aba7202ef466d278cf35457e101d60103f39b1a8
sparknet-dendritic-study-v2,stage_report,outputs/sparknet-dendritic-study-v2/arms/depthwise/c6-seed2/reports/sparknet_dendritic_prune_experiment.yaml,8636,1bba9cfe88c6ec79e9514ee299415761bdf94dc81593c1ee7adb9f80f1fb2459
sparknet-dendritic-study-v2,run_manifest,outputs/sparknet-dendritic-study-v2/arms/depthwise/c6-seed3/manifest.yaml,14703,30e4af3369172c9840b570f71f7d8845421dc600f5b84f4c7ac3ba18fac2bb17
sparknet-dendritic-study-v2,canonical_epoch_log,outputs/sparknet-dendritic-study-v2/arms/depthwise/c6-seed3/metrics/sparsity/sparknet_c6/prune_supervised.jsonl,17754,6af8f4c448c68486dbbc1d30b89cc34f1a0e546a801585f81353478481ba6377
sparknet-dendritic-study-v2,canonical_epoch_log,outputs/sparknet-dendritic-study-v2/arms/depthwise/c6-seed3/metrics/sparsity/sparknet_c6_multilayer/pai.jsonl,87283,e7301b3a7624d122935501fa7ab90b5c9fc077aa38084c136951cc562a56566c
sparknet-dendritic-study-v2,canonical_epoch_log,outputs/sparknet-dendritic-study-v2/arms/depthwise/c6-seed3/metrics/sparsity/sparknet_c6_multilayer/resume_supervised.jsonl,3545,4ad40e35fc2eb2ea4c18b9db6994a38d569b679642592f9bbd4a4d9f30d09334
sparknet-dendritic-study-v2,training_summary,outputs/sparknet-dendritic-study-v2/arms/depthwise/c6-seed3/metrics/summaries.yaml,477,c71c86237891d516ef715051da1fcb86556146d93bb0713f67d6fc0744d5532d
sparknet-dendritic-study-v2,canonical_pai_architecture_scores,outputs/sparknet-dendritic-study-v2/arms/depthwise/c6-seed3/pai/candidates/sparknet_c6_multilayer/sparknet_c6_multilayer_best_arch_scores.csv,122,34a26ee71ea77abd30f34dfdd7550c59d7788f3973462ca86504ffa3638e5b26
sparknet-dendritic-study-v2,stage_report,outputs/sparknet-dendritic-study-v2/arms/depthwise/c6-seed3/reports/sparknet_dendritic_prune_experiment.yaml,8736,0589c62803affcb560ca945811b472a6a7c0482264dd0965ebf5ed748ee9219f
sparknet-dendritic-study-v2,run_manifest,outputs/sparknet-dendritic-study-v2/arms/depthwise/c6-seed4/manifest.yaml,14703,c6515fc7f8a5182cd76f478631d18f30f17eed4d5d2a7125e13c5e8d9939fddd
sparknet-dendritic-study-v2,canonical_epoch_log,outputs/sparknet-dendritic-study-v2/arms/depthwise/c6-seed4/metrics/sparsity/sparknet_c6/prune_supervised.jsonl,17775,8269c4a5ec0fe263e9b0a3321fb5514ac7edc0f9181dd9c36d095451368731d0
sparknet-dendritic-study-v2,canonical_epoch_log,outputs/sparknet-dendritic-study-v2/arms/depthwise/c6-seed4/metrics/sparsity/sparknet_c6_multilayer/pai.jsonl,87490,afcf5ddf57417ccddd8a9691f46e6179d38a494dfaefaef2c2b4f6346303879b
sparknet-dendritic-study-v2,canonical_epoch_log,outputs/sparknet-dendritic-study-v2/arms/depthwise/c6-seed4/metrics/sparsity/sparknet_c6_multilayer/resume_supervised.jsonl,3532,4288148093c6a891185cca4829b11fb72754e1b756f2fc2ae742e5ce943f80e1
sparknet-dendritic-study-v2,training_summary,outputs/sparknet-dendritic-study-v2/arms/depthwise/c6-seed4/metrics/summaries.yaml,477,f2eeb956389ca3c58fe33fb7d4cce931dcc71328f151bb46d4af6634b9cd07d8
sparknet-dendritic-study-v2,canonical_pai_architecture_scores,outputs/sparknet-dendritic-study-v2/arms/depthwise/c6-seed4/pai/candidates/sparknet_c6_multilayer/sparknet_c6_multilayer_best_arch_scores.csv,122,b040b12b9947c17cd4d57100792e8601f0becea438038619c198c6a580f2c7bd
sparknet-dendritic-study-v2,stage_report,outputs/sparknet-dendritic-study-v2/arms/depthwise/c6-seed4/reports/sparknet_dendritic_prune_experiment.yaml,8627,90a87e5ab2159370fed20adf653ab0c53fd14b883da7287c2a8f4f598572d7b1
sparknet-dendritic-study-v2,run_manifest,outputs/sparknet-dendritic-study-v2/arms/depthwise/c8-seed0/manifest.yaml,16554,323363f94e9f1c874eb763b5dae89cf3298bd0d9796e4e59b0e8316e4c111c16
sparknet-dendritic-study-v2,canonical_epoch_log,outputs/sparknet-dendritic-study-v2/arms/depthwise/c8-seed0/metrics/sparsity/sparknet_c8/prune_supervised.jsonl,17750,35f416850c512414e8266aa2fb1097c27f90221a764db867d519b22d43a9e9ac
sparknet-dendritic-study-v2,canonical_epoch_log,outputs/sparknet-dendritic-study-v2/arms/depthwise/c8-seed0/metrics/sparsity/sparknet_c8_multilayer/pai.jsonl,156976,6a519b3d1d385361377d98a238112b01165da489336026ccff880ccad3f18fd4
sparknet-dendritic-study-v2,canonical_epoch_log,outputs/sparknet-dendritic-study-v2/arms/depthwise/c8-seed0/metrics/sparsity/sparknet_c8_multilayer/resume_supervised.jsonl,3540,37891de83edceab51666de54e2ab93340be04c2fca98007987c0290b5f1e46d4
sparknet-dendritic-study-v2,training_summary,outputs/sparknet-dendritic-study-v2/arms/depthwise/c8-seed0/metrics/summaries.yaml,476,cb8523e0bb9934372dc827f35a4a348cba209775a434fc7f83d8b6350ad69803
sparknet-dendritic-study-v2,canonical_pai_architecture_scores,outputs/sparknet-dendritic-study-v2/arms/depthwise/c8-seed0/pai/candidates/sparknet_c8_multilayer/sparknet_c8_multilayer_best_arch_scores.csv,122,93466ad97fdea7948ff98b73598e1058eeab716c8e2d293b1a1944f627df9b54
sparknet-dendritic-study-v2,stage_report,outputs/sparknet-dendritic-study-v2/arms/depthwise/c8-seed0/reports/sparknet_dendritic_prune_experiment.yaml,8635,e7a947b187ad74341d6dd3a44b41afdaf50235b24006f17f34e8666a71d2a4b8
sparknet-dendritic-study-v2,run_manifest,outputs/sparknet-dendritic-study-v2/arms/depthwise/c8-seed1/manifest.yaml,14704,8256cbe26203325f4d84c999020cadb03defecce7ddac8066f515d9564173112
sparknet-dendritic-study-v2,canonical_epoch_log,outputs/sparknet-dendritic-study-v2/arms/depthwise/c8-seed1/metrics/sparsity/sparknet_c8/prune_supervised.jsonl,17755,a46c5564d02c3a711591412288ee4b29e91f74768c34be5a123c2667c453e77f
sparknet-dendritic-study-v2,canonical_epoch_log,outputs/sparknet-dendritic-study-v2/arms/depthwise/c8-seed1/metrics/sparsity/sparknet_c8_multilayer/pai.jsonl,91280,631a8c6e139134978b6a4e49434f9c219544650ed4e6728cb8a22a0fd40cf289
sparknet-dendritic-study-v2,canonical_epoch_log,outputs/sparknet-dendritic-study-v2/arms/depthwise/c8-seed1/metrics/sparsity/sparknet_c8_multilayer/resume_supervised.jsonl,3541,cec0136c4ab940bcc0617bbdbeb14f88edd75f34503d3f4eef1048db6c1dd2d5
sparknet-dendritic-study-v2,training_summary,outputs/sparknet-dendritic-study-v2/arms/depthwise/c8-seed1/metrics/summaries.yaml,476,3d22894419bbb483b3f9fe53253f4d5fed4d842a74cf2ca40e7d32866875e5d7
sparknet-dendritic-study-v2,canonical_pai_architecture_scores,outputs/sparknet-dendritic-study-v2/arms/depthwise/c8-seed1/pai/candidates/sparknet_c8_multilayer/sparknet_c8_multilayer_best_arch_scores.csv,122,b4e89a6f005511046f075e6c5f62cc2d9b0ddb7cbdb020fe7d4cb4eff4142c05
sparknet-dendritic-study-v2,stage_report,outputs/sparknet-dendritic-study-v2/arms/depthwise/c8-seed1/reports/sparknet_dendritic_prune_experiment.yaml,8639,69d82ba2d85c96c0a48865163127071a42065d2e9043b95443df127510493d6b
sparknet-dendritic-study-v2,run_manifest,outputs/sparknet-dendritic-study-v2/arms/depthwise/c8-seed2/manifest.yaml,14700,089ba224e823675daf54254b3fa8d1d915dc20c2080becd93adb40dfece8cba9
sparknet-dendritic-study-v2,canonical_epoch_log,outputs/sparknet-dendritic-study-v2/arms/depthwise/c8-seed2/metrics/sparsity/sparknet_c8/prune_supervised.jsonl,17756,059403f9a76fba3d4f94fef0be7b5f2b3afb4ed89e60f66a40ff009f6b5899cb
sparknet-dendritic-study-v2,canonical_epoch_log,outputs/sparknet-dendritic-study-v2/arms/depthwise/c8-seed2/metrics/sparsity/sparknet_c8_multilayer/pai.jsonl,84178,b75b9191d98bb5d3bda61e1b4ca462a0eb0a1e1558e5b98eeb39526f472843e7
sparknet-dendritic-study-v2,canonical_epoch_log,outputs/sparknet-dendritic-study-v2/arms/depthwise/c8-seed2/metrics/sparsity/sparknet_c8_multilayer/resume_supervised.jsonl,3540,b5212b6b9588c759f6ef2f384561debafefb8f173c1b83249ab1b7d6fa47cf33
sparknet-dendritic-study-v2,training_summary,outputs/sparknet-dendritic-study-v2/arms/depthwise/c8-seed2/metrics/summaries.yaml,477,cd63e7c600d18c9939ea12a79a4d7a43fea4728cf242fd2d410459987f7c5e64
sparknet-dendritic-study-v2,canonical_pai_architecture_scores,outputs/sparknet-dendritic-study-v2/arms/depthwise/c8-seed2/pai/candidates/sparknet_c8_multilayer/sparknet_c8_multilayer_best_arch_scores.csv,120,f19fef73ebdf3fdf7fa04d6e56a10ae4620a7bf726a40d25dbf272a7b2ecc287
sparknet-dendritic-study-v2,stage_report,outputs/sparknet-dendritic-study-v2/arms/depthwise/c8-seed2/reports/sparknet_dendritic_prune_experiment.yaml,8632,c51edac5980e5f330ec47c04f0e7667a016626e31b47063d79bedab6c3b0a7c2
sparknet-dendritic-study-v2,run_manifest,outputs/sparknet-dendritic-study-v2/arms/depthwise/c8-seed3/manifest.yaml,14704,5ec54e545362e7846578d044585a8691f1fd99476892cf04117d7da8a2e9c736
sparknet-dendritic-study-v2,canonical_epoch_log,outputs/sparknet-dendritic-study-v2/arms/depthwise/c8-seed3/metrics/sparsity/sparknet_c8/prune_supervised.jsonl,17752,7ad4861e2bbc17d08d77aca15bccca9bb8aa83308acfb6c06536fffe0985e786
sparknet-dendritic-study-v2,canonical_epoch_log,outputs/sparknet-dendritic-study-v2/arms/depthwise/c8-seed3/metrics/sparsity/sparknet_c8_multilayer/pai.jsonl,91508,cb88f0d4a35ba016e99bb6416bf19c60b2f6351af53a6d4776095a865a211e98
sparknet-dendritic-study-v2,canonical_epoch_log,outputs/sparknet-dendritic-study-v2/arms/depthwise/c8-seed3/metrics/sparsity/sparknet_c8_multilayer/resume_supervised.jsonl,3538,3098c5772f596fc25d8367a026b2a2f228b04226cbd50f24dce1fb1cfd1a4e65
sparknet-dendritic-study-v2,training_summary,outputs/sparknet-dendritic-study-v2/arms/depthwise/c8-seed3/metrics/summaries.yaml,477,f7d93ef58609d0d2dbb0a097eb37a7fc6d03fe937e1781848cf0cc96d14b34dd
sparknet-dendritic-study-v2,canonical_pai_architecture_scores,outputs/sparknet-dendritic-study-v2/arms/depthwise/c8-seed3/pai/candidates/sparknet_c8_multilayer/sparknet_c8_multilayer_best_arch_scores.csv,122,28a72e2fb0021be0437036a7855a9380850bb020664f67d636399ef6225b2ab3
sparknet-dendritic-study-v2,stage_report,outputs/sparknet-dendritic-study-v2/arms/depthwise/c8-seed3/reports/sparknet_dendritic_prune_experiment.yaml,8637,d0d8b807b89abc4760de4d46a7a4a75e849f611a6f3042ce5f94e487492dff7e
sparknet-dendritic-study-v2,run_manifest,outputs/sparknet-dendritic-study-v2/arms/depthwise/c8-seed4/manifest.yaml,14703,6920c95c65f216dd2ee2885c514a26de0137d3637d8edaeb85adea65fd976e31
sparknet-dendritic-study-v2,canonical_epoch_log,outputs/sparknet-dendritic-study-v2/arms/depthwise/c8-seed4/metrics/sparsity/sparknet_c8/prune_supervised.jsonl,17764,4ce88bfd973978a775c5ee6bc146e87ccc38468ef040f6b06b7cf1fba9dbb96c
sparknet-dendritic-study-v2,canonical_epoch_log,outputs/sparknet-dendritic-study-v2/arms/depthwise/c8-seed4/metrics/sparsity/sparknet_c8_multilayer/pai.jsonl,86668,45fced0ddec2c2d08a0d2e6889924a64b1d4c3af5ff88842af910c863de073d0
sparknet-dendritic-study-v2,canonical_epoch_log,outputs/sparknet-dendritic-study-v2/arms/depthwise/c8-seed4/metrics/sparsity/sparknet_c8_multilayer/resume_supervised.jsonl,3530,dd53ea4ed685e35bb1576228a7b236115a2c0523bbd6f9763d5b989b42806086
sparknet-dendritic-study-v2,training_summary,outputs/sparknet-dendritic-study-v2/arms/depthwise/c8-seed4/metrics/summaries.yaml,477,c1f6fb5792b85e2a6b57dfcccfd01efa1b760de9ccd44236bbcdca1caee2d67b
sparknet-dendritic-study-v2,canonical_pai_architecture_scores,outputs/sparknet-dendritic-study-v2/arms/depthwise/c8-seed4/pai/candidates/sparknet_c8_multilayer/sparknet_c8_multilayer_best_arch_scores.csv,122,987c43a280cad4938ff23daf553ba222b873c767d0a36bfff43595b5431a98d4
sparknet-dendritic-study-v2,stage_report,outputs/sparknet-dendritic-study-v2/arms/depthwise/c8-seed4/reports/sparknet_dendritic_prune_experiment.yaml,8757,74c88f0001b2b02ed32ac8cab5be090c3d058fb0c9d6da7173fc9ff999a7dc9c
sparknet-dendritic-study-v2,run_manifest,outputs/sparknet-dendritic-study-v2/arms/fc/c10-seed0/manifest.yaml,14756,eeeb954a84f77091be1bfdd079eee6eadcf0582c64012ebd363482c3f6f500de
sparknet-dendritic-study-v2,canonical_epoch_log,outputs/sparknet-dendritic-study-v2/arms/fc/c10-seed0/metrics/sparsity/sparknet_c10/prune_supervised.jsonl,17761,e69170412d104ed07f782f17959d1143a7bb404aa18bce2da757bfcee5897bdb
sparknet-dendritic-study-v2,canonical_epoch_log,outputs/sparknet-dendritic-study-v2/arms/fc/c10-seed0/metrics/sparsity/sparknet_c10_multilayer/pai.jsonl,100869,d0146853f6b3a182538d35b84d7fa4911ce392e67d371c669bf452b5f950bd38
sparknet-dendritic-study-v2,canonical_epoch_log,outputs/sparknet-dendritic-study-v2/arms/fc/c10-seed0/metrics/sparsity/sparknet_c10_multilayer/resume_supervised.jsonl,3541,5b76f697f6d1c2c8c9e4827b39214523286f111b1d2f01cb581e078a0085c898
sparknet-dendritic-study-v2,training_summary,outputs/sparknet-dendritic-study-v2/arms/fc/c10-seed0/metrics/summaries.yaml,479,d32102c9b8dc7d308115a5056c7c13804a3cdcb1ddd19b6ebddd5f12f4481fe9
sparknet-dendritic-study-v2,canonical_pai_architecture_scores,outputs/sparknet-dendritic-study-v2/arms/fc/c10-seed0/pai/candidates/sparknet_c10_multilayer/sparknet_c10_multilayer_best_arch_scores.csv,122,8773e36547579c35048d1b863240f00ee0acbd4dd1bfd87df0ba75b1f947ea6a
sparknet-dendritic-study-v2,stage_report,outputs/sparknet-dendritic-study-v2/arms/fc/c10-seed0/reports/sparknet_dendritic_prune_experiment.yaml,8666,85cfbfa2cd6ec27df15d2b187cf7c3a95601f1d892fe9802bd4cccd4b154faa5
sparknet-dendritic-study-v2,run_manifest,outputs/sparknet-dendritic-study-v2/arms/fc/c10-seed1/manifest.yaml,14755,94f0108bed1fe760d1666c890ef14023773d94321366b750dee37585a72f9b30
sparknet-dendritic-study-v2,canonical_epoch_log,outputs/sparknet-dendritic-study-v2/arms/fc/c10-seed1/metrics/sparsity/sparknet_c10/prune_supervised.jsonl,17757,1ff16cce27a332b1883ef37805992ec5ea0c526b2a92ee374d27b9ca8be1e4d5
sparknet-dendritic-study-v2,canonical_epoch_log,outputs/sparknet-dendritic-study-v2/arms/fc/c10-seed1/metrics/sparsity/sparknet_c10_multilayer/pai.jsonl,95865,cc5b953e1e8bdd1aa866d98e9067a27ca4e63bae4de9e1ac6497f0eefbe32a39
sparknet-dendritic-study-v2,canonical_epoch_log,outputs/sparknet-dendritic-study-v2/arms/fc/c10-seed1/metrics/sparsity/sparknet_c10_multilayer/resume_supervised.jsonl,3534,e4f05aa213afda1c141e52425276157fe520b629ddd582564fd1b45e1127f0d6
sparknet-dendritic-study-v2,training_summary,outputs/sparknet-dendritic-study-v2/arms/fc/c10-seed1/metrics/summaries.yaml,480,59aaf85312e47f7829a2a8332d4d944c899556820df49a0a184535c5d65143b8
sparknet-dendritic-study-v2,canonical_pai_architecture_scores,outputs/sparknet-dendritic-study-v2/arms/fc/c10-seed1/pai/candidates/sparknet_c10_multilayer/sparknet_c10_multilayer_best_arch_scores.csv,122,6c3510140988b7f79f956f2e2862cd6a9e919c06415d30dfc1278f1d58b69716
sparknet-dendritic-study-v2,stage_report,outputs/sparknet-dendritic-study-v2/arms/fc/c10-seed1/reports/sparknet_dendritic_prune_experiment.yaml,8535,a58449c5bf7a79c4f102415928862f941821f838fed0648577ffc44edd4624c8
sparknet-dendritic-study-v2,run_manifest,outputs/sparknet-dendritic-study-v2/arms/fc/c10-seed2/manifest.yaml,14755,51e39ba88ce867348eb0507a093e3e84a74cecd6ce8afd227119e4dd2b480256
sparknet-dendritic-study-v2,canonical_epoch_log,outputs/sparknet-dendritic-study-v2/arms/fc/c10-seed2/metrics/sparsity/sparknet_c10/prune_supervised.jsonl,17752,1e0d2c70f661fa1de6ba5fbee815f1f9e26ba3baa431993ea1cb7f7be68008e8
sparknet-dendritic-study-v2,canonical_epoch_log,outputs/sparknet-dendritic-study-v2/arms/fc/c10-seed2/metrics/sparsity/sparknet_c10_multilayer/pai.jsonl,95739,b8531034b5ab14d41df7df9dc11cd093586538eb9d4ca3694efcb8badedd806e
sparknet-dendritic-study-v2,canonical_epoch_log,outputs/sparknet-dendritic-study-v2/arms/fc/c10-seed2/metrics/sparsity/sparknet_c10_multilayer/resume_supervised.jsonl,3533,f087b4dfde7b0db32dae997542eaf6bb53fd50801b0f72d6bb660437abdd393e
sparknet-dendritic-study-v2,training_summary,outputs/sparknet-dendritic-study-v2/arms/fc/c10-seed2/metrics/summaries.yaml,480,5870a5d697d39df41ac1b5901748cc7627ad0c5075fa550e130a56646a50f99f
sparknet-dendritic-study-v2,canonical_pai_architecture_scores,outputs/sparknet-dendritic-study-v2/arms/fc/c10-seed2/pai/candidates/sparknet_c10_multilayer/sparknet_c10_multilayer_best_arch_scores.csv,122,12c368b8acb9a6299844cf43f0b74b0007a43a4f99b987891485953f22647fb5
sparknet-dendritic-study-v2,stage_report,outputs/sparknet-dendritic-study-v2/arms/fc/c10-seed2/reports/sparknet_dendritic_prune_experiment.yaml,8535,c70994c983aa2666b59b398688329290127da3ed45745ceb4047983f1fb01572
sparknet-dendritic-study-v2,run_manifest,outputs/sparknet-dendritic-study-v2/arms/fc/c10-seed3/manifest.yaml,14755,2ff68d22a4d197c71a5eefa196d06dab086a0c679c4bb669c8623825c6002d57
sparknet-dendritic-study-v2,canonical_epoch_log,outputs/sparknet-dendritic-study-v2/arms/fc/c10-seed3/metrics/sparsity/sparknet_c10/prune_supervised.jsonl,17763,75c601a270aa8206474ccade52c5879294e3569870e5df91196b74c903e8a177
sparknet-dendritic-study-v2,canonical_epoch_log,outputs/sparknet-dendritic-study-v2/arms/fc/c10-seed3/metrics/sparsity/sparknet_c10_multilayer/pai.jsonl,95240,e26dc247038f08834b5fced56e5692f8e00a31c5db81c30192c70b957ace391b
sparknet-dendritic-study-v2,canonical_epoch_log,outputs/sparknet-dendritic-study-v2/arms/fc/c10-seed3/metrics/sparsity/sparknet_c10_multilayer/resume_supervised.jsonl,3538,2bbf02e4faec95141c34ba404f3924c6c8720f8c4efc02ed9c08495290e99923
sparknet-dendritic-study-v2,training_summary,outputs/sparknet-dendritic-study-v2/arms/fc/c10-seed3/metrics/summaries.yaml,480,49d7fedd706212c15db3fe4955096bb540245a41db536032f724b11ab90c9204
sparknet-dendritic-study-v2,canonical_pai_architecture_scores,outputs/sparknet-dendritic-study-v2/arms/fc/c10-seed3/pai/candidates/sparknet_c10_multilayer/sparknet_c10_multilayer_best_arch_scores.csv,122,24a30f4d7bc539cde9f3e49c01a78ebf2d82fc30962b7dc06be5d0a5205ca218
sparknet-dendritic-study-v2,stage_report,outputs/sparknet-dendritic-study-v2/arms/fc/c10-seed3/reports/sparknet_dendritic_prune_experiment.yaml,8667,8f3203571629e99ea64aadb860cab64f97168f172c0cb3aaa57bf37f70f75fc8
sparknet-dendritic-study-v2,run_manifest,outputs/sparknet-dendritic-study-v2/arms/fc/c10-seed4/manifest.yaml,14755,fe3af0c19f90796f1a244a1bdecf501e7a797a6bbe9f6bd2d252fa6404a772d1
sparknet-dendritic-study-v2,canonical_epoch_log,outputs/sparknet-dendritic-study-v2/arms/fc/c10-seed4/metrics/sparsity/sparknet_c10/prune_supervised.jsonl,17762,8e9a6dc1eb8af3f8beeab00569f7ace5ab0583bfd3fe1df5103a42d8117ab2bc
sparknet-dendritic-study-v2,canonical_epoch_log,outputs/sparknet-dendritic-study-v2/arms/fc/c10-seed4/metrics/sparsity/sparknet_c10_multilayer/pai.jsonl,88955,cf7c009af0834a15b8e33481bf2ddc2fde538ad0367823c1751d1dc1eb9ca343
sparknet-dendritic-study-v2,canonical_epoch_log,outputs/sparknet-dendritic-study-v2/arms/fc/c10-seed4/metrics/sparsity/sparknet_c10_multilayer/resume_supervised.jsonl,3542,cfd5037ace2db489f8dc6a287011f2cc148cd6b2c6cae357c463e99eace21423
sparknet-dendritic-study-v2,training_summary,outputs/sparknet-dendritic-study-v2/arms/fc/c10-seed4/metrics/summaries.yaml,480,76b0daf4645803ccf7431ffbcd4fe6777991c890150e961a3bab8dbc08d24c83
sparknet-dendritic-study-v2,canonical_pai_architecture_scores,outputs/sparknet-dendritic-study-v2/arms/fc/c10-seed4/pai/candidates/sparknet_c10_multilayer/sparknet_c10_multilayer_best_arch_scores.csv,122,8d49d4829e237c10bc3e5e69c27b8b14332a10d7b95797fd6aa3828904b2e9df
sparknet-dendritic-study-v2,stage_report,outputs/sparknet-dendritic-study-v2/arms/fc/c10-seed4/reports/sparknet_dendritic_prune_experiment.yaml,8634,842b5cd3c444c8582030fa8e2b6ccaef4eed076dc205cfd0c859d076c503c09a
sparknet-dendritic-study-v2,run_manifest,outputs/sparknet-dendritic-study-v2/arms/fc/c12-seed0/manifest.yaml,14755,6e1c0c593a4022b983cafc67e6b6d7b3cdd0b619d44ec0ac3bab8ccc0c4fabba
sparknet-dendritic-study-v2,canonical_epoch_log,outputs/sparknet-dendritic-study-v2/arms/fc/c12-seed0/metrics/sparsity/sparknet_c12/prune_supervised.jsonl,17751,3d1fbf06e5bfcb269669347b5aab90a7c3b3c7ecc51bafcd6460073ef86e887b
sparknet-dendritic-study-v2,canonical_epoch_log,outputs/sparknet-dendritic-study-v2/arms/fc/c12-seed0/metrics/sparsity/sparknet_c12_multilayer/pai.jsonl,92143,f4db9af2c23dcdf8d7780337ba1829eb89e8146c868b51297b88eef5fa24064e
sparknet-dendritic-study-v2,canonical_epoch_log,outputs/sparknet-dendritic-study-v2/arms/fc/c12-seed0/metrics/sparsity/sparknet_c12_multilayer/resume_supervised.jsonl,3530,b911be7b7921c68422de6bd3ef2f7336da6758fd6f45f880e0df78fead4d762c
sparknet-dendritic-study-v2,training_summary,outputs/sparknet-dendritic-study-v2/arms/fc/c12-seed0/metrics/summaries.yaml,479,98f6537cee7172ce76624a749d18d769fe04444d02b5617ca4cf031cc61b1668
sparknet-dendritic-study-v2,canonical_pai_architecture_scores,outputs/sparknet-dendritic-study-v2/arms/fc/c12-seed0/pai/candidates/sparknet_c12_multilayer/sparknet_c12_multilayer_best_arch_scores.csv,122,0b86e0b8fe83d6cd9f69697e537cc8fba8bb89bd4d520cdb3b4258b57dc60107
sparknet-dendritic-study-v2,stage_report,outputs/sparknet-dendritic-study-v2/arms/fc/c12-seed0/reports/sparknet_dendritic_prune_experiment.yaml,8568,32112fd36e6fd45b7cdc084f21322770b41074dae95a6202c1056317a3f5c4a4
sparknet-dendritic-study-v2,run_manifest,outputs/sparknet-dendritic-study-v2/arms/fc/c12-seed1/manifest.yaml,14755,8d1b80b030bbf255fbec52462ed985da6ea3389b639680dec758e1ee457f7dbf
sparknet-dendritic-study-v2,canonical_epoch_log,outputs/sparknet-dendritic-study-v2/arms/fc/c12-seed1/metrics/sparsity/sparknet_c12/prune_supervised.jsonl,17758,38ff33be3eaccc5defdb85f0295a6b1b48ed0502bdae4b8f5b127ac095ca7c82
sparknet-dendritic-study-v2,canonical_epoch_log,outputs/sparknet-dendritic-study-v2/arms/fc/c12-seed1/metrics/sparsity/sparknet_c12_multilayer/pai.jsonl,86586,61655a89eb79409e2a088f5ca77874cc71376fde38577da9a3d1ddcec608b283
sparknet-dendritic-study-v2,canonical_epoch_log,outputs/sparknet-dendritic-study-v2/arms/fc/c12-seed1/metrics/sparsity/sparknet_c12_multilayer/resume_supervised.jsonl,3542,cec7a2618073e2fff3ecdedca378b1239f25a9b9547a4421b5e802f71217ccca
sparknet-dendritic-study-v2,training_summary,outputs/sparknet-dendritic-study-v2/arms/fc/c12-seed1/metrics/summaries.yaml,480,12d5af77aee8cfbc686b16764cb5ec4c01dc620f2782ac8698f2976124136c73
sparknet-dendritic-study-v2,canonical_pai_architecture_scores,outputs/sparknet-dendritic-study-v2/arms/fc/c12-seed1/pai/candidates/sparknet_c12_multilayer/sparknet_c12_multilayer_best_arch_scores.csv,122,4203d3df6b51f4340defcc2c9bd07c4bdfe37e28c19c10400b539ee7209c0702
sparknet-dendritic-study-v2,stage_report,outputs/sparknet-dendritic-study-v2/arms/fc/c12-seed1/reports/sparknet_dendritic_prune_experiment.yaml,8591,36200ce440d74d8cfff6892c6d366c994cf3ca3b6ac04f70e4b5568b54a547c2
sparknet-dendritic-study-v2,run_manifest,outputs/sparknet-dendritic-study-v2/arms/fc/c12-seed2/manifest.yaml,14755,c557a6d409ff9761a8807710d178793e2e6ecd9809e48c9a0f6d2e367824fc08
sparknet-dendritic-study-v2,canonical_epoch_log,outputs/sparknet-dendritic-study-v2/arms/fc/c12-seed2/metrics/sparsity/sparknet_c12/prune_supervised.jsonl,17760,3b4a25e1b5e7e1aa31d869a48068dcef879c60eaf4b50fb8a645d1c824a5de39
sparknet-dendritic-study-v2,canonical_epoch_log,outputs/sparknet-dendritic-study-v2/arms/fc/c12-seed2/metrics/sparsity/sparknet_c12_multilayer/pai.jsonl,93967,f652166c38bd95f6e975dd0e095365147cd0a09be0242f8e3c9b4afdfe5ded32
sparknet-dendritic-study-v2,canonical_epoch_log,outputs/sparknet-dendritic-study-v2/arms/fc/c12-seed2/metrics/sparsity/sparknet_c12_multilayer/resume_supervised.jsonl,3533,aadbd82589601afe60faded1288e0e363b161b5472768388dbee4ff4af084b7a
sparknet-dendritic-study-v2,training_summary,outputs/sparknet-dendritic-study-v2/arms/fc/c12-seed2/metrics/summaries.yaml,480,2460ed3f84c58810b0d2e0d99b7774583e3711b7121fec8a58684f964dc719f7
sparknet-dendritic-study-v2,canonical_pai_architecture_scores,outputs/sparknet-dendritic-study-v2/arms/fc/c12-seed2/pai/candidates/sparknet_c12_multilayer/sparknet_c12_multilayer_best_arch_scores.csv,122,c632f8030588004d8efff24064ca2953e7ea7fcf0e5de0cd849dd383a1169dcd
sparknet-dendritic-study-v2,stage_report,outputs/sparknet-dendritic-study-v2/arms/fc/c12-seed2/reports/sparknet_dendritic_prune_experiment.yaml,8573,4ba6674eb11ed98f460effbff327b1f3f5eda60bef55073255573f4859741aca
sparknet-dendritic-study-v2,run_manifest,outputs/sparknet-dendritic-study-v2/arms/fc/c12-seed3/manifest.yaml,14755,081535229401a27f60603076ea7101ef34849b5d4a4030e88dfffd71f8507b01
sparknet-dendritic-study-v2,canonical_epoch_log,outputs/sparknet-dendritic-study-v2/arms/fc/c12-seed3/metrics/sparsity/sparknet_c12/prune_supervised.jsonl,17769,b68c74bf708c5e604225a8739e7b1814d20c55ef944417083c90353b24f1c0ed
sparknet-dendritic-study-v2,canonical_epoch_log,outputs/sparknet-dendritic-study-v2/arms/fc/c12-seed3/metrics/sparsity/sparknet_c12_multilayer/pai.jsonl,94042,9f4185808f0c3c65b5ef587ead722be9cc7e83accaf32f2dbbe28507f454bb59
sparknet-dendritic-study-v2,canonical_epoch_log,outputs/sparknet-dendritic-study-v2/arms/fc/c12-seed3/metrics/sparsity/sparknet_c12_multilayer/resume_supervised.jsonl,3537,dad55730e116f7c20585d650173954017835d36554b177699c01c55b629013ad
sparknet-dendritic-study-v2,training_summary,outputs/sparknet-dendritic-study-v2/arms/fc/c12-seed3/metrics/summaries.yaml,480,b500012f09d78a5192829b8348fb1d7748cccde9801e6a3a27a78ce9d7b904db
sparknet-dendritic-study-v2,canonical_pai_architecture_scores,outputs/sparknet-dendritic-study-v2/arms/fc/c12-seed3/pai/candidates/sparknet_c12_multilayer/sparknet_c12_multilayer_best_arch_scores.csv,122,1a2bc808e60323c4c5a69e3fabd4dbf542fd44279066a35c736dc05c3bad8028
sparknet-dendritic-study-v2,stage_report,outputs/sparknet-dendritic-study-v2/arms/fc/c12-seed3/reports/sparknet_dendritic_prune_experiment.yaml,8649,83641c49b9f7e3c68198dc1c40367060dd7ae55b0a89e768d26e2a7a94a458f5
sparknet-dendritic-study-v2,run_manifest,outputs/sparknet-dendritic-study-v2/arms/fc/c12-seed4/manifest.yaml,14755,7470ffc1fd12175dc8e7ed4edb6f6a464f4ac7b22f3ec4d0cfb9494e9f856f00
sparknet-dendritic-study-v2,canonical_epoch_log,outputs/sparknet-dendritic-study-v2/arms/fc/c12-seed4/metrics/sparsity/sparknet_c12/prune_supervised.jsonl,17740,5a222f7adea3881e065d3ac09eaa6591a436d8bbcf8ce495fa06496263049188
sparknet-dendritic-study-v2,canonical_epoch_log,outputs/sparknet-dendritic-study-v2/arms/fc/c12-seed4/metrics/sparsity/sparknet_c12_multilayer/pai.jsonl,93748,50ef42e87d7696cd94b6cdf57b49981a7590c0fd37ff8d4431e00cbb7a11903c
sparknet-dendritic-study-v2,canonical_epoch_log,outputs/sparknet-dendritic-study-v2/arms/fc/c12-seed4/metrics/sparsity/sparknet_c12_multilayer/resume_supervised.jsonl,3530,fd7fb2146fc00f859453a908bcbe5fbe3fae28a4e0f9c87772307a3e3fd21988
sparknet-dendritic-study-v2,training_summary,outputs/sparknet-dendritic-study-v2/arms/fc/c12-seed4/metrics/summaries.yaml,480,e141a361f82279d7e577605e94f10a68cb93a7e5d849cff69ac46a6677b35239
sparknet-dendritic-study-v2,canonical_pai_architecture_scores,outputs/sparknet-dendritic-study-v2/arms/fc/c12-seed4/pai/candidates/sparknet_c12_multilayer/sparknet_c12_multilayer_best_arch_scores.csv,122,8d3030247eb2caeb684605124e02c8b70177b3398fee0245900f1412c00f035c
sparknet-dendritic-study-v2,stage_report,outputs/sparknet-dendritic-study-v2/arms/fc/c12-seed4/reports/sparknet_dendritic_prune_experiment.yaml,8570,44718300fdc996a1093539a33de9d1714e94142567c0eae11df7b827166e247d
sparknet-dendritic-study-v2,run_manifest,outputs/sparknet-dendritic-study-v2/arms/fc/c2-seed0/manifest.yaml,14658,722271b1de056cb98c36cd8ebde71523c7e04a0d6c02d0bbd86a15bff7db3bfe
sparknet-dendritic-study-v2,canonical_epoch_log,outputs/sparknet-dendritic-study-v2/arms/fc/c2-seed0/metrics/sparsity/sparknet_c2/prune_supervised.jsonl,17794,f1a4fcbc5a266af30c85648367f9938af1e24a1ebd327dfbb4fc3c831d43402a
sparknet-dendritic-study-v2,canonical_epoch_log,outputs/sparknet-dendritic-study-v2/arms/fc/c2-seed0/metrics/sparsity/sparknet_c2_multilayer/pai.jsonl,94336,6934d38978bb1b6e5d5384d762a3bdab8f879b273ddfc119747b3146053101dc
sparknet-dendritic-study-v2,canonical_epoch_log,outputs/sparknet-dendritic-study-v2/arms/fc/c2-seed0/metrics/sparsity/sparknet_c2_multilayer/resume_supervised.jsonl,3543,3d93662f7aad98c0c15cd201696f6eb3a8f5e01f079d7e85ccc17f65c46bf1d7
sparknet-dendritic-study-v2,training_summary,outputs/sparknet-dendritic-study-v2/arms/fc/c2-seed0/metrics/summaries.yaml,477,ffc5b6da478ad5f875231bf354c4403f8dd2c984abcc5dcc60b1d65d7a52d6d7
sparknet-dendritic-study-v2,canonical_pai_architecture_scores,outputs/sparknet-dendritic-study-v2/arms/fc/c2-seed0/pai/candidates/sparknet_c2_multilayer/sparknet_c2_multilayer_best_arch_scores.csv,121,9f93a31dbbcd04e68f6059b1a7ddc5a64984e476bde34f9f139d6efeb45b142c
sparknet-dendritic-study-v2,stage_report,outputs/sparknet-dendritic-study-v2/arms/fc/c2-seed0/reports/sparknet_dendritic_prune_experiment.yaml,8583,4e7bf9caa33e72368cf7b3b2d281d99864d4f5e9c27bd84f402a13712ff44064
sparknet-dendritic-study-v2,run_manifest,outputs/sparknet-dendritic-study-v2/arms/fc/c2-seed1/manifest.yaml,18332,e3f40048dfd7534fe99933ec76ed583cf51908886149c4bf322682f9440a324c
sparknet-dendritic-study-v2,canonical_epoch_log,outputs/sparknet-dendritic-study-v2/arms/fc/c2-seed1/metrics/sparsity/sparknet_c2/prune_supervised.jsonl,17777,3d1feefae95c9d568430a3e50b54a37338d5d417e96cdf82ecf62c371ffac32a
sparknet-dendritic-study-v2,canonical_epoch_log,outputs/sparknet-dendritic-study-v2/arms/fc/c2-seed1/metrics/sparsity/sparknet_c2_multilayer/pai.jsonl,199601,d2f9f0104f6e29e88f84039ad7784472dd2c08e9c7ca149f8ff4eb75681b8db3
sparknet-dendritic-study-v2,canonical_epoch_log,outputs/sparknet-dendritic-study-v2/arms/fc/c2-seed1/metrics/sparsity/sparknet_c2_multilayer/resume_supervised.jsonl,3542,1ed6e6283078c6cdbbf8a9ba1910407ab8c0590060ee8b700d5c4cb53c3aae9c
sparknet-dendritic-study-v2,training_summary,outputs/sparknet-dendritic-study-v2/arms/fc/c2-seed1/metrics/summaries.yaml,477,c258aa261b4c875e1426a32b7ef9d1a765736ff67637ce33850814436bafc55f
sparknet-dendritic-study-v2,canonical_pai_architecture_scores,outputs/sparknet-dendritic-study-v2/arms/fc/c2-seed1/pai/candidates/sparknet_c2_multilayer/sparknet_c2_multilayer_best_arch_scores.csv,79,e48d493b655c17621eb6da76d57e960588b61ee45ea3955d4f12d74ad40be185
sparknet-dendritic-study-v2,stage_report,outputs/sparknet-dendritic-study-v2/arms/fc/c2-seed1/reports/sparknet_dendritic_prune_experiment.yaml,8508,421c77daf8def8e87a6b409fbdb67823b19e13e90339b91347b6eae961884a7e
sparknet-dendritic-study-v2,run_manifest,outputs/sparknet-dendritic-study-v2/arms/fc/c2-seed2/manifest.yaml,14659,c5d2e4b1f81a8b4bbed246cd65aa4f6028fdddf2bddb411eb77ac4d13a998b00
sparknet-dendritic-study-v2,canonical_epoch_log,outputs/sparknet-dendritic-study-v2/arms/fc/c2-seed2/metrics/sparsity/sparknet_c2/prune_supervised.jsonl,17761,9c7c5b29fca24d55140828cbb34e1c8ce17f247722338eead775a8debf9fd86b
sparknet-dendritic-study-v2,canonical_epoch_log,outputs/sparknet-dendritic-study-v2/arms/fc/c2-seed2/metrics/sparsity/sparknet_c2_multilayer/pai.jsonl,100001,4bf035a5ada95ca69a694103be763adfb6e8ac41aab3f26fff13d47e40820339
sparknet-dendritic-study-v2,canonical_epoch_log,outputs/sparknet-dendritic-study-v2/arms/fc/c2-seed2/metrics/sparsity/sparknet_c2_multilayer/resume_supervised.jsonl,3538,37d099c3453c4a4e9a94e2b5bcf5338070a251b5b96e3c5c50ff68f16ee83f29
sparknet-dendritic-study-v2,training_summary,outputs/sparknet-dendritic-study-v2/arms/fc/c2-seed2/metrics/summaries.yaml,477,a9e64e923231e0797459dac546bea83d6774ebae634e31d22c40ebf695238440
sparknet-dendritic-study-v2,canonical_pai_architecture_scores,outputs/sparknet-dendritic-study-v2/arms/fc/c2-seed2/pai/candidates/sparknet_c2_multilayer/sparknet_c2_multilayer_best_arch_scores.csv,121,9e1dc10880ab7027971afbd197c56c89cdc49c68946b4bbb1625a61a5ef55f1d
sparknet-dendritic-study-v2,stage_report,outputs/sparknet-dendritic-study-v2/arms/fc/c2-seed2/reports/sparknet_dendritic_prune_experiment.yaml,8529,d468796881eaa80b1b84e637fd04fd36f6bbb177a7d8c6c05c90204f942cf059
sparknet-dendritic-study-v2,run_manifest,outputs/sparknet-dendritic-study-v2/arms/fc/c2-seed3/manifest.yaml,14658,c17dfe3508cd7110a2fb45b030c7925f240d6a814ea6752c5571b1ac634aa10f
sparknet-dendritic-study-v2,canonical_epoch_log,outputs/sparknet-dendritic-study-v2/arms/fc/c2-seed3/metrics/sparsity/sparknet_c2/prune_supervised.jsonl,17777,fa41fd653f76b1b57f418dc332ebbe6d11edb7870366c7e799ff3eae610f3213
sparknet-dendritic-study-v2,canonical_epoch_log,outputs/sparknet-dendritic-study-v2/arms/fc/c2-seed3/metrics/sparsity/sparknet_c2_multilayer/pai.jsonl,96077,e6f46dd1d7ade7b79186cd8e7cfbba5b3352c79ba027e9384d447bc456bdd8e7
sparknet-dendritic-study-v2,canonical_epoch_log,outputs/sparknet-dendritic-study-v2/arms/fc/c2-seed3/metrics/sparsity/sparknet_c2_multilayer/resume_supervised.jsonl,3515,05ada61a379a7b4f12e9b4ace6735c3a8b1dbbca359bdc1003db01e7fb124bb2
sparknet-dendritic-study-v2,training_summary,outputs/sparknet-dendritic-study-v2/arms/fc/c2-seed3/metrics/summaries.yaml,477,ce088229e4e76c64029925d5ca5d82de538883f4e4dd54e4bcca9d8cc2dab778
sparknet-dendritic-study-v2,canonical_pai_architecture_scores,outputs/sparknet-dendritic-study-v2/arms/fc/c2-seed3/pai/candidates/sparknet_c2_multilayer/sparknet_c2_multilayer_best_arch_scores.csv,122,ddaf6fb6119dcc356d3156c9fd9985b19d0e5e0ad17711e1dd3bca9613329416
sparknet-dendritic-study-v2,stage_report,outputs/sparknet-dendritic-study-v2/arms/fc/c2-seed3/reports/sparknet_dendritic_prune_experiment.yaml,8488,2ed3520151f811a2367117e0307caded1d2d47350aacf4c2ee9b2cdaf232d46b
sparknet-dendritic-study-v2,run_manifest,outputs/sparknet-dendritic-study-v2/arms/fc/c2-seed4/manifest.yaml,14658,d1edd8433f8d60d3ae84ff60e806c5b7bd5ff3267183069323278b2025c25199
sparknet-dendritic-study-v2,canonical_epoch_log,outputs/sparknet-dendritic-study-v2/arms/fc/c2-seed4/metrics/sparsity/sparknet_c2/prune_supervised.jsonl,17784,e09280a172ad75ff5f8d838823202908dfc0b8d53739841c25f296dd8835bb60
sparknet-dendritic-study-v2,canonical_epoch_log,outputs/sparknet-dendritic-study-v2/arms/fc/c2-seed4/metrics/sparsity/sparknet_c2_multilayer/pai.jsonl,92804,bd522af3a0b7b0868764f2bddfc32e64399f11dbf75833ded942203a2685a1c8
sparknet-dendritic-study-v2,canonical_epoch_log,outputs/sparknet-dendritic-study-v2/arms/fc/c2-seed4/metrics/sparsity/sparknet_c2_multilayer/resume_supervised.jsonl,3544,bbe1bb74d806bd47f434065753babd6c8f0aa1695a052614e1b544cb223058e7
sparknet-dendritic-study-v2,training_summary,outputs/sparknet-dendritic-study-v2/arms/fc/c2-seed4/metrics/summaries.yaml,476,4cc6c4302ee935fc6af2ae3331663da353d2eebc37e70e9927ffbcd6bcd3548c
sparknet-dendritic-study-v2,canonical_pai_architecture_scores,outputs/sparknet-dendritic-study-v2/arms/fc/c2-seed4/pai/candidates/sparknet_c2_multilayer/sparknet_c2_multilayer_best_arch_scores.csv,121,988289ca9dec4d6e0e62c9b5acb44996af39f6f89f3ccb393a09ad1f97eecd59
sparknet-dendritic-study-v2,stage_report,outputs/sparknet-dendritic-study-v2/arms/fc/c2-seed4/reports/sparknet_dendritic_prune_experiment.yaml,8531,211dd1f9a9648c149edc4e472d71545d2367da8e2db0bc0e560f69ad35a3fbe4
sparknet-dendritic-study-v2,run_manifest,outputs/sparknet-dendritic-study-v2/arms/fc/c4-seed0/manifest.yaml,14658,f8ead9ff0953dd8c05acacd9aac1861d66c2f819fb12a39f36e503043114f90d
sparknet-dendritic-study-v2,canonical_epoch_log,outputs/sparknet-dendritic-study-v2/arms/fc/c4-seed0/metrics/sparsity/sparknet_c4/prune_supervised.jsonl,17782,eac953a383d227a0b648b455aa313c473ca19a9984d0b208342e3bc7e493e3ad
sparknet-dendritic-study-v2,canonical_epoch_log,outputs/sparknet-dendritic-study-v2/arms/fc/c4-seed0/metrics/sparsity/sparknet_c4_multilayer/pai.jsonl,94538,16df58eb1ed8ec759edb5872fdf8edc1984e76342731b328e68b6e986ce9cf5f
sparknet-dendritic-study-v2,canonical_epoch_log,outputs/sparknet-dendritic-study-v2/arms/fc/c4-seed0/metrics/sparsity/sparknet_c4_multilayer/resume_supervised.jsonl,3549,995001cc002dd3b0e8ebb07e6708baa2d41b7e8e0c9253ec77cc01bea7d1410a
sparknet-dendritic-study-v2,training_summary,outputs/sparknet-dendritic-study-v2/arms/fc/c4-seed0/metrics/summaries.yaml,477,e95e06537d520439bfd01c7baefd9eb061aa7ed3549c5111f50bb59e04bc94d5
sparknet-dendritic-study-v2,canonical_pai_architecture_scores,outputs/sparknet-dendritic-study-v2/arms/fc/c4-seed0/pai/candidates/sparknet_c4_multilayer/sparknet_c4_multilayer_best_arch_scores.csv,122,3bf62dc7cf2468f2fac7671aab827762a16478236556a4f7134d4e00cb274269
sparknet-dendritic-study-v2,stage_report,outputs/sparknet-dendritic-study-v2/arms/fc/c4-seed0/reports/sparknet_dendritic_prune_experiment.yaml,8536,4922921b31ad091d592d68d0ce3c6c534846f4896b967a27d2d1aaa8974bce54
sparknet-dendritic-study-v2,run_manifest,outputs/sparknet-dendritic-study-v2/arms/fc/c4-seed1/manifest.yaml,14658,1ec656bb59d0c244b615e7ab61fe9557b8f488d9ee86f0150e646fbc9274358f
sparknet-dendritic-study-v2,canonical_epoch_log,outputs/sparknet-dendritic-study-v2/arms/fc/c4-seed1/metrics/sparsity/sparknet_c4/prune_supervised.jsonl,17793,3def30c4629d7c50b00c2661558994601f94e1fffb8c6ea22f62f848d42e17f8
sparknet-dendritic-study-v2,canonical_epoch_log,outputs/sparknet-dendritic-study-v2/arms/fc/c4-seed1/metrics/sparsity/sparknet_c4_multilayer/pai.jsonl,99333,4f75fb8e0c61d571ff2cac5d5e0b11e12684c391ea29a7cced73aefc505d9b32
sparknet-dendritic-study-v2,canonical_epoch_log,outputs/sparknet-dendritic-study-v2/arms/fc/c4-seed1/metrics/sparsity/sparknet_c4_multilayer/resume_supervised.jsonl,3540,ddbf93d1a6d290c72d7eb6b614488fa6f89c16cc2b6de01943cb082934952d79
sparknet-dendritic-study-v2,training_summary,outputs/sparknet-dendritic-study-v2/arms/fc/c4-seed1/metrics/summaries.yaml,477,cf2295194e187281efa6a0d36cac735e1cf08139c56a6510493d3382d401da6b
sparknet-dendritic-study-v2,canonical_pai_architecture_scores,outputs/sparknet-dendritic-study-v2/arms/fc/c4-seed1/pai/candidates/sparknet_c4_multilayer/sparknet_c4_multilayer_best_arch_scores.csv,121,58f1622e4b72885e4ac5fe0225ce9af2592c307c93e3cf7f818d59282ddfab72
sparknet-dendritic-study-v2,stage_report,outputs/sparknet-dendritic-study-v2/arms/fc/c4-seed1/reports/sparknet_dendritic_prune_experiment.yaml,8621,3d513736c638a53209e0dbf89f310365a49de28ea3b2b973ad00e3c31b74b4e8
sparknet-dendritic-study-v2,run_manifest,outputs/sparknet-dendritic-study-v2/arms/fc/c4-seed2/manifest.yaml,16507,2d17de90fdc1aeff051429b531a2231b5d71a463db5bd3293d0eada09fe44e57
sparknet-dendritic-study-v2,canonical_epoch_log,outputs/sparknet-dendritic-study-v2/arms/fc/c4-seed2/metrics/sparsity/sparknet_c4/prune_supervised.jsonl,17803,0138b4a0db8303cb0df02f35247e36e84c2c661246794369b8d8c5d0fba32ad6
sparknet-dendritic-study-v2,canonical_epoch_log,outputs/sparknet-dendritic-study-v2/arms/fc/c4-seed2/metrics/sparsity/sparknet_c4_multilayer/pai.jsonl,143239,789fefc735018854b6dff094c7f7fba81589d4c2100b4ad67cd3ecad00e1514f
sparknet-dendritic-study-v2,canonical_epoch_log,outputs/sparknet-dendritic-study-v2/arms/fc/c4-seed2/metrics/sparsity/sparknet_c4_multilayer/resume_supervised.jsonl,3542,d233d0f21a296d33cbfc5cff8626481e2a0ef914df8dcf323c973e38603808b2
sparknet-dendritic-study-v2,training_summary,outputs/sparknet-dendritic-study-v2/arms/fc/c4-seed2/metrics/summaries.yaml,477,432fb95f57dec996972f3e9532abbae5e8b39d954942db7b6cc91caaddf02831
sparknet-dendritic-study-v2,canonical_pai_architecture_scores,outputs/sparknet-dendritic-study-v2/arms/fc/c4-seed2/pai/candidates/sparknet_c4_multilayer/sparknet_c4_multilayer_best_arch_scores.csv,121,e545eca29cc2a7b9f5351437cc7947af03e4940f1417dc1359eb26825294a22a
sparknet-dendritic-study-v2,stage_report,outputs/sparknet-dendritic-study-v2/arms/fc/c4-seed2/reports/sparknet_dendritic_prune_experiment.yaml,8576,76dfae6871c140477442c701b1fe6115d7984eac82b2ce99f250bf0527362e15
sparknet-dendritic-study-v2,run_manifest,outputs/sparknet-dendritic-study-v2/arms/fc/c4-seed3/manifest.yaml,14659,489a5e6f37f183be08666d73345399289c30e4c9a7a841a13312a0ff178bc707
sparknet-dendritic-study-v2,canonical_epoch_log,outputs/sparknet-dendritic-study-v2/arms/fc/c4-seed3/metrics/sparsity/sparknet_c4/prune_supervised.jsonl,17794,9a76fd4199fae030f5117b8a0894954111f0f1cadcacd57ae7bb02f4bd44741d
sparknet-dendritic-study-v2,canonical_epoch_log,outputs/sparknet-dendritic-study-v2/arms/fc/c4-seed3/metrics/sparsity/sparknet_c4_multilayer/pai.jsonl,103688,f4ab84fa45e97d2545def7e934c705fa2d15f3a840993f6ba8dfc8cdb9cb7278
sparknet-dendritic-study-v2,canonical_epoch_log,outputs/sparknet-dendritic-study-v2/arms/fc/c4-seed3/metrics/sparsity/sparknet_c4_multilayer/resume_supervised.jsonl,3549,e6973fdc22ee971c5ea035c5bf79ec12483aa5ac228a324b042d90c5389ae597
sparknet-dendritic-study-v2,training_summary,outputs/sparknet-dendritic-study-v2/arms/fc/c4-seed3/metrics/summaries.yaml,477,50a663eb5dcc214e75e323955090870dd13ce430f4dc119240d9397f4b6ec129
sparknet-dendritic-study-v2,canonical_pai_architecture_scores,outputs/sparknet-dendritic-study-v2/arms/fc/c4-seed3/pai/candidates/sparknet_c4_multilayer/sparknet_c4_multilayer_best_arch_scores.csv,122,743d035004d934175667c16a2bf9d82efadcc5ddfe33e1a3a657241dc885f9bb
sparknet-dendritic-study-v2,stage_report,outputs/sparknet-dendritic-study-v2/arms/fc/c4-seed3/reports/sparknet_dendritic_prune_experiment.yaml,8604,c65ba13a49f3fd0e990a4dddd4ae2efb27b78ca532f7affb8b7d049bb6a44b00
sparknet-dendritic-study-v2,run_manifest,outputs/sparknet-dendritic-study-v2/arms/fc/c4-seed4/manifest.yaml,14658,8dda3ee836d9d685f427de02018e0eb3d163d0097be74d43da6c43a5ab32898b
sparknet-dendritic-study-v2,canonical_epoch_log,outputs/sparknet-dendritic-study-v2/arms/fc/c4-seed4/metrics/sparsity/sparknet_c4/prune_supervised.jsonl,17796,c210c9f6cdab713469c2b28419f07546142da053f884531fe08ad38f91590a58
sparknet-dendritic-study-v2,canonical_epoch_log,outputs/sparknet-dendritic-study-v2/arms/fc/c4-seed4/metrics/sparsity/sparknet_c4_multilayer/pai.jsonl,98830,5357498e07d6b1feb55dcc950872e2c09372aa70cd9075638e5a8bf4f173828a
sparknet-dendritic-study-v2,canonical_epoch_log,outputs/sparknet-dendritic-study-v2/arms/fc/c4-seed4/metrics/sparsity/sparknet_c4_multilayer/resume_supervised.jsonl,3546,52d15eb5f1978e6615b32e9d2be680329fcf82cce29b6e03490256b9c8fc0822
sparknet-dendritic-study-v2,training_summary,outputs/sparknet-dendritic-study-v2/arms/fc/c4-seed4/metrics/summaries.yaml,477,59347f307a266dda878f8b5fd87151787cb74ed953717f8a60f3bb3b8b6a42d4
sparknet-dendritic-study-v2,canonical_pai_architecture_scores,outputs/sparknet-dendritic-study-v2/arms/fc/c4-seed4/pai/candidates/sparknet_c4_multilayer/sparknet_c4_multilayer_best_arch_scores.csv,121,101d4c652528737fe5f890eacbad6b1fb14e89b944fb4aaa3758d9f987345ba6
sparknet-dendritic-study-v2,stage_report,outputs/sparknet-dendritic-study-v2/arms/fc/c4-seed4/reports/sparknet_dendritic_prune_experiment.yaml,8621,5790ca817e86287ed3b51e4c2658576d6a9bf4340870800f18fae26e32fa9ce5
sparknet-dendritic-study-v2,run_manifest,outputs/sparknet-dendritic-study-v2/arms/fc/c6-seed0/manifest.yaml,14658,a292d817a2d8de94759ac91d818767677d37fd580c4d1c788894fd2895fbe4d3
sparknet-dendritic-study-v2,canonical_epoch_log,outputs/sparknet-dendritic-study-v2/arms/fc/c6-seed0/metrics/sparsity/sparknet_c6/prune_supervised.jsonl,17772,d5f8c1a48d7c558af66e351c43430a74a5712bd9099701e2caea89f8c660a990
sparknet-dendritic-study-v2,canonical_epoch_log,outputs/sparknet-dendritic-study-v2/arms/fc/c6-seed0/metrics/sparsity/sparknet_c6_multilayer/pai.jsonl,94507,7bd227241bbf524632444ac83a1b9895a24e5036d295d7120f2ab18e531ba560
sparknet-dendritic-study-v2,canonical_epoch_log,outputs/sparknet-dendritic-study-v2/arms/fc/c6-seed0/metrics/sparsity/sparknet_c6_multilayer/resume_supervised.jsonl,3531,c588e1bc2ba2804d51d2d725c2f25573dd398aa50deddb58b578e48f3c7df039
sparknet-dendritic-study-v2,training_summary,outputs/sparknet-dendritic-study-v2/arms/fc/c6-seed0/metrics/summaries.yaml,477,2749b9601274cebfc5124fec906ec888f993bfe51cbf7dbc6129baf034b205f2
sparknet-dendritic-study-v2,canonical_pai_architecture_scores,outputs/sparknet-dendritic-study-v2/arms/fc/c6-seed0/pai/candidates/sparknet_c6_multilayer/sparknet_c6_multilayer_best_arch_scores.csv,122,bf7086d780c1be4470e66b1483cf4f87cd57c0a0f41f6d8af854d87c46ef8d48
sparknet-dendritic-study-v2,stage_report,outputs/sparknet-dendritic-study-v2/arms/fc/c6-seed0/reports/sparknet_dendritic_prune_experiment.yaml,8527,48c0a09e39197f8d3bbb486befc64d32c4b7ef5beb98cc39693d9cf05500135f
sparknet-dendritic-study-v2,run_manifest,outputs/sparknet-dendritic-study-v2/arms/fc/c6-seed1/manifest.yaml,14658,fa2b73af1d720d486c109be5efbe8cc9ace19009ab526d411f81e5d08ab7fa5d
sparknet-dendritic-study-v2,canonical_epoch_log,outputs/sparknet-dendritic-study-v2/arms/fc/c6-seed1/metrics/sparsity/sparknet_c6/prune_supervised.jsonl,17763,d50ca343f3dd78abbb69bbb56312781e2dcf5880cd5ff6624049c809e97c5edc
sparknet-dendritic-study-v2,canonical_epoch_log,outputs/sparknet-dendritic-study-v2/arms/fc/c6-seed1/metrics/sparsity/sparknet_c6_multilayer/pai.jsonl,95192,391782eb781360eab4ce5cb8996a29ab658f5334583d46bb026d7524bd75c1d8
sparknet-dendritic-study-v2,canonical_epoch_log,outputs/sparknet-dendritic-study-v2/arms/fc/c6-seed1/metrics/sparsity/sparknet_c6_multilayer/resume_supervised.jsonl,3538,03149d6a9bb898bb7d4ae46d421c320f0769732e5b3725d58e7c55497f2bd7bc
sparknet-dendritic-study-v2,training_summary,outputs/sparknet-dendritic-study-v2/arms/fc/c6-seed1/metrics/summaries.yaml,476,4a328b68b9d2591c33df270cbec470f7b549edabd96b1718a5d656b40a737f64
sparknet-dendritic-study-v2,canonical_pai_architecture_scores,outputs/sparknet-dendritic-study-v2/arms/fc/c6-seed1/pai/candidates/sparknet_c6_multilayer/sparknet_c6_multilayer_best_arch_scores.csv,121,51d3a6b2667f20d9df83bfd63f30afe78bc03e250cf15408f5e2089d7e600368
sparknet-dendritic-study-v2,stage_report,outputs/sparknet-dendritic-study-v2/arms/fc/c6-seed1/reports/sparknet_dendritic_prune_experiment.yaml,8537,b07dab8906984a97312de44d7183922a419439124332688481c1b1f6b87a3a8f
sparknet-dendritic-study-v2,run_manifest,outputs/sparknet-dendritic-study-v2/arms/fc/c6-seed2/manifest.yaml,14658,50b1416c08ed6189bd9c6099149f32d627909f9cc952ce004597f6350a29f441
sparknet-dendritic-study-v2,canonical_epoch_log,outputs/sparknet-dendritic-study-v2/arms/fc/c6-seed2/metrics/sparsity/sparknet_c6/prune_supervised.jsonl,17751,fc6ca21f905bef2e38902ee09ecb22a5afd69cb32fa6a84a2f421b8934670f5a
sparknet-dendritic-study-v2,canonical_epoch_log,outputs/sparknet-dendritic-study-v2/arms/fc/c6-seed2/metrics/sparsity/sparknet_c6_multilayer/pai.jsonl,91673,c97870b7776392c786f2c9ccf4087a52b97b33b7e2b252830b20e6e444e1c662
sparknet-dendritic-study-v2,canonical_epoch_log,outputs/sparknet-dendritic-study-v2/arms/fc/c6-seed2/metrics/sparsity/sparknet_c6_multilayer/resume_supervised.jsonl,3542,8f341dfcc2fe2f21d256fb5b353d7130bea9ca27dc12752fdf5b48721f50a53d
sparknet-dendritic-study-v2,training_summary,outputs/sparknet-dendritic-study-v2/arms/fc/c6-seed2/metrics/summaries.yaml,475,968e0647338e77d70b2c559591da7c0baec4650685aebf9e0aa42c965c684dca
sparknet-dendritic-study-v2,canonical_pai_architecture_scores,outputs/sparknet-dendritic-study-v2/arms/fc/c6-seed2/pai/candidates/sparknet_c6_multilayer/sparknet_c6_multilayer_best_arch_scores.csv,122,7450086d512b759dd36a7ad53e5341e7bd145bc3ad9258e9ffe1a6d13813c956
sparknet-dendritic-study-v2,stage_report,outputs/sparknet-dendritic-study-v2/arms/fc/c6-seed2/reports/sparknet_dendritic_prune_experiment.yaml,8539,8e3b904a823d57c1942fc0c207a25b1ee5a3d760b8674e356b13ba06244001df
sparknet-dendritic-study-v2,run_manifest,outputs/sparknet-dendritic-study-v2/arms/fc/c6-seed3/manifest.yaml,14658,6334e23a9e58126e1fcb86ca5e5c4aeaf40e8617667e07e1f83f9215cc7e0b98
sparknet-dendritic-study-v2,canonical_epoch_log,outputs/sparknet-dendritic-study-v2/arms/fc/c6-seed3/metrics/sparsity/sparknet_c6/prune_supervised.jsonl,17757,77f914d2a5af58fddf78e051879f4cd098da381f366dd6dc4a3db2d8b93de2e6
sparknet-dendritic-study-v2,canonical_epoch_log,outputs/sparknet-dendritic-study-v2/arms/fc/c6-seed3/metrics/sparsity/sparknet_c6_multilayer/pai.jsonl,93129,91d6e89494d79f97cdcf09c9cdbbe7573a8d6fe8e6eee680849aed1dfb02764a
sparknet-dendritic-study-v2,canonical_epoch_log,outputs/sparknet-dendritic-study-v2/arms/fc/c6-seed3/metrics/sparsity/sparknet_c6_multilayer/resume_supervised.jsonl,3532,070837144d653a9a676ca456e08d16d5baa9e4601172b6a1a5fd5c89c9fba466
sparknet-dendritic-study-v2,training_summary,outputs/sparknet-dendritic-study-v2/arms/fc/c6-seed3/metrics/summaries.yaml,477,3d60c467240fd35a0d43db58f358b812434b157263411ce6eda4e4f592b17177
sparknet-dendritic-study-v2,canonical_pai_architecture_scores,outputs/sparknet-dendritic-study-v2/arms/fc/c6-seed3/pai/candidates/sparknet_c6_multilayer/sparknet_c6_multilayer_best_arch_scores.csv,121,dd900817e8fd14fd853c5c463cefde632915eea25bc916bfbe26372ee0a00fcd
sparknet-dendritic-study-v2,stage_report,outputs/sparknet-dendritic-study-v2/arms/fc/c6-seed3/reports/sparknet_dendritic_prune_experiment.yaml,8611,7cdebfe6f06ba1d5d8b8351b5389411a40f03b9d080b88af5542ab6b03f8c73b
sparknet-dendritic-study-v2,run_manifest,outputs/sparknet-dendritic-study-v2/arms/fc/c6-seed4/manifest.yaml,14658,134c31b89676f1801a085453f423ce021c41082f7fa363ebef77fcc44a06abff
sparknet-dendritic-study-v2,canonical_epoch_log,outputs/sparknet-dendritic-study-v2/arms/fc/c6-seed4/metrics/sparsity/sparknet_c6/prune_supervised.jsonl,17767,d44aefee45c77fdb5ff98ca043b1bfe0fd6fc097a48994da9414299451e3253c
sparknet-dendritic-study-v2,canonical_epoch_log,outputs/sparknet-dendritic-study-v2/arms/fc/c6-seed4/metrics/sparsity/sparknet_c6_multilayer/pai.jsonl,91116,5b85f976864dc12557d64a508becb6fc91ce6a4cab0803f30fc5f651246f9610
sparknet-dendritic-study-v2,canonical_epoch_log,outputs/sparknet-dendritic-study-v2/arms/fc/c6-seed4/metrics/sparsity/sparknet_c6_multilayer/resume_supervised.jsonl,3536,a2f9031119bd1eda63a126692b9ee8d090138d3547c5d0031cee8fc864337b9d
sparknet-dendritic-study-v2,training_summary,outputs/sparknet-dendritic-study-v2/arms/fc/c6-seed4/metrics/summaries.yaml,477,64a2d4a53d5edd946d08f557922c579caa8afaadc95629947291d92a2fe2b7f1
sparknet-dendritic-study-v2,canonical_pai_architecture_scores,outputs/sparknet-dendritic-study-v2/arms/fc/c6-seed4/pai/candidates/sparknet_c6_multilayer/sparknet_c6_multilayer_best_arch_scores.csv,122,9d5ef35e4f1f24e429d7b51bf6b392edaead4438d156c8ed92498d1f81b701e1
sparknet-dendritic-study-v2,stage_report,outputs/sparknet-dendritic-study-v2/arms/fc/c6-seed4/reports/sparknet_dendritic_prune_experiment.yaml,8529,7d5b3e95da7674e0a18bf47b17df6e473a6cd714fbf9230a086a60c5beaaa9c2
sparknet-dendritic-study-v2,run_manifest,outputs/sparknet-dendritic-study-v2/arms/fc/c8-seed0/manifest.yaml,16507,c930af93ec5c350ed9bbc5e09d9c3b5780b9fb4dc982ead0386ea647db4372fd
sparknet-dendritic-study-v2,canonical_epoch_log,outputs/sparknet-dendritic-study-v2/arms/fc/c8-seed0/metrics/sparsity/sparknet_c8/prune_supervised.jsonl,17750,dfbd80e7b191759d45dcf2692b9573dc034ef54c0618f74796bf28271adb8f60
sparknet-dendritic-study-v2,canonical_epoch_log,outputs/sparknet-dendritic-study-v2/arms/fc/c8-seed0/metrics/sparsity/sparknet_c8_multilayer/pai.jsonl,156500,a4c985ad343954583073226a278cc04de0ddefebcb6defe6f53e1006edf5c729
sparknet-dendritic-study-v2,canonical_epoch_log,outputs/sparknet-dendritic-study-v2/arms/fc/c8-seed0/metrics/sparsity/sparknet_c8_multilayer/resume_supervised.jsonl,3531,7be700ea68d9e74b6121ee0eccf3f0883f3d31134f2cc8609c12b972fbaa2f7c
sparknet-dendritic-study-v2,training_summary,outputs/sparknet-dendritic-study-v2/arms/fc/c8-seed0/metrics/summaries.yaml,476,8d6e4210ea1baae7a7df9961b0618a97e903548f1373e0121d1662c503b36453
sparknet-dendritic-study-v2,canonical_pai_architecture_scores,outputs/sparknet-dendritic-study-v2/arms/fc/c8-seed0/pai/candidates/sparknet_c8_multilayer/sparknet_c8_multilayer_best_arch_scores.csv,121,1217ccadaf7bdf5decda6b8fcce2567d363140ab2d37aa401ff8e51536bde870
sparknet-dendritic-study-v2,stage_report,outputs/sparknet-dendritic-study-v2/arms/fc/c8-seed0/reports/sparknet_dendritic_prune_experiment.yaml,8523,e724b584eeaa6ad5034518cb2ad446bf13a1c664c5b6f868689ecdc3ea46b89e
sparknet-dendritic-study-v2,run_manifest,outputs/sparknet-dendritic-study-v2/arms/fc/c8-seed1/manifest.yaml,14658,5eda2d85d24bd3979f42effe5425d0402af1f3cd6e3237d83efc3151cf3b21a9
sparknet-dendritic-study-v2,canonical_epoch_log,outputs/sparknet-dendritic-study-v2/arms/fc/c8-seed1/metrics/sparsity/sparknet_c8/prune_supervised.jsonl,17753,3ed8ea62cbda197c9ab2ef2af75a34c379d8efecbaf205663f44c0131b591ead
sparknet-dendritic-study-v2,canonical_epoch_log,outputs/sparknet-dendritic-study-v2/arms/fc/c8-seed1/metrics/sparsity/sparknet_c8_multilayer/pai.jsonl,98492,6e497f209c603d8c303ad3ea0563dad2e2049ec2d301931d84485bd6fef425e5
sparknet-dendritic-study-v2,canonical_epoch_log,outputs/sparknet-dendritic-study-v2/arms/fc/c8-seed1/metrics/sparsity/sparknet_c8_multilayer/resume_supervised.jsonl,3537,264555af8eb50f5c2df8db37fb4605688eb3d879a011422979255a86460b5e27
sparknet-dendritic-study-v2,training_summary,outputs/sparknet-dendritic-study-v2/arms/fc/c8-seed1/metrics/summaries.yaml,476,b303e0a1e1d2a21e0f1169b519a90538a158dd1df631d0a7064889cf78b83a86
sparknet-dendritic-study-v2,canonical_pai_architecture_scores,outputs/sparknet-dendritic-study-v2/arms/fc/c8-seed1/pai/candidates/sparknet_c8_multilayer/sparknet_c8_multilayer_best_arch_scores.csv,122,7bfebb1f4cd037ccd7b413e3f1e7dfa053b97e811a53eac748ed977c64851a47
sparknet-dendritic-study-v2,stage_report,outputs/sparknet-dendritic-study-v2/arms/fc/c8-seed1/reports/sparknet_dendritic_prune_experiment.yaml,8532,5bbc6583d130d50f4970d9d4f67f81eeecb489f898a78070a33cd736129f33a7
sparknet-dendritic-study-v2,run_manifest,outputs/sparknet-dendritic-study-v2/arms/fc/c8-seed2/manifest.yaml,14658,a348fb19b82adf10d35cb48f419effc97e03d840e260b6cc0e0bd2220c852d6e
sparknet-dendritic-study-v2,canonical_epoch_log,outputs/sparknet-dendritic-study-v2/arms/fc/c8-seed2/metrics/sparsity/sparknet_c8/prune_supervised.jsonl,17755,c504a94a71bd89b60a1fc7a53bc81af3472d4eba8092c8619669c6469097206d
sparknet-dendritic-study-v2,canonical_epoch_log,outputs/sparknet-dendritic-study-v2/arms/fc/c8-seed2/metrics/sparsity/sparknet_c8_multilayer/pai.jsonl,88100,3632ed0b986a86854749851607da77c92235285a67318d03a54c7774dddb6f73
sparknet-dendritic-study-v2,canonical_epoch_log,outputs/sparknet-dendritic-study-v2/arms/fc/c8-seed2/metrics/sparsity/sparknet_c8_multilayer/resume_supervised.jsonl,3537,23e75c6090f241ec2620d0b7fa0a78f33c19ad3a8fb33ebc995b95d5b754f261
sparknet-dendritic-study-v2,training_summary,outputs/sparknet-dendritic-study-v2/arms/fc/c8-seed2/metrics/summaries.yaml,477,39f7753593b435ec1a345ba2b2c805a77166989b68a400dda793bc566f164473
sparknet-dendritic-study-v2,canonical_pai_architecture_scores,outputs/sparknet-dendritic-study-v2/arms/fc/c8-seed2/pai/candidates/sparknet_c8_multilayer/sparknet_c8_multilayer_best_arch_scores.csv,120,108cf3d8e87346fc7b4f29b6b1386f691482a840b76f5e9fe20e3cfca4312e09
sparknet-dendritic-study-v2,stage_report,outputs/sparknet-dendritic-study-v2/arms/fc/c8-seed2/reports/sparknet_dendritic_prune_experiment.yaml,8527,800336f7c76ea3b01af7f25517f99dcc6f2b7f79d21b1eec25df305e108b0d5f
sparknet-dendritic-study-v2,run_manifest,outputs/sparknet-dendritic-study-v2/arms/fc/c8-seed3/manifest.yaml,14658,4342739184e3e77b14458441059c563c6e5b49ca37f4103da9c90fbea6adfe77
sparknet-dendritic-study-v2,canonical_epoch_log,outputs/sparknet-dendritic-study-v2/arms/fc/c8-seed3/metrics/sparsity/sparknet_c8/prune_supervised.jsonl,17760,59252f83bf4ec3d220490d8ee079de461f09ab4a1537d0c38b9b65a35170bd7f
sparknet-dendritic-study-v2,canonical_epoch_log,outputs/sparknet-dendritic-study-v2/arms/fc/c8-seed3/metrics/sparsity/sparknet_c8_multilayer/pai.jsonl,95019,f2905c746c47e4d8ee7b72730681bd47828367688b05e5bacaf65fb3b2862859
sparknet-dendritic-study-v2,canonical_epoch_log,outputs/sparknet-dendritic-study-v2/arms/fc/c8-seed3/metrics/sparsity/sparknet_c8_multilayer/resume_supervised.jsonl,3540,4b3f7affbd4243f89e1119855bea54c532cbdbf80ac8b4fa043a4ba54c4cb502
sparknet-dendritic-study-v2,training_summary,outputs/sparknet-dendritic-study-v2/arms/fc/c8-seed3/metrics/summaries.yaml,477,0d28dfcf74bdb3bf1c7ecfca06084ce92536ce41b12129c85aae3e374a8be5db
sparknet-dendritic-study-v2,canonical_pai_architecture_scores,outputs/sparknet-dendritic-study-v2/arms/fc/c8-seed3/pai/candidates/sparknet_c8_multilayer/sparknet_c8_multilayer_best_arch_scores.csv,122,fb1a6aff253c27e18f4aeaafeebc7fc25ae0c4403a88db13d4cbd0cc4db11a16
sparknet-dendritic-study-v2,stage_report,outputs/sparknet-dendritic-study-v2/arms/fc/c8-seed3/reports/sparknet_dendritic_prune_experiment.yaml,8536,04c34cefa66b513a6bb2187db62c5e3d304e9a552b20aa2a86c6202af41c84ac
sparknet-dendritic-study-v2,run_manifest,outputs/sparknet-dendritic-study-v2/arms/fc/c8-seed4/manifest.yaml,14658,3dd3841da89330680e1761b0ffc5ec4ca2a072739193dfb1e07c51b32dfbc658
sparknet-dendritic-study-v2,canonical_epoch_log,outputs/sparknet-dendritic-study-v2/arms/fc/c8-seed4/metrics/sparsity/sparknet_c8/prune_supervised.jsonl,17757,56612a4f11454653aa2073818936e823fd78b5656b5fa53c2aee88b377db5d22
sparknet-dendritic-study-v2,canonical_epoch_log,outputs/sparknet-dendritic-study-v2/arms/fc/c8-seed4/metrics/sparsity/sparknet_c8_multilayer/pai.jsonl,84545,7e8d7a488b4febbf6ba45672dd1009ce846ac4507194dc7c99d63ba1dff1cb40
sparknet-dendritic-study-v2,canonical_epoch_log,outputs/sparknet-dendritic-study-v2/arms/fc/c8-seed4/metrics/sparsity/sparknet_c8_multilayer/resume_supervised.jsonl,3526,cc20b5daef3eaa5981c44fcaff3181fc020d1655e29dc73862df29372f8ef11d
sparknet-dendritic-study-v2,training_summary,outputs/sparknet-dendritic-study-v2/arms/fc/c8-seed4/metrics/summaries.yaml,477,94c76355f8b5d9ecb0233f77452a282b26550883fa1225901dcdf26a5be09536
sparknet-dendritic-study-v2,canonical_pai_architecture_scores,outputs/sparknet-dendritic-study-v2/arms/fc/c8-seed4/pai/candidates/sparknet_c8_multilayer/sparknet_c8_multilayer_best_arch_scores.csv,121,958fe9182f5ad19b44506233fdf3fc18067e3fa3e9606d248c687e309e680ef4
sparknet-dendritic-study-v2,stage_report,outputs/sparknet-dendritic-study-v2/arms/fc/c8-seed4/reports/sparknet_dendritic_prune_experiment.yaml,8572,c3705f9a3be7c6b17d7c8a563d27ab50feeb0dca4465b4f114e818d0c4bf4753
sparknet-dendritic-study-v2,run_manifest,outputs/sparknet-dendritic-study-v2/arms/gate_conv/c10-seed0/manifest.yaml,14787,00f1bf800c14acf36f92be3821f70868c82c28b4dd28b6463ed23ce33b228bf7
sparknet-dendritic-study-v2,canonical_epoch_log,outputs/sparknet-dendritic-study-v2/arms/gate_conv/c10-seed0/metrics/sparsity/sparknet_c10/prune_supervised.jsonl,17758,ff0f8f82335ab999b72061b2fc3445adba1866c4dd294d32a6954711856f247c
sparknet-dendritic-study-v2,canonical_epoch_log,outputs/sparknet-dendritic-study-v2/arms/gate_conv/c10-seed0/metrics/sparsity/sparknet_c10_multilayer/pai.jsonl,102902,2a1f79819362ea8d16779363a8274a0368d2a164abbbdbdd28d157ed69d7e43f
sparknet-dendritic-study-v2,canonical_epoch_log,outputs/sparknet-dendritic-study-v2/arms/gate_conv/c10-seed0/metrics/sparsity/sparknet_c10_multilayer/resume_supervised.jsonl,3530,84c7f162b9b719c705ed0a943c3681277ad81887fbaaa0d2f042ee61c4a2bb0a
sparknet-dendritic-study-v2,training_summary,outputs/sparknet-dendritic-study-v2/arms/gate_conv/c10-seed0/metrics/summaries.yaml,479,546e7cfe541ef494eb26cdd38f11fb8c5e53b1e92e32c31027ce6590eeedd613
sparknet-dendritic-study-v2,canonical_pai_architecture_scores,outputs/sparknet-dendritic-study-v2/arms/gate_conv/c10-seed0/pai/candidates/sparknet_c10_multilayer/sparknet_c10_multilayer_best_arch_scores.csv,122,4070e9d24e979b89dae71c0b98a980e0ca3bc3b279d66652f8ef4aba0760f379
sparknet-dendritic-study-v2,stage_report,outputs/sparknet-dendritic-study-v2/arms/gate_conv/c10-seed0/reports/sparknet_dendritic_prune_experiment.yaml,8700,f6b424c2f6864fc89c044e8b41b9de3428c529fcf72f79f8c5c2b6734c7ac4d2
sparknet-dendritic-study-v2,run_manifest,outputs/sparknet-dendritic-study-v2/arms/gate_conv/c10-seed1/manifest.yaml,14786,bcb18c9f5034bc0f06657e38ca88aa74206da292e7962a1f170e06d4d145e289
sparknet-dendritic-study-v2,canonical_epoch_log,outputs/sparknet-dendritic-study-v2/arms/gate_conv/c10-seed1/metrics/sparsity/sparknet_c10/prune_supervised.jsonl,17754,ebf50d257319014201c11bc73dd2df0abe8062e871b52c9fb50ca0ef608a2e99
sparknet-dendritic-study-v2,canonical_epoch_log,outputs/sparknet-dendritic-study-v2/arms/gate_conv/c10-seed1/metrics/sparsity/sparknet_c10_multilayer/pai.jsonl,98012,07071109937d9cec9c070b662a1eb2d054963118aaec408cd9bbea6cfcfc19c7
sparknet-dendritic-study-v2,canonical_epoch_log,outputs/sparknet-dendritic-study-v2/arms/gate_conv/c10-seed1/metrics/sparsity/sparknet_c10_multilayer/resume_supervised.jsonl,3530,904ee4f23d5e55990f40a88443e7f4b64aee242c4a0194671716d9b3d60e3a9d
sparknet-dendritic-study-v2,training_summary,outputs/sparknet-dendritic-study-v2/arms/gate_conv/c10-seed1/metrics/summaries.yaml,480,4e64ec254978da42d410a8464b91d5337b386a859692fdd7b2d11f72b3eb8281
sparknet-dendritic-study-v2,canonical_pai_architecture_scores,outputs/sparknet-dendritic-study-v2/arms/gate_conv/c10-seed1/pai/candidates/sparknet_c10_multilayer/sparknet_c10_multilayer_best_arch_scores.csv,122,a4b79b3a2d2e3b5f00f38f5bb5d908fa8fc12028d7b0fe4477b8ae9554531a91
sparknet-dendritic-study-v2,stage_report,outputs/sparknet-dendritic-study-v2/arms/gate_conv/c10-seed1/reports/sparknet_dendritic_prune_experiment.yaml,8564,09f2bdb1c0463d7efd7bf3ac0887ab3ae8f4fb74d596d5ba813bf98fd057efee
sparknet-dendritic-study-v2,run_manifest,outputs/sparknet-dendritic-study-v2/arms/gate_conv/c10-seed2/manifest.yaml,14786,3a7f4440ff372b169900069f42eff05bb9206670d3e0a26eeebbb18e2d6f05a9
sparknet-dendritic-study-v2,canonical_epoch_log,outputs/sparknet-dendritic-study-v2/arms/gate_conv/c10-seed2/metrics/sparsity/sparknet_c10/prune_supervised.jsonl,17753,ecb72d7c45984bbd4df945e6cf0460c5e6cae43856113f4ebc2ce5c717a47d57
sparknet-dendritic-study-v2,canonical_epoch_log,outputs/sparknet-dendritic-study-v2/arms/gate_conv/c10-seed2/metrics/sparsity/sparknet_c10_multilayer/pai.jsonl,93802,ade801a651dda378dc9f788892f70cadea0056be0bd85c9d3dfbdd752d3f61cb
sparknet-dendritic-study-v2,canonical_epoch_log,outputs/sparknet-dendritic-study-v2/arms/gate_conv/c10-seed2/metrics/sparsity/sparknet_c10_multilayer/resume_supervised.jsonl,3541,486bd7c80ec88bac3b5cb2fadd205b1efb38a796c25cb90c24325bd9751d3e71
sparknet-dendritic-study-v2,training_summary,outputs/sparknet-dendritic-study-v2/arms/gate_conv/c10-seed2/metrics/summaries.yaml,480,6b45715475465376e96997bfa25fa1249b160f6db584acc2acaa7bb76ac58c7b
sparknet-dendritic-study-v2,canonical_pai_architecture_scores,outputs/sparknet-dendritic-study-v2/arms/gate_conv/c10-seed2/pai/candidates/sparknet_c10_multilayer/sparknet_c10_multilayer_best_arch_scores.csv,122,7d4c882860429f23561913e45b07c531ef0210b8cdc332dc495eb132d8526ab7
sparknet-dendritic-study-v2,stage_report,outputs/sparknet-dendritic-study-v2/arms/gate_conv/c10-seed2/reports/sparknet_dendritic_prune_experiment.yaml,8577,be85b39e3deed1d9b261f64909b4e99b673890f737db4a15a1b14d957ef1835b
sparknet-dendritic-study-v2,run_manifest,outputs/sparknet-dendritic-study-v2/arms/gate_conv/c10-seed3/manifest.yaml,14786,99544352540695a931d3a9a3cdfd4cc7713ea7b0c6176589386b6166a50f04a6
sparknet-dendritic-study-v2,canonical_epoch_log,outputs/sparknet-dendritic-study-v2/arms/gate_conv/c10-seed3/metrics/sparsity/sparknet_c10/prune_supervised.jsonl,17760,13f3cf34e01e35d64d5b9a5e17bac92306c33e147cd9cf862188ac1ad985ccc8
sparknet-dendritic-study-v2,canonical_epoch_log,outputs/sparknet-dendritic-study-v2/arms/gate_conv/c10-seed3/metrics/sparsity/sparknet_c10_multilayer/pai.jsonl,93297,3b4fd1918969ecf895cae19d1e1a584c35c289b19031e41d39967e9d5f0b68cb
sparknet-dendritic-study-v2,canonical_epoch_log,outputs/sparknet-dendritic-study-v2/arms/gate_conv/c10-seed3/metrics/sparsity/sparknet_c10_multilayer/resume_supervised.jsonl,3539,b15a9f3b0d92877b79e083cc3fd775c76ef36f2e47c762ecd1d45aad59717e16
sparknet-dendritic-study-v2,training_summary,outputs/sparknet-dendritic-study-v2/arms/gate_conv/c10-seed3/metrics/summaries.yaml,480,688bbdab091ee167d740f17541cde55b704140ce987974aab631085819e0e9b8
sparknet-dendritic-study-v2,canonical_pai_architecture_scores,outputs/sparknet-dendritic-study-v2/arms/gate_conv/c10-seed3/pai/candidates/sparknet_c10_multilayer/sparknet_c10_multilayer_best_arch_scores.csv,122,e6d6eabd4eb73f29792e9ffe3fb2e70b4d33deba42dac163e90ee7453e8ada36
sparknet-dendritic-study-v2,stage_report,outputs/sparknet-dendritic-study-v2/arms/gate_conv/c10-seed3/reports/sparknet_dendritic_prune_experiment.yaml,8573,fa83f9e1c6384b14521173ecff58182fc75eddb85729e9ab037573fe46441266
sparknet-dendritic-study-v2,run_manifest,outputs/sparknet-dendritic-study-v2/arms/gate_conv/c10-seed4/manifest.yaml,14786,e83dd3a2c51c98e5eebd73d8f59bd0a0f8c9b915762b7e4c2b81dddf942c99bc
sparknet-dendritic-study-v2,canonical_epoch_log,outputs/sparknet-dendritic-study-v2/arms/gate_conv/c10-seed4/metrics/sparsity/sparknet_c10/prune_supervised.jsonl,17757,f89b527ce7d4287e543d555c51f575c98e07efb951c5089321fc0ec349583781
sparknet-dendritic-study-v2,canonical_epoch_log,outputs/sparknet-dendritic-study-v2/arms/gate_conv/c10-seed4/metrics/sparsity/sparknet_c10_multilayer/pai.jsonl,96658,a9822ff142c3fca59fda547799ee7819b5afabf911d9abda5b3575048599552a
sparknet-dendritic-study-v2,canonical_epoch_log,outputs/sparknet-dendritic-study-v2/arms/gate_conv/c10-seed4/metrics/sparsity/sparknet_c10_multilayer/resume_supervised.jsonl,3529,9cab7f73ed54cc789e39de2a9761628925de962d60675f3aadb15d791bcc95ba
sparknet-dendritic-study-v2,training_summary,outputs/sparknet-dendritic-study-v2/arms/gate_conv/c10-seed4/metrics/summaries.yaml,480,0e0f530afc2e294b511d62f418773650e25f4d63288e1cbaa0998b7b32d643a3
sparknet-dendritic-study-v2,canonical_pai_architecture_scores,outputs/sparknet-dendritic-study-v2/arms/gate_conv/c10-seed4/pai/candidates/sparknet_c10_multilayer/sparknet_c10_multilayer_best_arch_scores.csv,122,b922b9198a5b570b0d6de5d97be1df884d55ca5a6346ce03b4827c42539cd5bb
sparknet-dendritic-study-v2,stage_report,outputs/sparknet-dendritic-study-v2/arms/gate_conv/c10-seed4/reports/sparknet_dendritic_prune_experiment.yaml,8568,c641102fc9e88d027eac6231b0779b5ec017d121051335accde8ea5da4482aba
sparknet-dendritic-study-v2,run_manifest,outputs/sparknet-dendritic-study-v2/arms/gate_conv/c12-seed0/manifest.yaml,14786,531c1180111a84baabe449a688c6ceac06deb0dfe574a24e7f8b92fabfa664a6
sparknet-dendritic-study-v2,canonical_epoch_log,outputs/sparknet-dendritic-study-v2/arms/gate_conv/c12-seed0/metrics/sparsity/sparknet_c12/prune_supervised.jsonl,17746,a6a80678ebce5fcf040d65470874da74fafff470e76d15b5c6f5382cee1169e9
sparknet-dendritic-study-v2,canonical_epoch_log,outputs/sparknet-dendritic-study-v2/arms/gate_conv/c12-seed0/metrics/sparsity/sparknet_c12_multilayer/pai.jsonl,90985,fcda1bdce6db626d4ed9b6c101239d05bdd783c17abeff54834871d1bfc77ec0
sparknet-dendritic-study-v2,canonical_epoch_log,outputs/sparknet-dendritic-study-v2/arms/gate_conv/c12-seed0/metrics/sparsity/sparknet_c12_multilayer/resume_supervised.jsonl,3536,e559ea40d262df65da88b558d2cec92049c62e581368979279d18b08ea93f56e
sparknet-dendritic-study-v2,training_summary,outputs/sparknet-dendritic-study-v2/arms/gate_conv/c12-seed0/metrics/summaries.yaml,479,ca4346227c384bd57fffc1afc84287f210465b3a981ea65161c48be34cc5c57f
sparknet-dendritic-study-v2,canonical_pai_architecture_scores,outputs/sparknet-dendritic-study-v2/arms/gate_conv/c12-seed0/pai/candidates/sparknet_c12_multilayer/sparknet_c12_multilayer_best_arch_scores.csv,122,f74ab7dc71e06776332e7f432408384a1358652e902c72bdbedc1fc47a45064a
sparknet-dendritic-study-v2,stage_report,outputs/sparknet-dendritic-study-v2/arms/gate_conv/c12-seed0/reports/sparknet_dendritic_prune_experiment.yaml,8629,d3512bcac83a1d053e529041860b8881dc77ea02616723d20c3567a0185b3422
sparknet-dendritic-study-v2,run_manifest,outputs/sparknet-dendritic-study-v2/arms/gate_conv/c12-seed1/manifest.yaml,14787,c304abbc82fe132d0892ebb5ad2987ed8428b93eb42e1b77b1cf7903eb766241
sparknet-dendritic-study-v2,canonical_epoch_log,outputs/sparknet-dendritic-study-v2/arms/gate_conv/c12-seed1/metrics/sparsity/sparknet_c12/prune_supervised.jsonl,17757,b7316d53e8748e1b620f43a9656a149e9a2de16207156bf45c47d9f92422996e
sparknet-dendritic-study-v2,canonical_epoch_log,outputs/sparknet-dendritic-study-v2/arms/gate_conv/c12-seed1/metrics/sparsity/sparknet_c12_multilayer/pai.jsonl,102232,d08a1783527d157e8acddd045e8657a98de6fc96c2a5d8786c633b296ef8f6e9
sparknet-dendritic-study-v2,canonical_epoch_log,outputs/sparknet-dendritic-study-v2/arms/gate_conv/c12-seed1/metrics/sparsity/sparknet_c12_multilayer/resume_supervised.jsonl,3531,6a914a0d9e85a5913796eaea83cab73be70b79384d6edc782e2e1523ef422591
sparknet-dendritic-study-v2,training_summary,outputs/sparknet-dendritic-study-v2/arms/gate_conv/c12-seed1/metrics/summaries.yaml,480,8b01ed16d8a9eea6380598c36ca1c02623e1a5604b570f905d63b3924dd52f8c
sparknet-dendritic-study-v2,canonical_pai_architecture_scores,outputs/sparknet-dendritic-study-v2/arms/gate_conv/c12-seed1/pai/candidates/sparknet_c12_multilayer/sparknet_c12_multilayer_best_arch_scores.csv,122,e83c77da79f76a9f79b2e31f7d429e93b491501a8fafeb96ce23c0a77bb28233
sparknet-dendritic-study-v2,stage_report,outputs/sparknet-dendritic-study-v2/arms/gate_conv/c12-seed1/reports/sparknet_dendritic_prune_experiment.yaml,8621,b518ab2d9475fd7e90125099ac61e31d88887c9396a27cd281d4425061b284a2
sparknet-dendritic-study-v2,run_manifest,outputs/sparknet-dendritic-study-v2/arms/gate_conv/c12-seed2/manifest.yaml,14786,8cee91d936af1a5862c2c65539fa319af9419cafc674f6acc0f2518a75c20dfc
sparknet-dendritic-study-v2,canonical_epoch_log,outputs/sparknet-dendritic-study-v2/arms/gate_conv/c12-seed2/metrics/sparsity/sparknet_c12/prune_supervised.jsonl,17761,4c265339d4e4afbdb8a92353f80e23110a733b9f81b76c44e7b859a125a7130d
sparknet-dendritic-study-v2,canonical_epoch_log,outputs/sparknet-dendritic-study-v2/arms/gate_conv/c12-seed2/metrics/sparsity/sparknet_c12_multilayer/pai.jsonl,95945,d044309e86e21a1ba44e6cde94c822f463eca8be8f791376c8713f2b33a7b043
sparknet-dendritic-study-v2,canonical_epoch_log,outputs/sparknet-dendritic-study-v2/arms/gate_conv/c12-seed2/metrics/sparsity/sparknet_c12_multilayer/resume_supervised.jsonl,3539,46069878c18dcbe02dfa94d2c1fe974c4cc64458c3b58d71a0f02c9e39f3244c
sparknet-dendritic-study-v2,training_summary,outputs/sparknet-dendritic-study-v2/arms/gate_conv/c12-seed2/metrics/summaries.yaml,480,ffb122464dac952a19e19f527a4fc8aac9e602145d02a7e76f206560dec5d43e
sparknet-dendritic-study-v2,canonical_pai_architecture_scores,outputs/sparknet-dendritic-study-v2/arms/gate_conv/c12-seed2/pai/candidates/sparknet_c12_multilayer/sparknet_c12_multilayer_best_arch_scores.csv,122,1c03dc109416b1bd2a2f2360b74a8ae3038ff183abb662e786476cb54db8b5ef
sparknet-dendritic-study-v2,stage_report,outputs/sparknet-dendritic-study-v2/arms/gate_conv/c12-seed2/reports/sparknet_dendritic_prune_experiment.yaml,8626,8905f3faa119f88f4cb01d8cb74261d1a142003d8e3c293ab7339d37d801a1fb
sparknet-dendritic-study-v2,run_manifest,outputs/sparknet-dendritic-study-v2/arms/gate_conv/c12-seed3/manifest.yaml,14786,75626eca66f1719fb14e9e234e2bc724552e6bc6b316ef7cdca9954fd42b2f38
sparknet-dendritic-study-v2,canonical_epoch_log,outputs/sparknet-dendritic-study-v2/arms/gate_conv/c12-seed3/metrics/sparsity/sparknet_c12/prune_supervised.jsonl,17773,aab141cce46abf48dd89e798ac6b3a9cce33748a070354bf160704deb1d47690
sparknet-dendritic-study-v2,canonical_epoch_log,outputs/sparknet-dendritic-study-v2/arms/gate_conv/c12-seed3/metrics/sparsity/sparknet_c12_multilayer/pai.jsonl,98145,5511389194ff4cdd1e05d1c397d7a51dbd69eb973f540e4619247010f3b90857
sparknet-dendritic-study-v2,canonical_epoch_log,outputs/sparknet-dendritic-study-v2/arms/gate_conv/c12-seed3/metrics/sparsity/sparknet_c12_multilayer/resume_supervised.jsonl,3540,fefe4f42d2bbce9fd56b797dcc366cb28a3de1f8c8e0daf467956d13ac2bae92
sparknet-dendritic-study-v2,training_summary,outputs/sparknet-dendritic-study-v2/arms/gate_conv/c12-seed3/metrics/summaries.yaml,480,dd19398d6170b2510e4910c9f4a6dbd19eeb605898da031dbb1ad28b0b141877
sparknet-dendritic-study-v2,canonical_pai_architecture_scores,outputs/sparknet-dendritic-study-v2/arms/gate_conv/c12-seed3/pai/candidates/sparknet_c12_multilayer/sparknet_c12_multilayer_best_arch_scores.csv,122,c1c2012fae2a8f90bff691905e08b436fe4627bc1d49fb79b56bb256346b19b6
sparknet-dendritic-study-v2,stage_report,outputs/sparknet-dendritic-study-v2/arms/gate_conv/c12-seed3/reports/sparknet_dendritic_prune_experiment.yaml,8706,1956679f747e3a24948574e3360027cc87cc143cb91f6b04d6608c4491d403c0
sparknet-dendritic-study-v2,run_manifest,outputs/sparknet-dendritic-study-v2/arms/gate_conv/c12-seed4/manifest.yaml,14787,481afd8d019a39f212b2c11ac5b9d1039a8a50a1d300e5624d937b283e331cb8
sparknet-dendritic-study-v2,canonical_epoch_log,outputs/sparknet-dendritic-study-v2/arms/gate_conv/c12-seed4/metrics/sparsity/sparknet_c12/prune_supervised.jsonl,17747,85b508bd4c2736c356a975b76992fd1042b5d1fa7417cb9663556b15f52f6222
sparknet-dendritic-study-v2,canonical_epoch_log,outputs/sparknet-dendritic-study-v2/arms/gate_conv/c12-seed4/metrics/sparsity/sparknet_c12_multilayer/pai.jsonl,101538,9cb523180fac66f1540127deb22743feca62c5470cd7bf38cc6dfdf73dbf343b
sparknet-dendritic-study-v2,canonical_epoch_log,outputs/sparknet-dendritic-study-v2/arms/gate_conv/c12-seed4/metrics/sparsity/sparknet_c12_multilayer/resume_supervised.jsonl,3536,0b09e6809a9eac02a7f5a7e4acf14294b048e531dafdaa679afa51c14c11ca53
sparknet-dendritic-study-v2,training_summary,outputs/sparknet-dendritic-study-v2/arms/gate_conv/c12-seed4/metrics/summaries.yaml,480,0e7c4f6c12767faf4ed2f80611e308f1d65bc73f63d82390e98a7dd1269eb4e7
sparknet-dendritic-study-v2,canonical_pai_architecture_scores,outputs/sparknet-dendritic-study-v2/arms/gate_conv/c12-seed4/pai/candidates/sparknet_c12_multilayer/sparknet_c12_multilayer_best_arch_scores.csv,121,87538e1b251d0ecd3c44c7a3b8d24132a06bbecd03658acbbaf81d9121158246
sparknet-dendritic-study-v2,stage_report,outputs/sparknet-dendritic-study-v2/arms/gate_conv/c12-seed4/reports/sparknet_dendritic_prune_experiment.yaml,8625,a790453e7b19dc2f1d52ae88f4d6a48c08074afd4222c6d259babbda15a7d889
sparknet-dendritic-study-v2,run_manifest,outputs/sparknet-dendritic-study-v2/arms/gate_conv/c2-seed0/manifest.yaml,14689,a60599d1fa4884466cb63ed37f4b08a091d008489894589a35b33794a7457d8f
sparknet-dendritic-study-v2,canonical_epoch_log,outputs/sparknet-dendritic-study-v2/arms/gate_conv/c2-seed0/metrics/sparsity/sparknet_c2/prune_supervised.jsonl,17788,415bf7644acd5d6d5311b149f5c2dc66f0c6bc54059882dc290f544d3d49df90
sparknet-dendritic-study-v2,canonical_epoch_log,outputs/sparknet-dendritic-study-v2/arms/gate_conv/c2-seed0/metrics/sparsity/sparknet_c2_multilayer/pai.jsonl,94320,be6dfd85d7997d776eabf8d7e164411e0698b18883e7b0d7a84bc650d226a155
sparknet-dendritic-study-v2,canonical_epoch_log,outputs/sparknet-dendritic-study-v2/arms/gate_conv/c2-seed0/metrics/sparsity/sparknet_c2_multilayer/resume_supervised.jsonl,3543,a5802647c55dfde95f9d0117b4343a70f69279a712009b9e79a9d13244c2ce2f
sparknet-dendritic-study-v2,training_summary,outputs/sparknet-dendritic-study-v2/arms/gate_conv/c2-seed0/metrics/summaries.yaml,477,28db3c9cd47d70c1ee40e6a638015d9d7b4eb305c56b17a3e84b73acde811d07
sparknet-dendritic-study-v2,canonical_pai_architecture_scores,outputs/sparknet-dendritic-study-v2/arms/gate_conv/c2-seed0/pai/candidates/sparknet_c2_multilayer/sparknet_c2_multilayer_best_arch_scores.csv,120,db0fcb6128e22dc5eaaef3cf17c9f6a13a59263f9dcaa1e03d1a3b20fa4e0e12
sparknet-dendritic-study-v2,stage_report,outputs/sparknet-dendritic-study-v2/arms/gate_conv/c2-seed0/reports/sparknet_dendritic_prune_experiment.yaml,8610,23ec535dd5cac398a444016650a09bebb5dd13ea47c9751fef20bc51099502cc
sparknet-dendritic-study-v2,run_manifest,outputs/sparknet-dendritic-study-v2/arms/gate_conv/c2-seed1/manifest.yaml,14689,7f83bdddc2e160b7afb86715ed877c64955c2317198f297d49038d59bfbde1ec
sparknet-dendritic-study-v2,canonical_epoch_log,outputs/sparknet-dendritic-study-v2/arms/gate_conv/c2-seed1/metrics/sparsity/sparknet_c2/prune_supervised.jsonl,17779,430232e67145567b1b8b97c0771b992c91f4155393b6b92b8f28bce51bfc35ac
sparknet-dendritic-study-v2,canonical_epoch_log,outputs/sparknet-dendritic-study-v2/arms/gate_conv/c2-seed1/metrics/sparsity/sparknet_c2_multilayer/pai.jsonl,90384,b7ba8795f6f60b8fd6caf076959376a8cb23ee2cb81481613a2a0cbd8e3f07be
sparknet-dendritic-study-v2,canonical_epoch_log,outputs/sparknet-dendritic-study-v2/arms/gate_conv/c2-seed1/metrics/sparsity/sparknet_c2_multilayer/resume_supervised.jsonl,3545,bc20a972ec0d1d5ff0e1eee3453b9a402a743aebfad9435435db44c318ae4e87
sparknet-dendritic-study-v2,training_summary,outputs/sparknet-dendritic-study-v2/arms/gate_conv/c2-seed1/metrics/summaries.yaml,477,eac4f1b99b0ec9c21106c61ed91e37a30b7d609cbdb1b122b188c65098e6ab21
sparknet-dendritic-study-v2,canonical_pai_architecture_scores,outputs/sparknet-dendritic-study-v2/arms/gate_conv/c2-seed1/pai/candidates/sparknet_c2_multilayer/sparknet_c2_multilayer_best_arch_scores.csv,122,8108824999753de2d53bd418519b0f114a6e20c872bbee5fab7f2a1815191c34
sparknet-dendritic-study-v2,stage_report,outputs/sparknet-dendritic-study-v2/arms/gate_conv/c2-seed1/reports/sparknet_dendritic_prune_experiment.yaml,8566,e9eb5969fbd4fa7d2efa50cd04309c096838d98af197f0f787167d4b025f67e6
sparknet-dendritic-study-v2,run_manifest,outputs/sparknet-dendritic-study-v2/arms/gate_conv/c2-seed2/manifest.yaml,14689,ad9ca763b6b899f1bddf1ea39a52c22220a040a8ed79edadb3e23b545047b06d
sparknet-dendritic-study-v2,canonical_epoch_log,outputs/sparknet-dendritic-study-v2/arms/gate_conv/c2-seed2/metrics/sparsity/sparknet_c2/prune_supervised.jsonl,17763,29051e890d0b91012fb5e31a2e7245680878947c7b845a4b4e3287c0ffeb990d
sparknet-dendritic-study-v2,canonical_epoch_log,outputs/sparknet-dendritic-study-v2/arms/gate_conv/c2-seed2/metrics/sparsity/sparknet_c2_multilayer/pai.jsonl,92085,3ca7924f66753eaef36431e3065741d4ef79b3a38fd182ef3460765d74560911
sparknet-dendritic-study-v2,canonical_epoch_log,outputs/sparknet-dendritic-study-v2/arms/gate_conv/c2-seed2/metrics/sparsity/sparknet_c2_multilayer/resume_supervised.jsonl,3544,90effe05b8803927359e931b5cd47a240b16d44c481a4ac14c063a9ea2bacda2
sparknet-dendritic-study-v2,training_summary,outputs/sparknet-dendritic-study-v2/arms/gate_conv/c2-seed2/metrics/summaries.yaml,477,270f419935da1ba0d9101b324c4a964b19163eab9410899c3456b6bf61df6ab5
sparknet-dendritic-study-v2,canonical_pai_architecture_scores,outputs/sparknet-dendritic-study-v2/arms/gate_conv/c2-seed2/pai/candidates/sparknet_c2_multilayer/sparknet_c2_multilayer_best_arch_scores.csv,120,f966cd6c40f75b4a29fa37415afea0bdeb2b4096f9e80d0eb09de25b615dc92f
sparknet-dendritic-study-v2,stage_report,outputs/sparknet-dendritic-study-v2/arms/gate_conv/c2-seed2/reports/sparknet_dendritic_prune_experiment.yaml,8564,b7ed4aef1b4752f712d690a7d9c8ea2d61a0ba64a801d775df0d80b5e55ffd91
sparknet-dendritic-study-v2,run_manifest,outputs/sparknet-dendritic-study-v2/arms/gate_conv/c2-seed3/manifest.yaml,14689,d26b6ba00ee4974dba9d7c802518bcfac383aaade28b9ef71da5b93dab567a87
sparknet-dendritic-study-v2,canonical_epoch_log,outputs/sparknet-dendritic-study-v2/arms/gate_conv/c2-seed3/metrics/sparsity/sparknet_c2/prune_supervised.jsonl,17772,34eff6bab7c3177b9471681092ff236068b2ed38201529feb5aca4e64b2eef47
sparknet-dendritic-study-v2,canonical_epoch_log,outputs/sparknet-dendritic-study-v2/arms/gate_conv/c2-seed3/metrics/sparsity/sparknet_c2_multilayer/pai.jsonl,78866,09d1cbba68b96204f4c18dc65f1c65a841cb51af65c67ac8b436dcf367cd33f0
sparknet-dendritic-study-v2,canonical_epoch_log,outputs/sparknet-dendritic-study-v2/arms/gate_conv/c2-seed3/metrics/sparsity/sparknet_c2_multilayer/resume_supervised.jsonl,3538,e2b1c34524fad124c902d56c89c3700661ec209b2d2b1dd02216158e245adc40
sparknet-dendritic-study-v2,training_summary,outputs/sparknet-dendritic-study-v2/arms/gate_conv/c2-seed3/metrics/summaries.yaml,477,eae16e9af8c54acd3cbb6288e4a3c8230c0f0955e71f9e6d5420f70b0fa78d66
sparknet-dendritic-study-v2,canonical_pai_architecture_scores,outputs/sparknet-dendritic-study-v2/arms/gate_conv/c2-seed3/pai/candidates/sparknet_c2_multilayer/sparknet_c2_multilayer_best_arch_scores.csv,122,4d8fc1a9bf87749b659b4b4817ae14be73a5475b37c454427bc68999ffb0f674
sparknet-dendritic-study-v2,stage_report,outputs/sparknet-dendritic-study-v2/arms/gate_conv/c2-seed3/reports/sparknet_dendritic_prune_experiment.yaml,8553,9a1eeedf4935c64c7ca50c2f863f3bae9dd37ff5ad0b82241f03dc9769f88d58
sparknet-dendritic-study-v2,run_manifest,outputs/sparknet-dendritic-study-v2/arms/gate_conv/c2-seed4/manifest.yaml,14688,5881a1897889af1433d258518d4311da194501d5f588550a127e8a67ba528eba
sparknet-dendritic-study-v2,canonical_epoch_log,outputs/sparknet-dendritic-study-v2/arms/gate_conv/c2-seed4/metrics/sparsity/sparknet_c2/prune_supervised.jsonl,17793,c8c7c1a1006a2eeb880c2aff96679756ee8e93e5f7700e2b76e22ae62238ce07
sparknet-dendritic-study-v2,canonical_epoch_log,outputs/sparknet-dendritic-study-v2/arms/gate_conv/c2-seed4/metrics/sparsity/sparknet_c2_multilayer/pai.jsonl,84171,4261ebaa0ab8f8ff9d9d9c9b37dc92c7091c0c49ca285c1377602c4ec0536f8b
sparknet-dendritic-study-v2,canonical_epoch_log,outputs/sparknet-dendritic-study-v2/arms/gate_conv/c2-seed4/metrics/sparsity/sparknet_c2_multilayer/resume_supervised.jsonl,3543,161c0b71b8bfabd2dff8253fd812e744b43da0c80f9e203c55cd7fd74112fec0
sparknet-dendritic-study-v2,training_summary,outputs/sparknet-dendritic-study-v2/arms/gate_conv/c2-seed4/metrics/summaries.yaml,476,70d1d6b28bc54f1ea12e4549e5be8c5e1becd0a3ed145880d5103c5b4cb9f9cb
sparknet-dendritic-study-v2,canonical_pai_architecture_scores,outputs/sparknet-dendritic-study-v2/arms/gate_conv/c2-seed4/pai/candidates/sparknet_c2_multilayer/sparknet_c2_multilayer_best_arch_scores.csv,121,4d8ff8f4f906009f1be4384c5331592795af75c4352a8771e86b52fe6edbb3b3
sparknet-dendritic-study-v2,stage_report,outputs/sparknet-dendritic-study-v2/arms/gate_conv/c2-seed4/reports/sparknet_dendritic_prune_experiment.yaml,8561,5e7b32021ad1232280b403746ec0eaa7dbf3b99ef2fae61589e56368a658d029
sparknet-dendritic-study-v2,run_manifest,outputs/sparknet-dendritic-study-v2/arms/gate_conv/c4-seed0/manifest.yaml,14689,7e964ed750395caadc06c9d1d52136e016f5a420ebabeaec5fcce1bdf18bd213
sparknet-dendritic-study-v2,canonical_epoch_log,outputs/sparknet-dendritic-study-v2/arms/gate_conv/c4-seed0/metrics/sparsity/sparknet_c4/prune_supervised.jsonl,17786,34483771ba342f3f09adce9e55e986cd0a03ec5fc3f2a2890a0f87267b01e115
sparknet-dendritic-study-v2,canonical_epoch_log,outputs/sparknet-dendritic-study-v2/arms/gate_conv/c4-seed0/metrics/sparsity/sparknet_c4_multilayer/pai.jsonl,98628,35b75f6a49fe1e541764b68f5d8f2f60c11cb9debdca096c5c0028bb423b751e
sparknet-dendritic-study-v2,canonical_epoch_log,outputs/sparknet-dendritic-study-v2/arms/gate_conv/c4-seed0/metrics/sparsity/sparknet_c4_multilayer/resume_supervised.jsonl,3543,593fdf3a51e5c921d07f91b8229adc3fcb77a26667917d3ab2102f14103e8fa9
sparknet-dendritic-study-v2,training_summary,outputs/sparknet-dendritic-study-v2/arms/gate_conv/c4-seed0/metrics/summaries.yaml,477,8a6ba2d46c1f9e2ecf548eb1955dd028625968cab0f60d76d676d26b49813d73
sparknet-dendritic-study-v2,canonical_pai_architecture_scores,outputs/sparknet-dendritic-study-v2/arms/gate_conv/c4-seed0/pai/candidates/sparknet_c4_multilayer/sparknet_c4_multilayer_best_arch_scores.csv,122,9b8745e801632424bf10fd7b004a22e0966d179dd765cd0d40eb9682450c9999
sparknet-dendritic-study-v2,stage_report,outputs/sparknet-dendritic-study-v2/arms/gate_conv/c4-seed0/reports/sparknet_dendritic_prune_experiment.yaml,8564,fa0e0b8fb80a953a32342478cef08bf6092ab9dd127e9924f4ac37a4c11ba9f8
sparknet-dendritic-study-v2,run_manifest,outputs/sparknet-dendritic-study-v2/arms/gate_conv/c4-seed1/manifest.yaml,14690,5a129a4aa6c25b2b2b131bb37a5775052bb2221f6842df287088c5fefdd02bec
sparknet-dendritic-study-v2,canonical_epoch_log,outputs/sparknet-dendritic-study-v2/arms/gate_conv/c4-seed1/metrics/sparsity/sparknet_c4/prune_supervised.jsonl,17804,bfac89a85c8ee9d0160f33b95d302f91687b2317d686ded011d0068e28dce7f0
sparknet-dendritic-study-v2,canonical_epoch_log,outputs/sparknet-dendritic-study-v2/arms/gate_conv/c4-seed1/metrics/sparsity/sparknet_c4_multilayer/pai.jsonl,100672,d4a3655c76f6a76a1b400d40a0c09539259bb73502c665561ea21a5ad97d68f2
sparknet-dendritic-study-v2,canonical_epoch_log,outputs/sparknet-dendritic-study-v2/arms/gate_conv/c4-seed1/metrics/sparsity/sparknet_c4_multilayer/resume_supervised.jsonl,3540,43ecfec9a369df2f7ba4cd260157c1e955a9261a8a619e9c4ca8625f793d1da9
sparknet-dendritic-study-v2,training_summary,outputs/sparknet-dendritic-study-v2/arms/gate_conv/c4-seed1/metrics/summaries.yaml,477,06e04f80e2920b659bae871e15161d23d5680d03e86f20d5219724bd71d62807
sparknet-dendritic-study-v2,canonical_pai_architecture_scores,outputs/sparknet-dendritic-study-v2/arms/gate_conv/c4-seed1/pai/candidates/sparknet_c4_multilayer/sparknet_c4_multilayer_best_arch_scores.csv,122,650ea658b8eec16747bded7a89d4fff37f4c1240a1c887d590e9df197e7171cf
sparknet-dendritic-study-v2,stage_report,outputs/sparknet-dendritic-study-v2/arms/gate_conv/c4-seed1/reports/sparknet_dendritic_prune_experiment.yaml,8568,6004c90292f1ae0d2a4271dbbdbc757cabc698ac346733ad5846b5498d8ab635
sparknet-dendritic-study-v2,run_manifest,outputs/sparknet-dendritic-study-v2/arms/gate_conv/c4-seed2/manifest.yaml,14689,91088926be731f37d0b8119075d8e10ac8090984155fb2ac2863aad61ef5796f
sparknet-dendritic-study-v2,canonical_epoch_log,outputs/sparknet-dendritic-study-v2/arms/gate_conv/c4-seed2/metrics/sparsity/sparknet_c4/prune_supervised.jsonl,17801,3b889fd70574438cc6784083ef31835b2dada328afa1a9cb0f4a4595f90ef8b5
sparknet-dendritic-study-v2,canonical_epoch_log,outputs/sparknet-dendritic-study-v2/arms/gate_conv/c4-seed2/metrics/sparsity/sparknet_c4_multilayer/pai.jsonl,95882,7cb677c558a871adae8da14e111dff74fccd4faf6f0a75338b3b1d77a9bedb1d
sparknet-dendritic-study-v2,canonical_epoch_log,outputs/sparknet-dendritic-study-v2/arms/gate_conv/c4-seed2/metrics/sparsity/sparknet_c4_multilayer/resume_supervised.jsonl,3547,40eca06a3669e17998b6cfc9ae3a2d8970cc45751654c1481ef7ef50252eaa84
sparknet-dendritic-study-v2,training_summary,outputs/sparknet-dendritic-study-v2/arms/gate_conv/c4-seed2/metrics/summaries.yaml,477,31fe02f8aa02c973d37f85b5a068d6f61b8e3671310382499f1f2103ce9e1cd2
sparknet-dendritic-study-v2,canonical_pai_architecture_scores,outputs/sparknet-dendritic-study-v2/arms/gate_conv/c4-seed2/pai/candidates/sparknet_c4_multilayer/sparknet_c4_multilayer_best_arch_scores.csv,120,2d3a62d056a4e1228778282b09ef04d5c10bb231ae6c9e37e9fff63b4e84890e
sparknet-dendritic-study-v2,stage_report,outputs/sparknet-dendritic-study-v2/arms/gate_conv/c4-seed2/reports/sparknet_dendritic_prune_experiment.yaml,8620,db9da601528e06c1c55bbb470f9e3ad384f00ae4880d5f06efb69cd91ef6efc4
sparknet-dendritic-study-v2,run_manifest,outputs/sparknet-dendritic-study-v2/arms/gate_conv/c4-seed3/manifest.yaml,14689,7e413217f1eb3ff06fbacf696ae956a7e5c6ff12f51a67dfcc9f03bd74e02f1b
sparknet-dendritic-study-v2,canonical_epoch_log,outputs/sparknet-dendritic-study-v2/arms/gate_conv/c4-seed3/metrics/sparsity/sparknet_c4/prune_supervised.jsonl,17792,004ffcf097b089c9c07031642c79472d8b8071dbadd43eff581714252ad4ae1b
sparknet-dendritic-study-v2,canonical_epoch_log,outputs/sparknet-dendritic-study-v2/arms/gate_conv/c4-seed3/metrics/sparsity/sparknet_c4_multilayer/pai.jsonl,98777,9957f7ba2e3d815eddda21153358320f9391caabfc7975773c9fda86fa4e9938
sparknet-dendritic-study-v2,canonical_epoch_log,outputs/sparknet-dendritic-study-v2/arms/gate_conv/c4-seed3/metrics/sparsity/sparknet_c4_multilayer/resume_supervised.jsonl,3543,869c998c6a57d517a9e55924746469cb0f7231b76178eaf2b1e6fc74b12e672f
sparknet-dendritic-study-v2,training_summary,outputs/sparknet-dendritic-study-v2/arms/gate_conv/c4-seed3/metrics/summaries.yaml,477,812de542d3bd8d090252f8ba6f7f2bcd86a1e0116540b44062b3ad438e80df69
sparknet-dendritic-study-v2,canonical_pai_architecture_scores,outputs/sparknet-dendritic-study-v2/arms/gate_conv/c4-seed3/pai/candidates/sparknet_c4_multilayer/sparknet_c4_multilayer_best_arch_scores.csv,122,19d1172bb86d80dda9c385f2330ad2c4610bae21edb975ee818860b7475ca5a6
sparknet-dendritic-study-v2,stage_report,outputs/sparknet-dendritic-study-v2/arms/gate_conv/c4-seed3/reports/sparknet_dendritic_prune_experiment.yaml,8640,3fb0d3b0b6bdd1e9fc4f1f19ba72327b6d9b14e7de4d6191dd8835f6b548cc7b
sparknet-dendritic-study-v2,run_manifest,outputs/sparknet-dendritic-study-v2/arms/gate_conv/c4-seed4/manifest.yaml,14690,efba8e948b78feac213fe4ba3379f9f496a1c292f81b4a85e07faca7877f0603
sparknet-dendritic-study-v2,canonical_epoch_log,outputs/sparknet-dendritic-study-v2/arms/gate_conv/c4-seed4/metrics/sparsity/sparknet_c4/prune_supervised.jsonl,17788,5b13738d1ac1e598f344683ccdd6697879b70bde2c27b891ec34028293425255
sparknet-dendritic-study-v2,canonical_epoch_log,outputs/sparknet-dendritic-study-v2/arms/gate_conv/c4-seed4/metrics/sparsity/sparknet_c4_multilayer/pai.jsonl,103638,c97247e0d6114d06210924bf11f27a1a3861bc3f6e31e233fc6ac2933c18b597
sparknet-dendritic-study-v2,canonical_epoch_log,outputs/sparknet-dendritic-study-v2/arms/gate_conv/c4-seed4/metrics/sparsity/sparknet_c4_multilayer/resume_supervised.jsonl,3520,0a07deeb2c133296f15302864fced4714b96d916dd91d7c4b6880d1fd993cc36
sparknet-dendritic-study-v2,training_summary,outputs/sparknet-dendritic-study-v2/arms/gate_conv/c4-seed4/metrics/summaries.yaml,477,a48763222209115d96025455079d8cea13e532c17140e51806ddeb3f118c3403
sparknet-dendritic-study-v2,canonical_pai_architecture_scores,outputs/sparknet-dendritic-study-v2/arms/gate_conv/c4-seed4/pai/candidates/sparknet_c4_multilayer/sparknet_c4_multilayer_best_arch_scores.csv,121,4aaed844082c256c9056e08061ebe81c7907cd7dab7dce058b31fa3451b22f5c
sparknet-dendritic-study-v2,stage_report,outputs/sparknet-dendritic-study-v2/arms/gate_conv/c4-seed4/reports/sparknet_dendritic_prune_experiment.yaml,8637,cbc780104a046cb6e12b7c2bf4d05b57e9aef8a50aa9e488b3c7a793f820f2c9
sparknet-dendritic-study-v2,run_manifest,outputs/sparknet-dendritic-study-v2/arms/gate_conv/c6-seed0/manifest.yaml,14690,f58231fb2438b96a6c9b1afaa5ee58eff457bcc358696fb3ad748f6f1ebc273f
sparknet-dendritic-study-v2,canonical_epoch_log,outputs/sparknet-dendritic-study-v2/arms/gate_conv/c6-seed0/metrics/sparsity/sparknet_c6/prune_supervised.jsonl,17771,a1bad39e3b3de366c738b690831c5578427a0bc14bfa365cc5f05de557f18243
sparknet-dendritic-study-v2,canonical_epoch_log,outputs/sparknet-dendritic-study-v2/arms/gate_conv/c6-seed0/metrics/sparsity/sparknet_c6_multilayer/pai.jsonl,102233,2a821eb48f8ce0081fc15125d545db98fa22bd8203dbbecce28c0d7f8d59dbf3
sparknet-dendritic-study-v2,canonical_epoch_log,outputs/sparknet-dendritic-study-v2/arms/gate_conv/c6-seed0/metrics/sparsity/sparknet_c6_multilayer/resume_supervised.jsonl,3530,cecb32ec97c09a942bbfa2a1dcab97700a1a4fac20b31187be7060f0a3fb1278
sparknet-dendritic-study-v2,training_summary,outputs/sparknet-dendritic-study-v2/arms/gate_conv/c6-seed0/metrics/summaries.yaml,477,0250bed370d4d7aef35055c41582279e35bcde5d7350b80f9c283a53aba95205
sparknet-dendritic-study-v2,canonical_pai_architecture_scores,outputs/sparknet-dendritic-study-v2/arms/gate_conv/c6-seed0/pai/candidates/sparknet_c6_multilayer/sparknet_c6_multilayer_best_arch_scores.csv,122,fd8e92fb6efb88681e699c0070d3d761a8074c0ae586820ad90897f524adcd7b
sparknet-dendritic-study-v2,stage_report,outputs/sparknet-dendritic-study-v2/arms/gate_conv/c6-seed0/reports/sparknet_dendritic_prune_experiment.yaml,8556,29bb69fdafbff89885b8d4248087d04e1f39d7cbc36eab8ab2815561ab9a21be
sparknet-dendritic-study-v2,run_manifest,outputs/sparknet-dendritic-study-v2/arms/gate_conv/c6-seed1/manifest.yaml,14689,933bfbddca6cb062dd7c120b4c1d291f5571dd0b7431ce63bdde58e4c6a84d4c
sparknet-dendritic-study-v2,canonical_epoch_log,outputs/sparknet-dendritic-study-v2/arms/gate_conv/c6-seed1/metrics/sparsity/sparknet_c6/prune_supervised.jsonl,17767,88472f3f078d07146b890326776853ed5ccde1a2804dea1db79b01ba677b0713
sparknet-dendritic-study-v2,canonical_epoch_log,outputs/sparknet-dendritic-study-v2/arms/gate_conv/c6-seed1/metrics/sparsity/sparknet_c6_multilayer/pai.jsonl,95185,e2a431a88d63455b00a436b38a30e5a60a1b66a9286412ad2f48946d7c2ce82a
sparknet-dendritic-study-v2,canonical_epoch_log,outputs/sparknet-dendritic-study-v2/arms/gate_conv/c6-seed1/metrics/sparsity/sparknet_c6_multilayer/resume_supervised.jsonl,3538,ad13121c3279754dbc9fc32ad59a3c9fc55608d31d1f9e2ac7584da254dcf919
sparknet-dendritic-study-v2,training_summary,outputs/sparknet-dendritic-study-v2/arms/gate_conv/c6-seed1/metrics/summaries.yaml,476,43bce8e82bcf6fea48728466cd879f065cc667cdf5e42417efff43852799a3b3
sparknet-dendritic-study-v2,canonical_pai_architecture_scores,outputs/sparknet-dendritic-study-v2/arms/gate_conv/c6-seed1/pai/candidates/sparknet_c6_multilayer/sparknet_c6_multilayer_best_arch_scores.csv,120,3fee5bf5b8dff8e5e4b1940ead955e4ec066f7236e38c10aec1c2274beb2fbbe
sparknet-dendritic-study-v2,stage_report,outputs/sparknet-dendritic-study-v2/arms/gate_conv/c6-seed1/reports/sparknet_dendritic_prune_experiment.yaml,8569,90c36f60bfb1288219830d491aa0f7b7fd3b062b2d6a11d11bd14304f20b16bb
sparknet-dendritic-study-v2,run_manifest,outputs/sparknet-dendritic-study-v2/arms/gate_conv/c6-seed2/manifest.yaml,14689,d72eb4700cd17e3fe89278e98188a2229e7420a0762773f9fb367f6514b46f02
sparknet-dendritic-study-v2,canonical_epoch_log,outputs/sparknet-dendritic-study-v2/arms/gate_conv/c6-seed2/metrics/sparsity/sparknet_c6/prune_supervised.jsonl,17756,9da2c0019c0be9705997e291a453799ecad42f98b67d0b6a6b0bab348d4ba22b
sparknet-dendritic-study-v2,canonical_epoch_log,outputs/sparknet-dendritic-study-v2/arms/gate_conv/c6-seed2/metrics/sparsity/sparknet_c6_multilayer/pai.jsonl,95794,54a07fef8370f31b91e4cbe2591569a0b9beafed4bfbb2033a7e448ea603672c
sparknet-dendritic-study-v2,canonical_epoch_log,outputs/sparknet-dendritic-study-v2/arms/gate_conv/c6-seed2/metrics/sparsity/sparknet_c6_multilayer/resume_supervised.jsonl,3541,c7534a34d5efdafaecdb32829f42f2878eecaa0ac1ab2c48e356b420cbb50d42
sparknet-dendritic-study-v2,training_summary,outputs/sparknet-dendritic-study-v2/arms/gate_conv/c6-seed2/metrics/summaries.yaml,475,59fdae1271ff53d3433759a303bb5ea28039d2f634e822c204368f6037f531b1
sparknet-dendritic-study-v2,canonical_pai_architecture_scores,outputs/sparknet-dendritic-study-v2/arms/gate_conv/c6-seed2/pai/candidates/sparknet_c6_multilayer/sparknet_c6_multilayer_best_arch_scores.csv,122,8fc41317e77df27d5223ff5f9a49c6e132cfee209928dce9de933e3da95f7c05
sparknet-dendritic-study-v2,stage_report,outputs/sparknet-dendritic-study-v2/arms/gate_conv/c6-seed2/reports/sparknet_dendritic_prune_experiment.yaml,8569,7bd3865f7e13f126cdadb060bcfc15d61194826ada3f85c58a105f29e7084416
sparknet-dendritic-study-v2,run_manifest,outputs/sparknet-dendritic-study-v2/arms/gate_conv/c6-seed3/manifest.yaml,14689,22a9700c577e927ab27d1b34bf9c3396eccdc6af0c996fc7cf33697692e6c2f6
sparknet-dendritic-study-v2,canonical_epoch_log,outputs/sparknet-dendritic-study-v2/arms/gate_conv/c6-seed3/metrics/sparsity/sparknet_c6/prune_supervised.jsonl,17761,19d4df798fd0fc9426d96cb0f4654cd946a1e06b84038d86bcd2b5135d8cad50
sparknet-dendritic-study-v2,canonical_epoch_log,outputs/sparknet-dendritic-study-v2/arms/gate_conv/c6-seed3/metrics/sparsity/sparknet_c6_multilayer/pai.jsonl,96668,de72b59b0ecc1738bf0c34519832f0839d4634024ca97052d17e1a6f3b7be6dc
sparknet-dendritic-study-v2,canonical_epoch_log,outputs/sparknet-dendritic-study-v2/arms/gate_conv/c6-seed3/metrics/sparsity/sparknet_c6_multilayer/resume_supervised.jsonl,3536,680d0f0f147777d63b12837005a2974cb9132bcfda841d1cc79329b1ac0f87d2
sparknet-dendritic-study-v2,training_summary,outputs/sparknet-dendritic-study-v2/arms/gate_conv/c6-seed3/metrics/summaries.yaml,477,18cb4987224c20177f725286436cd86fb100f4fb5791a4686677be57c23dc2e3
sparknet-dendritic-study-v2,canonical_pai_architecture_scores,outputs/sparknet-dendritic-study-v2/arms/gate_conv/c6-seed3/pai/candidates/sparknet_c6_multilayer/sparknet_c6_multilayer_best_arch_scores.csv,122,e7609913ab12481dc3f83cf9357b48c03a7c7b91e7a99d5a9f949f1209f1ebc6
sparknet-dendritic-study-v2,stage_report,outputs/sparknet-dendritic-study-v2/arms/gate_conv/c6-seed3/reports/sparknet_dendritic_prune_experiment.yaml,8562,85fd0761ac14d0519e9b0ee9230ffba33f8aca9040e148935f132260e2acdca9
sparknet-dendritic-study-v2,run_manifest,outputs/sparknet-dendritic-study-v2/arms/gate_conv/c6-seed4/manifest.yaml,14689,b5b3b78f7c39606d99770d055cca2df5751c86ba20482704288b002905f7c217
sparknet-dendritic-study-v2,canonical_epoch_log,outputs/sparknet-dendritic-study-v2/arms/gate_conv/c6-seed4/metrics/sparsity/sparknet_c6/prune_supervised.jsonl,17776,d72e80c8e51f190121f0e5644598e8e5dc6a15a519e34493c0fbb1eee5671996
sparknet-dendritic-study-v2,canonical_epoch_log,outputs/sparknet-dendritic-study-v2/arms/gate_conv/c6-seed4/metrics/sparsity/sparknet_c6_multilayer/pai.jsonl,93193,70e59f343b3f1227b652475899ef1f055823bf14176aca974bfbef7ef7ede263
sparknet-dendritic-study-v2,canonical_epoch_log,outputs/sparknet-dendritic-study-v2/arms/gate_conv/c6-seed4/metrics/sparsity/sparknet_c6_multilayer/resume_supervised.jsonl,3538,aff48ca72e2718b3575b6234e3432fc67fdaef23d9216a8f2889051a14c02d0f
sparknet-dendritic-study-v2,training_summary,outputs/sparknet-dendritic-study-v2/arms/gate_conv/c6-seed4/metrics/summaries.yaml,477,e5fddb7b25998ea7572fc3d4b6bbbf52bf09ce074234eaeafc7c516e4343ff32
sparknet-dendritic-study-v2,canonical_pai_architecture_scores,outputs/sparknet-dendritic-study-v2/arms/gate_conv/c6-seed4/pai/candidates/sparknet_c6_multilayer/sparknet_c6_multilayer_best_arch_scores.csv,122,a51613b2d7206077ea12b579bd9225960aa9fa417edb8514420c95c42f28784d
sparknet-dendritic-study-v2,stage_report,outputs/sparknet-dendritic-study-v2/arms/gate_conv/c6-seed4/reports/sparknet_dendritic_prune_experiment.yaml,8561,19a24408f058e226d65518096fbf71292a7983759d95219ea44397ef521c249e
sparknet-dendritic-study-v2,run_manifest,outputs/sparknet-dendritic-study-v2/arms/gate_conv/c8-seed0/manifest.yaml,18365,c72bcae862660f29fbf7233758f74d75a3151dc29b13ac99f87bafb88cb31181
sparknet-dendritic-study-v2,canonical_epoch_log,outputs/sparknet-dendritic-study-v2/arms/gate_conv/c8-seed0/metrics/sparsity/sparknet_c8/prune_supervised.jsonl,17754,2fd901cedd78675a200720f55e182d93944d6835bcd0407159b86c0759206125
sparknet-dendritic-study-v2,canonical_epoch_log,outputs/sparknet-dendritic-study-v2/arms/gate_conv/c8-seed0/metrics/sparsity/sparknet_c8_multilayer/pai.jsonl,222753,9f35bc17d09055e51f09157797b7e32b0b236b6000ff283b974aefa924add097
sparknet-dendritic-study-v2,canonical_epoch_log,outputs/sparknet-dendritic-study-v2/arms/gate_conv/c8-seed0/metrics/sparsity/sparknet_c8_multilayer/resume_supervised.jsonl,3533,8f7be098c7cab8a406e7778121179ec8cef4c890f545fbba7d86a5945a430cd7
sparknet-dendritic-study-v2,training_summary,outputs/sparknet-dendritic-study-v2/arms/gate_conv/c8-seed0/metrics/summaries.yaml,476,0e91baf0c9e8cf72ca603d27516b0c05eead918371aa26eebe8b37403ea20669
sparknet-dendritic-study-v2,canonical_pai_architecture_scores,outputs/sparknet-dendritic-study-v2/arms/gate_conv/c8-seed0/pai/candidates/sparknet_c8_multilayer/sparknet_c8_multilayer_best_arch_scores.csv,79,8830ed890bddd2a268f97ee457dc734e41d99ecbcd58e4a4c0ab045c81e3da14
sparknet-dendritic-study-v2,stage_report,outputs/sparknet-dendritic-study-v2/arms/gate_conv/c8-seed0/reports/sparknet_dendritic_prune_experiment.yaml,8533,4c9d9ce88bae0481fe635d58a636f8279a32f64119a91d1f667333453719adab
sparknet-dendritic-study-v2,run_manifest,outputs/sparknet-dendritic-study-v2/arms/gate_conv/c8-seed1/manifest.yaml,14689,dd30ad0266a685e0c259af5f8e790bd118d417140e1971c00d42bc7f1324bdf0
sparknet-dendritic-study-v2,canonical_epoch_log,outputs/sparknet-dendritic-study-v2/arms/gate_conv/c8-seed1/metrics/sparsity/sparknet_c8/prune_supervised.jsonl,17749,e99e6001bd99262278e6431e7fa3c4bd0a1aa34e577be14ff44e31e72d2bacde
sparknet-dendritic-study-v2,canonical_epoch_log,outputs/sparknet-dendritic-study-v2/arms/gate_conv/c8-seed1/metrics/sparsity/sparknet_c8_multilayer/pai.jsonl,93684,1fdda43a911e299a85682e2e65602df3cd784dd2cc3936fbd52c40a18e0018e2
sparknet-dendritic-study-v2,canonical_epoch_log,outputs/sparknet-dendritic-study-v2/arms/gate_conv/c8-seed1/metrics/sparsity/sparknet_c8_multilayer/resume_supervised.jsonl,3532,f03f3041919d3d5adda61bf9a365be6a7a5eb59fe9670ab3c3cac2753959b130
sparknet-dendritic-study-v2,training_summary,outputs/sparknet-dendritic-study-v2/arms/gate_conv/c8-seed1/metrics/summaries.yaml,476,ef431cbe0b07f4858eeb7d3932d3ed94d2a2c9ee80bdbb2da11c4dc6ac7298b1
sparknet-dendritic-study-v2,canonical_pai_architecture_scores,outputs/sparknet-dendritic-study-v2/arms/gate_conv/c8-seed1/pai/candidates/sparknet_c8_multilayer/sparknet_c8_multilayer_best_arch_scores.csv,122,ff2c5fcb46dea439f9221d346ec5591ed6b7b1de86648e727ea2ffbb2598f791
sparknet-dendritic-study-v2,stage_report,outputs/sparknet-dendritic-study-v2/arms/gate_conv/c8-seed1/reports/sparknet_dendritic_prune_experiment.yaml,8562,d9380d74af0d8b523922966a0762cc1612cdf1909bc1a9597b41212294335d4d
sparknet-dendritic-study-v2,run_manifest,outputs/sparknet-dendritic-study-v2/arms/gate_conv/c8-seed2/manifest.yaml,14689,335050399eb8ce0733c715ba02cf6e48ba550fce897e5916e5977cf5628b25a6
sparknet-dendritic-study-v2,canonical_epoch_log,outputs/sparknet-dendritic-study-v2/arms/gate_conv/c8-seed2/metrics/sparsity/sparknet_c8/prune_supervised.jsonl,17748,d4b84a4c19ac292222fd1eafcb5a7f46f240f8c20e0d3076e9e7c94fd3235dc0
sparknet-dendritic-study-v2,canonical_epoch_log,outputs/sparknet-dendritic-study-v2/arms/gate_conv/c8-seed2/metrics/sparsity/sparknet_c8_multilayer/pai.jsonl,91525,d0b088a758c75f3ba35ad8c84f6d9c4b924725928a90d1c1d428f1ab51e56e62
sparknet-dendritic-study-v2,canonical_epoch_log,outputs/sparknet-dendritic-study-v2/arms/gate_conv/c8-seed2/metrics/sparsity/sparknet_c8_multilayer/resume_supervised.jsonl,3536,add7ce32e35c9ce8b6a8fff6930d6ff2feebb77413290e6cd86204f6e5a2046c
sparknet-dendritic-study-v2,training_summary,outputs/sparknet-dendritic-study-v2/arms/gate_conv/c8-seed2/metrics/summaries.yaml,477,ef8057a641a4a5ab85dd98ad909b3f16b6212cc5fc444475ce2a5f9497d11bbc
sparknet-dendritic-study-v2,canonical_pai_architecture_scores,outputs/sparknet-dendritic-study-v2/arms/gate_conv/c8-seed2/pai/candidates/sparknet_c8_multilayer/sparknet_c8_multilayer_best_arch_scores.csv,119,2edb0a36bb9fbccb9e90f31804aa53423a1da0480146331c71ea4865ed5bf50a
sparknet-dendritic-study-v2,stage_report,outputs/sparknet-dendritic-study-v2/arms/gate_conv/c8-seed2/reports/sparknet_dendritic_prune_experiment.yaml,8557,6e52c6b9e1127618aee203a072e30d3bf2f4cd082a7fd1e17fa2b660c4019822
sparknet-dendritic-study-v2,run_manifest,outputs/sparknet-dendritic-study-v2/arms/gate_conv/c8-seed3/manifest.yaml,14689,770fc533dfbdc49955790655b1a2ba5cf6f5b77d41da59356d919be611e076ae
sparknet-dendritic-study-v2,canonical_epoch_log,outputs/sparknet-dendritic-study-v2/arms/gate_conv/c8-seed3/metrics/sparsity/sparknet_c8/prune_supervised.jsonl,17758,977e48e52371ec6599f4759e610b6ca074a2dee111793fac095c843fcd8b93bf
sparknet-dendritic-study-v2,canonical_epoch_log,outputs/sparknet-dendritic-study-v2/arms/gate_conv/c8-seed3/metrics/sparsity/sparknet_c8_multilayer/pai.jsonl,94536,007af1347927184822b6fcaae5ccc127a4c95da7f0c6a03df430dcc37ab6fbb1
sparknet-dendritic-study-v2,canonical_epoch_log,outputs/sparknet-dendritic-study-v2/arms/gate_conv/c8-seed3/metrics/sparsity/sparknet_c8_multilayer/resume_supervised.jsonl,3539,9cee01ee4ea45475d32c701980b23ae97972f6ce3b00bf97798c46f3b1269fb0
sparknet-dendritic-study-v2,training_summary,outputs/sparknet-dendritic-study-v2/arms/gate_conv/c8-seed3/metrics/summaries.yaml,477,d16da89c0eac719032a7a9e150b2001b9b8e496e16a92dafcb95cb65507500a2
sparknet-dendritic-study-v2,canonical_pai_architecture_scores,outputs/sparknet-dendritic-study-v2/arms/gate_conv/c8-seed3/pai/candidates/sparknet_c8_multilayer/sparknet_c8_multilayer_best_arch_scores.csv,122,09ba61c30b8f82d6889d2c08bcf88db8d9b962d695ceba80deb1100914543e2f
sparknet-dendritic-study-v2,stage_report,outputs/sparknet-dendritic-study-v2/arms/gate_conv/c8-seed3/reports/sparknet_dendritic_prune_experiment.yaml,8569,49f7201e513178d9cafc33477cc492958e20428c9788f084975f71c7bd1bf3a1
sparknet-dendritic-study-v2,run_manifest,outputs/sparknet-dendritic-study-v2/arms/gate_conv/c8-seed4/manifest.yaml,14690,d26d7a21a7621b456e78ad05ac7438261a7cd6887ff0d3150c9df5e9c0fd1140
sparknet-dendritic-study-v2,canonical_epoch_log,outputs/sparknet-dendritic-study-v2/arms/gate_conv/c8-seed4/metrics/sparsity/sparknet_c8/prune_supervised.jsonl,17754,e3ecce3b99c05dd06032511aa7335e636df8b391f6f74329fd0935dfda64f1c8
sparknet-dendritic-study-v2,canonical_epoch_log,outputs/sparknet-dendritic-study-v2/arms/gate_conv/c8-seed4/metrics/sparsity/sparknet_c8_multilayer/pai.jsonl,102181,5c72ab091d72c4f4cde3e1712878b195e2595d43728c3da7c30cd289afc9cc09
sparknet-dendritic-study-v2,canonical_epoch_log,outputs/sparknet-dendritic-study-v2/arms/gate_conv/c8-seed4/metrics/sparsity/sparknet_c8_multilayer/resume_supervised.jsonl,3538,f064e9c392ce346a72f5e07d3ac4f07d58d663d75902c29441e82a7badc1000e
sparknet-dendritic-study-v2,training_summary,outputs/sparknet-dendritic-study-v2/arms/gate_conv/c8-seed4/metrics/summaries.yaml,477,cce0ad1f162f887609f4807107eff944b5aca6ad749ccd97f8eb0e1f0eaab62a
sparknet-dendritic-study-v2,canonical_pai_architecture_scores,outputs/sparknet-dendritic-study-v2/arms/gate_conv/c8-seed4/pai/candidates/sparknet_c8_multilayer/sparknet_c8_multilayer_best_arch_scores.csv,122,0a9272657a2ffaf45bcab174f875cd957d644418f1bfbc418ac96e50d58063aa
sparknet-dendritic-study-v2,stage_report,outputs/sparknet-dendritic-study-v2/arms/gate_conv/c8-seed4/reports/sparknet_dendritic_prune_experiment.yaml,8662,fda6e5aa136b10c5a8a0752feff94fd36f773d9ea14abf832968057832be4c0c
sparknet-dendritic-study-v2,run_manifest,outputs/sparknet-dendritic-study-v2/arms/pointwise/c10-seed0/manifest.yaml,14800,882750fefc7369f429e129a8480c44ba65cc257a8ec01a7f2ab8244d5e511737
sparknet-dendritic-study-v2,canonical_epoch_log,outputs/sparknet-dendritic-study-v2/arms/pointwise/c10-seed0/metrics/sparsity/sparknet_c10/prune_supervised.jsonl,17763,d686dbb87664cbf394cfcb11c197f76436c60757a316c2ea51d3448463ca71d5
sparknet-dendritic-study-v2,canonical_epoch_log,outputs/sparknet-dendritic-study-v2/arms/pointwise/c10-seed0/metrics/sparsity/sparknet_c10_multilayer/pai.jsonl,92337,af2ffb7f7d34d0524b1bd161275014fd884d9c54168d50b0ff9f6e145dbed7f0
sparknet-dendritic-study-v2,canonical_epoch_log,outputs/sparknet-dendritic-study-v2/arms/pointwise/c10-seed0/metrics/sparsity/sparknet_c10_multilayer/resume_supervised.jsonl,3540,6f82d4752d5a96873fd0d06b18c8e72e1a878056be6f11c1a6eb94a0ae9592a3
sparknet-dendritic-study-v2,training_summary,outputs/sparknet-dendritic-study-v2/arms/pointwise/c10-seed0/metrics/summaries.yaml,479,6e5c3e575da1e57c9c20aeff7a5b728df82e4b8c35c4c6477bea65c269263074
sparknet-dendritic-study-v2,canonical_pai_architecture_scores,outputs/sparknet-dendritic-study-v2/arms/pointwise/c10-seed0/pai/candidates/sparknet_c10_multilayer/sparknet_c10_multilayer_best_arch_scores.csv,122,ec3b00ec814c6ff06c312bd40baf3f04b91075b19b828be01d2bf2baf65fcf20
sparknet-dendritic-study-v2,stage_report,outputs/sparknet-dendritic-study-v2/arms/pointwise/c10-seed0/reports/sparknet_dendritic_prune_experiment.yaml,8700,367e16f03cd36c6f0d57f6cea290ab53d5d02a7ef1f4c7074bffd3fbb4033a8b
sparknet-dendritic-study-v2,run_manifest,outputs/sparknet-dendritic-study-v2/arms/pointwise/c10-seed1/manifest.yaml,14800,556e665c654b5afc0dcfd3f96f5b35bc44e6221c3d01a728088230f62288d9f8
sparknet-dendritic-study-v2,canonical_epoch_log,outputs/sparknet-dendritic-study-v2/arms/pointwise/c10-seed1/metrics/sparsity/sparknet_c10/prune_supervised.jsonl,17761,6fa6016c23543f2f03aec9cde84fa097a3db35ea2adffd607335c90e5cd583f1
sparknet-dendritic-study-v2,canonical_epoch_log,outputs/sparknet-dendritic-study-v2/arms/pointwise/c10-seed1/metrics/sparsity/sparknet_c10_multilayer/pai.jsonl,93025,689002c5f7b8e00828c21a525648d3d25cbdbb16d3a8e9ad74b19e413abffdff
sparknet-dendritic-study-v2,canonical_epoch_log,outputs/sparknet-dendritic-study-v2/arms/pointwise/c10-seed1/metrics/sparsity/sparknet_c10_multilayer/resume_supervised.jsonl,3541,88205f32b32aeee3b1ec934c3c35d329ad53bcbb35ec3cdf1bfbf3adcf95b5b7
sparknet-dendritic-study-v2,training_summary,outputs/sparknet-dendritic-study-v2/arms/pointwise/c10-seed1/metrics/summaries.yaml,480,fed2b99d8bf16c04e3101cf7a64dc13c2615035003613844c417611def0886a0
sparknet-dendritic-study-v2,canonical_pai_architecture_scores,outputs/sparknet-dendritic-study-v2/arms/pointwise/c10-seed1/pai/candidates/sparknet_c10_multilayer/sparknet_c10_multilayer_best_arch_scores.csv,122,b27b4591fe8e570608b08857b40b769207811672edbcd433fdd6047bb14e952a
sparknet-dendritic-study-v2,stage_report,outputs/sparknet-dendritic-study-v2/arms/pointwise/c10-seed1/reports/sparknet_dendritic_prune_experiment.yaml,8645,4c178be3613d770dcd1e05634854819c9f59fe9d0ef16350f9cc8ac96cb5206f
sparknet-dendritic-study-v2,run_manifest,outputs/sparknet-dendritic-study-v2/arms/pointwise/c10-seed2/manifest.yaml,14800,88a82de1c0a7aaf43e23c4ed714ca6aeb5aae03bd5472b1aa4e2b1d33f7862b0
sparknet-dendritic-study-v2,canonical_epoch_log,outputs/sparknet-dendritic-study-v2/arms/pointwise/c10-seed2/metrics/sparsity/sparknet_c10/prune_supervised.jsonl,17756,dd9ca6df8f68711384a113e51cce276673827596c6dd252d1f5b01ea7b5fc61c
sparknet-dendritic-study-v2,canonical_epoch_log,outputs/sparknet-dendritic-study-v2/arms/pointwise/c10-seed2/metrics/sparsity/sparknet_c10_multilayer/pai.jsonl,89549,862f547ac905c727afec3716e306e63027591d55be615d74b270580f88cbb9f1
sparknet-dendritic-study-v2,canonical_epoch_log,outputs/sparknet-dendritic-study-v2/arms/pointwise/c10-seed2/metrics/sparsity/sparknet_c10_multilayer/resume_supervised.jsonl,3535,b022ed4aaad7786cbbd4476a1134f91bb1efcefae93f6078b37b090a59ff599d
sparknet-dendritic-study-v2,training_summary,outputs/sparknet-dendritic-study-v2/arms/pointwise/c10-seed2/metrics/summaries.yaml,480,e8f660476f8a1be0c7b8f2be49afb8c03cdf7f7f26e48d4d5799300b3545b230
sparknet-dendritic-study-v2,canonical_pai_architecture_scores,outputs/sparknet-dendritic-study-v2/arms/pointwise/c10-seed2/pai/candidates/sparknet_c10_multilayer/sparknet_c10_multilayer_best_arch_scores.csv,121,7d530f939f26776e9047b0ed6220582465377ba88e00f8a28177b172396a3f39
sparknet-dendritic-study-v2,stage_report,outputs/sparknet-dendritic-study-v2/arms/pointwise/c10-seed2/reports/sparknet_dendritic_prune_experiment.yaml,8640,fbed83d91901d0e57e18f2a83ac4ad98b219270b2d523ba9d2a04b17b0c75051
sparknet-dendritic-study-v2,run_manifest,outputs/sparknet-dendritic-study-v2/arms/pointwise/c10-seed3/manifest.yaml,14800,e0dbd2a708340a929aa76b5dee21caee00893e9b7ddee8a73510bae9287f5ac5
sparknet-dendritic-study-v2,canonical_epoch_log,outputs/sparknet-dendritic-study-v2/arms/pointwise/c10-seed3/metrics/sparsity/sparknet_c10/prune_supervised.jsonl,17767,b3bc293e0485481b3059c9178f1c1881e4644750e67252fce7028587cbf8a508
sparknet-dendritic-study-v2,canonical_epoch_log,outputs/sparknet-dendritic-study-v2/arms/pointwise/c10-seed3/metrics/sparsity/sparknet_c10_multilayer/pai.jsonl,90877,3b2a674aaf6f15e9df43448442da9d0555f47e8ae33c606b87d5f599147d1b27
sparknet-dendritic-study-v2,canonical_epoch_log,outputs/sparknet-dendritic-study-v2/arms/pointwise/c10-seed3/metrics/sparsity/sparknet_c10_multilayer/resume_supervised.jsonl,3540,9bddab57ae14eb68e3981337ae21e1e63e1a6d66a14f22424ffa073a2277da00
sparknet-dendritic-study-v2,training_summary,outputs/sparknet-dendritic-study-v2/arms/pointwise/c10-seed3/metrics/summaries.yaml,480,d807543b26525580ba5f9f64194ac35f5e124338f80f608ded0fb8d1af37ecc5
sparknet-dendritic-study-v2,canonical_pai_architecture_scores,outputs/sparknet-dendritic-study-v2/arms/pointwise/c10-seed3/pai/candidates/sparknet_c10_multilayer/sparknet_c10_multilayer_best_arch_scores.csv,121,84c5b42d177ff377d4e433838a7e6786add82ca12a01e45c57ba3cce90bde08e
sparknet-dendritic-study-v2,stage_report,outputs/sparknet-dendritic-study-v2/arms/pointwise/c10-seed3/reports/sparknet_dendritic_prune_experiment.yaml,8644,48426232a4efd2e8bfa68747c21d29178f4fa57dd1cc7a2da2cfc92d6638ce14
sparknet-dendritic-study-v2,run_manifest,outputs/sparknet-dendritic-study-v2/arms/pointwise/c10-seed4/manifest.yaml,14799,11258e074d83a5b638cc726504a09c8bf75086a8673ec1100925752ff60aa084
sparknet-dendritic-study-v2,canonical_epoch_log,outputs/sparknet-dendritic-study-v2/arms/pointwise/c10-seed4/metrics/sparsity/sparknet_c10/prune_supervised.jsonl,17765,de81f50dea084170079d45f97fef71d55fc203d4c61f65c5b23f7e425270fdeb
sparknet-dendritic-study-v2,canonical_epoch_log,outputs/sparknet-dendritic-study-v2/arms/pointwise/c10-seed4/metrics/sparsity/sparknet_c10_multilayer/pai.jsonl,85909,2c65f231a64c7be8b9f64642d2a37f8f538a16f562edcfa45df079943ce3d730
sparknet-dendritic-study-v2,canonical_epoch_log,outputs/sparknet-dendritic-study-v2/arms/pointwise/c10-seed4/metrics/sparsity/sparknet_c10_multilayer/resume_supervised.jsonl,3537,61e59301a4bc45127753f577212d7a4c72ff2c86f3b4c4f043dfbebab34275ff
sparknet-dendritic-study-v2,training_summary,outputs/sparknet-dendritic-study-v2/arms/pointwise/c10-seed4/metrics/summaries.yaml,480,239dcf730c3fbd26846e18db0c6ecedb50c4022da6020c75f5433ee71571ce28
sparknet-dendritic-study-v2,canonical_pai_architecture_scores,outputs/sparknet-dendritic-study-v2/arms/pointwise/c10-seed4/pai/candidates/sparknet_c10_multilayer/sparknet_c10_multilayer_best_arch_scores.csv,122,3292e499877ff529f4c793aee40d6f840010bce8f1119910221d7a934c6ab7bc
sparknet-dendritic-study-v2,stage_report,outputs/sparknet-dendritic-study-v2/arms/pointwise/c10-seed4/reports/sparknet_dendritic_prune_experiment.yaml,8645,eb79c9732fee325c75ebfcdfd684f13134c8ba64c965aab8871d7d358732ef26
sparknet-dendritic-study-v2,run_manifest,outputs/sparknet-dendritic-study-v2/arms/pointwise/c12-seed0/manifest.yaml,14800,362d99d88b80767ecca661cc3321a1d393c24677a6ab71ebbc6218dbe1c19fa8
sparknet-dendritic-study-v2,canonical_epoch_log,outputs/sparknet-dendritic-study-v2/arms/pointwise/c12-seed0/metrics/sparsity/sparknet_c12/prune_supervised.jsonl,17745,20584ba9ef438dda82860be1cdd937709b2711af0b2dd20c1c9b7ca6c7e9b8ac
sparknet-dendritic-study-v2,canonical_epoch_log,outputs/sparknet-dendritic-study-v2/arms/pointwise/c12-seed0/metrics/sparsity/sparknet_c12_multilayer/pai.jsonl,90975,4dac87893b76d05fb9399c53581b356afb9c613393584d83fa0f1174d12cae17
sparknet-dendritic-study-v2,canonical_epoch_log,outputs/sparknet-dendritic-study-v2/arms/pointwise/c12-seed0/metrics/sparsity/sparknet_c12_multilayer/resume_supervised.jsonl,3530,758e30c050f2c8d9b4b3d33bce97d8d6c5c71ecbd95dfb18b21869bae870639b
sparknet-dendritic-study-v2,training_summary,outputs/sparknet-dendritic-study-v2/arms/pointwise/c12-seed0/metrics/summaries.yaml,479,c301e491caa4ca65b5c68e6cbdda31c129653f44a7d2d4fc6e1bd06f7a23386e
sparknet-dendritic-study-v2,canonical_pai_architecture_scores,outputs/sparknet-dendritic-study-v2/arms/pointwise/c12-seed0/pai/candidates/sparknet_c12_multilayer/sparknet_c12_multilayer_best_arch_scores.csv,121,eb081d330fea8c031134cdd0646907335ec1443ede8044887ff2bfa954795f29
sparknet-dendritic-study-v2,stage_report,outputs/sparknet-dendritic-study-v2/arms/pointwise/c12-seed0/reports/sparknet_dendritic_prune_experiment.yaml,8693,2a44771b6e6c5e7aba2bd6e89132c9aa2d3653aee78fbbb28dc0b42e42886591
sparknet-dendritic-study-v2,run_manifest,outputs/sparknet-dendritic-study-v2/arms/pointwise/c12-seed1/manifest.yaml,14800,207aaad32acd36ae6f392bba709a194c0c1f3b8eced17b9e08b946b56a810a2a
sparknet-dendritic-study-v2,canonical_epoch_log,outputs/sparknet-dendritic-study-v2/arms/pointwise/c12-seed1/metrics/sparsity/sparknet_c12/prune_supervised.jsonl,17757,dda304d655abd3341f5b30469c572e061eed6af46c7c8ab433c13996fc1d293d
sparknet-dendritic-study-v2,canonical_epoch_log,outputs/sparknet-dendritic-study-v2/arms/pointwise/c12-seed1/metrics/sparsity/sparknet_c12_multilayer/pai.jsonl,98809,0d461f17bdbe44e7affd2cf03d17deb416f093e40dc8444adcae04ff1a544e01
sparknet-dendritic-study-v2,canonical_epoch_log,outputs/sparknet-dendritic-study-v2/arms/pointwise/c12-seed1/metrics/sparsity/sparknet_c12_multilayer/resume_supervised.jsonl,3536,8d1763f123ac4875000fea5843d3382313fd2c5f19acfe1d2432b0b9a642ce8d
sparknet-dendritic-study-v2,training_summary,outputs/sparknet-dendritic-study-v2/arms/pointwise/c12-seed1/metrics/summaries.yaml,480,58f19305989e1d94838f741f771be452dcec3b8a2eef346d85b28e287d4b698a
sparknet-dendritic-study-v2,canonical_pai_architecture_scores,outputs/sparknet-dendritic-study-v2/arms/pointwise/c12-seed1/pai/candidates/sparknet_c12_multilayer/sparknet_c12_multilayer_best_arch_scores.csv,122,ce6d9995dfbb4374fde254c53f3c69d3b7457f6dacec4e48d0c5f0667815dd4e
sparknet-dendritic-study-v2,stage_report,outputs/sparknet-dendritic-study-v2/arms/pointwise/c12-seed1/reports/sparknet_dendritic_prune_experiment.yaml,8700,13e7c1928b043e57f089fcfce7dbe46df9456333ae94b11433bbb797d53fc052
sparknet-dendritic-study-v2,run_manifest,outputs/sparknet-dendritic-study-v2/arms/pointwise/c12-seed2/manifest.yaml,14800,de4011a6c1fb332d1524523a7cfbf5a3603ecbe0485cd80d2159369055337cf6
sparknet-dendritic-study-v2,canonical_epoch_log,outputs/sparknet-dendritic-study-v2/arms/pointwise/c12-seed2/metrics/sparsity/sparknet_c12/prune_supervised.jsonl,17753,1e06fe9d460ec99eef0a5c2ac5421055ccf12dab7c7c53f3e3ef653053848f6f
sparknet-dendritic-study-v2,canonical_epoch_log,outputs/sparknet-dendritic-study-v2/arms/pointwise/c12-seed2/metrics/sparsity/sparknet_c12_multilayer/pai.jsonl,90803,0371fc14aca3040da47a99f742d1786dae2f1398ce5ebbde53c53c8865fba929
sparknet-dendritic-study-v2,canonical_epoch_log,outputs/sparknet-dendritic-study-v2/arms/pointwise/c12-seed2/metrics/sparsity/sparknet_c12_multilayer/resume_supervised.jsonl,3539,6d1c4b4bbc7c03e204c5f76da61b0f2d8a2df14be58259ea57271c9565292ca4
sparknet-dendritic-study-v2,training_summary,outputs/sparknet-dendritic-study-v2/arms/pointwise/c12-seed2/metrics/summaries.yaml,480,9b61bd9f4dc3bbddfb004c2e9b069e00b96333cd5361c036f640d001faaf2ceb
sparknet-dendritic-study-v2,canonical_pai_architecture_scores,outputs/sparknet-dendritic-study-v2/arms/pointwise/c12-seed2/pai/candidates/sparknet_c12_multilayer/sparknet_c12_multilayer_best_arch_scores.csv,122,8256b9a3b13d4975094108b735128f459ed69e252defbb3cffc1875fa9ca83cd
sparknet-dendritic-study-v2,stage_report,outputs/sparknet-dendritic-study-v2/arms/pointwise/c12-seed2/reports/sparknet_dendritic_prune_experiment.yaml,8694,cd0901b2395920f07f6bbc60f91c0645b94713a490d9b6e701c5e51dd33e077c
sparknet-dendritic-study-v2,run_manifest,outputs/sparknet-dendritic-study-v2/arms/pointwise/c12-seed3/manifest.yaml,14800,9945f966d45bc4e0c0134608974f0a5969deb6983466d64ab011f226da279bb8
sparknet-dendritic-study-v2,canonical_epoch_log,outputs/sparknet-dendritic-study-v2/arms/pointwise/c12-seed3/metrics/sparsity/sparknet_c12/prune_supervised.jsonl,17777,1e63ee2bde09a57c84617feb1323e422620c0ebcaa32f809b99ab90839b7f778
sparknet-dendritic-study-v2,canonical_epoch_log,outputs/sparknet-dendritic-study-v2/arms/pointwise/c12-seed3/metrics/sparsity/sparknet_c12_multilayer/pai.jsonl,92929,8aeb3ac4a515d9204e73698fa796b2dd2c9cb7dab4ad79d3c0f2552a61271ce3
sparknet-dendritic-study-v2,canonical_epoch_log,outputs/sparknet-dendritic-study-v2/arms/pointwise/c12-seed3/metrics/sparsity/sparknet_c12_multilayer/resume_supervised.jsonl,3532,1199056862a2134e076bf41e734772eba38704bdec4d6a9559e0d3040d581802
sparknet-dendritic-study-v2,training_summary,outputs/sparknet-dendritic-study-v2/arms/pointwise/c12-seed3/metrics/summaries.yaml,480,cffecf855d707dd4e2298b55a8a8cdc5452f83638a01fc9b8fe5918c33722439
sparknet-dendritic-study-v2,canonical_pai_architecture_scores,outputs/sparknet-dendritic-study-v2/arms/pointwise/c12-seed3/pai/candidates/sparknet_c12_multilayer/sparknet_c12_multilayer_best_arch_scores.csv,121,5f6132ff61c18b5b19e165229321c10c6bd07c711770038f625adb0c02889a5a
sparknet-dendritic-study-v2,stage_report,outputs/sparknet-dendritic-study-v2/arms/pointwise/c12-seed3/reports/sparknet_dendritic_prune_experiment.yaml,8768,787f3396df608541359ca64acf903940a766e2f1cc4b0055c3e413f37ca63e15
sparknet-dendritic-study-v2,run_manifest,outputs/sparknet-dendritic-study-v2/arms/pointwise/c12-seed4/manifest.yaml,14800,0e43b4cccfbcf04e4a4fcdcf81216e2c75e7b00e3f87c11451e08d0402c45191
sparknet-dendritic-study-v2,canonical_epoch_log,outputs/sparknet-dendritic-study-v2/arms/pointwise/c12-seed4/metrics/sparsity/sparknet_c12/prune_supervised.jsonl,17742,16f1c582ca984315ca7574877d4a7aff7c6287a6682eb359b161354d0e2deb25
sparknet-dendritic-study-v2,canonical_epoch_log,outputs/sparknet-dendritic-study-v2/arms/pointwise/c12-seed4/metrics/sparsity/sparknet_c12_multilayer/pai.jsonl,88109,f8b52d8dbd7990862365f4f60f79575ecb709b3e505b04504175231c24d4b905
sparknet-dendritic-study-v2,canonical_epoch_log,outputs/sparknet-dendritic-study-v2/arms/pointwise/c12-seed4/metrics/sparsity/sparknet_c12_multilayer/resume_supervised.jsonl,3522,348bec0623201c9a38a65923afd998336c4d455cff589add4734db0b679d5f5c
sparknet-dendritic-study-v2,training_summary,outputs/sparknet-dendritic-study-v2/arms/pointwise/c12-seed4/metrics/summaries.yaml,480,473545cb6ae2e80078830fd34017ab39b703b683749e793765641e9369683146
sparknet-dendritic-study-v2,canonical_pai_architecture_scores,outputs/sparknet-dendritic-study-v2/arms/pointwise/c12-seed4/pai/candidates/sparknet_c12_multilayer/sparknet_c12_multilayer_best_arch_scores.csv,122,f4b6bcff3bf931baa17557857f46bdf71060ad7260d55f54e48710cee80cfbc8
sparknet-dendritic-study-v2,stage_report,outputs/sparknet-dendritic-study-v2/arms/pointwise/c12-seed4/reports/sparknet_dendritic_prune_experiment.yaml,8678,1a5986892855f797d299ca698f20bfe4ff968085b1fdb5d56349ba8f2443484e
sparknet-dendritic-study-v2,run_manifest,outputs/sparknet-dendritic-study-v2/arms/pointwise/c2-seed0/manifest.yaml,14698,93ac4c8a86ecefd494a5cc27d65aab7cc41e9515ab7f53499f2f85fde60ba59a
sparknet-dendritic-study-v2,canonical_epoch_log,outputs/sparknet-dendritic-study-v2/arms/pointwise/c2-seed0/metrics/sparsity/sparknet_c2/prune_supervised.jsonl,17789,5aaa7ad66090ccb8c1aac04425ef154a93ca8f1b07e1c86113d2cb296e53c9a4
sparknet-dendritic-study-v2,canonical_epoch_log,outputs/sparknet-dendritic-study-v2/arms/pointwise/c2-seed0/metrics/sparsity/sparknet_c2_multilayer/pai.jsonl,84042,497e68ec3d83008d78ef5bf8f8f140bf6ed2cfb83586497387e8a473e195ea58
sparknet-dendritic-study-v2,canonical_epoch_log,outputs/sparknet-dendritic-study-v2/arms/pointwise/c2-seed0/metrics/sparsity/sparknet_c2_multilayer/resume_supervised.jsonl,3540,81b0dca0ac4ec81e6ba339e71c66e36b82e8692c4b15d9801bcf5775856a953d
sparknet-dendritic-study-v2,training_summary,outputs/sparknet-dendritic-study-v2/arms/pointwise/c2-seed0/metrics/summaries.yaml,477,e6a5fcd5713b980ec5895ef93979417acabe353909a7c490066995d14274fc6c
sparknet-dendritic-study-v2,canonical_pai_architecture_scores,outputs/sparknet-dendritic-study-v2/arms/pointwise/c2-seed0/pai/candidates/sparknet_c2_multilayer/sparknet_c2_multilayer_best_arch_scores.csv,121,fabddec897613317b2baaa031c985e4b7acb691e4f97f8788aa902d560282242
sparknet-dendritic-study-v2,stage_report,outputs/sparknet-dendritic-study-v2/arms/pointwise/c2-seed0/reports/sparknet_dendritic_prune_experiment.yaml,8670,4198f040e93bede9ebbb6eef11477ee202d98582f96b985a9d9e6607f1a0c597
sparknet-dendritic-study-v2,run_manifest,outputs/sparknet-dendritic-study-v2/arms/pointwise/c2-seed1/manifest.yaml,14697,690005ec791d27a29cf2cdb808b2cdc33100f6ea02ffa5f264a2339cbb38457e
sparknet-dendritic-study-v2,canonical_epoch_log,outputs/sparknet-dendritic-study-v2/arms/pointwise/c2-seed1/metrics/sparsity/sparknet_c2/prune_supervised.jsonl,17785,86e43b11c7319d640500252c348eb3b15df0a7936783b37d67215c885c355651
sparknet-dendritic-study-v2,canonical_epoch_log,outputs/sparknet-dendritic-study-v2/arms/pointwise/c2-seed1/metrics/sparsity/sparknet_c2_multilayer/pai.jsonl,90109,b93de758fdbae8350919466e14023993cb93d6da5acebfc0aa13798e14dd16e1
sparknet-dendritic-study-v2,canonical_epoch_log,outputs/sparknet-dendritic-study-v2/arms/pointwise/c2-seed1/metrics/sparsity/sparknet_c2_multilayer/resume_supervised.jsonl,3544,bc3e344a5b8d193845670ba29c4ff46633e82560811eead413c686354f68fd27
sparknet-dendritic-study-v2,training_summary,outputs/sparknet-dendritic-study-v2/arms/pointwise/c2-seed1/metrics/summaries.yaml,477,241a7a08e12f8fc98fc38893ba936b99f10d3eb4b8995592d0cc88b254809b58
sparknet-dendritic-study-v2,canonical_pai_architecture_scores,outputs/sparknet-dendritic-study-v2/arms/pointwise/c2-seed1/pai/candidates/sparknet_c2_multilayer/sparknet_c2_multilayer_best_arch_scores.csv,122,6aca82c31479a0c1e4c6c286aea1250b5fc189c32f3682f0d57f9a50b456a471
sparknet-dendritic-study-v2,stage_report,outputs/sparknet-dendritic-study-v2/arms/pointwise/c2-seed1/reports/sparknet_dendritic_prune_experiment.yaml,8628,c58e295b05c9d891e3c8826e8aab6c6d0ee6d54554a5eb8ed617613d59d294f2
sparknet-dendritic-study-v2,run_manifest,outputs/sparknet-dendritic-study-v2/arms/pointwise/c2-seed2/manifest.yaml,14699,4ddacf20dbd7d5f16f16989c5e66e66f83a6653a2d44b01a6c2bf0d166c9010d
sparknet-dendritic-study-v2,canonical_epoch_log,outputs/sparknet-dendritic-study-v2/arms/pointwise/c2-seed2/metrics/sparsity/sparknet_c2/prune_supervised.jsonl,17765,5a85ca6fb10cda7dda8a19535e5ea33d899394c7bb2fe77cf199016642ba8467
sparknet-dendritic-study-v2,canonical_epoch_log,outputs/sparknet-dendritic-study-v2/arms/pointwise/c2-seed2/metrics/sparsity/sparknet_c2_multilayer/pai.jsonl,83301,234ab2981468b7b049c76c0d483ced04a46532c22f8d4f3f7988c14647ef1dc4
sparknet-dendritic-study-v2,canonical_epoch_log,outputs/sparknet-dendritic-study-v2/arms/pointwise/c2-seed2/metrics/sparsity/sparknet_c2_multilayer/resume_supervised.jsonl,3542,e7326b1e55f74b684b9d8151db12dd32bafa547f74cfa5ae50ff9fe04c04af6c
sparknet-dendritic-study-v2,training_summary,outputs/sparknet-dendritic-study-v2/arms/pointwise/c2-seed2/metrics/summaries.yaml,477,2dfdde0e07c920d3c52e71856184f2e6ced2c7572c62dd89464667bf31b251e0
sparknet-dendritic-study-v2,canonical_pai_architecture_scores,outputs/sparknet-dendritic-study-v2/arms/pointwise/c2-seed2/pai/candidates/sparknet_c2_multilayer/sparknet_c2_multilayer_best_arch_scores.csv,122,33fe0fe8a99d77fd69c660686eaf8ce2f313d914b890148f91261c6cb957f22f
sparknet-dendritic-study-v2,stage_report,outputs/sparknet-dendritic-study-v2/arms/pointwise/c2-seed2/reports/sparknet_dendritic_prune_experiment.yaml,8625,b307ca8448171d5a966e947ec4d170bf6cb068ddefe95657076059f64386eae6
sparknet-dendritic-study-v2,run_manifest,outputs/sparknet-dendritic-study-v2/arms/pointwise/c2-seed3/manifest.yaml,14697,63098a4a292b099ba90cb274473a3af07afe2dc4eceb4a1d27a847413f261c3c
sparknet-dendritic-study-v2,canonical_epoch_log,outputs/sparknet-dendritic-study-v2/arms/pointwise/c2-seed3/metrics/sparsity/sparknet_c2/prune_supervised.jsonl,17781,7714ebef32be51c688b17c411ce19f324510b6c2b3f25ad3bbd1eb571650f001
sparknet-dendritic-study-v2,canonical_epoch_log,outputs/sparknet-dendritic-study-v2/arms/pointwise/c2-seed3/metrics/sparsity/sparknet_c2_multilayer/pai.jsonl,74465,7afa70aca73afd5bb75ea93ead68c5411a5bf2ec680433a0a319ae1c034e14c9
sparknet-dendritic-study-v2,canonical_epoch_log,outputs/sparknet-dendritic-study-v2/arms/pointwise/c2-seed3/metrics/sparsity/sparknet_c2_multilayer/resume_supervised.jsonl,3534,d2c79df31b62ddc01a23846dbc6a309c19fc87f197b43b271875a91279bfab53
sparknet-dendritic-study-v2,training_summary,outputs/sparknet-dendritic-study-v2/arms/pointwise/c2-seed3/metrics/summaries.yaml,477,5d2d455983e50adaef2282ab72185ec9cabe30f3ce2c69625c048ecca533a77e
sparknet-dendritic-study-v2,canonical_pai_architecture_scores,outputs/sparknet-dendritic-study-v2/arms/pointwise/c2-seed3/pai/candidates/sparknet_c2_multilayer/sparknet_c2_multilayer_best_arch_scores.csv,122,a4d0ba17e02d289130105b7e65d5b13ceb5bf04bdc977b46a3c4af27a6718968
sparknet-dendritic-study-v2,stage_report,outputs/sparknet-dendritic-study-v2/arms/pointwise/c2-seed3/reports/sparknet_dendritic_prune_experiment.yaml,8614,90b1493f6dbd311ef38829bc493a8774e7622f0c4b24e4cc730cb0fbd79d3e8a
sparknet-dendritic-study-v2,run_manifest,outputs/sparknet-dendritic-study-v2/arms/pointwise/c2-seed4/manifest.yaml,14698,7144a2c1e4018481fef8851d8bb5d0e64b1f7c6040b7438a0eb33fece91a2c9c
sparknet-dendritic-study-v2,canonical_epoch_log,outputs/sparknet-dendritic-study-v2/arms/pointwise/c2-seed4/metrics/sparsity/sparknet_c2/prune_supervised.jsonl,17785,02badfcbede7b3e56bdc8953d9461b6735280363ca72dc57b65931b6027b2597
sparknet-dendritic-study-v2,canonical_epoch_log,outputs/sparknet-dendritic-study-v2/arms/pointwise/c2-seed4/metrics/sparsity/sparknet_c2_multilayer/pai.jsonl,78576,115b87f50985162fd29cea2cd93bfab949392d42283255378b05097dbc654470
sparknet-dendritic-study-v2,canonical_epoch_log,outputs/sparknet-dendritic-study-v2/arms/pointwise/c2-seed4/metrics/sparsity/sparknet_c2_multilayer/resume_supervised.jsonl,3537,d633e3799a0979bf0f701267b03c8bd126bc056a64f619a548810290d40346d8
sparknet-dendritic-study-v2,training_summary,outputs/sparknet-dendritic-study-v2/arms/pointwise/c2-seed4/metrics/summaries.yaml,476,0eabf4e93744d0beaf01aae29d209ec3d5dc44d7c025e54a10ed025f1e342e54
sparknet-dendritic-study-v2,canonical_pai_architecture_scores,outputs/sparknet-dendritic-study-v2/arms/pointwise/c2-seed4/pai/candidates/sparknet_c2_multilayer/sparknet_c2_multilayer_best_arch_scores.csv,121,a9f7b957808ddcc2d7319524af07506b66bcebe96ae64eeab627b62f57697881
sparknet-dendritic-study-v2,stage_report,outputs/sparknet-dendritic-study-v2/arms/pointwise/c2-seed4/reports/sparknet_dendritic_prune_experiment.yaml,8619,55d5fd3e6e2c4089f3b1c278156668ec959ea006360655dd06af7d603e5c9cbf
sparknet-dendritic-study-v2,run_manifest,outputs/sparknet-dendritic-study-v2/arms/pointwise/c4-seed0/manifest.yaml,14702,b80f906480a10a6331a4af6a95eb819432d74bec702fd40e41cf7c7d28447e7d
sparknet-dendritic-study-v2,canonical_epoch_log,outputs/sparknet-dendritic-study-v2/arms/pointwise/c4-seed0/metrics/sparsity/sparknet_c4/prune_supervised.jsonl,17784,a408b724acbf1b5a89e7f4cb0d6bf9425217a1d86f3cbb58403905133799ab6d
sparknet-dendritic-study-v2,canonical_epoch_log,outputs/sparknet-dendritic-study-v2/arms/pointwise/c4-seed0/metrics/sparsity/sparknet_c4_multilayer/pai.jsonl,94121,55f20f59f92cbcaef7879425a0ee0961a427c4bcd3848f3dd4327e4c58990e8c
sparknet-dendritic-study-v2,canonical_epoch_log,outputs/sparknet-dendritic-study-v2/arms/pointwise/c4-seed0/metrics/sparsity/sparknet_c4_multilayer/resume_supervised.jsonl,3542,790cd6e073b76361f5884acf46a95cd7de8adf20e5f1fd64e1391b63606c8f9e
sparknet-dendritic-study-v2,training_summary,outputs/sparknet-dendritic-study-v2/arms/pointwise/c4-seed0/metrics/summaries.yaml,477,4cc495138cfcd5d74384c60b33010b1e10226825ebca894787d21c64c2cc7779
sparknet-dendritic-study-v2,canonical_pai_architecture_scores,outputs/sparknet-dendritic-study-v2/arms/pointwise/c4-seed0/pai/candidates/sparknet_c4_multilayer/sparknet_c4_multilayer_best_arch_scores.csv,122,cdeccd0ce65e62ec5c5e0bcec5acbc1eb91d8b7aefbc826fea9d64e3b47f8de0
sparknet-dendritic-study-v2,stage_report,outputs/sparknet-dendritic-study-v2/arms/pointwise/c4-seed0/reports/sparknet_dendritic_prune_experiment.yaml,8630,55ababc492596ca5e349394c802168847b6a59bb3016e4f54f65fc8bbf380fd7
sparknet-dendritic-study-v2,run_manifest,outputs/sparknet-dendritic-study-v2/arms/pointwise/c4-seed1/manifest.yaml,14702,bf955fcd808c79e08d46d32e78132d78714d8df3ece62ff662b3a224e3c3d840
sparknet-dendritic-study-v2,canonical_epoch_log,outputs/sparknet-dendritic-study-v2/arms/pointwise/c4-seed1/metrics/sparsity/sparknet_c4/prune_supervised.jsonl,17796,fbc041deb94ce8b2d5a208978e93996ea1adb3009deb79d529476f6febce0043
sparknet-dendritic-study-v2,canonical_epoch_log,outputs/sparknet-dendritic-study-v2/arms/pointwise/c4-seed1/metrics/sparsity/sparknet_c4_multilayer/pai.jsonl,98177,c3544b030b033cc41f183b42c81648a8ab5fb184e1367c9d9bcc25ab2eaef44c
sparknet-dendritic-study-v2,canonical_epoch_log,outputs/sparknet-dendritic-study-v2/arms/pointwise/c4-seed1/metrics/sparsity/sparknet_c4_multilayer/resume_supervised.jsonl,3542,013e0b8fba3844cdb15967de5c0b4b5fa49ab2a91fd60ea1d5a0ba63a9a23195
sparknet-dendritic-study-v2,training_summary,outputs/sparknet-dendritic-study-v2/arms/pointwise/c4-seed1/metrics/summaries.yaml,477,65158bde619b8eb49a268a18b0eba481e96f73dc6981065fb024612c342d48c0
sparknet-dendritic-study-v2,canonical_pai_architecture_scores,outputs/sparknet-dendritic-study-v2/arms/pointwise/c4-seed1/pai/candidates/sparknet_c4_multilayer/sparknet_c4_multilayer_best_arch_scores.csv,122,e536eebc5593531e5eb90b7958797520c144fdb8bf4ef35b71758bd2cd2e628f
sparknet-dendritic-study-v2,stage_report,outputs/sparknet-dendritic-study-v2/arms/pointwise/c4-seed1/reports/sparknet_dendritic_prune_experiment.yaml,8634,ea4caf2499808fa8d95d08967d8c1ae3faac257a7953ea4ab38bb11ca99bd46f
sparknet-dendritic-study-v2,run_manifest,outputs/sparknet-dendritic-study-v2/arms/pointwise/c4-seed2/manifest.yaml,14699,ee09bbe1fbdad28f9ae2c69e21311d176c49824a7d761be79a575f967ec5ebad
sparknet-dendritic-study-v2,canonical_epoch_log,outputs/sparknet-dendritic-study-v2/arms/pointwise/c4-seed2/metrics/sparsity/sparknet_c4/prune_supervised.jsonl,17802,0c1c7579af5954ccb138b8371b0bc82dc76ff566a2805f40716e88bdca60cc3a
sparknet-dendritic-study-v2,canonical_epoch_log,outputs/sparknet-dendritic-study-v2/arms/pointwise/c4-seed2/metrics/sparsity/sparknet_c4_multilayer/pai.jsonl,84787,acaa646040f96ce308f01778b48d6a8bd2918c5ea5e05550274a7139a1baceb7
sparknet-dendritic-study-v2,canonical_epoch_log,outputs/sparknet-dendritic-study-v2/arms/pointwise/c4-seed2/metrics/sparsity/sparknet_c4_multilayer/resume_supervised.jsonl,3544,a6feeefb6ee9d1192c70b3149e71e3a02728f3e6d572f5fc0d6e87eb26cd53b2
sparknet-dendritic-study-v2,training_summary,outputs/sparknet-dendritic-study-v2/arms/pointwise/c4-seed2/metrics/summaries.yaml,477,d5fad7fc983cdcfc305dbea694a2fcd390213d497d7511a7717ca1b4f53e7cc7
sparknet-dendritic-study-v2,canonical_pai_architecture_scores,outputs/sparknet-dendritic-study-v2/arms/pointwise/c4-seed2/pai/candidates/sparknet_c4_multilayer/sparknet_c4_multilayer_best_arch_scores.csv,121,9b123d90deace622a555daf26f4acb278195db1b7d37ca2d233d5a58953182be
sparknet-dendritic-study-v2,stage_report,outputs/sparknet-dendritic-study-v2/arms/pointwise/c4-seed2/reports/sparknet_dendritic_prune_experiment.yaml,8720,71cd579cd3f0a64e236dcf9580467926249ea0deff12a13614c0c8553773cb94
sparknet-dendritic-study-v2,run_manifest,outputs/sparknet-dendritic-study-v2/arms/pointwise/c4-seed3/manifest.yaml,14699,1cd9599c7d5f0713839ea47edd0982896422983016b74fe52980982df3418487
sparknet-dendritic-study-v2,canonical_epoch_log,outputs/sparknet-dendritic-study-v2/arms/pointwise/c4-seed3/metrics/sparsity/sparknet_c4/prune_supervised.jsonl,17787,bbbdc9f22db707a80d8542d3621b6b1ecfc74b413bbe2964d14b40eb39776b2e
sparknet-dendritic-study-v2,canonical_epoch_log,outputs/sparknet-dendritic-study-v2/arms/pointwise/c4-seed3/metrics/sparsity/sparknet_c4_multilayer/pai.jsonl,84203,68c918ac4bcbf5e7d233eba75b4358d5218dce35009bdfcb4ade2ab48c4a8995
sparknet-dendritic-study-v2,canonical_epoch_log,outputs/sparknet-dendritic-study-v2/arms/pointwise/c4-seed3/metrics/sparsity/sparknet_c4_multilayer/resume_supervised.jsonl,3546,c403b7ad3f5761c03fa9217d5db72ac23e75ac89435e4b9d17462c4ef6f15439
sparknet-dendritic-study-v2,training_summary,outputs/sparknet-dendritic-study-v2/arms/pointwise/c4-seed3/metrics/summaries.yaml,477,23f16a57b607ca3f2ce2677008bcf6d200a1e13d0cace0ab6f82dd3accc5eee0
sparknet-dendritic-study-v2,canonical_pai_architecture_scores,outputs/sparknet-dendritic-study-v2/arms/pointwise/c4-seed3/pai/candidates/sparknet_c4_multilayer/sparknet_c4_multilayer_best_arch_scores.csv,122,b5d86492f9479561c4ee5550e04c22d156ea9664fc7c605257ee217d92dfe7e4
sparknet-dendritic-study-v2,stage_report,outputs/sparknet-dendritic-study-v2/arms/pointwise/c4-seed3/reports/sparknet_dendritic_prune_experiment.yaml,8709,538730b9307912d0988b9117b26a33bb232fa869ca642e4a1dd656b81e0eae0e
sparknet-dendritic-study-v2,run_manifest,outputs/sparknet-dendritic-study-v2/arms/pointwise/c4-seed4/manifest.yaml,14699,38d44055d014b99c7de118fa270d0d37633e179c68c50ce5007fa0f2eb37cb51
sparknet-dendritic-study-v2,canonical_epoch_log,outputs/sparknet-dendritic-study-v2/arms/pointwise/c4-seed4/metrics/sparsity/sparknet_c4/prune_supervised.jsonl,17793,2e4e449c905650e28ef2bece4d21ba609650270b9f2f7d1945c8a116bcc30e6c
sparknet-dendritic-study-v2,canonical_epoch_log,outputs/sparknet-dendritic-study-v2/arms/pointwise/c4-seed4/metrics/sparsity/sparknet_c4_multilayer/pai.jsonl,84198,bc4aa28322608b8e33d89943132cb6f2f0a94dfbb6e9b5e638ab304715f3bba5
sparknet-dendritic-study-v2,canonical_epoch_log,outputs/sparknet-dendritic-study-v2/arms/pointwise/c4-seed4/metrics/sparsity/sparknet_c4_multilayer/resume_supervised.jsonl,3518,05c78b137f8e38f9fba12b19eb2f52f41d49345d3cab78836d2dda87368286d6
sparknet-dendritic-study-v2,training_summary,outputs/sparknet-dendritic-study-v2/arms/pointwise/c4-seed4/metrics/summaries.yaml,477,ad0cba9739cb4419c45583f7eb4af6f4299eb2acafa982337c807bc9a78f46ab
sparknet-dendritic-study-v2,canonical_pai_architecture_scores,outputs/sparknet-dendritic-study-v2/arms/pointwise/c4-seed4/pai/candidates/sparknet_c4_multilayer/sparknet_c4_multilayer_best_arch_scores.csv,121,f9769b590bc15305ecae18d1cf7f74502b0699ccfef2b5cbcc26dfcccf001a7d
sparknet-dendritic-study-v2,stage_report,outputs/sparknet-dendritic-study-v2/arms/pointwise/c4-seed4/reports/sparknet_dendritic_prune_experiment.yaml,8699,7b83d63a4777ec44f0b99c15deab1b0c9f866215296b18688be264f84ecd35e4
sparknet-dendritic-study-v2,run_manifest,outputs/sparknet-dendritic-study-v2/arms/pointwise/c6-seed0/manifest.yaml,14702,11a41de4b8a92a0cfc8c1cc8f3155f1901e7300bfa1339109b99026508d02892
sparknet-dendritic-study-v2,canonical_epoch_log,outputs/sparknet-dendritic-study-v2/arms/pointwise/c6-seed0/metrics/sparsity/sparknet_c6/prune_supervised.jsonl,17768,1f0bc15322c1b5bc53daa3547ccb3331e10dd4e2817d30eced2da319bb29cbe0
sparknet-dendritic-study-v2,canonical_epoch_log,outputs/sparknet-dendritic-study-v2/arms/pointwise/c6-seed0/metrics/sparsity/sparknet_c6_multilayer/pai.jsonl,87934,dea725362b4f0e84b65869f387feca33dc1aa670efa555a883b01da99899189c
sparknet-dendritic-study-v2,canonical_epoch_log,outputs/sparknet-dendritic-study-v2/arms/pointwise/c6-seed0/metrics/sparsity/sparknet_c6_multilayer/resume_supervised.jsonl,3533,8344e2d5cd23f4783795403b1ddfa063e71986a34c1bbc152de034be3cdcef59
sparknet-dendritic-study-v2,training_summary,outputs/sparknet-dendritic-study-v2/arms/pointwise/c6-seed0/metrics/summaries.yaml,477,86af143ca6d38fdd973d2ccceba8140e4df92aa01b92c31ffa85c52e43296ec5
sparknet-dendritic-study-v2,canonical_pai_architecture_scores,outputs/sparknet-dendritic-study-v2/arms/pointwise/c6-seed0/pai/candidates/sparknet_c6_multilayer/sparknet_c6_multilayer_best_arch_scores.csv,122,de894738bb1c84843447eb6284ee49e373fabf5b7acb37f65d890bb13cd2980d
sparknet-dendritic-study-v2,stage_report,outputs/sparknet-dendritic-study-v2/arms/pointwise/c6-seed0/reports/sparknet_dendritic_prune_experiment.yaml,8628,54d840784e26cf14a88adab81b78b42451ffb00aaf6934acfe88cb14d61a699e
sparknet-dendritic-study-v2,run_manifest,outputs/sparknet-dendritic-study-v2/arms/pointwise/c6-seed1/manifest.yaml,14702,4113744b20a690f5c4f280185d772ab7443293913f66110cf374ef1733762329
sparknet-dendritic-study-v2,canonical_epoch_log,outputs/sparknet-dendritic-study-v2/arms/pointwise/c6-seed1/metrics/sparsity/sparknet_c6/prune_supervised.jsonl,17765,2233e44995986df2316c0b997774eea2d808ffb1943fa66bc30008885abbed39
sparknet-dendritic-study-v2,canonical_epoch_log,outputs/sparknet-dendritic-study-v2/arms/pointwise/c6-seed1/metrics/sparsity/sparknet_c6_multilayer/pai.jsonl,92147,0580e27c697ba0ebaf37f3a8480f3b5f79692e3a47f2e8ae7ae3b09ae867044e
sparknet-dendritic-study-v2,canonical_epoch_log,outputs/sparknet-dendritic-study-v2/arms/pointwise/c6-seed1/metrics/sparsity/sparknet_c6_multilayer/resume_supervised.jsonl,3538,bb02366a4a9e917a3c291004e5174a332a98eebbbd7e4087e1a0012f517fb3f1
sparknet-dendritic-study-v2,training_summary,outputs/sparknet-dendritic-study-v2/arms/pointwise/c6-seed1/metrics/summaries.yaml,476,400906a34430d286f3a70002598c3298c1c81b98b2dbc4508c910031cf1b1d55
sparknet-dendritic-study-v2,canonical_pai_architecture_scores,outputs/sparknet-dendritic-study-v2/arms/pointwise/c6-seed1/pai/candidates/sparknet_c6_multilayer/sparknet_c6_multilayer_best_arch_scores.csv,121,0d558b54d02096abe8797c2c97db9d6317c9841b91ce67214fe7b86213171f7f
sparknet-dendritic-study-v2,stage_report,outputs/sparknet-dendritic-study-v2/arms/pointwise/c6-seed1/reports/sparknet_dendritic_prune_experiment.yaml,8634,3d47ede3691986d78c15eb9524b530b24d01c92ba5b8092854ff6d9cf052e898
sparknet-dendritic-study-v2,run_manifest,outputs/sparknet-dendritic-study-v2/arms/pointwise/c6-seed2/manifest.yaml,14702,ed7ad174dd9826ac66472750ec2c7df898ce69b4a117970ac9814fc76d7473c8
sparknet-dendritic-study-v2,canonical_epoch_log,outputs/sparknet-dendritic-study-v2/arms/pointwise/c6-seed2/metrics/sparsity/sparknet_c6/prune_supervised.jsonl,17757,6fe0d33ba0851d9fb9a08a8965fda7d266a0f1bc92166a8268da1b134b57c58f
sparknet-dendritic-study-v2,canonical_epoch_log,outputs/sparknet-dendritic-study-v2/arms/pointwise/c6-seed2/metrics/sparsity/sparknet_c6_multilayer/pai.jsonl,91262,3aaf9afeb79f2599c106b724edb992bf9b8c88f65767f6b10ef2fd9ac6c62ac9
sparknet-dendritic-study-v2,canonical_epoch_log,outputs/sparknet-dendritic-study-v2/arms/pointwise/c6-seed2/metrics/sparsity/sparknet_c6_multilayer/resume_supervised.jsonl,3536,3e59170b5d3a5199cc227c9f462e01d385ba354c34d4fe6a17a643713fa09dc1
sparknet-dendritic-study-v2,training_summary,outputs/sparknet-dendritic-study-v2/arms/pointwise/c6-seed2/metrics/summaries.yaml,475,fb81799826f4f90a2cd2501124c7279d64f1c6cb5a0d73b7cda5d3de62f79081
sparknet-dendritic-study-v2,canonical_pai_architecture_scores,outputs/sparknet-dendritic-study-v2/arms/pointwise/c6-seed2/pai/candidates/sparknet_c6_multilayer/sparknet_c6_multilayer_best_arch_scores.csv,121,15559350509b3bb6c0e3c8d7b2bca905e43d1e1e32df089e0e84894d003d9b25
sparknet-dendritic-study-v2,stage_report,outputs/sparknet-dendritic-study-v2/arms/pointwise/c6-seed2/reports/sparknet_dendritic_prune_experiment.yaml,8629,a67f91a91b9e8149a15091cff96493ccbf2a2b7333539b167f4b00526886855b
sparknet-dendritic-study-v2,run_manifest,outputs/sparknet-dendritic-study-v2/arms/pointwise/c6-seed3/manifest.yaml,14699,1fa30aacdc3a0f1e445a241269921bb557617833280ef064e2542d82fa0a28ee
sparknet-dendritic-study-v2,canonical_epoch_log,outputs/sparknet-dendritic-study-v2/arms/pointwise/c6-seed3/metrics/sparsity/sparknet_c6/prune_supervised.jsonl,17758,b507f660b7fa4f9c17a4d6b93514abbcf911c3ceb774a6f061940762f990deaa
sparknet-dendritic-study-v2,canonical_epoch_log,outputs/sparknet-dendritic-study-v2/arms/pointwise/c6-seed3/metrics/sparsity/sparknet_c6_multilayer/pai.jsonl,90558,4bf3c7d15e0553f47ec238c9c5a45b31c9e39af0406fd2f4dc41aed0c0f4c7e5
sparknet-dendritic-study-v2,canonical_epoch_log,outputs/sparknet-dendritic-study-v2/arms/pointwise/c6-seed3/metrics/sparsity/sparknet_c6_multilayer/resume_supervised.jsonl,3534,22efd08cb291e3d7fa8300137347a4e7983ce60f50de1c08edf214cf8f4cd730
sparknet-dendritic-study-v2,training_summary,outputs/sparknet-dendritic-study-v2/arms/pointwise/c6-seed3/metrics/summaries.yaml,477,0c390475e501337fe501243b90e2bd627deefe85103476ab77b8009bdc82573f
sparknet-dendritic-study-v2,canonical_pai_architecture_scores,outputs/sparknet-dendritic-study-v2/arms/pointwise/c6-seed3/pai/candidates/sparknet_c6_multilayer/sparknet_c6_multilayer_best_arch_scores.csv,122,eed60d3f37cd00f7167355b0172935e5f4c5ceda0adf94b061603343cab73346
sparknet-dendritic-study-v2,stage_report,outputs/sparknet-dendritic-study-v2/arms/pointwise/c6-seed3/reports/sparknet_dendritic_prune_experiment.yaml,8624,771d4232fe6843bd6efcfd58861e825905c073b861363d03a989a67760822272
sparknet-dendritic-study-v2,run_manifest,outputs/sparknet-dendritic-study-v2/arms/pointwise/c6-seed4/manifest.yaml,14699,e663033c9769c80313fcd1778dedae69a04893963d456ecffc214bedc9961b82
sparknet-dendritic-study-v2,canonical_epoch_log,outputs/sparknet-dendritic-study-v2/arms/pointwise/c6-seed4/metrics/sparsity/sparknet_c6/prune_supervised.jsonl,17771,9f3d2f2821cf7ec62be9c610a928f8639331512de183d6d4dca78947ac09c34b
sparknet-dendritic-study-v2,canonical_epoch_log,outputs/sparknet-dendritic-study-v2/arms/pointwise/c6-seed4/metrics/sparsity/sparknet_c6_multilayer/pai.jsonl,84452,bc172e9c80fa3b6b6b4777840a1720fc12f3f44b0243cc0d4115fa56539f32bf
sparknet-dendritic-study-v2,canonical_epoch_log,outputs/sparknet-dendritic-study-v2/arms/pointwise/c6-seed4/metrics/sparsity/sparknet_c6_multilayer/resume_supervised.jsonl,3534,8bc68b43d4085f78366a01e4c653ac098bb3599b658966a30e3f901dac485933
sparknet-dendritic-study-v2,training_summary,outputs/sparknet-dendritic-study-v2/arms/pointwise/c6-seed4/metrics/summaries.yaml,477,e6d7bc976d333a12c264e71008e5c6c5ca1babf1eb405ce19f41e5464e7b16a1
sparknet-dendritic-study-v2,canonical_pai_architecture_scores,outputs/sparknet-dendritic-study-v2/arms/pointwise/c6-seed4/pai/candidates/sparknet_c6_multilayer/sparknet_c6_multilayer_best_arch_scores.csv,122,3360269310c6c18591e7f4b2a8df993ee25aaab4ca1a0314e0c99cddf8544733
sparknet-dendritic-study-v2,stage_report,outputs/sparknet-dendritic-study-v2/arms/pointwise/c6-seed4/reports/sparknet_dendritic_prune_experiment.yaml,8686,4c08fbf4252f5f30076a4b842285548846cf122f1270996e7eac6e1c768f6d4f
sparknet-dendritic-study-v2,run_manifest,outputs/sparknet-dendritic-study-v2/arms/pointwise/c8-seed0/manifest.yaml,18380,80eb0134378c5cb2d7f743181a620eda94d1a83dacaddd550f65a6438de81f60
sparknet-dendritic-study-v2,canonical_epoch_log,outputs/sparknet-dendritic-study-v2/arms/pointwise/c8-seed0/metrics/sparsity/sparknet_c8/prune_supervised.jsonl,17749,444b72b6d861b246d62389acb1ff9d3b8799b8edc47741541bec7e19c098a82f
sparknet-dendritic-study-v2,canonical_epoch_log,outputs/sparknet-dendritic-study-v2/arms/pointwise/c8-seed0/metrics/sparsity/sparknet_c8_multilayer/pai.jsonl,203602,41f612e3e43e25ad65534d615b31d9d28e549f4ce59697bd416d89c950785a37
sparknet-dendritic-study-v2,canonical_epoch_log,outputs/sparknet-dendritic-study-v2/arms/pointwise/c8-seed0/metrics/sparsity/sparknet_c8_multilayer/resume_supervised.jsonl,3538,bc594110442e0d1780f97106afa7eba738b189def41aefef52f1902356a64663
sparknet-dendritic-study-v2,training_summary,outputs/sparknet-dendritic-study-v2/arms/pointwise/c8-seed0/metrics/summaries.yaml,476,c3f01d13d7537d2db671a2da0dbc12fb5f4b7ab0eb9429e69f16955389b16fe7
sparknet-dendritic-study-v2,canonical_pai_architecture_scores,outputs/sparknet-dendritic-study-v2/arms/pointwise/c8-seed0/pai/candidates/sparknet_c8_multilayer/sparknet_c8_multilayer_best_arch_scores.csv,79,8830ed890bddd2a268f97ee457dc734e41d99ecbcd58e4a4c0ab045c81e3da14
sparknet-dendritic-study-v2,stage_report,outputs/sparknet-dendritic-study-v2/arms/pointwise/c8-seed0/reports/sparknet_dendritic_prune_experiment.yaml,8606,1c78d26350b3b2ccf1a1dae172a2b0bf7b1ffc6de7cb498bad7226cbe2b9e2b2
sparknet-dendritic-study-v2,run_manifest,outputs/sparknet-dendritic-study-v2/arms/pointwise/c8-seed1/manifest.yaml,14702,42645a66a98d70e5d2e94db661db6cb4422731f43a1fb8f052a26e7c5293613e
sparknet-dendritic-study-v2,canonical_epoch_log,outputs/sparknet-dendritic-study-v2/arms/pointwise/c8-seed1/metrics/sparsity/sparknet_c8/prune_supervised.jsonl,17750,abba64802d411fecd667b80eb9a18b939794adacdff401eeb4f70610954bf82a
sparknet-dendritic-study-v2,canonical_epoch_log,outputs/sparknet-dendritic-study-v2/arms/pointwise/c8-seed1/metrics/sparsity/sparknet_c8_multilayer/pai.jsonl,94746,5ca0d156f7b78d7b4505b48c7561623794b96a7f3dea2188d037ae76598ca1da
sparknet-dendritic-study-v2,canonical_epoch_log,outputs/sparknet-dendritic-study-v2/arms/pointwise/c8-seed1/metrics/sparsity/sparknet_c8_multilayer/resume_supervised.jsonl,3539,8030fa5588ba94073b57fa00ee86632bd691f590140596059774a0fc865c81eb
sparknet-dendritic-study-v2,training_summary,outputs/sparknet-dendritic-study-v2/arms/pointwise/c8-seed1/metrics/summaries.yaml,476,5980405e2227be04d17755620dde44e7c497f7950d6c879800f363f2d01885f8
sparknet-dendritic-study-v2,canonical_pai_architecture_scores,outputs/sparknet-dendritic-study-v2/arms/pointwise/c8-seed1/pai/candidates/sparknet_c8_multilayer/sparknet_c8_multilayer_best_arch_scores.csv,122,9161f4e3dcc06f44b2839c5ce65faf428607eccd2636cbda3bcfc59304593e5b
sparknet-dendritic-study-v2,stage_report,outputs/sparknet-dendritic-study-v2/arms/pointwise/c8-seed1/reports/sparknet_dendritic_prune_experiment.yaml,8638,5cc15cc32c398c4fa8751527f92d5b6f217dd0f4f20918b1f1142c226e5d4ca1
sparknet-dendritic-study-v2,run_manifest,outputs/sparknet-dendritic-study-v2/arms/pointwise/c8-seed2/manifest.yaml,14699,4fbaa32ab36483637de54194f864832f8bec8c4bcbb75af699dd42e17d60db0d
sparknet-dendritic-study-v2,canonical_epoch_log,outputs/sparknet-dendritic-study-v2/arms/pointwise/c8-seed2/metrics/sparsity/sparknet_c8/prune_supervised.jsonl,17756,749b9d683a67f05b444036bde9526aa415473f0d3364a9dc02e7a31f2ad93f76
sparknet-dendritic-study-v2,canonical_epoch_log,outputs/sparknet-dendritic-study-v2/arms/pointwise/c8-seed2/metrics/sparsity/sparknet_c8_multilayer/pai.jsonl,84187,66e51f51d893e37beb02b1bfccae47bf0d47143e2143f230937da0f692bee0b9
sparknet-dendritic-study-v2,canonical_epoch_log,outputs/sparknet-dendritic-study-v2/arms/pointwise/c8-seed2/metrics/sparsity/sparknet_c8_multilayer/resume_supervised.jsonl,3528,f07dd8fa401b9226f359c47b1e31c4d79f2fa54b05b8a2cb1689d39035e972bf
sparknet-dendritic-study-v2,training_summary,outputs/sparknet-dendritic-study-v2/arms/pointwise/c8-seed2/metrics/summaries.yaml,477,a1d1a7c9c38920a72a2668964f3c4939131db84fd7a82bb807981ea708c75886
sparknet-dendritic-study-v2,canonical_pai_architecture_scores,outputs/sparknet-dendritic-study-v2/arms/pointwise/c8-seed2/pai/candidates/sparknet_c8_multilayer/sparknet_c8_multilayer_best_arch_scores.csv,120,39a967b6435aeb287cdf389f2fbe9498fcb781ef52594becb74abeff0dc9bab7
sparknet-dendritic-study-v2,stage_report,outputs/sparknet-dendritic-study-v2/arms/pointwise/c8-seed2/reports/sparknet_dendritic_prune_experiment.yaml,8621,0fbc23e72cd32ae6902ce5efbfb61ea1d8358fcb2dffbf778fa262bef4ea99ad
sparknet-dendritic-study-v2,run_manifest,outputs/sparknet-dendritic-study-v2/arms/pointwise/c8-seed3/manifest.yaml,14702,109eb90a20654b12e946ba868b9bff304906ef968e18e5a2d37aa6c54b416b26
sparknet-dendritic-study-v2,canonical_epoch_log,outputs/sparknet-dendritic-study-v2/arms/pointwise/c8-seed3/metrics/sparsity/sparknet_c8/prune_supervised.jsonl,17751,966ea14c11df49d30af14573904574d256c747721611cce82b75e5b6d353c22f
sparknet-dendritic-study-v2,canonical_epoch_log,outputs/sparknet-dendritic-study-v2/arms/pointwise/c8-seed3/metrics/sparsity/sparknet_c8_multilayer/pai.jsonl,92158,0e9ddb5f45985d20dc17baa20faa80afae24d35486872236abb3f756028d5d78
sparknet-dendritic-study-v2,canonical_epoch_log,outputs/sparknet-dendritic-study-v2/arms/pointwise/c8-seed3/metrics/sparsity/sparknet_c8_multilayer/resume_supervised.jsonl,3540,fef1f491da00cc7b8b2ab94990c977a0418ac269137ecefbf651fc211b9ff6ca
sparknet-dendritic-study-v2,training_summary,outputs/sparknet-dendritic-study-v2/arms/pointwise/c8-seed3/metrics/summaries.yaml,477,95e62f33baf6cd1bfe297054709307ef26efb009e85d0363097c0d3efc09a27d
sparknet-dendritic-study-v2,canonical_pai_architecture_scores,outputs/sparknet-dendritic-study-v2/arms/pointwise/c8-seed3/pai/candidates/sparknet_c8_multilayer/sparknet_c8_multilayer_best_arch_scores.csv,121,1f63e8ab0335c763c68ef63f7c8902ca4ef97e43ad5b13f673ac76d20ace1f35
sparknet-dendritic-study-v2,stage_report,outputs/sparknet-dendritic-study-v2/arms/pointwise/c8-seed3/reports/sparknet_dendritic_prune_experiment.yaml,8640,7e836ec43439a32937f4b97e45bd23fde8fa1bd587e92999e9350c594791b96c
sparknet-dendritic-study-v2,run_manifest,outputs/sparknet-dendritic-study-v2/arms/pointwise/c8-seed4/manifest.yaml,14699,234ff771bf46993550df2739030d92067696cd1cb83ce7da1db999c036824b3f
sparknet-dendritic-study-v2,canonical_epoch_log,outputs/sparknet-dendritic-study-v2/arms/pointwise/c8-seed4/metrics/sparsity/sparknet_c8/prune_supervised.jsonl,17759,f730b7a39d185fa06e9d410ad95331f0dc25117fae2ec9c19a3c2758da017787
sparknet-dendritic-study-v2,canonical_epoch_log,outputs/sparknet-dendritic-study-v2/arms/pointwise/c8-seed4/metrics/sparsity/sparknet_c8_multilayer/pai.jsonl,83623,fa6499cf30fb225a6ba54a8fc0a8a81eacb4ebbeefc57f424b6c0e40faf484aa
sparknet-dendritic-study-v2,canonical_epoch_log,outputs/sparknet-dendritic-study-v2/arms/pointwise/c8-seed4/metrics/sparsity/sparknet_c8_multilayer/resume_supervised.jsonl,3538,fdc8f14967ab600f0578107aacbab7e8c2229579c5b33c17bdd3ddacba98f250
sparknet-dendritic-study-v2,training_summary,outputs/sparknet-dendritic-study-v2/arms/pointwise/c8-seed4/metrics/summaries.yaml,477,b809607dd75ca73f73bdcde5c41778f6403d0e36dc1c66d1e6b9de6afe6cbfb8
sparknet-dendritic-study-v2,canonical_pai_architecture_scores,outputs/sparknet-dendritic-study-v2/arms/pointwise/c8-seed4/pai/candidates/sparknet_c8_multilayer/sparknet_c8_multilayer_best_arch_scores.csv,122,8426923e44b052d6ee892a9016fe8489aeae1505b9ea174b4897be1609a12c98
sparknet-dendritic-study-v2,stage_report,outputs/sparknet-dendritic-study-v2/arms/pointwise/c8-seed4/reports/sparknet_dendritic_prune_experiment.yaml,8692,1aeedef1fc012a7413feae235dca01d40d78aebcd5de5e56bef51cbc70ef49a0
sparknet-dendritic-study-v2,run_manifest,outputs/sparknet-dendritic-study-v2/scratch/c10-seed0/manifest.yaml,3014,6acdb4adac46a947b72196bd8d2abbc9ee06aeeb9d1702995a28008f8ebb95fa
sparknet-dendritic-study-v2,canonical_epoch_log,outputs/sparknet-dendritic-study-v2/scratch/c10-seed0/metrics/paper_replication/sparknet_c10_paper.jsonl,89207,ef66ddf31503e707790ef364832247c0272ff8fd934de90d312cf6b8321590bb
sparknet-dendritic-study-v2,training_summary,outputs/sparknet-dendritic-study-v2/scratch/c10-seed0/metrics/summaries.yaml,450,6947fff823d36b6b7ace336d26e3f0dc6236780049e9cd20ec7888e2e8184e12
sparknet-dendritic-study-v2,run_manifest,outputs/sparknet-dendritic-study-v2/scratch/c10-seed1/manifest.yaml,3014,9fc7fa8903f469006cb066c63273fb25dd1d3ec3b2108b400a4d6c831627f0ee
sparknet-dendritic-study-v2,canonical_epoch_log,outputs/sparknet-dendritic-study-v2/scratch/c10-seed1/metrics/paper_replication/sparknet_c10_paper.jsonl,89185,3789064514deb2f7b71fc28685f4495a6aab318f63ecba6ba68558036fde4db1
sparknet-dendritic-study-v2,training_summary,outputs/sparknet-dendritic-study-v2/scratch/c10-seed1/metrics/summaries.yaml,449,008b7814dbf4519dc372d33d33dc7dd270fac175e3dea54988f684f5beb54532
sparknet-dendritic-study-v2,run_manifest,outputs/sparknet-dendritic-study-v2/scratch/c10-seed2/manifest.yaml,3014,66fa044f20069cef3ee81826dacabfb421c987f81349c5e866dae76cbed92d09
sparknet-dendritic-study-v2,canonical_epoch_log,outputs/sparknet-dendritic-study-v2/scratch/c10-seed2/metrics/paper_replication/sparknet_c10_paper.jsonl,89239,37205cc2d24630e7eaf47c52834f46d7cdafdc46eb9ada411c7e7ed5a5e97fef
sparknet-dendritic-study-v2,training_summary,outputs/sparknet-dendritic-study-v2/scratch/c10-seed2/metrics/summaries.yaml,450,d60f5d9bcca4453ab601596d4ec28f3c69fe03a22083fbee875e82d74a2671b2
sparknet-dendritic-study-v2,run_manifest,outputs/sparknet-dendritic-study-v2/scratch/c10-seed3/manifest.yaml,3014,adf0f2f137994e435b25b6ffe85114a33e36945f2d832df4b536fd5213d6e802
sparknet-dendritic-study-v2,canonical_epoch_log,outputs/sparknet-dendritic-study-v2/scratch/c10-seed3/metrics/paper_replication/sparknet_c10_paper.jsonl,89247,67ce1141189de1fcd381ae55f84efcca966cbacdaeb6922173996bab80448310
sparknet-dendritic-study-v2,training_summary,outputs/sparknet-dendritic-study-v2/scratch/c10-seed3/metrics/summaries.yaml,449,e5dc32a97c21eae92d65d775007ac126fd9dd12f073585da8bad3846f5b4cb50
sparknet-dendritic-study-v2,run_manifest,outputs/sparknet-dendritic-study-v2/scratch/c10-seed4/manifest.yaml,3013,8986c0627c1d2f35984b4858210f95787ee1599847b44a1b892bbc3943380405
sparknet-dendritic-study-v2,canonical_epoch_log,outputs/sparknet-dendritic-study-v2/scratch/c10-seed4/metrics/paper_replication/sparknet_c10_paper.jsonl,89247,40b6f69a8e9776613796c64944ab3c19f4562bb1b7551121ae93c861c690d21b
sparknet-dendritic-study-v2,training_summary,outputs/sparknet-dendritic-study-v2/scratch/c10-seed4/metrics/summaries.yaml,450,0a30672df25f1da460a73a4471ebce6260b6c1b05d04522e6bd7ec88c4c40050
sparknet-dendritic-study-v2,run_manifest,outputs/sparknet-dendritic-study-v2/scratch/c10g12-seed0/manifest.yaml,2934,0eaf45d37885cb12cd5e6eb115a273be604cfe6a2c242feb5d2eb1daf09bfb7e
sparknet-dendritic-study-v2,canonical_epoch_log,outputs/sparknet-dendritic-study-v2/scratch/c10g12-seed0/metrics/paper_replication/sparknet_c10g12_paper.jsonl,89706,1c22ab8bff7b7d6797420e180109050dec5651615f094c9e7faa623130afd97c
sparknet-dendritic-study-v2,training_summary,outputs/sparknet-dendritic-study-v2/scratch/c10g12-seed0/metrics/summaries.yaml,456,b3a90ec1562c6473df3717f190468cde0bf9bcf502be17486e4b31447a8c55c9
sparknet-dendritic-study-v2,run_manifest,outputs/sparknet-dendritic-study-v2/scratch/c10g12-seed1/manifest.yaml,2934,13f3151dbd18e27f954d80189566cc03dff75cbac1069f6c3be2c50ca47c213b
sparknet-dendritic-study-v2,canonical_epoch_log,outputs/sparknet-dendritic-study-v2/scratch/c10g12-seed1/metrics/paper_replication/sparknet_c10g12_paper.jsonl,89724,ea7964e9254ed2f7038c379443808247e84a58d5e2ffc99d06a465368b77f52d
sparknet-dendritic-study-v2,training_summary,outputs/sparknet-dendritic-study-v2/scratch/c10g12-seed1/metrics/summaries.yaml,456,63aed326336e0655a467a71bc91e4f8d5193d225c4de1be218d198c94af5d2ae
sparknet-dendritic-study-v2,run_manifest,outputs/sparknet-dendritic-study-v2/scratch/c10g12-seed2/manifest.yaml,2934,20ee1aa329eb776fb3abce5c7e77d2ba4f45e9c7afcb53f61e34a01c1ee54a0f
sparknet-dendritic-study-v2,canonical_epoch_log,outputs/sparknet-dendritic-study-v2/scratch/c10g12-seed2/metrics/paper_replication/sparknet_c10g12_paper.jsonl,89604,32a52ae29651552a96ba668173018eda539c31e15d7d2f51accdcde84810b402
sparknet-dendritic-study-v2,training_summary,outputs/sparknet-dendritic-study-v2/scratch/c10g12-seed2/metrics/summaries.yaml,456,7042988a489782215d39c13ed1ae1713f058e0ccc48bd22bf837a7770da31459
sparknet-dendritic-study-v2,run_manifest,outputs/sparknet-dendritic-study-v2/scratch/c10g12-seed3/manifest.yaml,2934,95e55f3d8356c7db848218b6e8a71e04fd5130647832597496f9b97c0f462cfa
sparknet-dendritic-study-v2,canonical_epoch_log,outputs/sparknet-dendritic-study-v2/scratch/c10g12-seed3/metrics/paper_replication/sparknet_c10g12_paper.jsonl,89816,1070c796f6b84fb8febc377236978166e9909e8ccee2bf30e90f30516448d4fd
sparknet-dendritic-study-v2,training_summary,outputs/sparknet-dendritic-study-v2/scratch/c10g12-seed3/metrics/summaries.yaml,456,eca2f60c0cb09b0017986e1dc2b3fd8a7a0814a20add7838e9498c77e2597ddc
sparknet-dendritic-study-v2,run_manifest,outputs/sparknet-dendritic-study-v2/scratch/c10g12-seed4/manifest.yaml,2934,112f1ed690f62d734f5f32b4a7750a3e06a4e10bff4f1cc249638599ee9558aa
sparknet-dendritic-study-v2,canonical_epoch_log,outputs/sparknet-dendritic-study-v2/scratch/c10g12-seed4/metrics/paper_replication/sparknet_c10g12_paper.jsonl,89706,6839e0e3b085c8fb6a8f62e6a66369576347ad5e551cf612e3d4ca2c98035bce
sparknet-dendritic-study-v2,training_summary,outputs/sparknet-dendritic-study-v2/scratch/c10g12-seed4/metrics/summaries.yaml,456,15cf9b97c822c825e868ba8b4151457b0e08a966c39af32370ef62e01db3df2f
sparknet-dendritic-study-v2,run_manifest,outputs/sparknet-dendritic-study-v2/scratch/c10g16-seed0/manifest.yaml,2934,a35819118a8350a8d92a05ca8756154445e2ac83b0959a61887a7156ed948661
sparknet-dendritic-study-v2,canonical_epoch_log,outputs/sparknet-dendritic-study-v2/scratch/c10g16-seed0/metrics/paper_replication/sparknet_c10g16_paper.jsonl,89748,0fd14d3f2e8c94f37f955c2f4a30fa695a80b54a620cc74ba577e3e7076bfe49
sparknet-dendritic-study-v2,training_summary,outputs/sparknet-dendritic-study-v2/scratch/c10g16-seed0/metrics/summaries.yaml,455,a2225e1e113e7efe2a64f435628c3f605c8b8e873177367aeb0c2b82ebb2af2f
sparknet-dendritic-study-v2,run_manifest,outputs/sparknet-dendritic-study-v2/scratch/c10g16-seed1/manifest.yaml,2934,738dfab0ff4324dff50890b7ab49b688edce84b1694dec051b1a0837c0b24f9d
sparknet-dendritic-study-v2,canonical_epoch_log,outputs/sparknet-dendritic-study-v2/scratch/c10g16-seed1/metrics/paper_replication/sparknet_c10g16_paper.jsonl,89708,98bb419bfbf142bec05bc5734b634a6e040047a4af8124585be60d7f7a9633ef
sparknet-dendritic-study-v2,training_summary,outputs/sparknet-dendritic-study-v2/scratch/c10g16-seed1/metrics/summaries.yaml,456,4a2486919090fee9191cdad7b80bc91dd8f31f4e31c4d3d1303623abb38d4da7
sparknet-dendritic-study-v2,run_manifest,outputs/sparknet-dendritic-study-v2/scratch/c10g16-seed2/manifest.yaml,2934,a655f440bc5cb81604983e4c7695d38c8026c458aa103e78a435b6be5b31afd9
sparknet-dendritic-study-v2,canonical_epoch_log,outputs/sparknet-dendritic-study-v2/scratch/c10g16-seed2/metrics/paper_replication/sparknet_c10g16_paper.jsonl,89701,549766a90700902188515345dd88ffdc3418078c1729229d3752d987a94bd34e
sparknet-dendritic-study-v2,training_summary,outputs/sparknet-dendritic-study-v2/scratch/c10g16-seed2/metrics/summaries.yaml,456,69051ceb92687399fe996aea11d85b6b5360991f3f7f7f66f36b16e42db7dbae
sparknet-dendritic-study-v2,run_manifest,outputs/sparknet-dendritic-study-v2/scratch/c10g8-seed0/manifest.yaml,2928,76f8dc61f8f8c4d4088f37b3047a86709f1bdeb4e354ec20659f2d707bfb719c
sparknet-dendritic-study-v2,canonical_epoch_log,outputs/sparknet-dendritic-study-v2/scratch/c10g8-seed0/metrics/paper_replication/sparknet_c10g8_paper.jsonl,89472,11d87d924fac016647e933c5080ee325e6abfd22db050c0b671d0b9d4f9c0d28
sparknet-dendritic-study-v2,training_summary,outputs/sparknet-dendritic-study-v2/scratch/c10g8-seed0/metrics/summaries.yaml,454,82ce9456d1ba9b81174fab7952b5578537fb9f923fcd782a574a78233fada87d
sparknet-dendritic-study-v2,run_manifest,outputs/sparknet-dendritic-study-v2/scratch/c10g8-seed1/manifest.yaml,2928,3391c14353a53f4bdf3594f41f78f9de1dbfeca47e6621287c3ea21195132929
sparknet-dendritic-study-v2,canonical_epoch_log,outputs/sparknet-dendritic-study-v2/scratch/c10g8-seed1/metrics/paper_replication/sparknet_c10g8_paper.jsonl,89375,385a1dd23cfbf6c7ef68990bd2af4effa2be180939ebb897823857ce7864184c
sparknet-dendritic-study-v2,training_summary,outputs/sparknet-dendritic-study-v2/scratch/c10g8-seed1/metrics/summaries.yaml,454,1bc3ca14ba058677edd49fd60cc232c6c3217eb801bbd638a940f4517ab85042
sparknet-dendritic-study-v2,run_manifest,outputs/sparknet-dendritic-study-v2/scratch/c10g8-seed2/manifest.yaml,2928,a6976e023bb6b4ba8688208c34abd29c775b9facf83c3b7b6fff7822ade48aee
sparknet-dendritic-study-v2,canonical_epoch_log,outputs/sparknet-dendritic-study-v2/scratch/c10g8-seed2/metrics/paper_replication/sparknet_c10g8_paper.jsonl,89438,009a1197339522443530bfa8921b89ba044e1606576fc1961d279923be82081c
sparknet-dendritic-study-v2,training_summary,outputs/sparknet-dendritic-study-v2/scratch/c10g8-seed2/metrics/summaries.yaml,453,29c5e46234d6393da06385acb34b2fed123258f13a2a5eccbeb8a0a1228131f4
sparknet-dendritic-study-v2,run_manifest,outputs/sparknet-dendritic-study-v2/scratch/c12-seed0/manifest.yaml,3013,d284fa4c48acc3ffad0f4b5a2e61d417f226701aa7013b02aa4a1373f1385b5d
sparknet-dendritic-study-v2,canonical_epoch_log,outputs/sparknet-dendritic-study-v2/scratch/c12-seed0/metrics/paper_replication/sparknet_c12_paper.jsonl,89270,71cea0c7374cea975ff3fbcdc15898a40fff42fc1f5cee095cfc6a37d5ef6d03
sparknet-dendritic-study-v2,training_summary,outputs/sparknet-dendritic-study-v2/scratch/c12-seed0/metrics/summaries.yaml,450,598f51f43fb6eeb940e34f7581c174dd305ec92358a64f0f6e59008c0c523454
sparknet-dendritic-study-v2,run_manifest,outputs/sparknet-dendritic-study-v2/scratch/c12-seed1/manifest.yaml,3013,672b94b1b7205a46e70a14699b5ba215f8bcfa4c7ff3b2a7055f0b2bd7790465
sparknet-dendritic-study-v2,canonical_epoch_log,outputs/sparknet-dendritic-study-v2/scratch/c12-seed1/metrics/paper_replication/sparknet_c12_paper.jsonl,89243,ce6fa44e7d6ef741bce64eb1ada0a89710c8cae635dbdba2455588e32b0fa0c7
sparknet-dendritic-study-v2,training_summary,outputs/sparknet-dendritic-study-v2/scratch/c12-seed1/metrics/summaries.yaml,450,a66ecf74205aaade0256450964607e4769f11b091101257ecc27796725deb1ea
sparknet-dendritic-study-v2,run_manifest,outputs/sparknet-dendritic-study-v2/scratch/c12-seed2/manifest.yaml,3014,70662b208b440f35459176d79b3ce91e1f550d8f1fd5c8d6e6e6d43d93cb524d
sparknet-dendritic-study-v2,canonical_epoch_log,outputs/sparknet-dendritic-study-v2/scratch/c12-seed2/metrics/paper_replication/sparknet_c12_paper.jsonl,89284,8108d2ed72dae20148ef90b3175807f9333a6cf204644b46b34fd052e69f09c4
sparknet-dendritic-study-v2,training_summary,outputs/sparknet-dendritic-study-v2/scratch/c12-seed2/metrics/summaries.yaml,450,dd0ea9507051f3495b4c9f8c8ac580471b4bb1339c9ab132f5a2ec74c3e73f04
sparknet-dendritic-study-v2,run_manifest,outputs/sparknet-dendritic-study-v2/scratch/c12-seed3/manifest.yaml,3014,fe8cbfb7a3ad043d8e23f7bec9b63240da7f4f0c69586b1c184262135c2916b2
sparknet-dendritic-study-v2,canonical_epoch_log,outputs/sparknet-dendritic-study-v2/scratch/c12-seed3/metrics/paper_replication/sparknet_c12_paper.jsonl,89254,6b807a792f5a85e11856d48fcc1f2863eaddefbffcb8a8f6049ea1906ee93898
sparknet-dendritic-study-v2,training_summary,outputs/sparknet-dendritic-study-v2/scratch/c12-seed3/metrics/summaries.yaml,450,847d10e1a00eb1e7f1768db2107e46decc45ca6580be4823d0bc12e59ae25ec9
sparknet-dendritic-study-v2,run_manifest,outputs/sparknet-dendritic-study-v2/scratch/c12-seed4/manifest.yaml,3014,1fbe781f6d23a00f959adc1b03a59c3f795ef47961fc5fc9a14d44b67815d322
sparknet-dendritic-study-v2,canonical_epoch_log,outputs/sparknet-dendritic-study-v2/scratch/c12-seed4/metrics/paper_replication/sparknet_c12_paper.jsonl,89285,c4ab9e4f58a27c25fa3f45d3b93d94f3b87281a4f6e13ce3eeeaae512f88d7e3
sparknet-dendritic-study-v2,training_summary,outputs/sparknet-dendritic-study-v2/scratch/c12-seed4/metrics/summaries.yaml,449,54cb9bcf29e050451076e2452127743a0fbb6d9cb73d6c07b0db38c31bb4bca3
sparknet-dendritic-study-v2,run_manifest,outputs/sparknet-dendritic-study-v2/scratch/c12g16-seed0/manifest.yaml,2934,04fac5d09b2d5e8abe6fd7f566b6642d461c96f7307130b8cd466de4cabf4be9
sparknet-dendritic-study-v2,canonical_epoch_log,outputs/sparknet-dendritic-study-v2/scratch/c12g16-seed0/metrics/paper_replication/sparknet_c12g16_paper.jsonl,89705,09bf991864576e3b354f440d1116a636f54e8de88c2dab2048b8762c10143e0c
sparknet-dendritic-study-v2,training_summary,outputs/sparknet-dendritic-study-v2/scratch/c12g16-seed0/metrics/summaries.yaml,456,a47cb218e9cbe191dfbc510552a6886ff6891cc3bb8ac9763138d3d85e7d349c
sparknet-dendritic-study-v2,run_manifest,outputs/sparknet-dendritic-study-v2/scratch/c12g16-seed1/manifest.yaml,2935,c3464a6c4e63b3b05310a89418cbc724e830a4608b8d26dbb746be13da0fc21d
sparknet-dendritic-study-v2,canonical_epoch_log,outputs/sparknet-dendritic-study-v2/scratch/c12g16-seed1/metrics/paper_replication/sparknet_c12g16_paper.jsonl,89707,bf395c72938272b1944691af9ff43c5c34b4bb7d55e18a185286a82548f98645
sparknet-dendritic-study-v2,training_summary,outputs/sparknet-dendritic-study-v2/scratch/c12g16-seed1/metrics/summaries.yaml,456,243faac68ec9d93550c09ab98d007b219efaade2d9afba83ed82268b42a8dc0c
sparknet-dendritic-study-v2,run_manifest,outputs/sparknet-dendritic-study-v2/scratch/c12g16-seed2/manifest.yaml,2935,0f4b9ab0190c0d4d8ab33091b50fe7c28beef72fb3516efd7c5aae4a25e47e8e
sparknet-dendritic-study-v2,canonical_epoch_log,outputs/sparknet-dendritic-study-v2/scratch/c12g16-seed2/metrics/paper_replication/sparknet_c12g16_paper.jsonl,89661,6d1d7a7a5463c9ed1d65b531075a1a8e9142ac8e945d322ebba4161260b40e09
sparknet-dendritic-study-v2,training_summary,outputs/sparknet-dendritic-study-v2/scratch/c12g16-seed2/metrics/summaries.yaml,456,c3048f10dce188cd419099f6aa847c71d7173425d26c41dcc37092f0bbb28835
sparknet-dendritic-study-v2,run_manifest,outputs/sparknet-dendritic-study-v2/scratch/c12g16-seed3/manifest.yaml,2934,865432f786c5832b9f6b217b36ac6b89976c144fbf51e45339c32965d454bb58
sparknet-dendritic-study-v2,canonical_epoch_log,outputs/sparknet-dendritic-study-v2/scratch/c12g16-seed3/metrics/paper_replication/sparknet_c12g16_paper.jsonl,89780,518879184db960fea777daa4b1a2d00fc892ad99bb8b291bb5587629e10e9aff
sparknet-dendritic-study-v2,training_summary,outputs/sparknet-dendritic-study-v2/scratch/c12g16-seed3/metrics/summaries.yaml,456,66d675e88addf643ff2656d8e108e305452eea585e50ececace7c4e5eda27f75
sparknet-dendritic-study-v2,run_manifest,outputs/sparknet-dendritic-study-v2/scratch/c12g16-seed4/manifest.yaml,2934,498c9a39861ed2d1faabffd1b4a68c828bfd5e3952e6d3657ca35cc0b249e700
sparknet-dendritic-study-v2,canonical_epoch_log,outputs/sparknet-dendritic-study-v2/scratch/c12g16-seed4/metrics/paper_replication/sparknet_c12g16_paper.jsonl,89778,892f834d58a69378a67dce8250e9c6acee5ef7fd6a69751be1c740b0ac27cfc0
sparknet-dendritic-study-v2,training_summary,outputs/sparknet-dendritic-study-v2/scratch/c12g16-seed4/metrics/summaries.yaml,456,3ebdfaa892996c8bb8dee0ef71b16269abaf88f961325c7bb52044de725d0a8a
sparknet-dendritic-study-v2,run_manifest,outputs/sparknet-dendritic-study-v2/scratch/c13g16-seed0/manifest.yaml,2934,7640109314f5eb0172f436ba8617cd494e1e8066b37ca0a3f4a116c87df2a126
sparknet-dendritic-study-v2,canonical_epoch_log,outputs/sparknet-dendritic-study-v2/scratch/c13g16-seed0/metrics/paper_replication/sparknet_c13g16_paper.jsonl,89731,a756660d9463b7704dc85825ec557f9c472ebd71ad460cbd5bc2d69b473bad23
sparknet-dendritic-study-v2,training_summary,outputs/sparknet-dendritic-study-v2/scratch/c13g16-seed0/metrics/summaries.yaml,456,fa8fb3fb765efdbd4d93e719c4055771dde3b78613b51e5f37496cfa4db2129a
sparknet-dendritic-study-v2,run_manifest,outputs/sparknet-dendritic-study-v2/scratch/c13g16-seed1/manifest.yaml,2934,d1a76c47fffd071890a52657b70b0bf130071f731f859f09d373693f818ef92a
sparknet-dendritic-study-v2,canonical_epoch_log,outputs/sparknet-dendritic-study-v2/scratch/c13g16-seed1/metrics/paper_replication/sparknet_c13g16_paper.jsonl,89695,f63452498fc57bd1eb86d495d6026ede987060e4b24333d2ed2788c474250583
sparknet-dendritic-study-v2,training_summary,outputs/sparknet-dendritic-study-v2/scratch/c13g16-seed1/metrics/summaries.yaml,456,9b7e3a8873bed7c83a37aa433d3565d818e7877909f7e8bf8f3473766b27bbd2
sparknet-dendritic-study-v2,run_manifest,outputs/sparknet-dendritic-study-v2/scratch/c13g16-seed2/manifest.yaml,2934,4aac6f3c1847e425d134cd6c5e6646602fc692691f1f601118b2d703ce9092e4
sparknet-dendritic-study-v2,canonical_epoch_log,outputs/sparknet-dendritic-study-v2/scratch/c13g16-seed2/metrics/paper_replication/sparknet_c13g16_paper.jsonl,89736,cef6f04ec316f403b1a63062a047aef1a527cc96b5c202e62ede72c2846c6dbe
sparknet-dendritic-study-v2,training_summary,outputs/sparknet-dendritic-study-v2/scratch/c13g16-seed2/metrics/summaries.yaml,456,15039a933af58340149874026a32721686800e9e1f796f7e2ecfc443d148c9a3
sparknet-dendritic-study-v2,run_manifest,outputs/sparknet-dendritic-study-v2/scratch/c13g16-seed3/manifest.yaml,2934,607be6bd283fefcc9f5c37ee21f2e949eaacbdbc62541519d71bfb29709069ff
sparknet-dendritic-study-v2,canonical_epoch_log,outputs/sparknet-dendritic-study-v2/scratch/c13g16-seed3/metrics/paper_replication/sparknet_c13g16_paper.jsonl,89679,6bed142aea5d85fb4d98deb88b07dd8584884e93a79de702281d5f314aa530d5
sparknet-dendritic-study-v2,training_summary,outputs/sparknet-dendritic-study-v2/scratch/c13g16-seed3/metrics/summaries.yaml,456,48d7702e7b35d5abd285e4c89345b796db860f770d2c47f3d8698d78374bc5f3
sparknet-dendritic-study-v2,run_manifest,outputs/sparknet-dendritic-study-v2/scratch/c13g16-seed4/manifest.yaml,2934,975ff61d469ba0809b2e60e8277425744e19aceedd81dfb3149031862bc7132d
sparknet-dendritic-study-v2,canonical_epoch_log,outputs/sparknet-dendritic-study-v2/scratch/c13g16-seed4/metrics/paper_replication/sparknet_c13g16_paper.jsonl,89769,fb7712b43cefc3086e7a2747123b65fc21fd61312839c388b26480175d287db5
sparknet-dendritic-study-v2,training_summary,outputs/sparknet-dendritic-study-v2/scratch/c13g16-seed4/metrics/summaries.yaml,456,d52637a1ef4210c94958f1331eec928073459b59fe72692024e579eef5e75fea
sparknet-dendritic-study-v2,run_manifest,outputs/sparknet-dendritic-study-v2/scratch/c14g16-seed0/manifest.yaml,2935,fcc9936c5f4d235a6fdcd12feb76c823e8bf57408f6ff31ca551fae1fa316371
sparknet-dendritic-study-v2,canonical_epoch_log,outputs/sparknet-dendritic-study-v2/scratch/c14g16-seed0/metrics/paper_replication/sparknet_c14g16_paper.jsonl,89739,64e4e38c40b95312e798404fa89ee53f49b2ca019e4e87da1fd873926ce9f5e4
sparknet-dendritic-study-v2,training_summary,outputs/sparknet-dendritic-study-v2/scratch/c14g16-seed0/metrics/summaries.yaml,456,f036e1cfe651a9ce8a46b88376d6d4eaa2e3effc74c6fa5c2b421495309bd449
sparknet-dendritic-study-v2,run_manifest,outputs/sparknet-dendritic-study-v2/scratch/c14g16-seed1/manifest.yaml,2935,3731fc700cfd305e46eb23e824f4f6ead1eec67d6503818bc80f47d5c5f0ddad
sparknet-dendritic-study-v2,canonical_epoch_log,outputs/sparknet-dendritic-study-v2/scratch/c14g16-seed1/metrics/paper_replication/sparknet_c14g16_paper.jsonl,89707,99a109ba77a40c4fcff8654a3635b4881d440e3a794a28474675b553e5ba4f2a
sparknet-dendritic-study-v2,training_summary,outputs/sparknet-dendritic-study-v2/scratch/c14g16-seed1/metrics/summaries.yaml,454,fe4dc39a2ab078e508fd1c5a4442026d910c5b1847ef5deb7d5776f768683474
sparknet-dendritic-study-v2,run_manifest,outputs/sparknet-dendritic-study-v2/scratch/c14g16-seed2/manifest.yaml,2935,23cafb69d58de59485cb05ccc2b8f585d94861c2ed764616f85837352cf29402
sparknet-dendritic-study-v2,canonical_epoch_log,outputs/sparknet-dendritic-study-v2/scratch/c14g16-seed2/metrics/paper_replication/sparknet_c14g16_paper.jsonl,89774,66206c417a2e5299e60ccdf2c412a5ae5867cd6a94d6affa229dc0528241c21c
sparknet-dendritic-study-v2,training_summary,outputs/sparknet-dendritic-study-v2/scratch/c14g16-seed2/metrics/summaries.yaml,456,1462af7fec1a83ac590dbc26fa9de8fcbf119096e285878f2d2a282676429284
sparknet-dendritic-study-v2,run_manifest,outputs/sparknet-dendritic-study-v2/scratch/c14g16-seed3/manifest.yaml,2935,af3e2bd16915e6827708a3c7de7942dc0c487df2dbad5b23523271f26bc31db1
sparknet-dendritic-study-v2,canonical_epoch_log,outputs/sparknet-dendritic-study-v2/scratch/c14g16-seed3/metrics/paper_replication/sparknet_c14g16_paper.jsonl,89723,400bbadb294ec68705bb72edddce8765b798192fcf1469cc0b1ea2b89ff7f02f
sparknet-dendritic-study-v2,training_summary,outputs/sparknet-dendritic-study-v2/scratch/c14g16-seed3/metrics/summaries.yaml,456,38522bbd257db0e15aa5df8bf2289d6f91b23bf212f5d987e48d82391bbe5ff3
sparknet-dendritic-study-v2,run_manifest,outputs/sparknet-dendritic-study-v2/scratch/c14g16-seed4/manifest.yaml,2935,1050ea60346dae4ba91fd62ef565ca1dab23d40a8a84c1e9af76d09e7a7a1625
sparknet-dendritic-study-v2,canonical_epoch_log,outputs/sparknet-dendritic-study-v2/scratch/c14g16-seed4/metrics/paper_replication/sparknet_c14g16_paper.jsonl,89770,e7f70cb489acc06c4d0d47e9f1aeaf27f86911411eadf7834877ef8981de2975
sparknet-dendritic-study-v2,training_summary,outputs/sparknet-dendritic-study-v2/scratch/c14g16-seed4/metrics/summaries.yaml,456,1c4c398055c5a66af9f93ab439745d46454085b5650669c64f1415752cea9465
sparknet-dendritic-study-v2,run_manifest,outputs/sparknet-dendritic-study-v2/scratch/c16g16-seed0/manifest.yaml,2934,c7bd5b9533f921b5d454f406f1bacc852a4b275a80ff1d6ec262879acdf2886b
sparknet-dendritic-study-v2,canonical_epoch_log,outputs/sparknet-dendritic-study-v2/scratch/c16g16-seed0/metrics/paper_replication/sparknet_c16g16_paper.jsonl,89750,63b2916da26c58a819b95e4b3638ba3a89ce2e0d6df8161999df920f1c4cf544
sparknet-dendritic-study-v2,training_summary,outputs/sparknet-dendritic-study-v2/scratch/c16g16-seed0/metrics/summaries.yaml,456,d9bd649aecbff029e795909db15d87a36b33bc35c647cacdc3a218f9e67e7176
sparknet-dendritic-study-v2,run_manifest,outputs/sparknet-dendritic-study-v2/scratch/c16g16-seed1/manifest.yaml,2935,35397bf8a483d0158bab7fd0f5a3282630467039f8b38dc1c9292248c7d794e1
sparknet-dendritic-study-v2,canonical_epoch_log,outputs/sparknet-dendritic-study-v2/scratch/c16g16-seed1/metrics/paper_replication/sparknet_c16g16_paper.jsonl,89813,cde18cb0146f9ba557c256d01733efe2445e62ef5baf1ff607e1054ae24c926a
sparknet-dendritic-study-v2,training_summary,outputs/sparknet-dendritic-study-v2/scratch/c16g16-seed1/metrics/summaries.yaml,455,cdf9e48da9019a708bc283546120f62fd9c357b95929fcf66018af10466590d2
sparknet-dendritic-study-v2,run_manifest,outputs/sparknet-dendritic-study-v2/scratch/c16g16-seed2/manifest.yaml,2935,3c6b1ec857b0d97737f3b000292092d568df3cc48fec92fbe29474215ec07574
sparknet-dendritic-study-v2,canonical_epoch_log,outputs/sparknet-dendritic-study-v2/scratch/c16g16-seed2/metrics/paper_replication/sparknet_c16g16_paper.jsonl,89795,9a4002a5a515f9bef05e1858731dd1308df291b7dc87e5de1c44de36fa81490f
sparknet-dendritic-study-v2,training_summary,outputs/sparknet-dendritic-study-v2/scratch/c16g16-seed2/metrics/summaries.yaml,456,19433356d7464ee5d6fa133d705a3e543444ecfcd99ca7d4995e9666df046f24
sparknet-dendritic-study-v2,run_manifest,outputs/sparknet-dendritic-study-v2/scratch/c16g16-seed3/manifest.yaml,2935,ed1aaeca1f7d3c96834050cc25ea63d46855abe8648c84feefd9d3e283932853
sparknet-dendritic-study-v2,canonical_epoch_log,outputs/sparknet-dendritic-study-v2/scratch/c16g16-seed3/metrics/paper_replication/sparknet_c16g16_paper.jsonl,89806,224f0bdb7ed0b5b354b3b8e679daa5bb43aa9374eaaf67b64b0142e734650851
sparknet-dendritic-study-v2,training_summary,outputs/sparknet-dendritic-study-v2/scratch/c16g16-seed3/metrics/summaries.yaml,455,cafa93ec598402933dc8d00da53a695766e3e3e1f6ea96c6aa24ce7f498fefff
sparknet-dendritic-study-v2,run_manifest,outputs/sparknet-dendritic-study-v2/scratch/c16g16-seed4/manifest.yaml,2935,9ca280d88f584d6e4c4f829200756fc45c5814b23ee69e2d429b3cc9b6bc498f
sparknet-dendritic-study-v2,canonical_epoch_log,outputs/sparknet-dendritic-study-v2/scratch/c16g16-seed4/metrics/paper_replication/sparknet_c16g16_paper.jsonl,89711,4ca58ea1dfdfb8eeb60e902ba558c03b68567609fed2d6bf50a6037746fedffd
sparknet-dendritic-study-v2,training_summary,outputs/sparknet-dendritic-study-v2/scratch/c16g16-seed4/metrics/summaries.yaml,455,15c03e0b00576649edb3c2e5ee71a41e7eeeb048f3d8dd7892c1a56a43279d81
sparknet-dendritic-study-v2,run_manifest,outputs/sparknet-dendritic-study-v2/scratch/c17g16-seed0/manifest.yaml,2934,36c46af42fb62488c00b80bfc9634a82dbcecacb1d973dcd5293af92d92b62f9
sparknet-dendritic-study-v2,canonical_epoch_log,outputs/sparknet-dendritic-study-v2/scratch/c17g16-seed0/metrics/paper_replication/sparknet_c17g16_paper.jsonl,89795,4a254c0a9de21f75a46f3ef619a69266806d1ee261f8346a9166b7ccacf1ff00
sparknet-dendritic-study-v2,training_summary,outputs/sparknet-dendritic-study-v2/scratch/c17g16-seed0/metrics/summaries.yaml,456,9dbf4b3679f3c4429775e69d24005fb878390220c60a2e88e1a3c4ca0838ba03
sparknet-dendritic-study-v2,run_manifest,outputs/sparknet-dendritic-study-v2/scratch/c17g16-seed1/manifest.yaml,2934,0c5c007576d7db9f78b8c168564018741d7b9cc3363b3fd18406a7b5182efbb5
sparknet-dendritic-study-v2,canonical_epoch_log,outputs/sparknet-dendritic-study-v2/scratch/c17g16-seed1/metrics/paper_replication/sparknet_c17g16_paper.jsonl,89789,0f59086b215daa24dbfebfcbe2a8c59ae860b8231df9796598d17de6cc0b09a7
sparknet-dendritic-study-v2,training_summary,outputs/sparknet-dendritic-study-v2/scratch/c17g16-seed1/metrics/summaries.yaml,455,47ab928b8830447009770e01eca24910e2c398ea2fcc9d8d3af7536e2b707e33
sparknet-dendritic-study-v2,run_manifest,outputs/sparknet-dendritic-study-v2/scratch/c17g16-seed2/manifest.yaml,2934,fef62cd6702d1a815897fdb2131c91a4e0d46818e763399036be4119cd613f61
sparknet-dendritic-study-v2,canonical_epoch_log,outputs/sparknet-dendritic-study-v2/scratch/c17g16-seed2/metrics/paper_replication/sparknet_c17g16_paper.jsonl,89817,816b0bc372ee80dad02e37361fc4e45fed1cf94ae88ff2d2fcf6e948f8a7dc73
sparknet-dendritic-study-v2,training_summary,outputs/sparknet-dendritic-study-v2/scratch/c17g16-seed2/metrics/summaries.yaml,455,f3804e0834eace6e0ee054772b96b264c91d70b83cc5ab5d670a16c310e60dfa
sparknet-dendritic-study-v2,run_manifest,outputs/sparknet-dendritic-study-v2/scratch/c17g16-seed3/manifest.yaml,2935,5e6c6386ad435e428d6e4f457126de1ee2fa74e06cbd12e4160397f52504e4dd
sparknet-dendritic-study-v2,canonical_epoch_log,outputs/sparknet-dendritic-study-v2/scratch/c17g16-seed3/metrics/paper_replication/sparknet_c17g16_paper.jsonl,89795,f81a1aebc6b7c740d6d14d6a53d091683c20f126e447b3369d3a6a7a88b227b4
sparknet-dendritic-study-v2,training_summary,outputs/sparknet-dendritic-study-v2/scratch/c17g16-seed3/metrics/summaries.yaml,456,51df0514dfa16eab5d2858d40b33f984e5f20ccb97cf9682a5783a92729b5340
sparknet-dendritic-study-v2,run_manifest,outputs/sparknet-dendritic-study-v2/scratch/c17g16-seed4/manifest.yaml,2935,242cbbc111306f6a173335b0a75986bac37f0033e6730e997a2df7828f014027
sparknet-dendritic-study-v2,canonical_epoch_log,outputs/sparknet-dendritic-study-v2/scratch/c17g16-seed4/metrics/paper_replication/sparknet_c17g16_paper.jsonl,89746,60c87b06dd6e2be85b90c195dddd60c2a8d1c5da0338ab6fe8ac95f384a0d48d
sparknet-dendritic-study-v2,training_summary,outputs/sparknet-dendritic-study-v2/scratch/c17g16-seed4/metrics/summaries.yaml,456,d16e88b81fc876c38845b4ae004da36b59f84a6de03e85af1a3418df31fc0439
sparknet-dendritic-study-v2,run_manifest,outputs/sparknet-dendritic-study-v2/scratch/c17g8-seed0/manifest.yaml,2929,443a3c7f1ec66fabc5a2b3c1b23efd99481f1081b431bb2178339d4801bbb055
sparknet-dendritic-study-v2,canonical_epoch_log,outputs/sparknet-dendritic-study-v2/scratch/c17g8-seed0/metrics/paper_replication/sparknet_c17g8_paper.jsonl,89591,bc1ae498c3c5e0576fcad3c350aad88378b22f22f9961c14ab96552dccaebd80
sparknet-dendritic-study-v2,training_summary,outputs/sparknet-dendritic-study-v2/scratch/c17g8-seed0/metrics/summaries.yaml,454,d9330dd0bcf7c7cd51c9e62bf63f8e45b30554ae8cc5ae35e1cc26b9f3f9ed0d
sparknet-dendritic-study-v2,run_manifest,outputs/sparknet-dendritic-study-v2/scratch/c17g8-seed1/manifest.yaml,2929,fea687279d55bff967a0c9062c627e4c95537e3b7a2d89358004d1c055171824
sparknet-dendritic-study-v2,canonical_epoch_log,outputs/sparknet-dendritic-study-v2/scratch/c17g8-seed1/metrics/paper_replication/sparknet_c17g8_paper.jsonl,89585,2db459aa630172c349e5d1491e0e421e7c016a46e7da4507f069e4343b3a98e0
sparknet-dendritic-study-v2,training_summary,outputs/sparknet-dendritic-study-v2/scratch/c17g8-seed1/metrics/summaries.yaml,454,371fe562b7ad92a5697584bc0c0a07eaf5aaceb4aee62d50a21b2cb94d0a1fbe
sparknet-dendritic-study-v2,run_manifest,outputs/sparknet-dendritic-study-v2/scratch/c17g8-seed2/manifest.yaml,2929,db21e5b7d13336f4f47b088bd222ad63230a9df6819b99a8911db430870cac04
sparknet-dendritic-study-v2,canonical_epoch_log,outputs/sparknet-dendritic-study-v2/scratch/c17g8-seed2/metrics/paper_replication/sparknet_c17g8_paper.jsonl,89562,b5e14313849481fa6ce73d675e68c58b4b5b0d91b744a0d81e14e96a02faa564
sparknet-dendritic-study-v2,training_summary,outputs/sparknet-dendritic-study-v2/scratch/c17g8-seed2/metrics/summaries.yaml,454,04951f1c260b816d829c2e8829ca9fff3fc598fb306164dc3915551a4cb84689
sparknet-dendritic-study-v2,run_manifest,outputs/sparknet-dendritic-study-v2/scratch/c18-seed0/manifest.yaml,2916,1376490c320edac24320b70b8869b872563aeae2df3adb2995b90d5b0b71f2df
sparknet-dendritic-study-v2,canonical_epoch_log,outputs/sparknet-dendritic-study-v2/scratch/c18-seed0/metrics/paper_replication/sparknet_c18_paper.jsonl,89205,d8faa95b9b642311b503b351844ca5f76ab2a05589e7d428fc4b99c06d3a3d82
sparknet-dendritic-study-v2,training_summary,outputs/sparknet-dendritic-study-v2/scratch/c18-seed0/metrics/summaries.yaml,449,d54e12a1495d4f29ae8b4435183702adbbfec29790aff6cf5d746d4882a23ddb
sparknet-dendritic-study-v2,run_manifest,outputs/sparknet-dendritic-study-v2/scratch/c18-seed1/manifest.yaml,2916,024d03890510d0297fd8d6218c9547e381f6bfc4b996b92a3df872b7a2db0431
sparknet-dendritic-study-v2,canonical_epoch_log,outputs/sparknet-dendritic-study-v2/scratch/c18-seed1/metrics/paper_replication/sparknet_c18_paper.jsonl,89209,97d72b1d2c948e98e69ab40da8e572362c168535bb12d5aa6f47f07ae1fe54de
sparknet-dendritic-study-v2,training_summary,outputs/sparknet-dendritic-study-v2/scratch/c18-seed1/metrics/summaries.yaml,450,d9a21bf4c694ef49553248f9b19341f72d5ef6ae1cef073f393bad40f1c6e9d9
sparknet-dendritic-study-v2,run_manifest,outputs/sparknet-dendritic-study-v2/scratch/c18-seed2/manifest.yaml,2916,306feca9acdca8142929755c4dfdd41b259711834702b2fc48f5647d011a15e6
sparknet-dendritic-study-v2,canonical_epoch_log,outputs/sparknet-dendritic-study-v2/scratch/c18-seed2/metrics/paper_replication/sparknet_c18_paper.jsonl,89189,4732820309302842b8087e5319dfdcee8e506c12938a0b816430e75e96ec97bf
sparknet-dendritic-study-v2,training_summary,outputs/sparknet-dendritic-study-v2/scratch/c18-seed2/metrics/summaries.yaml,448,272ce91217648ad0dbbe9a0373aa19afcb9823f2c1be6da82c9aed55e56b0df8
sparknet-dendritic-study-v2,run_manifest,outputs/sparknet-dendritic-study-v2/scratch/c18-seed3/manifest.yaml,2916,3eb44032cd51adabb17cd10fe4eff512dd3b3b0277f26d76f95e8505c01895c4
sparknet-dendritic-study-v2,canonical_epoch_log,outputs/sparknet-dendritic-study-v2/scratch/c18-seed3/metrics/paper_replication/sparknet_c18_paper.jsonl,89207,bf771abcf48e367e62c355f1533b86b36f422957a4cf26e993c91e0855c0f1da
sparknet-dendritic-study-v2,training_summary,outputs/sparknet-dendritic-study-v2/scratch/c18-seed3/metrics/summaries.yaml,449,4459bb675bd33d8432ebae6c4de20d5e76a555887900295269f819e15a2dbc00
sparknet-dendritic-study-v2,run_manifest,outputs/sparknet-dendritic-study-v2/scratch/c18-seed4/manifest.yaml,2916,d4f66e1535f66b626d93d8da5aed78d45db9b796628f9eb11553586ab8398486
sparknet-dendritic-study-v2,canonical_epoch_log,outputs/sparknet-dendritic-study-v2/scratch/c18-seed4/metrics/paper_replication/sparknet_c18_paper.jsonl,89194,68dc4e1d9b75b23eeb74c0a07f914965ae6e2ef49a3ae21dbf6b1bda0828e9fe
sparknet-dendritic-study-v2,training_summary,outputs/sparknet-dendritic-study-v2/scratch/c18-seed4/metrics/summaries.yaml,449,22c1164bed01395a0d5fee184387b89cb07dedccb43021ffc459a7f0dc5bfd93
sparknet-dendritic-study-v2,run_manifest,outputs/sparknet-dendritic-study-v2/scratch/c18g12-seed0/manifest.yaml,2934,11bf3b4fb2d3f6c89a75459e6cdafcc4ffe38a129faa2068e4074e22b88ddc43
sparknet-dendritic-study-v2,canonical_epoch_log,outputs/sparknet-dendritic-study-v2/scratch/c18g12-seed0/metrics/paper_replication/sparknet_c18g12_paper.jsonl,89718,18b56c316e2938117fb38f2a315882556051224cc930f103816ef3e73de16b04
sparknet-dendritic-study-v2,training_summary,outputs/sparknet-dendritic-study-v2/scratch/c18g12-seed0/metrics/summaries.yaml,456,70d7b301b52046f42f3dff6f628dd16f467d8f3b268808061c1bc3f52ca29e9f
sparknet-dendritic-study-v2,run_manifest,outputs/sparknet-dendritic-study-v2/scratch/c18g12-seed1/manifest.yaml,2934,614ca0b26667e7879185549e4b1a993676e0a866590011c43b0478f6caadea08
sparknet-dendritic-study-v2,canonical_epoch_log,outputs/sparknet-dendritic-study-v2/scratch/c18g12-seed1/metrics/paper_replication/sparknet_c18g12_paper.jsonl,89799,0f693461031006dbe6724667e43d192a2c23733ff497b4f9ea74ba6b1757ef4b
sparknet-dendritic-study-v2,training_summary,outputs/sparknet-dendritic-study-v2/scratch/c18g12-seed1/metrics/summaries.yaml,455,6c3648b1c47421a8dcc8ca06bf8d4c1d8caea846e08d2cb293d62dbabd19a517
sparknet-dendritic-study-v2,run_manifest,outputs/sparknet-dendritic-study-v2/scratch/c18g12-seed2/manifest.yaml,2934,d6a93aadf9c34b4d2ff4918c142fe4339aacd7a765d2bd86931bbad968439702
sparknet-dendritic-study-v2,canonical_epoch_log,outputs/sparknet-dendritic-study-v2/scratch/c18g12-seed2/metrics/paper_replication/sparknet_c18g12_paper.jsonl,89814,50f4ef9f4a62f5307ae2fc222182fe2b8b31d35439aa60498b3313899924ccfc
sparknet-dendritic-study-v2,training_summary,outputs/sparknet-dendritic-study-v2/scratch/c18g12-seed2/metrics/summaries.yaml,455,901eb4700e0ae747ba214f6cd3ad3dfc3edc2c41dd5f1179603e1b3b8e0b6f5c
sparknet-dendritic-study-v2,run_manifest,outputs/sparknet-dendritic-study-v2/scratch/c18g16-seed0/manifest.yaml,2934,0a199904664fba4968a910e97a8a66fdc7d19c8315af9a9c534db354ee8f524c
sparknet-dendritic-study-v2,canonical_epoch_log,outputs/sparknet-dendritic-study-v2/scratch/c18g16-seed0/metrics/paper_replication/sparknet_c18g16_paper.jsonl,89834,94e793694ea90605bb8aae468ac4e6699f43dd143cbc650150c3d298dedf8fd4
sparknet-dendritic-study-v2,training_summary,outputs/sparknet-dendritic-study-v2/scratch/c18g16-seed0/metrics/summaries.yaml,456,1e522d66592645e23ccb217f10e2d7b5fbe66fb992ae8cebbbc9840e13978c0f
sparknet-dendritic-study-v2,run_manifest,outputs/sparknet-dendritic-study-v2/scratch/c18g16-seed1/manifest.yaml,2934,776720679677de6168ae63fd1f1570840b03ddbd2075892634fd738494416447
sparknet-dendritic-study-v2,canonical_epoch_log,outputs/sparknet-dendritic-study-v2/scratch/c18g16-seed1/metrics/paper_replication/sparknet_c18g16_paper.jsonl,89774,303a1dde4f4d1909e825b7fcc11c1a6f681799227583412a67b6f911449459b7
sparknet-dendritic-study-v2,training_summary,outputs/sparknet-dendritic-study-v2/scratch/c18g16-seed1/metrics/summaries.yaml,456,4326b76c443e333b0d0f346744ac0ecc10b42dd4f67eca6815134bbc993837aa
sparknet-dendritic-study-v2,run_manifest,outputs/sparknet-dendritic-study-v2/scratch/c18g16-seed2/manifest.yaml,2934,daa9715a0258d6c06d714fc84101f620d06a58aafa1fad01785fd9d939691a88
sparknet-dendritic-study-v2,canonical_epoch_log,outputs/sparknet-dendritic-study-v2/scratch/c18g16-seed2/metrics/paper_replication/sparknet_c18g16_paper.jsonl,89797,1a21d09f1f0e0c7ed43a0c60ea46205cd76acef337ff0f7bba01da9c029781c2
sparknet-dendritic-study-v2,training_summary,outputs/sparknet-dendritic-study-v2/scratch/c18g16-seed2/metrics/summaries.yaml,456,d5598e3904c30eb07517fcfd642d4d07f5a66ab7dc11e70052b995b6f77e564e
sparknet-dendritic-study-v2,run_manifest,outputs/sparknet-dendritic-study-v2/scratch/c18g16-seed3/manifest.yaml,2935,21160ce79f160d512ee51920303024f76dc7dc4e0faa7d3058f7d95d670d3375
sparknet-dendritic-study-v2,canonical_epoch_log,outputs/sparknet-dendritic-study-v2/scratch/c18g16-seed3/metrics/paper_replication/sparknet_c18g16_paper.jsonl,89744,6a11112c93ea9c641f1cc0a7c45090d84c6fc0f0a41a75610954c3d5e977ec77
sparknet-dendritic-study-v2,training_summary,outputs/sparknet-dendritic-study-v2/scratch/c18g16-seed3/metrics/summaries.yaml,455,b2c1ffaab391ce8e4a52eeeade898c1334669bac799ec1432f974c3bf0f34c0a
sparknet-dendritic-study-v2,run_manifest,outputs/sparknet-dendritic-study-v2/scratch/c18g16-seed4/manifest.yaml,2935,da174ba6a12fb410233dc3faa78cc938f267bb683d7d96d2ada56edeca75ae65
sparknet-dendritic-study-v2,canonical_epoch_log,outputs/sparknet-dendritic-study-v2/scratch/c18g16-seed4/metrics/paper_replication/sparknet_c18g16_paper.jsonl,89761,dd0af6bdcb28c69cdf0e1fb845749bc8d234efbcc10279e59b5a69d769b1d1d4
sparknet-dendritic-study-v2,training_summary,outputs/sparknet-dendritic-study-v2/scratch/c18g16-seed4/metrics/summaries.yaml,456,e8a80051208cc0ce6f10e45498387178814bf874c2158403b4d38c8dd12f0387
sparknet-dendritic-study-v2,run_manifest,outputs/sparknet-dendritic-study-v2/scratch/c18g8-seed0/manifest.yaml,2928,17b12ede89993154bca311b67b92f9174fe348c81adbf4599b9c2e90fe65fbf4
sparknet-dendritic-study-v2,canonical_epoch_log,outputs/sparknet-dendritic-study-v2/scratch/c18g8-seed0/metrics/paper_replication/sparknet_c18g8_paper.jsonl,89497,a912729b03b3c1313a131b59f24c1d58055ca07cdb347a8a15a07a075322a8b1
sparknet-dendritic-study-v2,training_summary,outputs/sparknet-dendritic-study-v2/scratch/c18g8-seed0/metrics/summaries.yaml,454,dff0a64ceeb4ed8e556c79ba28f08e22347202e231ad2090bf7209b025eb0b03
sparknet-dendritic-study-v2,run_manifest,outputs/sparknet-dendritic-study-v2/scratch/c18g8-seed1/manifest.yaml,2929,11f67cc06b7ebb500627f58751534f704ce37b6422d36de18fadcb678d4211f1
sparknet-dendritic-study-v2,canonical_epoch_log,outputs/sparknet-dendritic-study-v2/scratch/c18g8-seed1/metrics/paper_replication/sparknet_c18g8_paper.jsonl,89585,f6a0212e47893d290e115f34633b243f26ceb2a76986476f703026de9d9d5604
sparknet-dendritic-study-v2,training_summary,outputs/sparknet-dendritic-study-v2/scratch/c18g8-seed1/metrics/summaries.yaml,453,ceb02fecd18ac0720ffb75770d5b181791bbec73fc2266c14bc9218cb0f1b4ff
sparknet-dendritic-study-v2,run_manifest,outputs/sparknet-dendritic-study-v2/scratch/c18g8-seed2/manifest.yaml,2929,2d4325c023b78ac39fd4863281c61ee83a435a23c9219a8497887d7d105d0dee
sparknet-dendritic-study-v2,canonical_epoch_log,outputs/sparknet-dendritic-study-v2/scratch/c18g8-seed2/metrics/paper_replication/sparknet_c18g8_paper.jsonl,89466,0d166b58469a9fb87857214ba140f16c5ff2d87e73cad18b4faca1d8892758ff
sparknet-dendritic-study-v2,training_summary,outputs/sparknet-dendritic-study-v2/scratch/c18g8-seed2/metrics/summaries.yaml,454,3f99fa9e5ea0f29d59ad891ca2387942e3e7cce9a378b4d9d66c746abc13cdc6
sparknet-dendritic-study-v2,run_manifest,outputs/sparknet-dendritic-study-v2/scratch/c18g8-seed3/manifest.yaml,2928,85dce701c9da00651256f67df8c2a54e6bbbd2b2540e0daea3ca2487250b0577
sparknet-dendritic-study-v2,canonical_epoch_log,outputs/sparknet-dendritic-study-v2/scratch/c18g8-seed3/metrics/paper_replication/sparknet_c18g8_paper.jsonl,89600,a380922ecaa63cb3fdcc17d25b0ca87a17a870d767f19a0cc194f20b81f82ecb
sparknet-dendritic-study-v2,training_summary,outputs/sparknet-dendritic-study-v2/scratch/c18g8-seed3/metrics/summaries.yaml,454,14d36d2c160b20f6e0f9dde10a3ba84846cc44c92c203036d88a77848eeecf58
sparknet-dendritic-study-v2,run_manifest,outputs/sparknet-dendritic-study-v2/scratch/c18g8-seed4/manifest.yaml,2928,8c7191cedd061fd3d7958e9b51e7af160d84cee3b66890a769e9b023089d8a76
sparknet-dendritic-study-v2,canonical_epoch_log,outputs/sparknet-dendritic-study-v2/scratch/c18g8-seed4/metrics/paper_replication/sparknet_c18g8_paper.jsonl,89585,b241c8ea84368c57e7d8be89dc900e7c76e1905de3422565bb39d4155c449fc3
sparknet-dendritic-study-v2,training_summary,outputs/sparknet-dendritic-study-v2/scratch/c18g8-seed4/metrics/summaries.yaml,454,556ddcf8c692ddd5eda178230b975183ecf60ba499f2c0ed352021a6c6800a65
sparknet-dendritic-study-v2,run_manifest,outputs/sparknet-dendritic-study-v2/scratch/c19g16-seed0/manifest.yaml,2935,ec965ebc57faf870df979ff370e559dc2ce224a29175ddaf8e4c3a0000044da2
sparknet-dendritic-study-v2,canonical_epoch_log,outputs/sparknet-dendritic-study-v2/scratch/c19g16-seed0/metrics/paper_replication/sparknet_c19g16_paper.jsonl,89763,28595a9181a0750a0e949dcd8a1cae29287e14789c2cc4283b2f69857fcb04c7
sparknet-dendritic-study-v2,training_summary,outputs/sparknet-dendritic-study-v2/scratch/c19g16-seed0/metrics/summaries.yaml,456,c3c39a6cf700a5a177e8449615f10b3b12c4c370192523e832940e91acecf142
sparknet-dendritic-study-v2,run_manifest,outputs/sparknet-dendritic-study-v2/scratch/c19g16-seed1/manifest.yaml,2935,2e5ac4244827095d8621144f4bca521290f9617ee92e7c2704d5020d325d9adc
sparknet-dendritic-study-v2,canonical_epoch_log,outputs/sparknet-dendritic-study-v2/scratch/c19g16-seed1/metrics/paper_replication/sparknet_c19g16_paper.jsonl,89793,83e9c1cde9c3eefac9dd3df4c1cf5f42277e73dbf5e9204314e7cc0b990fb2ea
sparknet-dendritic-study-v2,training_summary,outputs/sparknet-dendritic-study-v2/scratch/c19g16-seed1/metrics/summaries.yaml,456,eb76884bbfaa28cbdbe60b65ca8277e7daaad2096fe1e6cb1cc677606624d708
sparknet-dendritic-study-v2,run_manifest,outputs/sparknet-dendritic-study-v2/scratch/c19g16-seed2/manifest.yaml,2935,f1084642ba7599da8b8f98d21abce2fb351822e985554af3d63a720ddd7b7ca9
sparknet-dendritic-study-v2,canonical_epoch_log,outputs/sparknet-dendritic-study-v2/scratch/c19g16-seed2/metrics/paper_replication/sparknet_c19g16_paper.jsonl,89650,5baf4169b56c40f8f5c3cf0eeb545f5683a261c284aa4609e8936129d4e9831a
sparknet-dendritic-study-v2,training_summary,outputs/sparknet-dendritic-study-v2/scratch/c19g16-seed2/metrics/summaries.yaml,456,2a8afabe22d0137d230d22fa6f23b0fecc71d23c52f96a222c16453c0841f7dd
sparknet-dendritic-study-v2,run_manifest,outputs/sparknet-dendritic-study-v2/scratch/c19g16-seed3/manifest.yaml,2934,a90ef4d0ae7e4866a3e44f34b8a4ff42cc13097e8afb554e73819cfe12c1647d
sparknet-dendritic-study-v2,canonical_epoch_log,outputs/sparknet-dendritic-study-v2/scratch/c19g16-seed3/metrics/paper_replication/sparknet_c19g16_paper.jsonl,89807,8360f54624990fd5f25830c59ebc405df4ae9c61bd17b09351bdaca8d2b12dcc
sparknet-dendritic-study-v2,training_summary,outputs/sparknet-dendritic-study-v2/scratch/c19g16-seed3/metrics/summaries.yaml,456,5e27863d7b62ed05dd44d7b5bfaa72bf5955baf10f1ca97351033b1b973de01b
sparknet-dendritic-study-v2,run_manifest,outputs/sparknet-dendritic-study-v2/scratch/c19g16-seed4/manifest.yaml,2934,68b5911eeecc5cfaa55ecb02b40675b2d1e4fcf334eab0b20f564c73942f2191
sparknet-dendritic-study-v2,canonical_epoch_log,outputs/sparknet-dendritic-study-v2/scratch/c19g16-seed4/metrics/paper_replication/sparknet_c19g16_paper.jsonl,89757,7b1fe84b9dc636c83a399037ba0b30ea50518fff414c740ff283dbacd47ac3c1
sparknet-dendritic-study-v2,training_summary,outputs/sparknet-dendritic-study-v2/scratch/c19g16-seed4/metrics/summaries.yaml,455,cbd8cc8d93f050a75a215ee8bdc2e13be175f7c01cd519c3fdb5377859d6fd62
sparknet-dendritic-study-v2,run_manifest,outputs/sparknet-dendritic-study-v2/scratch/c2-seed0/manifest.yaml,3007,1cc955ab92d41d47ac1703313eaadd8cf45269c3f60dfbd23cedcf4d483269d2
sparknet-dendritic-study-v2,canonical_epoch_log,outputs/sparknet-dendritic-study-v2/scratch/c2-seed0/metrics/paper_replication/sparknet_c2_paper.jsonl,88964,b15853875535d1fb26036299cfa0a28e8fa44b8960b49a456d9de178adfea276
sparknet-dendritic-study-v2,training_summary,outputs/sparknet-dendritic-study-v2/scratch/c2-seed0/metrics/summaries.yaml,448,000ad798fa60dfe10d79300667f6cfbba07d065d278763727eea0acc98dad3a5
sparknet-dendritic-study-v2,run_manifest,outputs/sparknet-dendritic-study-v2/scratch/c2-seed1/manifest.yaml,3007,8abe517e390350370cd9b0b4dc69a6f8979917e7c3f18ade41de2f671fd5872a
sparknet-dendritic-study-v2,canonical_epoch_log,outputs/sparknet-dendritic-study-v2/scratch/c2-seed1/metrics/paper_replication/sparknet_c2_paper.jsonl,88976,1d67f61cc73d10e2ab97b5a15ae01e024e0a7f3df07b54d20b670f738af6177d
sparknet-dendritic-study-v2,training_summary,outputs/sparknet-dendritic-study-v2/scratch/c2-seed1/metrics/summaries.yaml,448,7d54e6259057e74b7b8a40d4d0fb507eb95bb8941992369a23f3bf8db107df18
sparknet-dendritic-study-v2,run_manifest,outputs/sparknet-dendritic-study-v2/scratch/c2-seed2/manifest.yaml,3007,4734fcf754d1c6794958c698c1cbc81e8113e74176541fac670b7354ed7dcd4b
sparknet-dendritic-study-v2,canonical_epoch_log,outputs/sparknet-dendritic-study-v2/scratch/c2-seed2/metrics/paper_replication/sparknet_c2_paper.jsonl,88960,60627544810b53f50c340514b0fdb27db367453400af5778e5372dfec60901d9
sparknet-dendritic-study-v2,training_summary,outputs/sparknet-dendritic-study-v2/scratch/c2-seed2/metrics/summaries.yaml,448,4d85e023ef9aea12d71fb3bf79380b6dc0e1113e841b2030de68f77f5195d825
sparknet-dendritic-study-v2,run_manifest,outputs/sparknet-dendritic-study-v2/scratch/c2-seed3/manifest.yaml,3007,e687a2d7b686637355f62ce4ce4cebcce446514695165334dfb6f53bc30643c4
sparknet-dendritic-study-v2,canonical_epoch_log,outputs/sparknet-dendritic-study-v2/scratch/c2-seed3/metrics/paper_replication/sparknet_c2_paper.jsonl,88964,d534940246d60898dcea3d09c831c1ab3bc56525519bf107e81a5f7b7fdf3b30
sparknet-dendritic-study-v2,training_summary,outputs/sparknet-dendritic-study-v2/scratch/c2-seed3/metrics/summaries.yaml,447,d6b55e680960d176caae99b53c0c58a3d1a3557e4449ec6c476f43bdb90b6ed1
sparknet-dendritic-study-v2,run_manifest,outputs/sparknet-dendritic-study-v2/scratch/c2-seed4/manifest.yaml,3007,997ec19d998e6f410766b31411379cf52f991fe676eadbf22fa7b90634fdbbf5
sparknet-dendritic-study-v2,canonical_epoch_log,outputs/sparknet-dendritic-study-v2/scratch/c2-seed4/metrics/paper_replication/sparknet_c2_paper.jsonl,88974,9448a3a6e0fb78df6bd82f7127cba311e64e8b97fd9e88e282fa8db3dd03da67
sparknet-dendritic-study-v2,training_summary,outputs/sparknet-dendritic-study-v2/scratch/c2-seed4/metrics/summaries.yaml,448,479149c09dc4e9e85c144a4c4676d6c6db83049a9a0c5fc62341442aaa2d9488
sparknet-dendritic-study-v2,run_manifest,outputs/sparknet-dendritic-study-v2/scratch/c2g16-seed0/manifest.yaml,2928,d78a55b0d6e6f2725e6b670e244b3d9ef5858521dddb820fe72feebb4f38fef0
sparknet-dendritic-study-v2,canonical_epoch_log,outputs/sparknet-dendritic-study-v2/scratch/c2g16-seed0/metrics/paper_replication/sparknet_c2g16_paper.jsonl,89296,a4a3cec1e69630bb868c61290f7e40f8210fc4c03ab58927acf52d52d639dbd0
sparknet-dendritic-study-v2,training_summary,outputs/sparknet-dendritic-study-v2/scratch/c2g16-seed0/metrics/summaries.yaml,453,c1910111a3e1a6e7e009c00714cee3df510d01b76a3464c69c52540743de6379
sparknet-dendritic-study-v2,run_manifest,outputs/sparknet-dendritic-study-v2/scratch/c4-seed0/manifest.yaml,3007,3ea4858cf202ae3733595e481ce69ac4ead610b0fd9465e983214025a7cb9b36
sparknet-dendritic-study-v2,canonical_epoch_log,outputs/sparknet-dendritic-study-v2/scratch/c4-seed0/metrics/paper_replication/sparknet_c4_paper.jsonl,88858,1a22bff469683fd920bc5f782959952cef970f128354f27af6f1846ad9040b82
sparknet-dendritic-study-v2,training_summary,outputs/sparknet-dendritic-study-v2/scratch/c4-seed0/metrics/summaries.yaml,448,7b13bc0bc5f07436d568f16a9940c4b85bf781514fa40d63211edc5765edf07c
sparknet-dendritic-study-v2,run_manifest,outputs/sparknet-dendritic-study-v2/scratch/c4-seed1/manifest.yaml,3007,05c23a7f8a3e394f6651655629a9e4e451bd1c4e25ec8bd453f4f5f253b7707c
sparknet-dendritic-study-v2,canonical_epoch_log,outputs/sparknet-dendritic-study-v2/scratch/c4-seed1/metrics/paper_replication/sparknet_c4_paper.jsonl,88877,e7cd8a257a43ab2b161f478b7a746ca3e1aae48e988fd40c4cb2e0f589c3fab6
sparknet-dendritic-study-v2,training_summary,outputs/sparknet-dendritic-study-v2/scratch/c4-seed1/metrics/summaries.yaml,448,696881a6ecbf03bb4ff7b8de9a4f44c15d6228210eb36cb25bbbbdf24fc23c3e
sparknet-dendritic-study-v2,run_manifest,outputs/sparknet-dendritic-study-v2/scratch/c4-seed2/manifest.yaml,3007,b7328bfc5d6318b0a1b8806ef4c70e77ce60a41217da202631659b761614c066
sparknet-dendritic-study-v2,canonical_epoch_log,outputs/sparknet-dendritic-study-v2/scratch/c4-seed2/metrics/paper_replication/sparknet_c4_paper.jsonl,88853,e83adcd061be62af34c7e940d1c037b0acafca69df4034d80f090ad10e5f0e88
sparknet-dendritic-study-v2,training_summary,outputs/sparknet-dendritic-study-v2/scratch/c4-seed2/metrics/summaries.yaml,447,3cc7adaad6f506599e90f1d39b889525d72ebb72f1f3f3991c81d7cf2a05d08f
sparknet-dendritic-study-v2,run_manifest,outputs/sparknet-dendritic-study-v2/scratch/c4-seed3/manifest.yaml,3007,c49c2af5c94f41ce0d4372add83d172f70deda6766c9f29a6f1ed0115d730440
sparknet-dendritic-study-v2,canonical_epoch_log,outputs/sparknet-dendritic-study-v2/scratch/c4-seed3/metrics/paper_replication/sparknet_c4_paper.jsonl,88831,d35e1bc47d8f4a729e96b91b6d64d1c6decacf68deb3a8a2c1cb90cfb8714f0b
sparknet-dendritic-study-v2,training_summary,outputs/sparknet-dendritic-study-v2/scratch/c4-seed3/metrics/summaries.yaml,447,745258c43b1eb0e5674ea092240c8d2e84c4ca8091dfb0ecba04fb91c6ab84d2
sparknet-dendritic-study-v2,run_manifest,outputs/sparknet-dendritic-study-v2/scratch/c4-seed4/manifest.yaml,3007,aaaad95d36a836658e3fcb178f7a38e922823d82f6816cba143a42b604a01f47
sparknet-dendritic-study-v2,canonical_epoch_log,outputs/sparknet-dendritic-study-v2/scratch/c4-seed4/metrics/paper_replication/sparknet_c4_paper.jsonl,88829,33051396478aee78ec9e49218448ad668573025161b5bd7065ecad77d7ac26b4
sparknet-dendritic-study-v2,training_summary,outputs/sparknet-dendritic-study-v2/scratch/c4-seed4/metrics/summaries.yaml,448,c42318df8a1519337f5504e960ba80cc4f376054dac7996cd64338175a821cfd
sparknet-dendritic-study-v2,run_manifest,outputs/sparknet-dendritic-study-v2/scratch/c4g16-seed0/manifest.yaml,2928,a558523377762577766727142b0e8434cfa3e6372e98664c61f4282bc217de1a
sparknet-dendritic-study-v2,canonical_epoch_log,outputs/sparknet-dendritic-study-v2/scratch/c4g16-seed0/metrics/paper_replication/sparknet_c4g16_paper.jsonl,89307,f756cc10741783cc4c8afe77b27ae04a73f66a3ff1f1bf60f8b6fb05785b366a
sparknet-dendritic-study-v2,training_summary,outputs/sparknet-dendritic-study-v2/scratch/c4g16-seed0/metrics/summaries.yaml,454,aecbda5c8d47d2746c0e21dbb2c79641d1db6f7474b49f9aa1d1ada7c4f3c6ac
sparknet-dendritic-study-v2,run_manifest,outputs/sparknet-dendritic-study-v2/scratch/c6-seed0/manifest.yaml,3007,606ab1ce2d5d95c631d8fbcbab3d83e0ef329402f4c5c42c8ba39ddda2490dc9
sparknet-dendritic-study-v2,canonical_epoch_log,outputs/sparknet-dendritic-study-v2/scratch/c6-seed0/metrics/paper_replication/sparknet_c6_paper.jsonl,88959,04f872c8a2d98329aab3fa86572ece43d7ac42ef0efa384105a289ae5370abb9
sparknet-dendritic-study-v2,training_summary,outputs/sparknet-dendritic-study-v2/scratch/c6-seed0/metrics/summaries.yaml,448,b8bce662cc9d312fb5a3f6e5704ccb23f8fa8cffb8f9ac0b1000a91b3351518a
sparknet-dendritic-study-v2,run_manifest,outputs/sparknet-dendritic-study-v2/scratch/c6-seed1/manifest.yaml,3007,5d73852c3f17a8987c6b0fd3c2140952ebb10fd176e6f0e91a114b2da207f413
sparknet-dendritic-study-v2,canonical_epoch_log,outputs/sparknet-dendritic-study-v2/scratch/c6-seed1/metrics/paper_replication/sparknet_c6_paper.jsonl,88932,43e77136dca97b6a7051808f61954a66e8ed8248ee8f298920775253eb2c22c5
sparknet-dendritic-study-v2,training_summary,outputs/sparknet-dendritic-study-v2/scratch/c6-seed1/metrics/summaries.yaml,447,2099e76ebf67458723aa12b7734597f4fc56e8b72846ce5fe2e6f8dd2c947e98
sparknet-dendritic-study-v2,run_manifest,outputs/sparknet-dendritic-study-v2/scratch/c6-seed2/manifest.yaml,3007,8f02de49867ecee3c3e84a56f93f685aeb4fd2fe629018f0525e056fdb34fffe
sparknet-dendritic-study-v2,canonical_epoch_log,outputs/sparknet-dendritic-study-v2/scratch/c6-seed2/metrics/paper_replication/sparknet_c6_paper.jsonl,88937,977f61e5a129baf4cf8a932450a48abe2d025d03dce839aa9752372d341c60ce
sparknet-dendritic-study-v2,training_summary,outputs/sparknet-dendritic-study-v2/scratch/c6-seed2/metrics/summaries.yaml,448,ff6f9d88d2927ed8a42e3d4a6e0bda3882f11f6e3e1d89242633e4c9c0488e17
sparknet-dendritic-study-v2,run_manifest,outputs/sparknet-dendritic-study-v2/scratch/c6-seed3/manifest.yaml,3007,c49b2f1f3e41203247eb8cb4c33374c25d23f75566124dff2bddafed9d7eda5d
sparknet-dendritic-study-v2,canonical_epoch_log,outputs/sparknet-dendritic-study-v2/scratch/c6-seed3/metrics/paper_replication/sparknet_c6_paper.jsonl,88936,f6466c9045e14f6f2db6a6481402b96a084e361b241ce1402aa792f274193dfe
sparknet-dendritic-study-v2,training_summary,outputs/sparknet-dendritic-study-v2/scratch/c6-seed3/metrics/summaries.yaml,447,81c9d7f1ab565e50d41add891ab2bdcd3264c8f4027a09350c1c82284047cac9
sparknet-dendritic-study-v2,run_manifest,outputs/sparknet-dendritic-study-v2/scratch/c6-seed4/manifest.yaml,3007,82ad10a17f0d3703ab9d81086c9098e556a8c065e9ce841dc7723b2b69b6bbb2
sparknet-dendritic-study-v2,canonical_epoch_log,outputs/sparknet-dendritic-study-v2/scratch/c6-seed4/metrics/paper_replication/sparknet_c6_paper.jsonl,88931,bdcd8508cd50fb1d27e4db93120fa12bb8f650bbbb7160486d3c116f2e5feca5
sparknet-dendritic-study-v2,training_summary,outputs/sparknet-dendritic-study-v2/scratch/c6-seed4/metrics/summaries.yaml,448,6f4838e29b061f92c27307e7a93e3bc9473dc5f604ebe4c689c2bf345f6cd397
sparknet-dendritic-study-v2,run_manifest,outputs/sparknet-dendritic-study-v2/scratch/c6g12-seed0/manifest.yaml,2928,b9dd26252c6a96c8623d7c9b0af82eebed3a5a90ccb22f3cfa4c9f9dbcf4c78d
sparknet-dendritic-study-v2,canonical_epoch_log,outputs/sparknet-dendritic-study-v2/scratch/c6g12-seed0/metrics/paper_replication/sparknet_c6g12_paper.jsonl,89386,fd61553080e087cce0e38b5c8f7392767872b3feda3c902199bb24119288e906
sparknet-dendritic-study-v2,training_summary,outputs/sparknet-dendritic-study-v2/scratch/c6g12-seed0/metrics/summaries.yaml,454,9bffdd362db876e13bcb7852cc92a216b5f713554cdd86bbcfd0b9bf1f64cd0b
sparknet-dendritic-study-v2,run_manifest,outputs/sparknet-dendritic-study-v2/scratch/c6g12-seed1/manifest.yaml,2928,de4f16b09904372124cf51f3149b88cdec6abca2aa40af5cb624bde082ba2b64
sparknet-dendritic-study-v2,canonical_epoch_log,outputs/sparknet-dendritic-study-v2/scratch/c6g12-seed1/metrics/paper_replication/sparknet_c6g12_paper.jsonl,89407,724b8e80842d093e989cdb5d4a5bab4d8e0dbd809527a2a513fda510bf319b45
sparknet-dendritic-study-v2,training_summary,outputs/sparknet-dendritic-study-v2/scratch/c6g12-seed1/metrics/summaries.yaml,453,64beb0cc0a74f13b05fb7fc7d810d5f1e47e61c3e1bce14c5a0b4314185b3a99
sparknet-dendritic-study-v2,run_manifest,outputs/sparknet-dendritic-study-v2/scratch/c6g12-seed2/manifest.yaml,2928,0e5ea6f7c63115cb2d6aae34e45437e61cb04a3c5056d3be8436afe446736c52
sparknet-dendritic-study-v2,canonical_epoch_log,outputs/sparknet-dendritic-study-v2/scratch/c6g12-seed2/metrics/paper_replication/sparknet_c6g12_paper.jsonl,89335,0dd7fdbf9bd4e0e8eb74e2c27bcb4fde40b23beaf544e1e2e66e43f20f620ee0
sparknet-dendritic-study-v2,training_summary,outputs/sparknet-dendritic-study-v2/scratch/c6g12-seed2/metrics/summaries.yaml,453,bba425f9101d8f2c58ad3fe68a8e1a5e8c5aa5b2b7fd00fcc2fdb91c6c40a033
sparknet-dendritic-study-v2,run_manifest,outputs/sparknet-dendritic-study-v2/scratch/c6g16-seed0/manifest.yaml,2928,41333fa980a58e5c34bebe87e9c3293cc7edac8253a8002da43120638bbc8841
sparknet-dendritic-study-v2,canonical_epoch_log,outputs/sparknet-dendritic-study-v2/scratch/c6g16-seed0/metrics/paper_replication/sparknet_c6g16_paper.jsonl,89409,d5623a218f261748ef1c4fa44be1ebcfed30a9010a3add8521c8a914a1fefcd2
sparknet-dendritic-study-v2,training_summary,outputs/sparknet-dendritic-study-v2/scratch/c6g16-seed0/metrics/summaries.yaml,453,310834ca60ce53735c36a1acca64799168a0573187ee16be88751d8ab3fce24f
sparknet-dendritic-study-v2,run_manifest,outputs/sparknet-dendritic-study-v2/scratch/c6g16-seed1/manifest.yaml,2928,fcb596c1a01c592cc7394d6f6a73f87491d714c8ac6b9b4d33a06175a6b9d26d
sparknet-dendritic-study-v2,canonical_epoch_log,outputs/sparknet-dendritic-study-v2/scratch/c6g16-seed1/metrics/paper_replication/sparknet_c6g16_paper.jsonl,89374,8cb6847ebf5add1b2765e8d9256c86b464a1f9b7bc8e34b61cb83f3365b96e0d
sparknet-dendritic-study-v2,training_summary,outputs/sparknet-dendritic-study-v2/scratch/c6g16-seed1/metrics/summaries.yaml,453,4330378c0e3fa7452992bb6e615449f829605e973c6db31cfd4c7fc113fc1b66
sparknet-dendritic-study-v2,run_manifest,outputs/sparknet-dendritic-study-v2/scratch/c6g16-seed2/manifest.yaml,2928,68b911597e3350560ce06275f5d91cb5724be5287770e8321d495e795d1b63a3
sparknet-dendritic-study-v2,canonical_epoch_log,outputs/sparknet-dendritic-study-v2/scratch/c6g16-seed2/metrics/paper_replication/sparknet_c6g16_paper.jsonl,89426,a714ecc687559544a2d193191500e26008d58442b08f9a2311df7e6e882d1b35
sparknet-dendritic-study-v2,training_summary,outputs/sparknet-dendritic-study-v2/scratch/c6g16-seed2/metrics/summaries.yaml,454,6f678296d52e0d72943a1f9a498284366cd3ed19ad494bf74900fad7c6b8fb40
sparknet-dendritic-study-v2,run_manifest,outputs/sparknet-dendritic-study-v2/scratch/c6g4-seed0/manifest.yaml,2922,a1802ac2d6cfeca7fb4131861ebc030b00e0576ef8d24fed7475ed402d3f758c
sparknet-dendritic-study-v2,canonical_epoch_log,outputs/sparknet-dendritic-study-v2/scratch/c6g4-seed0/metrics/paper_replication/sparknet_c6g4_paper.jsonl,89069,406007fc0fc94446cae2e047ae5203e32eb29fe8e9bc699bce082658a0d124a9
sparknet-dendritic-study-v2,training_summary,outputs/sparknet-dendritic-study-v2/scratch/c6g4-seed0/metrics/summaries.yaml,448,88f462681f8b5ac3dc24cd08249d00fe0ace5b1ec9e88550d79ba704c49871d1
sparknet-dendritic-study-v2,run_manifest,outputs/sparknet-dendritic-study-v2/scratch/c6g4-seed1/manifest.yaml,2922,47cee856229c6d771f3808a280c0ea3f3c902c4ca73fc62070b097ee8d17b3c3
sparknet-dendritic-study-v2,canonical_epoch_log,outputs/sparknet-dendritic-study-v2/scratch/c6g4-seed1/metrics/paper_replication/sparknet_c6g4_paper.jsonl,88983,bfc47e546e1b4738f91e79d3cd127edc1ac761fd31cd7ae848f114738131cbf3
sparknet-dendritic-study-v2,training_summary,outputs/sparknet-dendritic-study-v2/scratch/c6g4-seed1/metrics/summaries.yaml,452,93a871db7aad516fb1a6e7b49a33368ff73d7fbf46af3dd4959e98da1b014880
sparknet-dendritic-study-v2,run_manifest,outputs/sparknet-dendritic-study-v2/scratch/c6g4-seed2/manifest.yaml,2922,34cd3b788d70018f8d7b335bc6ca64c12011cf707909548d5b65a3a5c04d32cb
sparknet-dendritic-study-v2,canonical_epoch_log,outputs/sparknet-dendritic-study-v2/scratch/c6g4-seed2/metrics/paper_replication/sparknet_c6g4_paper.jsonl,89126,9c2b1ceed8b5360f6fea60e19ff6659cb1f9be88d8f2206d71f63eb7b1b39c48
sparknet-dendritic-study-v2,training_summary,outputs/sparknet-dendritic-study-v2/scratch/c6g4-seed2/metrics/summaries.yaml,450,227695be7ecc8ee3f59d3dd94c62f0308f703b7c61e65a6fd67db04d844c4d4c
sparknet-dendritic-study-v2,run_manifest,outputs/sparknet-dendritic-study-v2/scratch/c6g4-seed3/manifest.yaml,2922,4cab366cbad58474de1ce4f97c9c507a0abc2898767bb3c83f479ca9c0059cdd
sparknet-dendritic-study-v2,canonical_epoch_log,outputs/sparknet-dendritic-study-v2/scratch/c6g4-seed3/metrics/paper_replication/sparknet_c6g4_paper.jsonl,89091,78228a627b0a74c590ec69e7b31fa9d0a0405aaf3c3a3da7836781b0a7d1f5ce
sparknet-dendritic-study-v2,training_summary,outputs/sparknet-dendritic-study-v2/scratch/c6g4-seed3/metrics/summaries.yaml,452,81299540976006b85f3280a0094a9501003b73d90630c52b4364dc75463747e9
sparknet-dendritic-study-v2,run_manifest,outputs/sparknet-dendritic-study-v2/scratch/c6g4-seed4/manifest.yaml,2922,74764b3f30fb5abc4be940d105347802c575a5d268323dc87496d5a565bc6521
sparknet-dendritic-study-v2,canonical_epoch_log,outputs/sparknet-dendritic-study-v2/scratch/c6g4-seed4/metrics/paper_replication/sparknet_c6g4_paper.jsonl,89044,822a9f6923e4b48ae0ddd71296e21466f0c861044fc65b61dd85077b1d5f8a79
sparknet-dendritic-study-v2,training_summary,outputs/sparknet-dendritic-study-v2/scratch/c6g4-seed4/metrics/summaries.yaml,452,f668d56c2db5de18f6b9ae5f59a400aa013ee3be5dca48c3942065409b413ce1
sparknet-dendritic-study-v2,run_manifest,outputs/sparknet-dendritic-study-v2/scratch/c6g8-seed0/manifest.yaml,2922,9df21650cf9a748c895b12ad1de534594a261797350cbd2e0f13f5eb59ce9f93
sparknet-dendritic-study-v2,canonical_epoch_log,outputs/sparknet-dendritic-study-v2/scratch/c6g8-seed0/metrics/paper_replication/sparknet_c6g8_paper.jsonl,89166,ec357c0d141cb8259748f988fe45b691c100b5f8f4db3a11d187179286e1ff83
sparknet-dendritic-study-v2,training_summary,outputs/sparknet-dendritic-study-v2/scratch/c6g8-seed0/metrics/summaries.yaml,452,e973f9f3e926e32db219a6e1a3af9b775c3628729c56c750cae4bdc130a75bbb
sparknet-dendritic-study-v2,run_manifest,outputs/sparknet-dendritic-study-v2/scratch/c6g8-seed1/manifest.yaml,2922,05311e0b54c25d9e63a135ab60da15ec5cf0d817f579de358eaefed1255c0b6b
sparknet-dendritic-study-v2,canonical_epoch_log,outputs/sparknet-dendritic-study-v2/scratch/c6g8-seed1/metrics/paper_replication/sparknet_c6g8_paper.jsonl,89072,ae4db1b2f81928046103dd20aab501434433e73b241adc42c3e712db030b087b
sparknet-dendritic-study-v2,training_summary,outputs/sparknet-dendritic-study-v2/scratch/c6g8-seed1/metrics/summaries.yaml,452,86708f5d0db4bc9a0251fd7fdba2a176e2fbd4e43a619ff085fc407e1a7b2005
sparknet-dendritic-study-v2,run_manifest,outputs/sparknet-dendritic-study-v2/scratch/c6g8-seed2/manifest.yaml,2922,a7f579815088cac2b67f7e22980b5c5cb6a3f83f11e332d853af679b6a55ea37
sparknet-dendritic-study-v2,canonical_epoch_log,outputs/sparknet-dendritic-study-v2/scratch/c6g8-seed2/metrics/paper_replication/sparknet_c6g8_paper.jsonl,89117,b498114bc7e78ef023d96da674e464159c01867ade36cff0b3950399128e9b92
sparknet-dendritic-study-v2,training_summary,outputs/sparknet-dendritic-study-v2/scratch/c6g8-seed2/metrics/summaries.yaml,452,2bc064b1a4018ad6c53b24c080633fe853fc2708c24fb0496791b60fb6e1c01d
sparknet-dendritic-study-v2,run_manifest,outputs/sparknet-dendritic-study-v2/scratch/c6g8-seed3/manifest.yaml,2923,b3462bf9cf25fc5d01d2e7dafbc7e5c3e9b6f6734236cb68e644af5efc8f3fa3
sparknet-dendritic-study-v2,canonical_epoch_log,outputs/sparknet-dendritic-study-v2/scratch/c6g8-seed3/metrics/paper_replication/sparknet_c6g8_paper.jsonl,89070,4c264c863eb9131b955144df28c861d89da5f2680e5c24c5a0992e389c67d56b
sparknet-dendritic-study-v2,training_summary,outputs/sparknet-dendritic-study-v2/scratch/c6g8-seed3/metrics/summaries.yaml,452,0bd52b17266efe77c2c3911f45304dc221655f3a386819f8c74cadb7130e9785
sparknet-dendritic-study-v2,run_manifest,outputs/sparknet-dendritic-study-v2/scratch/c6g8-seed4/manifest.yaml,2923,37ada1effed17655db26c64d6d98b3b637186ef0858418468985791102553b45
sparknet-dendritic-study-v2,canonical_epoch_log,outputs/sparknet-dendritic-study-v2/scratch/c6g8-seed4/metrics/paper_replication/sparknet_c6g8_paper.jsonl,89129,b300f55dd856ea61fc1414b3116fc0a73845ca6c6bacc6fba4fd9e4644eaa774
sparknet-dendritic-study-v2,training_summary,outputs/sparknet-dendritic-study-v2/scratch/c6g8-seed4/metrics/summaries.yaml,452,03fd62857193d2428cc86930111f541738c99bd238854ad9220778f473950e4d
sparknet-dendritic-study-v2,run_manifest,outputs/sparknet-dendritic-study-v2/scratch/c7g8-seed0/manifest.yaml,2923,cb6401a03d7b195a57f8c78ce7ae736c98770df93b55569e02f1a708648824b9
sparknet-dendritic-study-v2,canonical_epoch_log,outputs/sparknet-dendritic-study-v2/scratch/c7g8-seed0/metrics/paper_replication/sparknet_c7g8_paper.jsonl,89240,d654df913288051ce30a9165cf98149eb4e7111417cb287dff5602fd66878cc8
sparknet-dendritic-study-v2,training_summary,outputs/sparknet-dendritic-study-v2/scratch/c7g8-seed0/metrics/summaries.yaml,452,2f4a157dd80b9e1c63075a0287b108060e460957216cdadff6e97cfc8c448f95
sparknet-dendritic-study-v2,run_manifest,outputs/sparknet-dendritic-study-v2/scratch/c7g8-seed1/manifest.yaml,2925,dfd0a89ed1f468396f4dea9c887dcff2d1ea2d78086e77f71a4716cc32ff598c
sparknet-dendritic-study-v2,canonical_epoch_log,outputs/sparknet-dendritic-study-v2/scratch/c7g8-seed1/metrics/paper_replication/sparknet_c7g8_paper.jsonl,89177,95ebc2e29f07577e1523e6e6fb2487d796715b74c6d62a8faca96f081d964892
sparknet-dendritic-study-v2,training_summary,outputs/sparknet-dendritic-study-v2/scratch/c7g8-seed1/metrics/summaries.yaml,452,a14b35efaa9c8904ee4598399d24d78662ce2db4c69dacced6736a3acba5611f
sparknet-dendritic-study-v2,run_manifest,outputs/sparknet-dendritic-study-v2/scratch/c7g8-seed2/manifest.yaml,2923,1ce53466db3f97f1b5f76596af6fda3459cdb80f7c1ecd6af362d541d1f976c8
sparknet-dendritic-study-v2,canonical_epoch_log,outputs/sparknet-dendritic-study-v2/scratch/c7g8-seed2/metrics/paper_replication/sparknet_c7g8_paper.jsonl,89203,b89e8c4b0c83c4431c8345ff95c3e21b4b8fadb98a3105ca116ad479c1e4c1a1
sparknet-dendritic-study-v2,training_summary,outputs/sparknet-dendritic-study-v2/scratch/c7g8-seed2/metrics/summaries.yaml,452,9b4183cccb4e46e0ca3a306b5d23f0ec09fd4fe46ecb467e2945fa22f0d2b070
sparknet-dendritic-study-v2,run_manifest,outputs/sparknet-dendritic-study-v2/scratch/c8-seed0/manifest.yaml,3007,8381563e66a601579a7db3dbaff17f88b4ef3da0a749bc6d6f26177d965fd17d
sparknet-dendritic-study-v2,canonical_epoch_log,outputs/sparknet-dendritic-study-v2/scratch/c8-seed0/metrics/paper_replication/sparknet_c8_paper.jsonl,88973,46f8ae6c1d66b7bd17d8d933fa2db29421ee9ab461d246e78483cf552d822ebd
sparknet-dendritic-study-v2,training_summary,outputs/sparknet-dendritic-study-v2/scratch/c8-seed0/metrics/summaries.yaml,448,41405c41df1e3ac2050d7417084c26870e34085fd487105dff541c6ac99e3441
sparknet-dendritic-study-v2,run_manifest,outputs/sparknet-dendritic-study-v2/scratch/c8-seed1/manifest.yaml,3007,e3893f7bcbc71550746145ca3210e9b2fcd7a72b646c6b57b1a0d1b5a09b2779
sparknet-dendritic-study-v2,canonical_epoch_log,outputs/sparknet-dendritic-study-v2/scratch/c8-seed1/metrics/paper_replication/sparknet_c8_paper.jsonl,88958,55a7f4f7150b60fe3c692dd677c229e8b8a92649c9c5963942a299a02355e635
sparknet-dendritic-study-v2,training_summary,outputs/sparknet-dendritic-study-v2/scratch/c8-seed1/metrics/summaries.yaml,448,52a9b3221a1fc8846e7eeaa941f0b2209ed7210d2052aede0a9a959f3fc80b9f
sparknet-dendritic-study-v2,run_manifest,outputs/sparknet-dendritic-study-v2/scratch/c8-seed2/manifest.yaml,3007,1d094c8853221eac2edcc0e2f3fc95165e7df16e3ee70c702c9f069bfe373cf3
sparknet-dendritic-study-v2,canonical_epoch_log,outputs/sparknet-dendritic-study-v2/scratch/c8-seed2/metrics/paper_replication/sparknet_c8_paper.jsonl,88979,51ccc5a984c3c999203e938b5862abc66a1c50e9aa37b1a6796cb077dc85b4bc
sparknet-dendritic-study-v2,training_summary,outputs/sparknet-dendritic-study-v2/scratch/c8-seed2/metrics/summaries.yaml,448,2b061379f7fa8681c48f67c6cead35544a878bf3c1af85267a4e2056eb5a6c09
sparknet-dendritic-study-v2,run_manifest,outputs/sparknet-dendritic-study-v2/scratch/c8-seed3/manifest.yaml,3007,9834becb7fc1fddf94730f55c44a7ce1107d5c0f556f7b15c3cedc1a8365e9fc
sparknet-dendritic-study-v2,canonical_epoch_log,outputs/sparknet-dendritic-study-v2/scratch/c8-seed3/metrics/paper_replication/sparknet_c8_paper.jsonl,89007,3f7c0447c81ae2ad02ad51af6bbe27c40097ba23a241f3ebe1d261f3cda7e663
sparknet-dendritic-study-v2,training_summary,outputs/sparknet-dendritic-study-v2/scratch/c8-seed3/metrics/summaries.yaml,448,26f121df57ba3cad114bf53e7affdfe85a9da9ffa607f397538d8972583cd646
sparknet-dendritic-study-v2,run_manifest,outputs/sparknet-dendritic-study-v2/scratch/c8-seed4/manifest.yaml,3007,542e3a8ae785d48ea691a220912b566cc2fd7163df14f4df417dbe6050951180
sparknet-dendritic-study-v2,canonical_epoch_log,outputs/sparknet-dendritic-study-v2/scratch/c8-seed4/metrics/paper_replication/sparknet_c8_paper.jsonl,88995,6a39a29a882db81ed07b8456b3e554ddd376ddecce0b997736ba729a69579c36
sparknet-dendritic-study-v2,training_summary,outputs/sparknet-dendritic-study-v2/scratch/c8-seed4/metrics/summaries.yaml,448,eeeaab889d2df0f3d409d87cbdc5256c8aef889a4ce7fa1fe4e84d9832f32107
sparknet-dendritic-study-v2,run_manifest,outputs/sparknet-dendritic-study-v2/scratch/c8g16-seed0/manifest.yaml,2928,2663c1eccb72dd5e1cbb8a27b7146c967892c00114895cace2e6b8aee25e562a
sparknet-dendritic-study-v2,canonical_epoch_log,outputs/sparknet-dendritic-study-v2/scratch/c8g16-seed0/metrics/paper_replication/sparknet_c8g16_paper.jsonl,89417,067fc9d28e0aa2642bd50dd0ddd32d61a9f34525a31fe5b696c4dde7eb2b32bc
sparknet-dendritic-study-v2,training_summary,outputs/sparknet-dendritic-study-v2/scratch/c8g16-seed0/metrics/summaries.yaml,454,56a092c7bd1f7b30a3e50c4b5dc5af03452d11a38b153adb3f94321817d3c800
sparknet-dendritic-study-v2,run_manifest,outputs/sparknet-dendritic-study-v2/scratch/c8g16-seed1/manifest.yaml,2928,5b2b5cc1d104f7eed0b7fdef410a11ac3a13ae76ae257d12342c5aac41bab6c1
sparknet-dendritic-study-v2,canonical_epoch_log,outputs/sparknet-dendritic-study-v2/scratch/c8g16-seed1/metrics/paper_replication/sparknet_c8g16_paper.jsonl,89443,fc2bdc44d40883229763b7f6a57bfcc3518a69dc22a3289385258c429c8c378f
sparknet-dendritic-study-v2,training_summary,outputs/sparknet-dendritic-study-v2/scratch/c8g16-seed1/metrics/summaries.yaml,454,b75d29460741b1ad92d7c20c675b315a75820a6e254fc4cbaae922f67e24e4b9
sparknet-dendritic-study-v2,run_manifest,outputs/sparknet-dendritic-study-v2/scratch/c8g16-seed2/manifest.yaml,2929,0ab44d9f6f0c5f0add12ffad282f47523dd8354cf9174b534ffb2a5ddff39c54
sparknet-dendritic-study-v2,canonical_epoch_log,outputs/sparknet-dendritic-study-v2/scratch/c8g16-seed2/metrics/paper_replication/sparknet_c8g16_paper.jsonl,89462,686dbaa2674d9af63151e6e14b986b446044566e055950f598fe92247303af7c
sparknet-dendritic-study-v2,training_summary,outputs/sparknet-dendritic-study-v2/scratch/c8g16-seed2/metrics/summaries.yaml,453,d3dd915f635e3c530154018a081188199c26e1d7800689f356fb27b1b0bc2798
sparknet-dendritic-study-v2,run_manifest,outputs/sparknet-dendritic-study-v2/scratch/c8g16-seed3/manifest.yaml,2929,01448c1936a5f50c6f5b01708c15998ca5503d09d233cbf01802e73866a54230
sparknet-dendritic-study-v2,canonical_epoch_log,outputs/sparknet-dendritic-study-v2/scratch/c8g16-seed3/metrics/paper_replication/sparknet_c8g16_paper.jsonl,89406,88529af7e4ab91886fccbf0589fcef40a168d784401ae73f8619444cbb8d8292
sparknet-dendritic-study-v2,training_summary,outputs/sparknet-dendritic-study-v2/scratch/c8g16-seed3/metrics/summaries.yaml,454,0974ca76ea21ba929cbe3a36cc989dbfcdf9d5880d948f149ba5292a7c883aa8
sparknet-dendritic-study-v2,run_manifest,outputs/sparknet-dendritic-study-v2/scratch/c8g16-seed4/manifest.yaml,2929,e3aaa758290259eecac275ebd2b748954f6a312a4ee3e1d4c9d1e3535d9a5675
sparknet-dendritic-study-v2,canonical_epoch_log,outputs/sparknet-dendritic-study-v2/scratch/c8g16-seed4/metrics/paper_replication/sparknet_c8g16_paper.jsonl,89415,69fd2273bf2de1ad757815368c1ae2b471f305f0a258c6d39f6d3ced4a263f65
sparknet-dendritic-study-v2,training_summary,outputs/sparknet-dendritic-study-v2/scratch/c8g16-seed4/metrics/summaries.yaml,452,88f9b00c42ddc5c46615796576aaac107cd814fec56047f413c06cb255eee247
sparknet-dendritic-study-v2,run_manifest,outputs/sparknet-dendritic-study-v2/scratch/c8g8-seed0/manifest.yaml,2922,f16b046a9d737e0a8d32f3f6fe1c40f1b1a577e1e24f48ad9f6fd98d0bcb2e18
sparknet-dendritic-study-v2,canonical_epoch_log,outputs/sparknet-dendritic-study-v2/scratch/c8g8-seed0/metrics/paper_replication/sparknet_c8g8_paper.jsonl,89278,2548372aa2e9f75aef368fedd0f4cb76336470c4d6d2d9fa268f4fdd4dbc0c4a
sparknet-dendritic-study-v2,training_summary,outputs/sparknet-dendritic-study-v2/scratch/c8g8-seed0/metrics/summaries.yaml,451,f7e359e78a7db7b9b4df6323891301dfa75eb35077534bfe80c9ad28afdd5f1c
sparknet-dendritic-study-v2,run_manifest,outputs/sparknet-dendritic-study-v2/scratch/c8g8-seed1/manifest.yaml,2923,daec96579d28942889e946998972d80c60e8d4e3c7816182015be325e8b4b118
sparknet-dendritic-study-v2,canonical_epoch_log,outputs/sparknet-dendritic-study-v2/scratch/c8g8-seed1/metrics/paper_replication/sparknet_c8g8_paper.jsonl,89239,c6389a8441609d1934f0f5d211b8467b8c78b8861c7a58f9e021fdc910e508eb
sparknet-dendritic-study-v2,training_summary,outputs/sparknet-dendritic-study-v2/scratch/c8g8-seed1/metrics/summaries.yaml,452,8bdc1e808fdaaa08c44ed931199a72476cb316e41284c4155db50459e579cbaf
sparknet-dendritic-study-v2,run_manifest,outputs/sparknet-dendritic-study-v2/scratch/c8g8-seed2/manifest.yaml,2923,6d1675434150c2de29f27cb0540dea2692aff569498a13f9f4ce6d781bff43a9
sparknet-dendritic-study-v2,canonical_epoch_log,outputs/sparknet-dendritic-study-v2/scratch/c8g8-seed2/metrics/paper_replication/sparknet_c8g8_paper.jsonl,89173,3ac11b712aa6a8185468e2b2ba7efcc8c8ceb3affbf9ab5f726dd79a2d0a7a7b
sparknet-dendritic-study-v2,training_summary,outputs/sparknet-dendritic-study-v2/scratch/c8g8-seed2/metrics/summaries.yaml,452,ba9d0ff32487ee7c62b2d41f8cad767bc74d2235d1f0603e4ec9359d642ade65
sparknet-dendritic-study-v2,run_manifest,outputs/sparknet-dendritic-study-v2/scratch/c9g12-seed0/manifest.yaml,2928,bb29eadef6acecf17790cf3e2e7a727deceea62b27a3fe38d92ef6a218b4ae36
sparknet-dendritic-study-v2,canonical_epoch_log,outputs/sparknet-dendritic-study-v2/scratch/c9g12-seed0/metrics/paper_replication/sparknet_c9g12_paper.jsonl,89510,8e90837a14e3e68f6df3f57c83cd7ac039f59061ba19630a58b763190ed7a25e
sparknet-dendritic-study-v2,training_summary,outputs/sparknet-dendritic-study-v2/scratch/c9g12-seed0/metrics/summaries.yaml,454,b6f2daca1a9136a08713fe236a784df22f80e1df913a8f38c01e5b91cd51624b
sparknet-dendritic-study-v2,run_manifest,outputs/sparknet-dendritic-study-v2/scratch/c9g12-seed1/manifest.yaml,2928,d0d2d33fd66e5674c771fc649a692e73ffee02ef670308d6b0553b499043d4d7
sparknet-dendritic-study-v2,canonical_epoch_log,outputs/sparknet-dendritic-study-v2/scratch/c9g12-seed1/metrics/paper_replication/sparknet_c9g12_paper.jsonl,89460,897e28bba6e893c102f5c6d937d4013a7dd128096063d1a4c6662121f78838b5
sparknet-dendritic-study-v2,training_summary,outputs/sparknet-dendritic-study-v2/scratch/c9g12-seed1/metrics/summaries.yaml,454,2d0f80e4c5b6669c88f4f9d2eda863c09fe5c3c46db33af12238df2672b4c8fe
sparknet-dendritic-study-v2,run_manifest,outputs/sparknet-dendritic-study-v2/scratch/c9g12-seed2/manifest.yaml,2928,216c43cbbc91118c45e18b55aa1e4c3e6f197da0c9b8eb0e35f621bbd4697d8a
sparknet-dendritic-study-v2,canonical_epoch_log,outputs/sparknet-dendritic-study-v2/scratch/c9g12-seed2/metrics/paper_replication/sparknet_c9g12_paper.jsonl,89395,d9c8ac9239cbe092dfe248978d92b3c498b6b83b90ef97b554112eae7a5e97e9
sparknet-dendritic-study-v2,training_summary,outputs/sparknet-dendritic-study-v2/scratch/c9g12-seed2/metrics/summaries.yaml,454,1536d801b32a70eaa89ac64337f7525e64952ea57ff31feda020bfdbde3c1703
sparknet-dendritic-study-v2,run_manifest,outputs/sparknet-dendritic-study-v2/scratch/c9g12-seed3/manifest.yaml,2928,0b84a1417229e79e207db686320be83676f44a270fefbebd4d876cb629507368
sparknet-dendritic-study-v2,canonical_epoch_log,outputs/sparknet-dendritic-study-v2/scratch/c9g12-seed3/metrics/paper_replication/sparknet_c9g12_paper.jsonl,89576,a837123f96336eec90cacaf16812f3e791af018bfe41690ce95305222993bf28
sparknet-dendritic-study-v2,training_summary,outputs/sparknet-dendritic-study-v2/scratch/c9g12-seed3/metrics/summaries.yaml,454,2c1a436d951d451db2f4a7810a00339f1a5c84304b4300cafde08a97ff512cbd
sparknet-dendritic-study-v2,run_manifest,outputs/sparknet-dendritic-study-v2/scratch/c9g12-seed4/manifest.yaml,2928,3d5d87d36f1353636e4760bffe92c5c632ed007375da42eb864ea35b175b5bbe
sparknet-dendritic-study-v2,canonical_epoch_log,outputs/sparknet-dendritic-study-v2/scratch/c9g12-seed4/metrics/paper_replication/sparknet_c9g12_paper.jsonl,89620,9efce03ede73f6110c9e5669e8729ed1b6db3dbc476d8240116e34cee9f0bc2e
sparknet-dendritic-study-v2,training_summary,outputs/sparknet-dendritic-study-v2/scratch/c9g12-seed4/metrics/summaries.yaml,454,a51ca58f929ea406fe9370e17f4b3a0c929fc10cae9b8572ff9ed714e00be2ca
sparknet-dendritic-study-v2,run_manifest,outputs/sparknet-dendritic-study-v2/scratch/c9g16-seed0/manifest.yaml,2928,a4da2ba429f02053e6dde3538c4524afee4bda26c69a40d77fbbbe108572afa5
sparknet-dendritic-study-v2,canonical_epoch_log,outputs/sparknet-dendritic-study-v2/scratch/c9g16-seed0/metrics/paper_replication/sparknet_c9g16_paper.jsonl,89497,e4e8e7bcabb734b1ae43e7a38ef9ad5a9381d630a45fd5f29a21657c6570d4b3
sparknet-dendritic-study-v2,training_summary,outputs/sparknet-dendritic-study-v2/scratch/c9g16-seed0/metrics/summaries.yaml,454,d7c05e2b2c9efcfd1c4ccffdcff976e4f1445f4e5bd20621af6f10bce91e6d4a
sparknet-dendritic-study-v2,run_manifest,outputs/sparknet-dendritic-study-v2/scratch/c9g16-seed1/manifest.yaml,2928,59950e6cfa45aafea8f74b16127de3fae5190f659182bbec4e1b8680368c6eaf
sparknet-dendritic-study-v2,canonical_epoch_log,outputs/sparknet-dendritic-study-v2/scratch/c9g16-seed1/metrics/paper_replication/sparknet_c9g16_paper.jsonl,89377,d9529f9d7504c8882c008becbddaa15374190cfc3f0b79e80a4621940be27535
sparknet-dendritic-study-v2,training_summary,outputs/sparknet-dendritic-study-v2/scratch/c9g16-seed1/metrics/summaries.yaml,454,dbd5ff209e79f1db7938d0a8df09828430696344c9031088f475d5c72ae54f55
sparknet-dendritic-study-v2,run_manifest,outputs/sparknet-dendritic-study-v2/scratch/c9g16-seed2/manifest.yaml,2928,0487146b4e08c308133d234927ebb653fbb6b1008ad4d89549f9e4fb7841ed4d
sparknet-dendritic-study-v2,canonical_epoch_log,outputs/sparknet-dendritic-study-v2/scratch/c9g16-seed2/metrics/paper_replication/sparknet_c9g16_paper.jsonl,89468,c52f99da34a3bde827af101152601337b219f791ca1a55f089cbb1889828b909
sparknet-dendritic-study-v2,training_summary,outputs/sparknet-dendritic-study-v2/scratch/c9g16-seed2/metrics/summaries.yaml,454,ec2143c852f51dc7a3d1da8d7d1687d5fc52eb1ac830921c364a32301fcea462
sparknet-dendritic-study-v2,run_manifest,outputs/sparknet-dendritic-study-v2/scratch/c9g16-seed3/manifest.yaml,2928,769679951347f2b460cc7c794c06d0bd52cfebf264c1a387be576d32655124b8
sparknet-dendritic-study-v2,canonical_epoch_log,outputs/sparknet-dendritic-study-v2/scratch/c9g16-seed3/metrics/paper_replication/sparknet_c9g16_paper.jsonl,89622,e3ed63fffbcc53b7d5e80e87d38d016a2af1693a86a700f2d1aa3a63eb09e0fb
sparknet-dendritic-study-v2,training_summary,outputs/sparknet-dendritic-study-v2/scratch/c9g16-seed3/metrics/summaries.yaml,454,99a8f3edbc01235d97245f021aa8da70b2fffc2cd8ac960e81cd0ac0b125cb67
sparknet-dendritic-study-v2,run_manifest,outputs/sparknet-dendritic-study-v2/scratch/c9g16-seed4/manifest.yaml,2928,e9a36e40ea9931b402229bfaf811e27b1fed1f0e76a2f2839d4e5eae6f79e7d6
sparknet-dendritic-study-v2,canonical_epoch_log,outputs/sparknet-dendritic-study-v2/scratch/c9g16-seed4/metrics/paper_replication/sparknet_c9g16_paper.jsonl,89479,11a39464f30c67c7429a91cbbc204921daafac516b501fb9e59b9d4c74ad1345
sparknet-dendritic-study-v2,training_summary,outputs/sparknet-dendritic-study-v2/scratch/c9g16-seed4/metrics/summaries.yaml,454,5793580e10d296672d234bc53128346d9e2ebd51c966431b595777cd7f2d896e
sparknet-dendritic-study-v2,run_manifest,outputs/sparknet-dendritic-study-v2/scratch/c9g4-seed0/manifest.yaml,2922,a171715611e04472724896c1023ad2be13661753d39b9e5d37776437435feab4
sparknet-dendritic-study-v2,canonical_epoch_log,outputs/sparknet-dendritic-study-v2/scratch/c9g4-seed0/metrics/paper_replication/sparknet_c9g4_paper.jsonl,89222,48a032cdd7e31738dd3d55fcf5e9be76f973d6b041f92f745183211240350528
sparknet-dendritic-study-v2,training_summary,outputs/sparknet-dendritic-study-v2/scratch/c9g4-seed0/metrics/summaries.yaml,452,181baa41367e4000fd5e029821a82f6ecd6ca48743dca06db045dcc3bb4d9a80
sparknet-dendritic-study-v2,run_manifest,outputs/sparknet-dendritic-study-v2/scratch/c9g4-seed1/manifest.yaml,2922,6b2ca3c3f3137404215c5bd794b153eaa426858a736e621b9f82f2d1608f2677
sparknet-dendritic-study-v2,canonical_epoch_log,outputs/sparknet-dendritic-study-v2/scratch/c9g4-seed1/metrics/paper_replication/sparknet_c9g4_paper.jsonl,89095,7c5579ae937ad2793738ff15ba01c0b9779a5e85182a24d6d0cb7621f1446686
sparknet-dendritic-study-v2,training_summary,outputs/sparknet-dendritic-study-v2/scratch/c9g4-seed1/metrics/summaries.yaml,451,4d5d78edc6bddcd886dd5179fdd323b51f75aef1e4a8d1206aff453f78349295
sparknet-dendritic-study-v2,run_manifest,outputs/sparknet-dendritic-study-v2/scratch/c9g4-seed2/manifest.yaml,2922,53b6d6611077ebdf565465a313a4a416cb7c21d97bd4673f8be7e200ff36f7cb
sparknet-dendritic-study-v2,canonical_epoch_log,outputs/sparknet-dendritic-study-v2/scratch/c9g4-seed2/metrics/paper_replication/sparknet_c9g4_paper.jsonl,89150,4e76363e3be5e04fcc3265f0db44fef0630b359c83cfe0292189f00302606f6b
sparknet-dendritic-study-v2,training_summary,outputs/sparknet-dendritic-study-v2/scratch/c9g4-seed2/metrics/summaries.yaml,452,39dc6701bd201c456e9fa149bd86097b5397f87fbf46e2d925ea81b2fcf6e259
sparknet-dendritic-study-v2,run_manifest,outputs/sparknet-dendritic-study-v2/scratch/c9g4-seed3/manifest.yaml,2922,16b4a9418a517ce42b79ed81161e7a88f65be2ec67247b25c8b363432a4ba162
sparknet-dendritic-study-v2,canonical_epoch_log,outputs/sparknet-dendritic-study-v2/scratch/c9g4-seed3/metrics/paper_replication/sparknet_c9g4_paper.jsonl,89220,79d7b9a03b72efcebbcfe8c51392763d88623571b270a0bde2e7c0b58979ccf3
sparknet-dendritic-study-v2,training_summary,outputs/sparknet-dendritic-study-v2/scratch/c9g4-seed3/metrics/summaries.yaml,452,e2d95a594b2229be91480317ca74c3fdd302c258f281d5613449fa978ffa6b01
sparknet-dendritic-study-v2,run_manifest,outputs/sparknet-dendritic-study-v2/scratch/c9g4-seed4/manifest.yaml,2922,d0a68c65e62c4209374f7fc95f5c9176432d0260938ad2820e60d119a1fa3f73
sparknet-dendritic-study-v2,canonical_epoch_log,outputs/sparknet-dendritic-study-v2/scratch/c9g4-seed4/metrics/paper_replication/sparknet_c9g4_paper.jsonl,89255,9ba92844ae7ad44856651bddc9fbce757f78d66a33eca60699b6e34152ea1d32
sparknet-dendritic-study-v2,training_summary,outputs/sparknet-dendritic-study-v2/scratch/c9g4-seed4/metrics/summaries.yaml,452,bdc3e882147c85b2ae29c0714813b2988ae82393aa10073b21de9f972c92ba57
sparknet-dendritic-study-v2,run_manifest,outputs/sparknet-dendritic-study-v2/scratch/c9g8-seed0/manifest.yaml,2922,ebe166d5e18df68c50e6a1b0bf6c6e74e22eb5e900afde2b2f43a40bf3330ccb
sparknet-dendritic-study-v2,canonical_epoch_log,outputs/sparknet-dendritic-study-v2/scratch/c9g8-seed0/metrics/paper_replication/sparknet_c9g8_paper.jsonl,89156,2e4187735d8796fd436febfad3ca176cbf80007133ff15aa100a66eef9c50f0f
sparknet-dendritic-study-v2,training_summary,outputs/sparknet-dendritic-study-v2/scratch/c9g8-seed0/metrics/summaries.yaml,451,2c8c39dec9afe3ee66b8a82463ad2fd7a42082912d7a4e5439cd9773ed126ad3
sparknet-dendritic-study-v2,run_manifest,outputs/sparknet-dendritic-study-v2/scratch/c9g8-seed1/manifest.yaml,2922,e3ddc07d92b15bd900542d6a550b7f5074ea57dc08c88da6e8c28d99e7b2c5d5
sparknet-dendritic-study-v2,canonical_epoch_log,outputs/sparknet-dendritic-study-v2/scratch/c9g8-seed1/metrics/paper_replication/sparknet_c9g8_paper.jsonl,89273,e2e9ac000fca2b72091c0e7af7fad73b392a351ad5e55b79dff4ad05661aab8d
sparknet-dendritic-study-v2,training_summary,outputs/sparknet-dendritic-study-v2/scratch/c9g8-seed1/metrics/summaries.yaml,452,7220eae9e98694bfff77ca6c07e08fa4da1622a24be1c27ea8b619a55cddbc00
sparknet-dendritic-study-v2,run_manifest,outputs/sparknet-dendritic-study-v2/scratch/c9g8-seed2/manifest.yaml,2922,b971399cb3b040c34e4992690f13705756be9316fe684dc965b6ca5d6d04241a
sparknet-dendritic-study-v2,canonical_epoch_log,outputs/sparknet-dendritic-study-v2/scratch/c9g8-seed2/metrics/paper_replication/sparknet_c9g8_paper.jsonl,89278,2205b4fecc10cf02bc6cd089b87d23da5d8e4c2274ea0befe6a05992e740073d
sparknet-dendritic-study-v2,training_summary,outputs/sparknet-dendritic-study-v2/scratch/c9g8-seed2/metrics/summaries.yaml,452,1d3a40eddb11a883e41eab90b7b973c1ce39c4f79667014415b2449bd2eda248
sparknet-dendritic-study-v2,run_manifest,outputs/sparknet-dendritic-study-v2/scratch/c9g8-seed3/manifest.yaml,2922,f9ea47fa5ad69af0faff8f1d7125d92ab4662181830d54b8e64e6869a5cab62b
sparknet-dendritic-study-v2,canonical_epoch_log,outputs/sparknet-dendritic-study-v2/scratch/c9g8-seed3/metrics/paper_replication/sparknet_c9g8_paper.jsonl,89153,795d6c355d0349a8b914d13eb7c64c142ffedc1eaf210ca7d05ecfed8cf548b2
sparknet-dendritic-study-v2,training_summary,outputs/sparknet-dendritic-study-v2/scratch/c9g8-seed3/metrics/summaries.yaml,452,80393a1ae0853913566e51efacbe96075c4b2c4c88492c06ea48f7a7a5725793
sparknet-dendritic-study-v2,run_manifest,outputs/sparknet-dendritic-study-v2/scratch/c9g8-seed4/manifest.yaml,2922,39072c330d5c9008207428032453411ad081d67e630f43d8e44f8a75366c3476
sparknet-dendritic-study-v2,canonical_epoch_log,outputs/sparknet-dendritic-study-v2/scratch/c9g8-seed4/metrics/paper_replication/sparknet_c9g8_paper.jsonl,89186,4a62b68bc440d9d436f93122e4a0ed581dbc21f87ce1a18c94761fa4e2cbf72b
sparknet-dendritic-study-v2,training_summary,outputs/sparknet-dendritic-study-v2/scratch/c9g8-seed4/metrics/summaries.yaml,452,858644f29d7c73f7ea8c94d66e3cf6cbf7048a95cde6d0eef182082e044dd9cd
sparknet-grow-dendrites-v3,run_manifest,outputs/sparknet-grow-dendrites-v3/depthwise/c8g16-seed0/manifest.yaml,5893,4fe1f0e247e15fa8b9369b65d3f3757748aa76b3c45e902a1d6b201ddff74a64
sparknet-grow-dendrites-v3,canonical_epoch_log,outputs/sparknet-grow-dendrites-v3/depthwise/c8g16-seed0/metrics/grow/sparknet_c8g16_paper.jsonl,121312,137e1576f10802de8e55342141d8998a49b237e164d63189fabad746f87e7aff
sparknet-grow-dendrites-v3,stage_report,outputs/sparknet-grow-dendrites-v3/depthwise/c8g16-seed0/reports/grow_summary.yaml,6947,5f5fafa53b8d38429301e6e1c50096932913053403c6f561f7fdfdd71659c6ec
sparknet-grow-dendrites-v3,run_manifest,outputs/sparknet-grow-dendrites-v3/depthwise/c8g16-seed1/manifest.yaml,5893,017b0496a0e2f3bed31857444768a0345eaa99a1a5e0c6a8e08d195c901e552b
sparknet-grow-dendrites-v3,canonical_epoch_log,outputs/sparknet-grow-dendrites-v3/depthwise/c8g16-seed1/metrics/grow/sparknet_c8g16_paper.jsonl,121335,cdcaa04908f83a00539e711e68fd331ed78e36ff0de0beb5606f0865481b736c
sparknet-grow-dendrites-v3,stage_report,outputs/sparknet-grow-dendrites-v3/depthwise/c8g16-seed1/reports/grow_summary.yaml,6953,b306edc9cff137097a06da8a39c61383a377f4d722b985332980ddf1ac1a628e
sparknet-grow-dendrites-v3,run_manifest,outputs/sparknet-grow-dendrites-v3/depthwise/c8g16-seed2/manifest.yaml,5894,9db44a3ff0e4779dbf9bd947cef5e3cf00c404a3769ef0a161a44224cdd6221c
sparknet-grow-dendrites-v3,canonical_epoch_log,outputs/sparknet-grow-dendrites-v3/depthwise/c8g16-seed2/metrics/grow/sparknet_c8g16_paper.jsonl,121376,efdff603b6f5640e77b20cd97b046fb48a85cb53116213ecca8445ca938b8d57
sparknet-grow-dendrites-v3,stage_report,outputs/sparknet-grow-dendrites-v3/depthwise/c8g16-seed2/reports/grow_summary.yaml,6914,0e4adf3596ab62c1e87eb911a21fbacd0387c208bf14a677b9c34c56f7973297
sparknet-grow-dendrites-v3,run_manifest,outputs/sparknet-grow-dendrites-v3/fc/c16g16-seed0/manifest.yaml,5931,1abd1c3800cb1f52b2e01a340a70052c4972b8e1977cbab404db498b7fc4e92f
sparknet-grow-dendrites-v3,canonical_epoch_log,outputs/sparknet-grow-dendrites-v3/fc/c16g16-seed0/metrics/grow/sparknet_c16g16_paper.jsonl,117161,fd3b79e304996676bbe83576688352653bb213080aaaf309b741520b2044ec89
sparknet-grow-dendrites-v3,stage_report,outputs/sparknet-grow-dendrites-v3/fc/c16g16-seed0/reports/grow_summary.yaml,5030,1622222c7b96a23b1bca5789573a9b069a086d7fa346529ae7cf1bc4adbb3db9
sparknet-grow-dendrites-v3,run_manifest,outputs/sparknet-grow-dendrites-v3/fc/c17g16-seed0/manifest.yaml,5931,5062c5d502838e03a9577a26f10967a2333833563c16b941a5205210a7208c6e
sparknet-grow-dendrites-v3,canonical_epoch_log,outputs/sparknet-grow-dendrites-v3/fc/c17g16-seed0/metrics/grow/sparknet_c17g16_paper.jsonl,117241,607ff3028d0208e313a707073c7e88b59d5cf17dab720916c8800475494c2ecd
sparknet-grow-dendrites-v3,stage_report,outputs/sparknet-grow-dendrites-v3/fc/c17g16-seed0/reports/grow_summary.yaml,5031,7474cb26b5c8e0d331718d3e659841f476def8626b7ac38916b51fe7a8fb0a8f
sparknet-grow-dendrites-v3,run_manifest,outputs/sparknet-grow-dendrites-v3/fc/c18g16-seed0/manifest.yaml,5843,3cb0c6fc3469a1fa7ebcb1523fc9f2dd158fdde0fe8c1d5beb68b2f094133c49
sparknet-grow-dendrites-v3,canonical_epoch_log,outputs/sparknet-grow-dendrites-v3/fc/c18g16-seed0/metrics/grow/sparknet_c18g16_paper.jsonl,117206,9e4744477a67ac01e6618c5d97fcbbe9f7c700489a2bcf736132b6631f222a5a
sparknet-grow-dendrites-v3,stage_report,outputs/sparknet-grow-dendrites-v3/fc/c18g16-seed0/reports/grow_summary.yaml,5026,a3b9cfb73b0c5a9a5f6323c0ce7e981b8033fd73142d2e11c64f91503608691f
sparknet-grow-dendrites-v3,run_manifest,outputs/sparknet-grow-dendrites-v3/fc/c18g16-seed1/manifest.yaml,5931,7bdb543bde9c10a8dc0042c1865561f822bf398ae95c9c3d9a0e1d749df02652
sparknet-grow-dendrites-v3,canonical_epoch_log,outputs/sparknet-grow-dendrites-v3/fc/c18g16-seed1/metrics/grow/sparknet_c18g16_paper.jsonl,117195,4658ed167293e275d9966755aa629c76c82aef7f6cb07cc6e03b8bdcc18129f1
sparknet-grow-dendrites-v3,stage_report,outputs/sparknet-grow-dendrites-v3/fc/c18g16-seed1/reports/grow_summary.yaml,5024,325e65ffc9e3fb954a5428ac7f56d27c5dee1d5901e249ba3be6006e6059965d
sparknet-grow-dendrites-v3,run_manifest,outputs/sparknet-grow-dendrites-v3/fc/c18g16-seed2/manifest.yaml,5931,c6e51d2759336a3c7a6f720e26816b2e22cba114e6c007b199fe62f54debff71
sparknet-grow-dendrites-v3,canonical_epoch_log,outputs/sparknet-grow-dendrites-v3/fc/c18g16-seed2/metrics/grow/sparknet_c18g16_paper.jsonl,117230,bd0c21ee82ac15ca7e944c36504c5bc5777e39533911896d418420cbfe84776a
sparknet-grow-dendrites-v3,stage_report,outputs/sparknet-grow-dendrites-v3/fc/c18g16-seed2/reports/grow_summary.yaml,5030,6879b6487666839f2e0c2103582317fd96cd88e059d90d30272c5f78523103e1
sparknet-grow-dendrites-v3,run_manifest,outputs/sparknet-grow-dendrites-v3/fc/c18g16-seed3/manifest.yaml,5931,3d415f02de77adafb4a526ace05eeddd5c5030077b1544a816778a4bff14173b
sparknet-grow-dendrites-v3,canonical_epoch_log,outputs/sparknet-grow-dendrites-v3/fc/c18g16-seed3/metrics/grow/sparknet_c18g16_paper.jsonl,117193,d681509c68ca115168e731f05fd69bae634fd791899a4a1a9b878553c5f1a641
sparknet-grow-dendrites-v3,stage_report,outputs/sparknet-grow-dendrites-v3/fc/c18g16-seed3/reports/grow_summary.yaml,5013,eb5728e153883d58ef286def2a3b3b0277b3b38d74ff0b004af093ab23b68f38
sparknet-grow-dendrites-v3,run_manifest,outputs/sparknet-grow-dendrites-v3/fc/c18g16-seed4/manifest.yaml,5931,9bead1bc3fc061a1479d624f22c7575a0dee792493c5e8e9d397ec7c0baff22d
sparknet-grow-dendrites-v3,canonical_epoch_log,outputs/sparknet-grow-dendrites-v3/fc/c18g16-seed4/metrics/grow/sparknet_c18g16_paper.jsonl,117211,8a3c45a1db513c3d8ce76031edc0c4dc0b72c7f05680cc8edb94c4efb4e2309c
sparknet-grow-dendrites-v3,stage_report,outputs/sparknet-grow-dendrites-v3/fc/c18g16-seed4/reports/grow_summary.yaml,5016,593076e5121a2037f3a74e3f9bc4898d7911bc61e86e7b5939f123f470733349
sparknet-grow-dendrites-v3,run_manifest,outputs/sparknet-grow-dendrites-v3/fc/c6g4-seed0/manifest.yaml,5701,d9c21ec39fbc10debed7017188f6ac0a7fc15a85575a5520acf41653157051aa
sparknet-grow-dendrites-v3,canonical_epoch_log,outputs/sparknet-grow-dendrites-v3/fc/c6g4-seed0/metrics/grow/sparknet_c6g4_paper.jsonl,116435,8febc62422f836010cbabae9c20afee41f5053f7380c8035fa27f4fbb9acafd2
sparknet-grow-dendrites-v3,stage_report,outputs/sparknet-grow-dendrites-v3/fc/c6g4-seed0/reports/grow_summary.yaml,5018,f998796763f00f15a308f39b4981e17e2adf0cf94351a3cb3bb9f0455e90900f
sparknet-grow-dendrites-v3,run_manifest,outputs/sparknet-grow-dendrites-v3/fc/c6g4-seed1/manifest.yaml,5701,b2dbf8e976cc76d83d6feae918c85e8dddf26268a6052db49fcd4f493eeaa612
sparknet-grow-dendrites-v3,canonical_epoch_log,outputs/sparknet-grow-dendrites-v3/fc/c6g4-seed1/metrics/grow/sparknet_c6g4_paper.jsonl,116349,1b73575eeb80af9ce00820279ee6c0f904b748030d0a5320c991c6e534196975
sparknet-grow-dendrites-v3,stage_report,outputs/sparknet-grow-dendrites-v3/fc/c6g4-seed1/reports/grow_summary.yaml,5016,6e6d5f2c2cb4c92a155e1a90f84b718d5b88869a8e0001a413331986f336f479
sparknet-grow-dendrites-v3,run_manifest,outputs/sparknet-grow-dendrites-v3/fc/c6g4-seed2/manifest.yaml,5701,a6db68c81d507d6864745da4b089604867fdd6117711ef6b9b5bfeab01643566
sparknet-grow-dendrites-v3,canonical_epoch_log,outputs/sparknet-grow-dendrites-v3/fc/c6g4-seed2/metrics/grow/sparknet_c6g4_paper.jsonl,116463,049818d890fef7b83ebce59274ef79447e412826f58424d129d1e61faa64a6d3
sparknet-grow-dendrites-v3,stage_report,outputs/sparknet-grow-dendrites-v3/fc/c6g4-seed2/reports/grow_summary.yaml,5020,2bf01b76bbf6c3550e7c894411c10a73d860ab234769117d996b8c9d9642a163
sparknet-grow-dendrites-v3,run_manifest,outputs/sparknet-grow-dendrites-v3/fc/c8-seed0/manifest.yaml,5716,bc8b4b51d57e095ce2c2ab6f42418dd2b6903d19d43362448da83b253a3ebcde
sparknet-grow-dendrites-v3,canonical_epoch_log,outputs/sparknet-grow-dendrites-v3/fc/c8-seed0/metrics/grow/sparknet_c8_paper.jsonl,111720,7963cfc907605a908320858be96bddbb348e85f54206e172b3ef4091339dbfa7
sparknet-grow-dendrites-v3,stage_report,outputs/sparknet-grow-dendrites-v3/fc/c8-seed0/reports/grow_diagnostics.yaml,1586,202e1bf0bea72dd72f6c5d5df9f41bc6848cba5cad5e4124d03cdbae15346b71
sparknet-grow-dendrites-v3,stage_report,outputs/sparknet-grow-dendrites-v3/fc/c8-seed0/reports/grow_summary.yaml,3594,f9d82a83e022b3392684d99654fbc2bf8745e4b90883c50a545d0607a169dbdc
sparknet-grow-dendrites-v3,run_manifest,outputs/sparknet-grow-dendrites-v3/fc/c9g4-seed0/manifest.yaml,5701,2176490f4ce9a56fc6726149dab93837d3fc2727ee8179a455de0009e855acc7
sparknet-grow-dendrites-v3,canonical_epoch_log,outputs/sparknet-grow-dendrites-v3/fc/c9g4-seed0/metrics/grow/sparknet_c9g4_paper.jsonl,116566,ae39caefc212b5cb026d0ece49f3053fc633d41ba0267ce97f48be20fca09d80
sparknet-grow-dendrites-v3,stage_report,outputs/sparknet-grow-dendrites-v3/fc/c9g4-seed0/reports/grow_summary.yaml,5014,43a1f836faf1413b51620a67a3bd3e6f3f9841f320efed0dad017f8e6fb8c157
sparknet-grow-dendrites-v3,run_manifest,outputs/sparknet-grow-dendrites-v3/fc/c9g4-seed1/manifest.yaml,5701,65627b0c5994f74a9da8923483d7e2fb1dedf7483748ff0b5094bda231a9b6b0
sparknet-grow-dendrites-v3,canonical_epoch_log,outputs/sparknet-grow-dendrites-v3/fc/c9g4-seed1/metrics/grow/sparknet_c9g4_paper.jsonl,116446,7992c74241127e485e3acd6bc1e9132915ecd45d30cfa5b52ece30e66fa59e80
sparknet-grow-dendrites-v3,stage_report,outputs/sparknet-grow-dendrites-v3/fc/c9g4-seed1/reports/grow_summary.yaml,5013,bec7776e18a231ea1a74285a4c58159fb78d594bf1b5c865fd57a536395686c6
sparknet-grow-dendrites-v3,run_manifest,outputs/sparknet-grow-dendrites-v3/fc/c9g4-seed2/manifest.yaml,5701,00bd40191cecd9eff35c517619c47fa8228962668aba5b8aeba93fc03576b0d5
sparknet-grow-dendrites-v3,canonical_epoch_log,outputs/sparknet-grow-dendrites-v3/fc/c9g4-seed2/metrics/grow/sparknet_c9g4_paper.jsonl,116513,b0a83a463981524605056c60d893163a4d6ce9ed396a516fd5999143e64d2499
sparknet-grow-dendrites-v3,stage_report,outputs/sparknet-grow-dendrites-v3/fc/c9g4-seed2/reports/grow_summary.yaml,5018,0bce4489b7226abc54b7e69267a3c1df14bae91cc4b3fb84267d4385df9051d2
sparknet-grow-dendrites-v3,run_manifest,outputs/sparknet-grow-dendrites-v3/fc-sham/c18g16-seed0/manifest.yaml,5971,f7e9b45cc573af00897e92a4be550e56e4f9cc0ec494e1711294fae8c65607c8
sparknet-grow-dendrites-v3,canonical_epoch_log,outputs/sparknet-grow-dendrites-v3/fc-sham/c18g16-seed0/metrics/grow/sparknet_c18g16_paper.jsonl,112559,990d699aa049ce4c8c8dfca8ce4771e3e8a3a3270d08c4e03ed1af2d8b788808
sparknet-grow-dendrites-v3,stage_report,outputs/sparknet-grow-dendrites-v3/fc-sham/c18g16-seed0/reports/grow_summary.yaml,4857,f5a6d14449869a4a1752fef96e5ab7c3c8a3e128b592909f62cde3c1eefb02d4
sparknet-grow-dendrites-v3,run_manifest,outputs/sparknet-grow-dendrites-v3/fc-sham/c8-seed0/manifest.yaml,5786,dcc75b2f7a0dafc2874d57f5f4979a42f2a6cd20eb9860edc90966048122bee0
sparknet-grow-dendrites-v3,canonical_epoch_log,outputs/sparknet-grow-dendrites-v3/fc-sham/c8-seed0/metrics/grow/sparknet_c8_paper.jsonl,108160,26c2f1a560ca4b061352ccb4b0f93a17dea8a30ce47675d26ecd31ba279468b6
sparknet-grow-dendrites-v3,stage_report,outputs/sparknet-grow-dendrites-v3/fc-sham/c8-seed0/reports/grow_summary.yaml,4649,5042bd8765d2645c186a4a8179ce5d6fb257c7785d2255797dfd586535a037c6
sparknet-grow-dendrites-v3,run_manifest,outputs/sparknet-grow-dendrites-v3/fc-switch170/c8-seed0/manifest.yaml,5840,7dcace965f66fff9b18e2c84b466cf7788d9a5ce022bcfffd1088b1c8f5875c8
sparknet-grow-dendrites-v3,canonical_epoch_log,outputs/sparknet-grow-dendrites-v3/fc-switch170/c8-seed0/metrics/grow/sparknet_c8_paper.jsonl,109463,26839fcb038998c39f30d92ba9bd9aef2b4c0a857e8e0e51aea71182f6dbfbe4
sparknet-grow-dendrites-v3,stage_report,outputs/sparknet-grow-dendrites-v3/fc-switch170/c8-seed0/reports/grow_summary.yaml,4849,6fadef2d1a1fd44beccb19b53d056e36cd7d4e0202e7c462c6aa5c0a769b5e44
sparknet-grow-dendrites-v3,run_manifest,outputs/sparknet-grow-dendrites-v3/fc-wd1e-3/c8-seed0/manifest.yaml,5850,8a35f79d5c5b4aed73e63f77ccabcce433b1b16c19c225115889b5a37fe70631
sparknet-grow-dendrites-v3,canonical_epoch_log,outputs/sparknet-grow-dendrites-v3/fc-wd1e-3/c8-seed0/metrics/grow/sparknet_c8_paper.jsonl,111617,6a78974e5239c201109bb6b9cb752b4414bf874eb0236cb5f21ccc1fcb407165
sparknet-grow-dendrites-v3,stage_report,outputs/sparknet-grow-dendrites-v3/fc-wd1e-3/c8-seed0/reports/grow_summary.yaml,4836,1745ee7860db9e8b0a93349f2c3de74ed8d4d4a089918b44aa96d405b6898faa
sparknet-grow-dendrites-v3,run_manifest,outputs/sparknet-grow-dendrites-v3/gate_conv/c9g4-seed0/manifest.yaml,5869,6fe638ebfd8433d514dfe2e840d379540d20d33a219e3f2c553c3d62adec0415
sparknet-grow-dendrites-v3,canonical_epoch_log,outputs/sparknet-grow-dendrites-v3/gate_conv/c9g4-seed0/metrics/grow/sparknet_c9g4_paper.jsonl,117121,d8ee6741354b73d419ee58cd69b36d86ad8df5d26774214c7cfa3645369562fa
sparknet-grow-dendrites-v3,stage_report,outputs/sparknet-grow-dendrites-v3/gate_conv/c9g4-seed0/reports/grow_summary.yaml,5205,107813d5a8f608e0999e15b67e4973944d8a7f0d35464d4477d5a984fd83813f
sparknet-grow-dendrites-v3,run_manifest,outputs/sparknet-grow-dendrites-v3/gate_conv/c9g4-seed1/manifest.yaml,5869,9a3f227abbccf0c8eaf2e976e2fed1fbe1ca306abe4b09af407a2a54cffe9775
sparknet-grow-dendrites-v3,canonical_epoch_log,outputs/sparknet-grow-dendrites-v3/gate_conv/c9g4-seed1/metrics/grow/sparknet_c9g4_paper.jsonl,116995,0fec43036602a86b6f50a8fb500958e6fccccaaa1dcc7512a9c10f975bda741d
sparknet-grow-dendrites-v3,stage_report,outputs/sparknet-grow-dendrites-v3/gate_conv/c9g4-seed1/reports/grow_summary.yaml,5208,bc4685a8723f21aee55215a032b1da06e63deb385c4be01d23c1d12914b60cbb
sparknet-grow-dendrites-v3,run_manifest,outputs/sparknet-grow-dendrites-v3/gate_conv/c9g4-seed2/manifest.yaml,5869,35bc5fccc4f9898926445ebb00b240766007f5139bac14fa6e33496a10143925
sparknet-grow-dendrites-v3,canonical_epoch_log,outputs/sparknet-grow-dendrites-v3/gate_conv/c9g4-seed2/metrics/grow/sparknet_c9g4_paper.jsonl,117029,9b8f3e54dfdc314b48fdee9a3d5f1cad25e4e2c79659411362ed532b15ae78c0
sparknet-grow-dendrites-v3,stage_report,outputs/sparknet-grow-dendrites-v3/gate_conv/c9g4-seed2/reports/grow_summary.yaml,5210,8df3fe3987552f764536cccfaff97b153cf80c492731ef20f643303fe9daac99
sparknet-grow-dendrites-v3,run_manifest,outputs/sparknet-grow-dendrites-v3/gate_conv/c9g8-seed0/manifest.yaml,5869,766ee38d5f81e800af6d94b6670183145c68be9b8fd7d58abef366a23fa99fc0
sparknet-grow-dendrites-v3,canonical_epoch_log,outputs/sparknet-grow-dendrites-v3/gate_conv/c9g8-seed0/metrics/grow/sparknet_c9g8_paper.jsonl,117017,0e66e72473dcffda7708a5a5a9d0fafface2fdb5c2d20923c201fe519d1f887a
sparknet-grow-dendrites-v3,stage_report,outputs/sparknet-grow-dendrites-v3/gate_conv/c9g8-seed0/reports/grow_summary.yaml,5198,0c1d196a19afeaabe48b4ef48155a9ecd343ea825a52199e290bdccc6e608cb0
sparknet-grow-dendrites-v3,run_manifest,outputs/sparknet-grow-dendrites-v3/gate_conv/c9g8-seed1/manifest.yaml,5869,8b53231b94fdcdfa4765dded96a838cc19032c83aad999c45409a4b1382aded7
sparknet-grow-dendrites-v3,canonical_epoch_log,outputs/sparknet-grow-dendrites-v3/gate_conv/c9g8-seed1/metrics/grow/sparknet_c9g8_paper.jsonl,117194,1cc4053899156e2fdfb5a3f9c00525ac99f619c6b16d6e71fc213c82f119a9b7
sparknet-grow-dendrites-v3,stage_report,outputs/sparknet-grow-dendrites-v3/gate_conv/c9g8-seed1/reports/grow_summary.yaml,5207,31def3fe7be46ea8eb74de666f875e67fcaba7458ed73ea4195dc2f2947906b3
sparknet-grow-dendrites-v3,run_manifest,outputs/sparknet-grow-dendrites-v3/gate_conv/c9g8-seed2/manifest.yaml,5869,b4bbbb0145155aa8619dffa7c9c06d337a3885bf8fc2bf405d3dbb723c0e4c05
sparknet-grow-dendrites-v3,canonical_epoch_log,outputs/sparknet-grow-dendrites-v3/gate_conv/c9g8-seed2/metrics/grow/sparknet_c9g8_paper.jsonl,117177,0aecf4ad8c6ebdb3f1bef6939bc8a86c7ae33271e1eb03ff697aa1dd1561b00f
sparknet-grow-dendrites-v3,stage_report,outputs/sparknet-grow-dendrites-v3/gate_conv/c9g8-seed2/reports/grow_summary.yaml,5197,a7cfc4eace7724ac961740c3b0f62e8439c689c9a9a70db9f3624f62f42fb10c
sparknet-grow-dendrites-v3,run_manifest,outputs/sparknet-grow-dendrites-v3/gate_conv-bn/c6g4-seed0/manifest.yaml,5875,cb66ed7940079a798028ff46b36fa0c77a4d30a40614d75eae5afb2177df2628
sparknet-grow-dendrites-v3,canonical_epoch_log,outputs/sparknet-grow-dendrites-v3/gate_conv-bn/c6g4-seed0/metrics/grow/sparknet_c6g4_paper.jsonl,116956,e2ca9ac2f8bf400349727b56b150d9ec2021330c49a6576ee18d4c4f317c0464
sparknet-grow-dendrites-v3,stage_report,outputs/sparknet-grow-dendrites-v3/gate_conv-bn/c6g4-seed0/reports/grow_summary.yaml,5222,1fb49f8c8eceded6d8d22d995fe3ba87acb0429f6f9a1f18512a5bbdb90cc2a9
sparknet-grow-dendrites-v3,run_manifest,outputs/sparknet-grow-dendrites-v3/gate_conv-bn/c6g4-seed1/manifest.yaml,5875,28447453fb675e5a107c992ef26d56262374256e03be2dc352b9e1089e4e2498
sparknet-grow-dendrites-v3,canonical_epoch_log,outputs/sparknet-grow-dendrites-v3/gate_conv-bn/c6g4-seed1/metrics/grow/sparknet_c6g4_paper.jsonl,116905,6d05b6331363a50ae6c8f8bac09ef7d18dd5242690ae99f35cb1478fab99ff76
sparknet-grow-dendrites-v3,stage_report,outputs/sparknet-grow-dendrites-v3/gate_conv-bn/c6g4-seed1/reports/grow_summary.yaml,5236,be2fbe57985c2ded742183aa79cc88e8e71ddb9f8df2bb8922539cab66c1d9a9
sparknet-grow-dendrites-v3,run_manifest,outputs/sparknet-grow-dendrites-v3/gate_conv-bn/c6g4-seed2/manifest.yaml,5875,7273bb0d084ba565ec3691935576b8bd157884ae6fd6238d91ffd8902e73985e
sparknet-grow-dendrites-v3,canonical_epoch_log,outputs/sparknet-grow-dendrites-v3/gate_conv-bn/c6g4-seed2/metrics/grow/sparknet_c6g4_paper.jsonl,117011,a07aa4425a62f038e4cc7512081de2bebaa0e155c3bc0a540511d7949c784ade
sparknet-grow-dendrites-v3,stage_report,outputs/sparknet-grow-dendrites-v3/gate_conv-bn/c6g4-seed2/reports/grow_summary.yaml,5232,079515441290fbb846c955f57a631fb9fbb2459aa76bba0e86ac4ec35aee3813
sparknet-grow-dendrites-v3,run_manifest,outputs/sparknet-grow-dendrites-v3/gate_conv-bn/c6g4-seed3/manifest.yaml,5875,059aa0f90eb02d42e427373133e3f16ac623bc125651941c2bf28ba18fc05db0
sparknet-grow-dendrites-v3,canonical_epoch_log,outputs/sparknet-grow-dendrites-v3/gate_conv-bn/c6g4-seed3/metrics/grow/sparknet_c6g4_paper.jsonl,117009,03776ab109039bb5b3a057b826d381947556f8942c3ca10b47c33abdafff8cee
sparknet-grow-dendrites-v3,stage_report,outputs/sparknet-grow-dendrites-v3/gate_conv-bn/c6g4-seed3/reports/grow_summary.yaml,5226,def7853a34db8f262c15fc0d0620183aad0fa1362b2df07363d8e080c2224b3b
sparknet-grow-dendrites-v3,run_manifest,outputs/sparknet-grow-dendrites-v3/gate_conv-bn/c6g4-seed4/manifest.yaml,5875,78f837e1cc3af1cf87271b2e131a470cb7cda45d09bcd22c430fe694b553fd91
sparknet-grow-dendrites-v3,canonical_epoch_log,outputs/sparknet-grow-dendrites-v3/gate_conv-bn/c6g4-seed4/metrics/grow/sparknet_c6g4_paper.jsonl,116920,1114a536c5095cc297e5bca75c377b409fa3e3615d3d274c796d282aec4f2f94
sparknet-grow-dendrites-v3,stage_report,outputs/sparknet-grow-dendrites-v3/gate_conv-bn/c6g4-seed4/reports/grow_summary.yaml,5226,303041e9d3596294576a44390afa02547bf2ca4567ff6eec3668036e26bbdb00
sparknet-grow-dendrites-v3,run_manifest,outputs/sparknet-grow-dendrites-v3/gate_conv-bn/c9g4-seed0/manifest.yaml,5875,d311ddfd5659338fc2fed550d4c0694e5e725a22039fee0a40dbf44b9494d27a
sparknet-grow-dendrites-v3,canonical_epoch_log,outputs/sparknet-grow-dendrites-v3/gate_conv-bn/c9g4-seed0/metrics/grow/sparknet_c9g4_paper.jsonl,117144,ea6a20dc74625d75e9cc02da33353c6ea43e2af6a1903b134a5469c7b701ebe5
sparknet-grow-dendrites-v3,stage_report,outputs/sparknet-grow-dendrites-v3/gate_conv-bn/c9g4-seed0/reports/grow_diagnostics.yaml,880,be06bd24462befc0982482626d53619b0d8b5f9e2da9fb25410d34c480e92ba6
sparknet-grow-dendrites-v3,stage_report,outputs/sparknet-grow-dendrites-v3/gate_conv-bn/c9g4-seed0/reports/grow_summary.yaml,5220,cbd8c0164d77ad6b74352afc742488c678859767429a12d747c4ddbf933a0b9a
sparknet-grow-dendrites-v3,run_manifest,outputs/sparknet-grow-dendrites-v3/gate_conv-bn/c9g4-seed1/manifest.yaml,5875,b1a5568bcf3c5a86b522a46b027cf193b5f19ef5a8d2ed7af52f0bdb8b0a93b5
sparknet-grow-dendrites-v3,canonical_epoch_log,outputs/sparknet-grow-dendrites-v3/gate_conv-bn/c9g4-seed1/metrics/grow/sparknet_c9g4_paper.jsonl,116995,d4b0276eba9c6426fc8129929cdc38f6b818f14181a8130a6fc124178a03b701
sparknet-grow-dendrites-v3,stage_report,outputs/sparknet-grow-dendrites-v3/gate_conv-bn/c9g4-seed1/reports/grow_summary.yaml,5219,81a274a176fb5a06af40e491bf008d2d36e0c3e5f4570b40e82739f47c1fec27
sparknet-grow-dendrites-v3,run_manifest,outputs/sparknet-grow-dendrites-v3/gate_conv-bn/c9g4-seed2/manifest.yaml,5875,2cc730d91c8dec5e95d709517fdc1489031ddd3a52328150c821e14189a798e4
sparknet-grow-dendrites-v3,canonical_epoch_log,outputs/sparknet-grow-dendrites-v3/gate_conv-bn/c9g4-seed2/metrics/grow/sparknet_c9g4_paper.jsonl,117028,f12a03ca8bf65bbf3982e911459227f178c8be383f030a086acddecd651123c8
sparknet-grow-dendrites-v3,stage_report,outputs/sparknet-grow-dendrites-v3/gate_conv-bn/c9g4-seed2/reports/grow_summary.yaml,5217,1760f288f11fbfe461a892d6761f13978e448f83f7aa0995fc4582329f730db0
sparknet-grow-dendrites-v3,run_manifest,outputs/sparknet-grow-dendrites-v3/gate_conv-bn/c9g4-seed3/manifest.yaml,5875,65f24db1d14c96bf88ab35d77710c2e2efea372afc63aff9c470be169955128f
sparknet-grow-dendrites-v3,canonical_epoch_log,outputs/sparknet-grow-dendrites-v3/gate_conv-bn/c9g4-seed3/metrics/grow/sparknet_c9g4_paper.jsonl,117178,8144cb0370f5e37991de3e54728b3b554293de2a9dec9be2d9c122f4f1347924
sparknet-grow-dendrites-v3,stage_report,outputs/sparknet-grow-dendrites-v3/gate_conv-bn/c9g4-seed3/reports/grow_diagnostics.yaml,881,6cc17ba6798c31285ea248da93f228e322982dc2a5e54b8f9a09a2b8a191ab12
sparknet-grow-dendrites-v3,stage_report,outputs/sparknet-grow-dendrites-v3/gate_conv-bn/c9g4-seed3/reports/grow_summary.yaml,5228,ef3edae42f69e261ce3acaa52036135352bc66a36716bea10e008129d7cac5b1
sparknet-grow-dendrites-v3,run_manifest,outputs/sparknet-grow-dendrites-v3/gate_conv-bn/c9g4-seed4/manifest.yaml,5875,201d77cc3540e547709f7d42144606fa10e610b1157311bd4effc63c3de030fb
sparknet-grow-dendrites-v3,canonical_epoch_log,outputs/sparknet-grow-dendrites-v3/gate_conv-bn/c9g4-seed4/metrics/grow/sparknet_c9g4_paper.jsonl,117169,c4730d7511684469399bc95e932558ceb4a4a4dcc2748b77a301712df298b187
sparknet-grow-dendrites-v3,stage_report,outputs/sparknet-grow-dendrites-v3/gate_conv-bn/c9g4-seed4/reports/grow_summary.yaml,5213,fb1be0184628a059e83ac10e2e7c7205497005eccede68073410e3c8e2bf0414
sparknet-grow-dendrites-v3,run_manifest,outputs/sparknet-grow-dendrites-v3/gate_conv-bn/c9g8-seed0/manifest.yaml,5875,12ecaa0484f97002ddd3f539a21a0563a93cb1e2bbd73929ae1748d007678583
sparknet-grow-dendrites-v3,canonical_epoch_log,outputs/sparknet-grow-dendrites-v3/gate_conv-bn/c9g8-seed0/metrics/grow/sparknet_c9g8_paper.jsonl,117042,ca9ca614c9f96048c6e5d33e48c4f497bd653f310c1e0d714e443a0dc84f6051
sparknet-grow-dendrites-v3,stage_report,outputs/sparknet-grow-dendrites-v3/gate_conv-bn/c9g8-seed0/reports/grow_summary.yaml,5223,8dbca5caa26c644d76df556590ec5f1bde6873715b6c28795d3d39e172f26b23
sparknet-grow-dendrites-v3,run_manifest,outputs/sparknet-grow-dendrites-v3/gate_conv-bn/c9g8-seed1/manifest.yaml,5875,cc641587ee01d5e83882c2064fcb58ac0a857fc39d28153433e55b7dcdfcaa97
sparknet-grow-dendrites-v3,canonical_epoch_log,outputs/sparknet-grow-dendrites-v3/gate_conv-bn/c9g8-seed1/metrics/grow/sparknet_c9g8_paper.jsonl,117201,1380e2d11d77e8f6419ff9811f7db89e75a62ff0c23d5ba4a6b3a4d55dd6b57b
sparknet-grow-dendrites-v3,stage_report,outputs/sparknet-grow-dendrites-v3/gate_conv-bn/c9g8-seed1/reports/grow_summary.yaml,5233,a62366b77925cb20389b5d0aaf48af56843b728d634a6434990e058ff5bb8ef2
sparknet-grow-dendrites-v3,run_manifest,outputs/sparknet-grow-dendrites-v3/gate_conv-bn/c9g8-seed2/manifest.yaml,5875,4c23584dbc3ef1de9ec3e7e0e2aa76cdfb3eaafc52b3342606721f90e418f9db
sparknet-grow-dendrites-v3,canonical_epoch_log,outputs/sparknet-grow-dendrites-v3/gate_conv-bn/c9g8-seed2/metrics/grow/sparknet_c9g8_paper.jsonl,117184,346143c4f14e92ac741729f46867f3c478be7c91103310ba5e84069a88e01043
sparknet-grow-dendrites-v3,stage_report,outputs/sparknet-grow-dendrites-v3/gate_conv-bn/c9g8-seed2/reports/grow_summary.yaml,5225,f8215afc2531a2796f0e393762220d2af9ff6fe2286424f4b3d5e2c000c4c7dc
sparknet-grow-dendrites-v3,run_manifest,outputs/sparknet-grow-dendrites-v3/gate_conv-bn/c9g8-seed3/manifest.yaml,5875,d9e58a5ce2e3db68d35e61d3c6dc44598e5e988e65178c1d348af27467d1b8b0
sparknet-grow-dendrites-v3,canonical_epoch_log,outputs/sparknet-grow-dendrites-v3/gate_conv-bn/c9g8-seed3/metrics/grow/sparknet_c9g8_paper.jsonl,117064,ab34a25c2f9e0b504163251c79b344a43a95e0db807499a0071c9e64c5a5f527
sparknet-grow-dendrites-v3,stage_report,outputs/sparknet-grow-dendrites-v3/gate_conv-bn/c9g8-seed3/reports/grow_summary.yaml,5218,f9a4a8e9b2ca91019060bf7184bc40d5115cb2fc3e2dd84a7e643ac9cb907f0d
sparknet-grow-dendrites-v3,run_manifest,outputs/sparknet-grow-dendrites-v3/gate_conv-bn/c9g8-seed4/manifest.yaml,5875,35b0e46d88cdd54ed02232bad72462bbc98683f7eebba2ba1a269b97ea64d297
sparknet-grow-dendrites-v3,canonical_epoch_log,outputs/sparknet-grow-dendrites-v3/gate_conv-bn/c9g8-seed4/metrics/grow/sparknet_c9g8_paper.jsonl,117081,344c7c338adb4182183814e80c836b67196e948a05350a5e6e9a65091ed32191
sparknet-grow-dendrites-v3,stage_report,outputs/sparknet-grow-dendrites-v3/gate_conv-bn/c9g8-seed4/reports/grow_summary.yaml,5222,3214bb1eec938304823408961b5184deba467175fcf6abdc9024bc7d60ef945c
sparknet-grow-dendrites-v3,run_manifest,outputs/sparknet-grow-dendrites-v3/gate_conv-bn-sw5/c9g4-seed0/manifest.yaml,5941,abbac85ca4a15c9f0699e7eb83ec5b441228fcb0c302ee89b4b52ac072fa174e
sparknet-grow-dendrites-v3,canonical_epoch_log,outputs/sparknet-grow-dendrites-v3/gate_conv-bn-sw5/c9g4-seed0/metrics/grow/sparknet_c9g4_paper.jsonl,126865,048f7d26ba13aea6a41459c0ee3a18d16d2ccadc475d563cd7b15a9d616e93a4
sparknet-grow-dendrites-v3,stage_report,outputs/sparknet-grow-dendrites-v3/gate_conv-bn-sw5/c9g4-seed0/reports/grow_summary.yaml,5205,7ae1ad9adac79a951de30cb18829206f8eec677d40b9d88c339f8cedebe41cc8
sparknet-grow-dendrites-v3,run_manifest,outputs/sparknet-grow-dendrites-v3/gate_conv-bn-sw5/c9g4-seed1/manifest.yaml,5941,a3a1db22d53627d5f32873e4541a202c36e2c10f16f22372aa57234032ab7813
sparknet-grow-dendrites-v3,canonical_epoch_log,outputs/sparknet-grow-dendrites-v3/gate_conv-bn-sw5/c9g4-seed1/metrics/grow/sparknet_c9g4_paper.jsonl,126809,8de35bd2ddc7c0b0c84fb89305863d52a04fb91574c1552c09b9d9fa58c86ff6
sparknet-grow-dendrites-v3,stage_report,outputs/sparknet-grow-dendrites-v3/gate_conv-bn-sw5/c9g4-seed1/reports/grow_summary.yaml,5193,ae8bfdd6b981926feae9fcfe1367eff8081bdaf2595ad7d4e194c979e01662f3
sparknet-grow-dendrites-v3,run_manifest,outputs/sparknet-grow-dendrites-v3/gate_conv-bn-sw5/c9g4-seed2/manifest.yaml,5941,93e28353a985a19e5ab99dae3cd9ccb0f9f7cb6cbc5a55ee99f7938fd197a83a
sparknet-grow-dendrites-v3,canonical_epoch_log,outputs/sparknet-grow-dendrites-v3/gate_conv-bn-sw5/c9g4-seed2/metrics/grow/sparknet_c9g4_paper.jsonl,126737,ccc0e8ec9ad7010d93cc6b0eed02e5ad78ecfdd77121da6560e2f60f5c5bc4f5
sparknet-grow-dendrites-v3,stage_report,outputs/sparknet-grow-dendrites-v3/gate_conv-bn-sw5/c9g4-seed2/reports/grow_summary.yaml,5198,f0865bdd2064a26cdcfba88d7c2823504b5163ddc4bb4d3b117e7e4c292ad031
sparknet-grow-dendrites-v3,run_manifest,outputs/sparknet-grow-dendrites-v3/gate_conv-bn-sw5/c9g4-seed3/manifest.yaml,5941,7e03bac64f72166fe3227e49526374f657fe58b8f4f1dcce49e40a68e184e7a1
sparknet-grow-dendrites-v3,canonical_epoch_log,outputs/sparknet-grow-dendrites-v3/gate_conv-bn-sw5/c9g4-seed3/metrics/grow/sparknet_c9g4_paper.jsonl,126899,4e700096fc23ea3f4c2f1783c0d50ab425c4921faac0ef64b33b0d1650500f27
sparknet-grow-dendrites-v3,stage_report,outputs/sparknet-grow-dendrites-v3/gate_conv-bn-sw5/c9g4-seed3/reports/grow_summary.yaml,5213,c52fcf9dcb6ae38672bcbb06380f434a25bbdcd1427f9250935379a62a227798
sparknet-grow-dendrites-v3,run_manifest,outputs/sparknet-grow-dendrites-v3/gate_conv-bn-sw5/c9g4-seed4/manifest.yaml,5941,78061ba867b7a275858ca5c2a121c7a7cc678f51cee31837497b8d546274a49e
sparknet-grow-dendrites-v3,canonical_epoch_log,outputs/sparknet-grow-dendrites-v3/gate_conv-bn-sw5/c9g4-seed4/metrics/grow/sparknet_c9g4_paper.jsonl,126891,2c61a586fe96679e3a9aaad3be4e768f97631b6113127e78dfa69dd8403d6d69
sparknet-grow-dendrites-v3,stage_report,outputs/sparknet-grow-dendrites-v3/gate_conv-bn-sw5/c9g4-seed4/reports/grow_summary.yaml,5202,2792f3b53b1329f0ff42b6d259504d28c1178bd8c92f93d97e26f5e512042495
sparknet-grow-dendrites-v3,run_manifest,outputs/sparknet-grow-dendrites-v3/pointwise/c8-seed0/manifest.yaml,5914,094326503b6d4bd05a1b43cc918f88a673a9f7ac2486a68fb589f8535ef7351e
sparknet-grow-dendrites-v3,canonical_epoch_log,outputs/sparknet-grow-dendrites-v3/pointwise/c8-seed0/metrics/grow/sparknet_c8_paper.jsonl,111615,b1d7f02066db2468db02c3d40970a2a0b3e8beb310a3c4f441ab871675fbb61c
sparknet-grow-dendrites-v3,stage_report,outputs/sparknet-grow-dendrites-v3/pointwise/c8-seed0/reports/grow_summary.yaml,6707,050b5473030f9b16b21d5cda894ed0f9976b26cde07ad4b5770a6651f5db3088
sparknet-grow-dendrites-v3,run_manifest,outputs/sparknet-grow-dendrites-v3/pointwise-in75/c8-seed0/manifest.yaml,6002,c96f6a6bf1f5802e16643add0f0628fff2ebf3f5e7a4d35db083ef440373d4cd
sparknet-grow-dendrites-v3,canonical_epoch_log,outputs/sparknet-grow-dendrites-v3/pointwise-in75/c8-seed0/metrics/grow/sparknet_c8_paper.jsonl,111673,20c332d1038270b5dbb6370f9006a551f6838db8d78e029c3461da896ecd2d76
sparknet-grow-dendrites-v3,stage_report,outputs/sparknet-grow-dendrites-v3/pointwise-in75/c8-seed0/reports/grow_summary.yaml,6932,41207c67b24fe7b184fb5afc74c21436f3a7e7443d75882a0b6be7f6a0101709
sparknet-grow-dendrites-v3,run_manifest,outputs/sparknet-grow-dendrites-v3/pointwise-in75/c8-seed0.partial-20260919T010104Z/manifest.yaml,3868,f2994cc61b6e77dc4ed1c80561bb84c747271c2952101b46aa7cdfc4829b679f
sparknet-grow-dendrites-v3,canonical_epoch_log,outputs/sparknet-grow-dendrites-v3/pointwise-in75/c8-seed0.partial-20260919T010104Z/metrics/grow/sparknet_c8_paper.jsonl,59251,7a31928a41ee1af71d79762adcafd07fc987b96e2c395bc8668c37f516bf0571
sparknet-grow-dendrites-v3,stage_report,outputs/sparknet-grow-dendrites-v3/pointwise-in75/c8-seed0.partial-20260919T010104Z/reports/grow_summary.yaml,1595,151a6c25d7b06f9f6e5e8293645fb62ef80c79da94165fda4d30b6b9b20aa7a3
sparknet-grow-dendrites-v3,run_manifest,outputs/sparknet-grow-dendrites-v3/pointwise_b0-bn/c10g16-seed0/manifest.yaml,6136,c93ece745efd1f4d15094c86a2b5d9f921ad4a3848fcbd063caac2be8cfc3388
sparknet-grow-dendrites-v3,canonical_epoch_log,outputs/sparknet-grow-dendrites-v3/pointwise_b0-bn/c10g16-seed0/metrics/grow/sparknet_c10g16_paper.jsonl,118386,dd7e82e985ff876c31931d3b074b5c4c14ff92c7bd9f50cbbbd401f3dc5839e5
sparknet-grow-dendrites-v3,stage_report,outputs/sparknet-grow-dendrites-v3/pointwise_b0-bn/c10g16-seed0/reports/grow_summary.yaml,5443,4565d3e1fcf676d14d04d7b5b553d09cec18a609f9d140e4486f55be45bebb73
sparknet-grow-dendrites-v3,run_manifest,outputs/sparknet-grow-dendrites-v3/pointwise_b0-bn/c10g16-seed1/manifest.yaml,6136,b87a5e883175788894696b8a9b22372a0ce85f5ab3cdcfddfbfe35aabc43a655
sparknet-grow-dendrites-v3,canonical_epoch_log,outputs/sparknet-grow-dendrites-v3/pointwise_b0-bn/c10g16-seed1/metrics/grow/sparknet_c10g16_paper.jsonl,118407,a76df5a966066dda5ae856ec5c073f736f9f78443825ca3f31f3836e81456eb1
sparknet-grow-dendrites-v3,stage_report,outputs/sparknet-grow-dendrites-v3/pointwise_b0-bn/c10g16-seed1/reports/grow_summary.yaml,5445,d854912f2c76d339e88478e888cfdc448f95ddfe5754a4119c7e147dc78b0db0
sparknet-grow-dendrites-v3,run_manifest,outputs/sparknet-grow-dendrites-v3/pointwise_b0-bn/c10g16-seed2/manifest.yaml,6136,08e9a52310ca3ed20b2a866b6793567ac1deeb66b12e5f32d3475382da5d1469
sparknet-grow-dendrites-v3,canonical_epoch_log,outputs/sparknet-grow-dendrites-v3/pointwise_b0-bn/c10g16-seed2/metrics/grow/sparknet_c10g16_paper.jsonl,118421,2c2713e13c423a01588a3272e445a0ec15914658c3d278bd97171025732cb008
sparknet-grow-dendrites-v3,stage_report,outputs/sparknet-grow-dendrites-v3/pointwise_b0-bn/c10g16-seed2/reports/grow_summary.yaml,5443,3309ede84f26ba337f928d1c28c6d07288ac06b7350579d4fb208596a3b11636
sparknet-grow-dendrites-v3,run_manifest,outputs/sparknet-grow-dendrites-v3/pointwise_b0-bn/c12g16-seed0/manifest.yaml,6136,af539162e2ed852e5d6fa7b5369b12d4758a244b14e227b0c4a599dde9bb6f06
sparknet-grow-dendrites-v3,canonical_epoch_log,outputs/sparknet-grow-dendrites-v3/pointwise_b0-bn/c12g16-seed0/metrics/grow/sparknet_c12g16_paper.jsonl,118371,6ae3f85efa37ad62add28187845d2808054c86de09ed999256dcca166749451a
sparknet-grow-dendrites-v3,stage_report,outputs/sparknet-grow-dendrites-v3/pointwise_b0-bn/c12g16-seed0/reports/grow_summary.yaml,5454,f9a5804f4b141f237880fec3fd6749aed8f68f09f2177a179a0a83c4d0a64a09
sparknet-grow-dendrites-v3,run_manifest,outputs/sparknet-grow-dendrites-v3/pointwise_b0-bn/c12g16-seed1/manifest.yaml,6136,0d9675250591a54f08ab7eb984aa6241196e21e0fbdfb329eef62009837190c1
sparknet-grow-dendrites-v3,canonical_epoch_log,outputs/sparknet-grow-dendrites-v3/pointwise_b0-bn/c12g16-seed1/metrics/grow/sparknet_c12g16_paper.jsonl,118392,bc98078cb70a266a93a0e879f77f292c7daf161ee44a34252cfeda0c6b15db3d
sparknet-grow-dendrites-v3,stage_report,outputs/sparknet-grow-dendrites-v3/pointwise_b0-bn/c12g16-seed1/reports/grow_summary.yaml,5451,0ef1748ddb506fabb54f4eee4190182c0aa0cb37f5bf6f821fe884daf68a9e57
sparknet-grow-dendrites-v3,run_manifest,outputs/sparknet-grow-dendrites-v3/pointwise_b0-bn/c12g16-seed2/manifest.yaml,6136,5e99a7e209646ba6f3676fd939ca557c1a4e8e0c9e6e590612aee1abcbe7b312
sparknet-grow-dendrites-v3,canonical_epoch_log,outputs/sparknet-grow-dendrites-v3/pointwise_b0-bn/c12g16-seed2/metrics/grow/sparknet_c12g16_paper.jsonl,118376,09ae045b74b62ab3f7e8383b85bad4126218b1d2a22f8f0aead30252f3ba5309
sparknet-grow-dendrites-v3,stage_report,outputs/sparknet-grow-dendrites-v3/pointwise_b0-bn/c12g16-seed2/reports/grow_summary.yaml,5444,9ab1be5c666aa4431c0e1fd08c5b05f7e73d1be561af2524b2c97f399a458f94
sparknet-grow-dendrites-v3,run_manifest,outputs/sparknet-grow-dendrites-v3/pointwise_b0-bn/c2g16-seed0/manifest.yaml,6109,cfd8921353bcdabcb19559074aa13f099209308cbb3215c11c7929eb0492585e
sparknet-grow-dendrites-v3,canonical_epoch_log,outputs/sparknet-grow-dendrites-v3/pointwise_b0-bn/c2g16-seed0/metrics/grow/sparknet_c2g16_paper.jsonl,117867,cf4f5a371b64b89d9d9e7c8c060587c29004585d156dfa04a99b0b1c9fd73516
sparknet-grow-dendrites-v3,stage_report,outputs/sparknet-grow-dendrites-v3/pointwise_b0-bn/c2g16-seed0/reports/grow_summary.yaml,5441,befc1c2b992f6bddea72d13bb2653f0c52976e0ec7096cd1975d01fb27ce48c6
sparknet-grow-dendrites-v3,run_manifest,outputs/sparknet-grow-dendrites-v3/pointwise_b0-bn/c4g16-seed0/manifest.yaml,6112,9ca5ca5fe00354f6d99323068610be0729b6f786ba871ad90b0eb1ccb1536556
sparknet-grow-dendrites-v3,canonical_epoch_log,outputs/sparknet-grow-dendrites-v3/pointwise_b0-bn/c4g16-seed0/metrics/grow/sparknet_c4g16_paper.jsonl,117921,4acccb7386f9dbf82ee17546013528f2442b934ea37615b4f26652540985561e
sparknet-grow-dendrites-v3,stage_report,outputs/sparknet-grow-dendrites-v3/pointwise_b0-bn/c4g16-seed0/reports/grow_summary.yaml,5433,6910a73379663603dbb791b19fc886b30b929038614ba1c755f28b9b60466824
sparknet-grow-dendrites-v3,run_manifest,outputs/sparknet-grow-dendrites-v3/pointwise_b0-bn/c6g16-seed0/manifest.yaml,6112,ed580505ce82cf8cc879e0691674fafd5d8e761542721fdd748eee9d248fdc1e
sparknet-grow-dendrites-v3,canonical_epoch_log,outputs/sparknet-grow-dendrites-v3/pointwise_b0-bn/c6g16-seed0/metrics/grow/sparknet_c6g16_paper.jsonl,118015,c91abc0f50c3783491f2bbf6636148a9f7981e111d91541376042a23c655aa6a
sparknet-grow-dendrites-v3,stage_report,outputs/sparknet-grow-dendrites-v3/pointwise_b0-bn/c6g16-seed0/reports/grow_summary.yaml,5447,39d62b10714fa79b10ea1311baedace56921f3b36e458361801bd3310815207f
sparknet-grow-dendrites-v3,run_manifest,outputs/sparknet-grow-dendrites-v3/pointwise_b0-bn/c8g16-seed0/manifest.yaml,6112,7afe99604ea13a51836332a852db7b406ba1380380c3d3730615fefab8cb8d1c
sparknet-grow-dendrites-v3,canonical_epoch_log,outputs/sparknet-grow-dendrites-v3/pointwise_b0-bn/c8g16-seed0/metrics/grow/sparknet_c8g16_paper.jsonl,118064,92ad708bb0a05376f076c3a9b81c3e6d3bc11496754d73f42812665c959d623d
sparknet-grow-dendrites-v3,stage_report,outputs/sparknet-grow-dendrites-v3/pointwise_b0-bn/c8g16-seed0/reports/grow_summary.yaml,5415,87f482a940fd5bf5afcd5d8e0ec06bd2cd9089d0341b3aba327b35a481a1db19
sparknet-grow-dendrites-v3,run_manifest,outputs/sparknet-grow-dendrites-v3/pointwise_b0-bn/c8g16-seed1/manifest.yaml,6112,cdadb8ca018442e1b2b8b34908269ac0bda1f328bad67d5421e1a98a8b4ce819
sparknet-grow-dendrites-v3,canonical_epoch_log,outputs/sparknet-grow-dendrites-v3/pointwise_b0-bn/c8g16-seed1/metrics/grow/sparknet_c8g16_paper.jsonl,118126,d0dae4da601481fa021eb2485d48f08451192dfc7c1807f3777754b054b7f5c5
sparknet-grow-dendrites-v3,stage_report,outputs/sparknet-grow-dendrites-v3/pointwise_b0-bn/c8g16-seed1/reports/grow_summary.yaml,5447,c373bfc3d9fd7ed83d15d2119312d5478ee60c5e7076e09e83b7eadc1be947aa
sparknet-grow-dendrites-v3,run_manifest,outputs/sparknet-grow-dendrites-v3/pointwise_b0-bn/c8g16-seed2/manifest.yaml,6112,567f5c5c834137c986ee85c41a6c370380d4a6d305293da2b4fac45b78b51103
sparknet-grow-dendrites-v3,canonical_epoch_log,outputs/sparknet-grow-dendrites-v3/pointwise_b0-bn/c8g16-seed2/metrics/grow/sparknet_c8g16_paper.jsonl,118112,f9ef033d6a2e9d2126aeb8a091fd6bf95606d19f0af7ed942b252d92d8a96e24
sparknet-grow-dendrites-v3,stage_report,outputs/sparknet-grow-dendrites-v3/pointwise_b0-bn/c8g16-seed2/reports/grow_summary.yaml,5418,6f6f90c96c4ca5aadb865fea5b2f0c0d7c81d2c1f9d88ea070eb26b86b6e7b99
sparknet-grow-dendrites-v3,run_manifest,outputs/sparknet-grow-dendrites-v3/pointwise_b0-bn-sw5/c8g16-seed0/manifest.yaml,6037,0426817bc8088a2fba25b68914a5df74d9f8a24d918d8f460ac0a0b804e909fd
sparknet-grow-dendrites-v3,canonical_epoch_log,outputs/sparknet-grow-dendrites-v3/pointwise_b0-bn-sw5/c8g16-seed0/metrics/grow/sparknet_c8g16_paper.jsonl,128846,b757cfe8adbcbe9678aad6a9250a7ebca41571ae4e8ccd9de566559d461db337
sparknet-grow-dendrites-v3,stage_report,outputs/sparknet-grow-dendrites-v3/pointwise_b0-bn-sw5/c8g16-seed0/reports/grow_summary.yaml,5415,05f70b1cc76a417a245ff95c77a738bc2f036b973dda32d62a6f675e8dbd0a89
sparknet-grow-dendrites-v3,run_manifest,outputs/sparknet-grow-dendrites-v3/pointwise_b0-bn-sw5/c8g16-seed1/manifest.yaml,6037,4b3e86ade923ac421008fc0aeff976bd5a465a0d454e40e0b0c3dc2eb0868113
sparknet-grow-dendrites-v3,canonical_epoch_log,outputs/sparknet-grow-dendrites-v3/pointwise_b0-bn-sw5/c8g16-seed1/metrics/grow/sparknet_c8g16_paper.jsonl,128884,8da45becd9dbeae286ba2e363d0b047c1cf2b61aca2508bc91b0e1d7e05cdf9d
sparknet-grow-dendrites-v3,stage_report,outputs/sparknet-grow-dendrites-v3/pointwise_b0-bn-sw5/c8g16-seed1/reports/grow_summary.yaml,5412,9e502ff64e71b3444362703275d75c3d22384ef08d6263a4707ed72f004c71ae
sparknet-grow-dendrites-v3,run_manifest,outputs/sparknet-grow-dendrites-v3/pointwise_b0-bn-sw5/c8g16-seed2/manifest.yaml,6038,af5a506c11ec747499e630c4eaf0baca1a7fede72d078485d725497622b11796
sparknet-grow-dendrites-v3,canonical_epoch_log,outputs/sparknet-grow-dendrites-v3/pointwise_b0-bn-sw5/c8g16-seed2/metrics/grow/sparknet_c8g16_paper.jsonl,128844,d7bb7970d6e4d517abd08c4eb0644d9f381c7f97e13dab18b13c9a553f8cd0ee
sparknet-grow-dendrites-v3,stage_report,outputs/sparknet-grow-dendrites-v3/pointwise_b0-bn-sw5/c8g16-seed2/reports/grow_summary.yaml,5415,d28ed3385aad3daa15ef6ad7143ce42db9cefb68a71655929269aeea8ec1bd34
sparknet-grow-dendrites-v3,run_manifest,outputs/sparknet-grow-dendrites-v3/pointwise_b1-bn/c10g16-seed0/manifest.yaml,6136,a00c33de183141964e2aa7aab0e73a96747687e92c1dcb3c02858151a956ae22
sparknet-grow-dendrites-v3,canonical_epoch_log,outputs/sparknet-grow-dendrites-v3/pointwise_b1-bn/c10g16-seed0/metrics/grow/sparknet_c10g16_paper.jsonl,118357,4087da8b37e653af01d572220dd0a1f7c5e247d9ca406ae85dba98297dbf4fb0
sparknet-grow-dendrites-v3,stage_report,outputs/sparknet-grow-dendrites-v3/pointwise_b1-bn/c10g16-seed0/reports/grow_summary.yaml,5442,d4df22f991d910deee2f9c03089a373a131e677d4fb5a3369e463ddbf5e03efe
sparknet-grow-dendrites-v3,run_manifest,outputs/sparknet-grow-dendrites-v3/pointwise_b1-bn/c10g16-seed1/manifest.yaml,6136,8f5651a9d1d0ed7091e787b1b75c755e59dee733bcbdf8b4c806869d7daa3be4
sparknet-grow-dendrites-v3,canonical_epoch_log,outputs/sparknet-grow-dendrites-v3/pointwise_b1-bn/c10g16-seed1/metrics/grow/sparknet_c10g16_paper.jsonl,118366,5dc85f218f65e55d6344d9940065f30cbc5a6acb4bdcc566175e3f75099d46a0
sparknet-grow-dendrites-v3,stage_report,outputs/sparknet-grow-dendrites-v3/pointwise_b1-bn/c10g16-seed1/reports/grow_summary.yaml,5449,b3fd4872f26d4e5b62812a0dadb861fb96de58cf66d71ae5f7949c857eda4ce5
sparknet-grow-dendrites-v3,run_manifest,outputs/sparknet-grow-dendrites-v3/pointwise_b1-bn/c10g16-seed2/manifest.yaml,6136,f42319627601ba99baad3ed1fba30c79cd6a4b45de11333a13ddd975ea9b7355
sparknet-grow-dendrites-v3,canonical_epoch_log,outputs/sparknet-grow-dendrites-v3/pointwise_b1-bn/c10g16-seed2/metrics/grow/sparknet_c10g16_paper.jsonl,118380,a61583f76c04d0e3d33943d7de06534c2d7d1f1f531d2620b390bb76cbc62ee4
sparknet-grow-dendrites-v3,stage_report,outputs/sparknet-grow-dendrites-v3/pointwise_b1-bn/c10g16-seed2/reports/grow_summary.yaml,5454,a711f6ec0e02242485d1905e0de3483e752b5ce49ab218f75c853d6c1a42aa1d
sparknet-grow-dendrites-v3,run_manifest,outputs/sparknet-grow-dendrites-v3/pointwise_b1-bn/c12g16-seed0/manifest.yaml,6136,bc6510796dca39ef11ef52cb15461f360c9076487341e4f47b0caf535967e164
sparknet-grow-dendrites-v3,canonical_epoch_log,outputs/sparknet-grow-dendrites-v3/pointwise_b1-bn/c12g16-seed0/metrics/grow/sparknet_c12g16_paper.jsonl,118340,2e224e6a80fc28a9604b6c47931edc6f3c5372bd9893d9448b72b5690e59f7e6
sparknet-grow-dendrites-v3,stage_report,outputs/sparknet-grow-dendrites-v3/pointwise_b1-bn/c12g16-seed0/reports/grow_summary.yaml,5438,480604e39ed99e930122c65dd7b2e8857dfccefae5901b4d14f226392e244d0b
sparknet-grow-dendrites-v3,run_manifest,outputs/sparknet-grow-dendrites-v3/pointwise_b1-bn/c12g16-seed1/manifest.yaml,6136,d2cc8618cb9644f8819da5de06deb56c67bd29fbd78079d57198416bba094e2e
sparknet-grow-dendrites-v3,canonical_epoch_log,outputs/sparknet-grow-dendrites-v3/pointwise_b1-bn/c12g16-seed1/metrics/grow/sparknet_c12g16_paper.jsonl,118403,1386763c124fb00f44ec860336e6577f715403105c3f64946fa94e36174b7db8
sparknet-grow-dendrites-v3,stage_report,outputs/sparknet-grow-dendrites-v3/pointwise_b1-bn/c12g16-seed1/reports/grow_summary.yaml,5438,4f0191848d63bc5c7a965605b757f487e22c83f0291aa318f8e0c0bffe4e7523
sparknet-grow-dendrites-v3,run_manifest,outputs/sparknet-grow-dendrites-v3/pointwise_b1-bn/c12g16-seed2/manifest.yaml,6136,1138ab55a91ced9f6b41097e06b9117cdb684613ae5c8c56b9c487209294dcd6
sparknet-grow-dendrites-v3,canonical_epoch_log,outputs/sparknet-grow-dendrites-v3/pointwise_b1-bn/c12g16-seed2/metrics/grow/sparknet_c12g16_paper.jsonl,118332,79ab348c67d12c21bea7571a15da8bdad60d78b907a1865ea832930f5b9e14d5
sparknet-grow-dendrites-v3,stage_report,outputs/sparknet-grow-dendrites-v3/pointwise_b1-bn/c12g16-seed2/reports/grow_summary.yaml,5444,baddcf6be2176887721b1a83840fe1a8e5726f995e9985df8cb0fd530af70375
sparknet-grow-dendrites-v3,run_manifest,outputs/sparknet-grow-dendrites-v3/pointwise_b1-bn/c2g16-seed0/manifest.yaml,6107,cf3c47f2e29cbd102ce0a6e61f95312b6c8abc7218c27268a9e4fa278c1f28a9
sparknet-grow-dendrites-v3,canonical_epoch_log,outputs/sparknet-grow-dendrites-v3/pointwise_b1-bn/c2g16-seed0/metrics/grow/sparknet_c2g16_paper.jsonl,117838,084f4d58ae9a8f5927e202d763107623afdbfb2d924dfafbeb916479192d93e2
sparknet-grow-dendrites-v3,stage_report,outputs/sparknet-grow-dendrites-v3/pointwise_b1-bn/c2g16-seed0/reports/grow_summary.yaml,5425,4b3f04ebabe499cc5548cceceb3d04a3ea6d56f994afa94f3c117286bf4435a4
sparknet-grow-dendrites-v3,run_manifest,outputs/sparknet-grow-dendrites-v3/pointwise_b1-bn/c4g16-seed0/manifest.yaml,6112,19900c0467d80a2ced4f5923d10d0e4ad2cf785b0d65e0878d054d74422c932c
sparknet-grow-dendrites-v3,canonical_epoch_log,outputs/sparknet-grow-dendrites-v3/pointwise_b1-bn/c4g16-seed0/metrics/grow/sparknet_c4g16_paper.jsonl,117924,a9b053f3c023d91d3ff2dc940c941096fd3de4bd40824806216b853b222503d6
sparknet-grow-dendrites-v3,stage_report,outputs/sparknet-grow-dendrites-v3/pointwise_b1-bn/c4g16-seed0/reports/grow_summary.yaml,5408,fc21ce0ad314288ca21b0c4cfb59ff7dc9927cfb905243827f675ba073ca3010
sparknet-grow-dendrites-v3,run_manifest,outputs/sparknet-grow-dendrites-v3/pointwise_b1-bn/c6g16-seed0/manifest.yaml,6112,1a8b366466d994396fb381f1c1e97c90b0655d76c06a238c65722befa3a68dfc
sparknet-grow-dendrites-v3,canonical_epoch_log,outputs/sparknet-grow-dendrites-v3/pointwise_b1-bn/c6g16-seed0/metrics/grow/sparknet_c6g16_paper.jsonl,117980,72ab912ffecaf81baac7649e7a87481d1bb545fde9060b401bb205c9304f30b0
sparknet-grow-dendrites-v3,stage_report,outputs/sparknet-grow-dendrites-v3/pointwise_b1-bn/c6g16-seed0/reports/grow_summary.yaml,5447,a1fdc8ab806ef5c468fc8542c2004d47bd14372b04861b1717132c3bad8aa599
sparknet-grow-dendrites-v3,run_manifest,outputs/sparknet-grow-dendrites-v3/pointwise_b1-bn/c8g16-seed0/manifest.yaml,6112,2fbab9b30673b3f12848e3e33d55ac30670202207e2d9c5996369b1bc7181f65
sparknet-grow-dendrites-v3,canonical_epoch_log,outputs/sparknet-grow-dendrites-v3/pointwise_b1-bn/c8g16-seed0/metrics/grow/sparknet_c8g16_paper.jsonl,118000,f64b270296d965df4f6b10b8a3717a22361c7ae831a59fb4f53e880407f39193
sparknet-grow-dendrites-v3,stage_report,outputs/sparknet-grow-dendrites-v3/pointwise_b1-bn/c8g16-seed0/reports/grow_summary.yaml,5412,6bf3a16cd78a2979fe37537206a1b99a63d2a729d9877d4838974b1e2694a43b
sparknet-grow-dendrites-v3,run_manifest,outputs/sparknet-grow-dendrites-v3/pointwise_b1-bn/c8g16-seed1/manifest.yaml,6112,a079c18afde8954240ed813142136d621e2fbdd2e1c877976e45da2ff8370599
sparknet-grow-dendrites-v3,canonical_epoch_log,outputs/sparknet-grow-dendrites-v3/pointwise_b1-bn/c8g16-seed1/metrics/grow/sparknet_c8g16_paper.jsonl,118110,9621786380f086fe57fa62024e75cf16c5e13aff0d56c9ab0714ab92c36678a6
sparknet-grow-dendrites-v3,stage_report,outputs/sparknet-grow-dendrites-v3/pointwise_b1-bn/c8g16-seed1/reports/grow_summary.yaml,5431,6255f31870a3830d84017493a7a63e90a94c98dd348f0782580cf4ec7aba69cf
sparknet-grow-dendrites-v3,run_manifest,outputs/sparknet-grow-dendrites-v3/pointwise_b1-bn/c8g16-seed2/manifest.yaml,6112,b928e56930a32ac94e7810e5371e8919b46954630f12e9465224be71eb3fb342
sparknet-grow-dendrites-v3,canonical_epoch_log,outputs/sparknet-grow-dendrites-v3/pointwise_b1-bn/c8g16-seed2/metrics/grow/sparknet_c8g16_paper.jsonl,118126,c639e3f96a3badbf087bdb0e4e11acc79f846b85be4d3a8a7a70f3ce3696971a
sparknet-grow-dendrites-v3,stage_report,outputs/sparknet-grow-dendrites-v3/pointwise_b1-bn/c8g16-seed2/reports/grow_summary.yaml,5432,0d5fefbe61b8585d1d984209fd65a5c3758678934f1be08e6009f5f617d4539c
sparknet-grow-dendrites-v3,run_manifest,outputs/sparknet-grow-dendrites-v3/pointwise_b1-bn-relu/c8g16-seed0/manifest.yaml,6146,0ce680d8402c185ce53ce0f7276fca8891db96f8f04e8d547caa995d54171cd8
sparknet-grow-dendrites-v3,canonical_epoch_log,outputs/sparknet-grow-dendrites-v3/pointwise_b1-bn-relu/c8g16-seed0/metrics/grow/sparknet_c8g16_paper.jsonl,118058,df5af4d9d5de307951714cd2fdf81dcc7da58f2e846f426829fe58ecc1507fd0
sparknet-grow-dendrites-v3,stage_report,outputs/sparknet-grow-dendrites-v3/pointwise_b1-bn-relu/c8g16-seed0/reports/grow_summary.yaml,5446,3614aa785e8f91eecb689feb5cf5cbb8c37df1dc392677fffde13ae5f2efafaa
sparknet-grow-dendrites-v3,run_manifest,outputs/sparknet-grow-dendrites-v3/pointwise_b1-bn-relu/c8g16-seed1/manifest.yaml,6146,bb42f92a1e5275483201233bd14385eea99cb72e1c40d241decf49046587a289
sparknet-grow-dendrites-v3,canonical_epoch_log,outputs/sparknet-grow-dendrites-v3/pointwise_b1-bn-relu/c8g16-seed1/metrics/grow/sparknet_c8g16_paper.jsonl,118124,7a2fbab022551ef2b71ae32ce29332955091ac6eb71e64a9956953c0062e48a2
sparknet-grow-dendrites-v3,stage_report,outputs/sparknet-grow-dendrites-v3/pointwise_b1-bn-relu/c8g16-seed1/reports/grow_summary.yaml,5435,f2eb7e8d22e05a6e84b21119e21d18244d1edafaeddabdb61250fea0fef88c22
sparknet-grow-dendrites-v3,run_manifest,outputs/sparknet-grow-dendrites-v3/pointwise_b1-bn-relu/c8g16-seed2/manifest.yaml,6146,4808e31f9e34e28494931ddacd78183cce2d1d6f8f59ea0e9b4d7e7ecd026096
sparknet-grow-dendrites-v3,canonical_epoch_log,outputs/sparknet-grow-dendrites-v3/pointwise_b1-bn-relu/c8g16-seed2/metrics/grow/sparknet_c8g16_paper.jsonl,118115,5d5c5403b19011dd647a04927a929f9f92fe8bd0b21ef22fd06954d4c3bc0618
sparknet-grow-dendrites-v3,stage_report,outputs/sparknet-grow-dendrites-v3/pointwise_b1-bn-relu/c8g16-seed2/reports/grow_summary.yaml,5443,28f573257ff1c423d601373555e59ba26beb0b5dfe2853d526d8a79c2920f2e8
sparknet-grow-dendrites-v3,run_manifest,outputs/sparknet-grow-dendrites-v3/pointwise_b1-bn-sigmoid/c8g16-seed0/manifest.yaml,6167,4339876ff3f260571d899fbe4c95993672901a504c8ccc28a4b1894460450454
sparknet-grow-dendrites-v3,canonical_epoch_log,outputs/sparknet-grow-dendrites-v3/pointwise_b1-bn-sigmoid/c8g16-seed0/metrics/grow/sparknet_c8g16_paper.jsonl,118028,91d7edb366337e7c88fb0d7f46eb0a9dd6141c85e4b1753772a43422fe3b0427
sparknet-grow-dendrites-v3,stage_report,outputs/sparknet-grow-dendrites-v3/pointwise_b1-bn-sigmoid/c8g16-seed0/reports/grow_summary.yaml,5440,f3519e5907a43b67a56ae945a5d870e5c18dde490f07fcd55745e49c61ce3ba4
sparknet-grow-dendrites-v3,run_manifest,outputs/sparknet-grow-dendrites-v3/pointwise_b1-bn-sigmoid/c8g16-seed1/manifest.yaml,6167,b39ab1362fa175531c7e7a3c2499a4f617843f6e30eda9b1908ee55b6eab989d
sparknet-grow-dendrites-v3,canonical_epoch_log,outputs/sparknet-grow-dendrites-v3/pointwise_b1-bn-sigmoid/c8g16-seed1/metrics/grow/sparknet_c8g16_paper.jsonl,118090,1a3c75e59429739ec2e0f6c032d4aec4ea1403b917d226478964ebe0da063eec
sparknet-grow-dendrites-v3,stage_report,outputs/sparknet-grow-dendrites-v3/pointwise_b1-bn-sigmoid/c8g16-seed1/reports/grow_summary.yaml,5460,3cd89dded33bac20c455f7b6cb1c9b6ee26d5bce3634cdf6d39309c81756dcf5
sparknet-grow-dendrites-v3,run_manifest,outputs/sparknet-grow-dendrites-v3/pointwise_b1-bn-sigmoid/c8g16-seed2/manifest.yaml,6167,8f41d7beb6b1e0fb8b1d861a35af3f0401b24e9ee4f0bef38a5f0be8b1660131
sparknet-grow-dendrites-v3,canonical_epoch_log,outputs/sparknet-grow-dendrites-v3/pointwise_b1-bn-sigmoid/c8g16-seed2/metrics/grow/sparknet_c8g16_paper.jsonl,118185,57f32840280cae7a05ee638362fd7081673d60933e58de4d357d5d2b89ca0291
sparknet-grow-dendrites-v3,stage_report,outputs/sparknet-grow-dendrites-v3/pointwise_b1-bn-sigmoid/c8g16-seed2/reports/grow_summary.yaml,5450,1f7981a5310d1a6a307c5fca5fe332f2fff9a23aa932a6d1a339018c91b0c520
sparknet-grow-dendrites-v3,run_manifest,outputs/sparknet-grow-dendrites-v3/pointwise_b1-bn-sw1/c8g16-seed0/manifest.yaml,6038,51b95f766b05e831e6378df09ab0fa64abb9a79df00d83dab7c1a14b49b34bda
sparknet-grow-dendrites-v3,canonical_epoch_log,outputs/sparknet-grow-dendrites-v3/pointwise_b1-bn-sw1/c8g16-seed0/metrics/grow/sparknet_c8g16_paper.jsonl,129338,13456ae8c073e3969cc2286c11f282fd18d0abcb0cee94894e2cc9049da1e4a5
sparknet-grow-dendrites-v3,stage_report,outputs/sparknet-grow-dendrites-v3/pointwise_b1-bn-sw1/c8g16-seed0/reports/grow_summary.yaml,5406,c551ec9a3433c44e03d9ee3772e8156548ada1415d4458e08eb3bc81040730ed
sparknet-grow-dendrites-v3,run_manifest,outputs/sparknet-grow-dendrites-v3/pointwise_b1-bn-sw1/c8g16-seed1/manifest.yaml,6038,ea7b2fad52800e89fc3a75fe32318cc7c157d841ad948df6c5290231a078c20f
sparknet-grow-dendrites-v3,canonical_epoch_log,outputs/sparknet-grow-dendrites-v3/pointwise_b1-bn-sw1/c8g16-seed1/metrics/grow/sparknet_c8g16_paper.jsonl,129349,285d4451eadf0f4bf601b35388cd8c2ba7ed3855e7de7e2196dd2a37089d59b1
sparknet-grow-dendrites-v3,stage_report,outputs/sparknet-grow-dendrites-v3/pointwise_b1-bn-sw1/c8g16-seed1/reports/grow_summary.yaml,5414,fb5c65bcab71c0f4b4980dd423a17dd442a023626cbc74c555906528d86de55a
sparknet-grow-dendrites-v3,run_manifest,outputs/sparknet-grow-dendrites-v3/pointwise_b1-bn-sw1/c8g16-seed2/manifest.yaml,6038,94d61e01406245c0595d960a2da17882a1ad0440334b6c248f9cb678e2edf6b4
sparknet-grow-dendrites-v3,canonical_epoch_log,outputs/sparknet-grow-dendrites-v3/pointwise_b1-bn-sw1/c8g16-seed2/metrics/grow/sparknet_c8g16_paper.jsonl,129157,1f83d7f4e5214e29c661b298669200c4aa0e6f808c1cab34e1665454cef0e339
sparknet-grow-dendrites-v3,stage_report,outputs/sparknet-grow-dendrites-v3/pointwise_b1-bn-sw1/c8g16-seed2/reports/grow_summary.yaml,5411,c1c6b457b6f7bf488b657b0f1738dbaa71eb6b20915e72094f6c2e96ffa1be73
sparknet-grow-dendrites-v3,run_manifest,outputs/sparknet-grow-dendrites-v3/pointwise_b1-bn-sw5/c17g16-seed0/manifest.yaml,6062,a95562295f17e3a4bbf0d5d24efedf950c5c3c67a00b4fa8d600178aa175d438
sparknet-grow-dendrites-v3,canonical_epoch_log,outputs/sparknet-grow-dendrites-v3/pointwise_b1-bn-sw5/c17g16-seed0/metrics/grow/sparknet_c17g16_paper.jsonl,129179,242e9425cc6bacbb182eb38ef569a16928c50b5fc603dc3a8ce3facaad5bdab2
sparknet-grow-dendrites-v3,stage_report,outputs/sparknet-grow-dendrites-v3/pointwise_b1-bn-sw5/c17g16-seed0/reports/grow_summary.yaml,5425,5d2e9c131c6f4880d633b60f44a20c872448209438f977f71b4e38631c8cfdf7
sparknet-grow-dendrites-v3,run_manifest,outputs/sparknet-grow-dendrites-v3/pointwise_b1-bn-sw5/c17g16-seed1/manifest.yaml,6062,a7f3f9ab139aa375f12081efa6722f484e87ede0991dbea093fa6e810bc0f906
sparknet-grow-dendrites-v3,canonical_epoch_log,outputs/sparknet-grow-dendrites-v3/pointwise_b1-bn-sw5/c17g16-seed1/metrics/grow/sparknet_c17g16_paper.jsonl,129246,3751b2844b0d2dbf6e0c39249afd46a2fbb661adc18132d99b402a3215119c32
sparknet-grow-dendrites-v3,stage_report,outputs/sparknet-grow-dendrites-v3/pointwise_b1-bn-sw5/c17g16-seed1/reports/grow_summary.yaml,5424,b5966eb91945de3cc64fecc19c8f20d0162b4c29c96f39c7b504ac8aa1b3a6c0
sparknet-grow-dendrites-v3,run_manifest,outputs/sparknet-grow-dendrites-v3/pointwise_b1-bn-sw5/c17g16-seed2/manifest.yaml,6062,55e59580e80ffe0734ca6bd9d1f6bafd0e3b35430d7a26a61ec9558d858221c9
sparknet-grow-dendrites-v3,canonical_epoch_log,outputs/sparknet-grow-dendrites-v3/pointwise_b1-bn-sw5/c17g16-seed2/metrics/grow/sparknet_c17g16_paper.jsonl,129182,e0306363d64587a4963448674d956499b28f7444df91fee1e36c85d37dfcaacc
sparknet-grow-dendrites-v3,stage_report,outputs/sparknet-grow-dendrites-v3/pointwise_b1-bn-sw5/c17g16-seed2/reports/grow_summary.yaml,5399,73e3698c614f869acea6505f5f31fcb5344d4e142b9ab8da2f34911b602d48ce
sparknet-grow-dendrites-v3,run_manifest,outputs/sparknet-grow-dendrites-v3/pointwise_b1-bn-sw5/c6g12-seed0/manifest.yaml,6038,7097f4c00354b92743e758deacdb56f813909549b5d2e75a85eb9031db9f4016
sparknet-grow-dendrites-v3,canonical_epoch_log,outputs/sparknet-grow-dendrites-v3/pointwise_b1-bn-sw5/c6g12-seed0/metrics/grow/sparknet_c6g12_paper.jsonl,128623,5553e408431dbca39d5c2503cbe0d792f88742c000fdd674ce494d8ba48a7241
sparknet-grow-dendrites-v3,stage_report,outputs/sparknet-grow-dendrites-v3/pointwise_b1-bn-sw5/c6g12-seed0/reports/grow_summary.yaml,5398,a451b5f24759c0990ddd722a4ce30ae88ed71ff5e10fbbb7a6408e2363c88e3d
sparknet-grow-dendrites-v3,run_manifest,outputs/sparknet-grow-dendrites-v3/pointwise_b1-bn-sw5/c6g12-seed1/manifest.yaml,6038,522168eaf857aebd21c1d806112361e8d5bceab969e73070df57aa5a781167e2
sparknet-grow-dendrites-v3,canonical_epoch_log,outputs/sparknet-grow-dendrites-v3/pointwise_b1-bn-sw5/c6g12-seed1/metrics/grow/sparknet_c6g12_paper.jsonl,128803,9b9536a61a7fb44ed63246a2cdd38c82adb157fa4465fa57c03a95122d671c25
sparknet-grow-dendrites-v3,stage_report,outputs/sparknet-grow-dendrites-v3/pointwise_b1-bn-sw5/c6g12-seed1/reports/grow_summary.yaml,5419,6d7e5946cf07eb2603960146023ff7399cbf6d22ac2b8a542538d317b4ce6430
sparknet-grow-dendrites-v3,run_manifest,outputs/sparknet-grow-dendrites-v3/pointwise_b1-bn-sw5/c6g12-seed2/manifest.yaml,6038,ea177bc3829af0a6e9e71e38451b6fa3dd44395cd9b04a0f70b0d82341a98769
sparknet-grow-dendrites-v3,canonical_epoch_log,outputs/sparknet-grow-dendrites-v3/pointwise_b1-bn-sw5/c6g12-seed2/metrics/grow/sparknet_c6g12_paper.jsonl,128671,f2e6416efa56c6b69b97ffbead3f9e850ef0df67340a7c9f70be7f074f531f66
sparknet-grow-dendrites-v3,stage_report,outputs/sparknet-grow-dendrites-v3/pointwise_b1-bn-sw5/c6g12-seed2/reports/grow_summary.yaml,5412,43940e9b27ef750e55fd5197b9010a065f0335578f765e7d44affb9b53ad5564
sparknet-grow-dendrites-v3,run_manifest,outputs/sparknet-grow-dendrites-v3/pointwise_b1-bn-sw5/c8g16-seed0/manifest.yaml,6037,c78180b0af11815f825d1c9a7e33b3f0a2289530ce8b09b83e6cdf3454387719
sparknet-grow-dendrites-v3,canonical_epoch_log,outputs/sparknet-grow-dendrites-v3/pointwise_b1-bn-sw5/c8g16-seed0/metrics/grow/sparknet_c8g16_paper.jsonl,128774,89b33d3b2c319d8223801dd37d50bc520ce6b6e5f4f08bbd0f23e4f2487595da
sparknet-grow-dendrites-v3,stage_report,outputs/sparknet-grow-dendrites-v3/pointwise_b1-bn-sw5/c8g16-seed0/reports/grow_summary.yaml,5414,671983aea73538e76500c548847c19496d1f77424c1659fa33584605967d0b38
sparknet-grow-dendrites-v3,run_manifest,outputs/sparknet-grow-dendrites-v3/pointwise_b1-bn-sw5/c8g16-seed1/manifest.yaml,6037,4b6c4052b9e1815897edf0a1ac78ba2d48d3bd3ad560eb19cfd4ed4468609e8b
sparknet-grow-dendrites-v3,canonical_epoch_log,outputs/sparknet-grow-dendrites-v3/pointwise_b1-bn-sw5/c8g16-seed1/metrics/grow/sparknet_c8g16_paper.jsonl,128787,3ea9de038a677823f9ffd2d3d4561acc2617a58925bf898754cc95478c0df83c
sparknet-grow-dendrites-v3,stage_report,outputs/sparknet-grow-dendrites-v3/pointwise_b1-bn-sw5/c8g16-seed1/reports/grow_summary.yaml,5380,5161243edbc34674bcacdc3ae1b5d8e6e9b20f030235ff72906546f5d36af80b
sparknet-grow-dendrites-v3,run_manifest,outputs/sparknet-grow-dendrites-v3/pointwise_b1-bn-sw5/c8g16-seed2/manifest.yaml,6038,461f25a7db50f04c435eda9aed1864999bb44fb122fa67d1f9e9760d79bc4b56
sparknet-grow-dendrites-v3,canonical_epoch_log,outputs/sparknet-grow-dendrites-v3/pointwise_b1-bn-sw5/c8g16-seed2/metrics/grow/sparknet_c8g16_paper.jsonl,128754,79a9790d43352fcbd51abfc1a44051bcda5bab9636c90b59c166267f191affa1
sparknet-grow-dendrites-v3,stage_report,outputs/sparknet-grow-dendrites-v3/pointwise_b1-bn-sw5/c8g16-seed2/reports/grow_summary.yaml,5412,c394d9c45604c3f9e26c3d0c6c4ecc9bc8f598954e851fcaf591f4695c648bba
sparknet-grow-dendrites-v3,run_manifest,outputs/sparknet-grow-dendrites-v3/pointwise_b1-bn-sw5/c8g16-seed3/manifest.yaml,6038,4540eba2fac22a2f4b13afcac7dca858202a5c7c82d19123e2de38bbdefcd46d
sparknet-grow-dendrites-v3,canonical_epoch_log,outputs/sparknet-grow-dendrites-v3/pointwise_b1-bn-sw5/c8g16-seed3/metrics/grow/sparknet_c8g16_paper.jsonl,128693,9c6e4604d60654254072a4a2cad73c96e1e85cedff64991fdce7d005bd45c6a0
sparknet-grow-dendrites-v3,stage_report,outputs/sparknet-grow-dendrites-v3/pointwise_b1-bn-sw5/c8g16-seed3/reports/grow_summary.yaml,5413,4dc62c88eefb8ce7c8cf87a5599b82e004b2d95d830d474242b97d4f67c7f0b8
sparknet-grow-dendrites-v3,run_manifest,outputs/sparknet-grow-dendrites-v3/pointwise_b1-bn-sw5/c8g16-seed4/manifest.yaml,6038,f576e222e429302f7b6d97d5dff76940ff25e553209b13864c49cb53bbe4cf63
sparknet-grow-dendrites-v3,canonical_epoch_log,outputs/sparknet-grow-dendrites-v3/pointwise_b1-bn-sw5/c8g16-seed4/metrics/grow/sparknet_c8g16_paper.jsonl,128901,7e5b32dca56af5cb9e1db9e48bfc3dea83ce82a596fc87b25ca995ff5a4e456d
sparknet-grow-dendrites-v3,stage_report,outputs/sparknet-grow-dendrites-v3/pointwise_b1-bn-sw5/c8g16-seed4/reports/grow_summary.yaml,5413,272d071bb5dace1134ea5dee74d19b5bcab4e2d29ba560e3cf1e49726821fbbc
sparknet-grow-dendrites-v3,run_manifest,outputs/sparknet-grow-dendrites-v3/pointwise_b1-bn-sw5/c9g8-seed0/manifest.yaml,6014,2b175e5344264343c005776967e1aac975cc6afa1c83f08fab079584e0dec90b
sparknet-grow-dendrites-v3,canonical_epoch_log,outputs/sparknet-grow-dendrites-v3/pointwise_b1-bn-sw5/c9g8-seed0/metrics/grow/sparknet_c9g8_paper.jsonl,128421,a410c15091b247b530a099fa2ec793e3e09cee1645638740b4ab07482a18e38f
sparknet-grow-dendrites-v3,stage_report,outputs/sparknet-grow-dendrites-v3/pointwise_b1-bn-sw5/c9g8-seed0/reports/grow_summary.yaml,5395,124b7f9b186798b4a5acddbd0d1046a3f597f5f20ed203704f22773915d359d1
sparknet-grow-dendrites-v3,run_manifest,outputs/sparknet-grow-dendrites-v3/pointwise_b1-bn-sw5/c9g8-seed1/manifest.yaml,6014,75902dcfbe2ad07c49c93b169c0e0a46ab40f7e210d7e8673bd39d7701bd56e4
sparknet-grow-dendrites-v3,canonical_epoch_log,outputs/sparknet-grow-dendrites-v3/pointwise_b1-bn-sw5/c9g8-seed1/metrics/grow/sparknet_c9g8_paper.jsonl,128538,a5dfa74f04658d8a6322181ac0d37e1947b95b456fe69f1adeb3f47ca1d467cf
sparknet-grow-dendrites-v3,stage_report,outputs/sparknet-grow-dendrites-v3/pointwise_b1-bn-sw5/c9g8-seed1/reports/grow_summary.yaml,5392,a04536097cddb94eb277e045019db22d1730c26a62d6cdc3e86af3efba3f41ca
sparknet-grow-dendrites-v3,run_manifest,outputs/sparknet-grow-dendrites-v3/pointwise_b1-bn-sw5/c9g8-seed2/manifest.yaml,6014,75737c308d26d1bb1d371d3c869c17d95fe1a6c56b410a13eb0c183d3894f90a
sparknet-grow-dendrites-v3,canonical_epoch_log,outputs/sparknet-grow-dendrites-v3/pointwise_b1-bn-sw5/c9g8-seed2/metrics/grow/sparknet_c9g8_paper.jsonl,128566,f9027247d13ba0272b8ed9a3493ef5e7d9725da26f36b2348ae9a4b612f2b8c6
sparknet-grow-dendrites-v3,stage_report,outputs/sparknet-grow-dendrites-v3/pointwise_b1-bn-sw5/c9g8-seed2/reports/grow_summary.yaml,5403,2e71bec40197e95729fab662454636629c28db6339e79c7fdb60f4cc875bcbfb
sparknet-grow-dendrites-v3,run_manifest,outputs/sparknet-grow-dendrites-v3/pointwise_b1-bn-sw5/c9g8-seed3/manifest.yaml,6014,256c043c957c43f1fb815c25242fd49e4bd72644983c017e6fdf29e1dcaef544
sparknet-grow-dendrites-v3,canonical_epoch_log,outputs/sparknet-grow-dendrites-v3/pointwise_b1-bn-sw5/c9g8-seed3/metrics/grow/sparknet_c9g8_paper.jsonl,128446,021b1efad164f62f89c137401fe7f3fee49ad09f03e7a6b363cdf1ffa58c0f58
sparknet-grow-dendrites-v3,stage_report,outputs/sparknet-grow-dendrites-v3/pointwise_b1-bn-sw5/c9g8-seed3/reports/grow_summary.yaml,5395,8f3e7b6425da61be3c91202e3561afd97d2ed7324d99a8491d6826acdf33587b
sparknet-grow-dendrites-v3,run_manifest,outputs/sparknet-grow-dendrites-v3/pointwise_b1-bn-sw5/c9g8-seed4/manifest.yaml,6014,ddbac94420661430b7488aae8f1829970cac5bef6ca0a409e539f7c0acba3b84
sparknet-grow-dendrites-v3,canonical_epoch_log,outputs/sparknet-grow-dendrites-v3/pointwise_b1-bn-sw5/c9g8-seed4/metrics/grow/sparknet_c9g8_paper.jsonl,128566,38879111ef78c0f6838c0a8074d69384d9998973ffcc3ac24ba4558600490e19
sparknet-grow-dendrites-v3,stage_report,outputs/sparknet-grow-dendrites-v3/pointwise_b1-bn-sw5/c9g8-seed4/reports/grow_summary.yaml,5399,b8acc3c0e444ad997667df1ed23dc1059ffec3dfc9a17e1f2852efbae3909610
sparknet-grow-dendrites-v3,run_manifest,outputs/sparknet-grow-dendrites-v3/pointwise_b12-bn-sw5/c8g16-seed0/manifest.yaml,6062,cb18210b36a0524fa6ebcf2674cf575bfe83f75effe686c97364ceec35569e89
sparknet-grow-dendrites-v3,canonical_epoch_log,outputs/sparknet-grow-dendrites-v3/pointwise_b12-bn-sw5/c8g16-seed0/metrics/grow/sparknet_c8g16_paper.jsonl,136451,6287317ba2d9f68aa410d1b2408fdf4724f8e64afe92b337d02166171f1933b6
sparknet-grow-dendrites-v3,stage_report,outputs/sparknet-grow-dendrites-v3/pointwise_b12-bn-sw5/c8g16-seed0/reports/grow_summary.yaml,6945,b8c71c15e3f2f340ab1037c349acb7c53d403e2d9cf5cefcfb9c628ae11355bc
sparknet-grow-dendrites-v3,run_manifest,outputs/sparknet-grow-dendrites-v3/pointwise_b12-bn-sw5/c8g16-seed1/manifest.yaml,6062,5e17c139069736cb9e063d16473a32705ea0dac587da14371a526d58ce7a9bde
sparknet-grow-dendrites-v3,canonical_epoch_log,outputs/sparknet-grow-dendrites-v3/pointwise_b12-bn-sw5/c8g16-seed1/metrics/grow/sparknet_c8g16_paper.jsonl,136426,6e74b4319d0a26d5410aabe5010d3613c76c91e5489b4f4b214849a58d9d4cf4
sparknet-grow-dendrites-v3,stage_report,outputs/sparknet-grow-dendrites-v3/pointwise_b12-bn-sw5/c8g16-seed1/reports/grow_summary.yaml,6924,bec4271bfb2ba500a5aeeccd665ecceac5d0ce3efce100022ae9f90a009a1739
sparknet-grow-dendrites-v3,run_manifest,outputs/sparknet-grow-dendrites-v3/pointwise_b12-bn-sw5/c8g16-seed2/manifest.yaml,6062,509a881972239d944b6d76afe34b28c4c488f3e4e1b7122119dc1a6ed2a51893
sparknet-grow-dendrites-v3,canonical_epoch_log,outputs/sparknet-grow-dendrites-v3/pointwise_b12-bn-sw5/c8g16-seed2/metrics/grow/sparknet_c8g16_paper.jsonl,136429,eaa058c3dd739ca2ad06ca830ea596128e17cf11d89c675bb7ba5266d5368d72
sparknet-grow-dendrites-v3,stage_report,outputs/sparknet-grow-dendrites-v3/pointwise_b12-bn-sw5/c8g16-seed2/reports/grow_summary.yaml,6947,fc408de6af305c812b4e0ac6fa581d3eaab3f2f32caa99fc2f5fb9277b8ea569
sparknet-grow-dendrites-v3,run_manifest,outputs/sparknet-grow-dendrites-v3/pointwise_b123-bn/c4-seed0/manifest.yaml,6028,e5917c981f958c431bc5ac1def7a5dd7250092c3aa452f96367c75285febf9fb
sparknet-grow-dendrites-v3,canonical_epoch_log,outputs/sparknet-grow-dendrites-v3/pointwise_b123-bn/c4-seed0/metrics/grow/sparknet_c4_paper.jsonl,123651,0d23321a3e380ca2d0465802b37042b682453c17470bdb144f72ccfd5c770246
sparknet-grow-dendrites-v3,stage_report,outputs/sparknet-grow-dendrites-v3/pointwise_b123-bn/c4-seed0/reports/grow_summary.yaml,8481,b5c2218d4a6e0a90a0d523136b6bd84b518cba643871e93b6d62cd8e0f2c47fe
sparknet-grow-dendrites-v3,run_manifest,outputs/sparknet-grow-dendrites-v3/pointwise_b123-bn/c8-seed0/manifest.yaml,6028,f6c9f87ceebf2947b5cd515a7f94b6183cb6932bffd25688648cbd6081f16ab1
sparknet-grow-dendrites-v3,canonical_epoch_log,outputs/sparknet-grow-dendrites-v3/pointwise_b123-bn/c8-seed0/metrics/grow/sparknet_c8_paper.jsonl,123860,384ac9dc7b47cfdfbab353046284fd1a91784822368ce7151696c1bcff9bbe69
sparknet-grow-dendrites-v3,stage_report,outputs/sparknet-grow-dendrites-v3/pointwise_b123-bn/c8-seed0/reports/grow_summary.yaml,8487,6360fcbab680eef0a5502e13176f3d35362b74808422d23ebd371cc1d9ae9e23
sparknet-grow-dendrites-v3,run_manifest,outputs/sparknet-grow-dendrites-v3/pointwise_b2-auto/c12-seed0/manifest.yaml,6102,28e0bb294089a7e100a3147b1ecf3e100f59494582ed36c1904a326f101102df
sparknet-grow-dendrites-v3,canonical_epoch_log,outputs/sparknet-grow-dendrites-v3/pointwise_b2-auto/c12-seed0/metrics/grow/sparknet_c12_paper.jsonl,111954,7812d4c097fcf2d9b51aee8ba4fa92975b4a6477fdcebbfa8c63f8560b4fde87
sparknet-grow-dendrites-v3,stage_report,outputs/sparknet-grow-dendrites-v3/pointwise_b2-auto/c12-seed0/reports/grow_summary.yaml,5667,097a8a311c0823f34a13370fe1cff339bfda6fb440766e0780d0ccbc670c376f
sparknet-grow-dendrites-v3,run_manifest,outputs/sparknet-grow-dendrites-v3/pointwise_b2-bn/c10g16-seed0/manifest.yaml,6135,9db8b0fa27beb3a8f7968dc5ab48d8f0fbb0c7f3a46d4192fe3be0e68e5da81e
sparknet-grow-dendrites-v3,canonical_epoch_log,outputs/sparknet-grow-dendrites-v3/pointwise_b2-bn/c10g16-seed0/metrics/grow/sparknet_c10g16_paper.jsonl,118403,167c7e9a82f8ef27817e514348e7ec2e5623cf223e4853dd3d93c266a9b25fa3
sparknet-grow-dendrites-v3,stage_report,outputs/sparknet-grow-dendrites-v3/pointwise_b2-bn/c10g16-seed0/reports/grow_summary.yaml,5446,45bc958ba69da9156a3e2acb1ab57a82e9f930e15876d6265e76d90a518ae519
sparknet-grow-dendrites-v3,run_manifest,outputs/sparknet-grow-dendrites-v3/pointwise_b2-bn/c10g16-seed1/manifest.yaml,6135,286ce9614499ce9e9e7dad300afe6e7526ba49c0b463afb9a5ee5dd8f06fe902
sparknet-grow-dendrites-v3,canonical_epoch_log,outputs/sparknet-grow-dendrites-v3/pointwise_b2-bn/c10g16-seed1/metrics/grow/sparknet_c10g16_paper.jsonl,118375,90059cb58b2cef1f3f6a47fcd7576c1d718977303607dd39066b533a31f5b266
sparknet-grow-dendrites-v3,stage_report,outputs/sparknet-grow-dendrites-v3/pointwise_b2-bn/c10g16-seed1/reports/grow_summary.yaml,5447,141d4f96e7e1e51140a903ed0fd099ff7c583d198da938207ef8c23a7aab3c94
sparknet-grow-dendrites-v3,run_manifest,outputs/sparknet-grow-dendrites-v3/pointwise_b2-bn/c10g16-seed2/manifest.yaml,6135,9c41e1709e83acb310344e3bccd21a10845b45658bff6970b4c17f7f87a732e2
sparknet-grow-dendrites-v3,canonical_epoch_log,outputs/sparknet-grow-dendrites-v3/pointwise_b2-bn/c10g16-seed2/metrics/grow/sparknet_c10g16_paper.jsonl,118377,ac6476fd57a47b9bf9f4fcebe633e32fa7e470b5fac9a80d22695ba9ef49fb96
sparknet-grow-dendrites-v3,stage_report,outputs/sparknet-grow-dendrites-v3/pointwise_b2-bn/c10g16-seed2/reports/grow_summary.yaml,5438,94dd0025bef98962b2bd232dba2d3891bbc56cd3f15a00f726d620827e7555cb
sparknet-grow-dendrites-v3,run_manifest,outputs/sparknet-grow-dendrites-v3/pointwise_b2-bn/c10g8-seed0/manifest.yaml,6111,4c7e52f3f40aac0ec987e267c32755d7d1085b21d4ddbdc77a54aa53db70d31b
sparknet-grow-dendrites-v3,canonical_epoch_log,outputs/sparknet-grow-dendrites-v3/pointwise_b2-bn/c10g8-seed0/metrics/grow/sparknet_c10g8_paper.jsonl,118126,9c0f831b1fbc2227f3ddced5af7af032d70316826459e930f6a07adf4deb45ec
sparknet-grow-dendrites-v3,stage_report,outputs/sparknet-grow-dendrites-v3/pointwise_b2-bn/c10g8-seed0/reports/grow_summary.yaml,5428,05a9c0c45ece502f7a9ae486ccc7651d6e01b4fc6a8dd41a862bf305efa364aa
sparknet-grow-dendrites-v3,run_manifest,outputs/sparknet-grow-dendrites-v3/pointwise_b2-bn/c12-seed0/manifest.yaml,6008,2cc050388bf4ae9e73a43d01cb3778eb54cf085ea6e20f4e29cc1480dac511dd
sparknet-grow-dendrites-v3,canonical_epoch_log,outputs/sparknet-grow-dendrites-v3/pointwise_b2-bn/c12-seed0/metrics/grow/sparknet_c12_paper.jsonl,117867,9e7e5bc93aed12e2f6c76b8965eab33d6edf9e500383d093f270a044b5ebce49
sparknet-grow-dendrites-v3,stage_report,outputs/sparknet-grow-dendrites-v3/pointwise_b2-bn/c12-seed0/reports/grow_summary.yaml,5425,f2afe96bbd66b587478389727cd347703a6a5a03493f6cf813258379ab521cdd
sparknet-grow-dendrites-v3,run_manifest,outputs/sparknet-grow-dendrites-v3/pointwise_b2-bn/c12g16-seed0/manifest.yaml,6136,5cb84e9e1a8b8f654fbf4a739df9669d515f7e9243d9312ffa70fe753edbea04
sparknet-grow-dendrites-v3,canonical_epoch_log,outputs/sparknet-grow-dendrites-v3/pointwise_b2-bn/c12g16-seed0/metrics/grow/sparknet_c12g16_paper.jsonl,118355,df02bb5143bf7c72b29bb2c672ddc8b8aba47cce7952e3f60852f5416ff1b260
sparknet-grow-dendrites-v3,stage_report,outputs/sparknet-grow-dendrites-v3/pointwise_b2-bn/c12g16-seed0/reports/grow_summary.yaml,5447,385587b3935c58ad36f3c73156c3f56e160350577a2e710cf5837f5a8ddaf9e4
sparknet-grow-dendrites-v3,run_manifest,outputs/sparknet-grow-dendrites-v3/pointwise_b2-bn/c12g16-seed1/manifest.yaml,6186,6ce0d1fa5e00165f4f456c9e1e0520c0d7e1a52ca74e18abc80973748db01c93
sparknet-grow-dendrites-v3,canonical_epoch_log,outputs/sparknet-grow-dendrites-v3/pointwise_b2-bn/c12g16-seed1/metrics/grow/sparknet_c12g16_paper.jsonl,118403,4ab7a7f616e28e10bffaa9f3c77d37fc058525b70e62e9d1d6cec482f797ccd5
sparknet-grow-dendrites-v3,stage_report,outputs/sparknet-grow-dendrites-v3/pointwise_b2-bn/c12g16-seed1/reports/grow_summary.yaml,5430,a9c319daed515c7a468b89c2cc5a1640d07dcb9152c3f51ecf89a1335fb36ad8
sparknet-grow-dendrites-v3,run_manifest,outputs/sparknet-grow-dendrites-v3/pointwise_b2-bn/c12g16-seed2/manifest.yaml,6186,654589b591a495dfbfe4a6ac6e49d3e782323bf8099907b51bd9b964aa17ca10
sparknet-grow-dendrites-v3,canonical_epoch_log,outputs/sparknet-grow-dendrites-v3/pointwise_b2-bn/c12g16-seed2/metrics/grow/sparknet_c12g16_paper.jsonl,118352,104e520df8702bcf1316cd24e72d0a438d345987bef4ca96c338edf8ca5f2018
sparknet-grow-dendrites-v3,stage_report,outputs/sparknet-grow-dendrites-v3/pointwise_b2-bn/c12g16-seed2/reports/grow_summary.yaml,5446,b49d3950854902a3e0c97258e01730597f69bab41f7730f5a6b1821e629a9db0
sparknet-grow-dendrites-v3,run_manifest,outputs/sparknet-grow-dendrites-v3/pointwise_b2-bn/c16-seed0/manifest.yaml,6007,a841b3713bb60bcfcd606f233ed73b51d9e8963a1d09a1a5e9372c11c090c046
sparknet-grow-dendrites-v3,canonical_epoch_log,outputs/sparknet-grow-dendrites-v3/pointwise_b2-bn/c16-seed0/metrics/grow/sparknet_c16_paper.jsonl,117847,bf0a87acc5924324b83abf208d9557d77d432d070306e7545cc6742555cbd6ad
sparknet-grow-dendrites-v3,stage_report,outputs/sparknet-grow-dendrites-v3/pointwise_b2-bn/c16-seed0/reports/grow_summary.yaml,5420,b0767fae1994213560e00de134d6c9be2105cf97f222d91ad158c78f3bb833d2
sparknet-grow-dendrites-v3,run_manifest,outputs/sparknet-grow-dendrites-v3/pointwise_b2-bn/c16g16-seed0/manifest.yaml,6135,f0f537c67135c41559c6b27bf1e3642efab6f3b122c6feb87f7ce39c2f840a65
sparknet-grow-dendrites-v3,canonical_epoch_log,outputs/sparknet-grow-dendrites-v3/pointwise_b2-bn/c16g16-seed0/metrics/grow/sparknet_c16g16_paper.jsonl,118427,ef0c25fdb6d7b1bcb6c7150abd07cbdc1597b7f74247665409eb88f4325c8661
sparknet-grow-dendrites-v3,stage_report,outputs/sparknet-grow-dendrites-v3/pointwise_b2-bn/c16g16-seed0/reports/grow_summary.yaml,5444,328f22f2f71da3eb13cad40f70bb0481b63ca204e331160785aade3eaedf91d5
sparknet-grow-dendrites-v3,run_manifest,outputs/sparknet-grow-dendrites-v3/pointwise_b2-bn/c16g16-seed1/manifest.yaml,6135,68f9c0b4c2c7b85534e61b3d77221e4fc79e3e9efad6371e98c4181588ecce9a
sparknet-grow-dendrites-v3,canonical_epoch_log,outputs/sparknet-grow-dendrites-v3/pointwise_b2-bn/c16g16-seed1/metrics/grow/sparknet_c16g16_paper.jsonl,118480,ecbed68091ab82ea0ef73b4e77c0d13341c29d6e4e2a759b49ae637295938934
sparknet-grow-dendrites-v3,stage_report,outputs/sparknet-grow-dendrites-v3/pointwise_b2-bn/c16g16-seed1/reports/grow_summary.yaml,5443,9405e0463662ba0ad0ceeaa08cb79eb6b9c0a9dd6d307888b9f5c089bbab8347
sparknet-grow-dendrites-v3,run_manifest,outputs/sparknet-grow-dendrites-v3/pointwise_b2-bn/c16g16-seed2/manifest.yaml,6135,9a1657faafdb573577200ff0edd7309460e31a23468e85c675294a3b1094dc93
sparknet-grow-dendrites-v3,canonical_epoch_log,outputs/sparknet-grow-dendrites-v3/pointwise_b2-bn/c16g16-seed2/metrics/grow/sparknet_c16g16_paper.jsonl,118472,067978d6089321dc46fe7da2723a158189552b734b2412aeed5f723ecbdd07b4
sparknet-grow-dendrites-v3,stage_report,outputs/sparknet-grow-dendrites-v3/pointwise_b2-bn/c16g16-seed2/reports/grow_summary.yaml,5455,93a3e39c1e57f98de768fba8b855e64a1bc7ae93b32f3d993f127f5281fc2898
sparknet-grow-dendrites-v3,run_manifest,outputs/sparknet-grow-dendrites-v3/pointwise_b2-bn/c17g16-seed0/manifest.yaml,6135,4ce42c97956a669a9bcc91134ea6f342b738e186805e1e63ffae6d3a9d8e467f
sparknet-grow-dendrites-v3,canonical_epoch_log,outputs/sparknet-grow-dendrites-v3/pointwise_b2-bn/c17g16-seed0/metrics/grow/sparknet_c17g16_paper.jsonl,118510,f70832b58f6549605946e9d349dfcf67a9aff2b267cdd1b0a9f0647ba0d691a2
sparknet-grow-dendrites-v3,stage_report,outputs/sparknet-grow-dendrites-v3/pointwise_b2-bn/c17g16-seed0/reports/grow_summary.yaml,5439,3786d0200dcc2ec18dbe39470329b8fa911baea8975263c7032df2f76019428d
sparknet-grow-dendrites-v3,run_manifest,outputs/sparknet-grow-dendrites-v3/pointwise_b2-bn/c17g16-seed1/manifest.yaml,6135,a4aed6705482a2904449dbfd65a6f3e8903577879977bfd7a2d0c2d72e7a9eb4
sparknet-grow-dendrites-v3,canonical_epoch_log,outputs/sparknet-grow-dendrites-v3/pointwise_b2-bn/c17g16-seed1/metrics/grow/sparknet_c17g16_paper.jsonl,118469,21cab005695f14d27d35f91e94984417aa512f2f4fd5840b0ca013404572b4ed
sparknet-grow-dendrites-v3,stage_report,outputs/sparknet-grow-dendrites-v3/pointwise_b2-bn/c17g16-seed1/reports/grow_summary.yaml,5442,b37aa8a20fbf5e070da4beb222a5fb1fa762c39257d690f0c4cc23892bcb8f3f
sparknet-grow-dendrites-v3,run_manifest,outputs/sparknet-grow-dendrites-v3/pointwise_b2-bn/c17g8-seed0/manifest.yaml,6111,0082d1ac49a76bab937f45f0653451ae2a8051044657e2b59b8488f9112ca079
sparknet-grow-dendrites-v3,canonical_epoch_log,outputs/sparknet-grow-dendrites-v3/pointwise_b2-bn/c17g8-seed0/metrics/grow/sparknet_c17g8_paper.jsonl,118276,6260395baf5657c7dbb29695465958e3c5e8bb57459c86b04e387f507abbceda
sparknet-grow-dendrites-v3,stage_report,outputs/sparknet-grow-dendrites-v3/pointwise_b2-bn/c17g8-seed0/reports/grow_summary.yaml,5446,cdcd304cbff2643cc3c0b169d236de7f28caf2a364023e54f8a7baea6e5207d9
sparknet-grow-dendrites-v3,run_manifest,outputs/sparknet-grow-dendrites-v3/pointwise_b2-bn/c17g8-seed1/manifest.yaml,6111,eecf4a6a1bc24529130a06744078d7a6dc22eac3517fcb39546792b7ce955800
sparknet-grow-dendrites-v3,canonical_epoch_log,outputs/sparknet-grow-dendrites-v3/pointwise_b2-bn/c17g8-seed1/metrics/grow/sparknet_c17g8_paper.jsonl,118252,612b20fa0ec632b236326065fb03b5908cd45223d794ed0924078022ce0c5aaf
sparknet-grow-dendrites-v3,stage_report,outputs/sparknet-grow-dendrites-v3/pointwise_b2-bn/c17g8-seed1/reports/grow_summary.yaml,5417,31e1b7a0e5304d78e8633212fe3d379e14956a2df0f1cff9a62585134aaee4b2
sparknet-grow-dendrites-v3,run_manifest,outputs/sparknet-grow-dendrites-v3/pointwise_b2-bn/c17g8-seed2/manifest.yaml,6111,ba7abd20614759f39e41e8bc9f361cad69a45ebd02c636e11d200fbd056242dd
sparknet-grow-dendrites-v3,canonical_epoch_log,outputs/sparknet-grow-dendrites-v3/pointwise_b2-bn/c17g8-seed2/metrics/grow/sparknet_c17g8_paper.jsonl,118257,9bb1e3de6905997a2b8fa971352ef907e800c85ba26d95b168d543e48241e620
sparknet-grow-dendrites-v3,stage_report,outputs/sparknet-grow-dendrites-v3/pointwise_b2-bn/c17g8-seed2/reports/grow_summary.yaml,5426,1a3a53bcd643ee15de5856feef0f4d53a697ac6635968c7daa7fcf9f50a01dd2
sparknet-grow-dendrites-v3,run_manifest,outputs/sparknet-grow-dendrites-v3/pointwise_b2-bn/c18g16-seed0/manifest.yaml,6135,9249146c2affc1fcc51e9002c5d9e9c9ca0c03135d0d0974642327d0765ab0ff
sparknet-grow-dendrites-v3,canonical_epoch_log,outputs/sparknet-grow-dendrites-v3/pointwise_b2-bn/c18g16-seed0/metrics/grow/sparknet_c18g16_paper.jsonl,118472,a5be427d98995c44b175b4e394942e2f72ace0ec858aad844a68428f3bf6aef8
sparknet-grow-dendrites-v3,stage_report,outputs/sparknet-grow-dendrites-v3/pointwise_b2-bn/c18g16-seed0/reports/grow_summary.yaml,5442,fdfbd2d1c8c41c52b5591ca48662edff06d9ceab2c6716a58d37444ba9504916
sparknet-grow-dendrites-v3,run_manifest,outputs/sparknet-grow-dendrites-v3/pointwise_b2-bn/c18g16-seed1/manifest.yaml,6135,8db7c26c6b3322693b2f536127c88fd6d2c5581db78fc02ad92ca1a10d98dcaf
sparknet-grow-dendrites-v3,canonical_epoch_log,outputs/sparknet-grow-dendrites-v3/pointwise_b2-bn/c18g16-seed1/metrics/grow/sparknet_c18g16_paper.jsonl,118473,3f5caff43f08e834bde1cdc6752c39f6a822ab9f7781d265f4dac875660077a7
sparknet-grow-dendrites-v3,stage_report,outputs/sparknet-grow-dendrites-v3/pointwise_b2-bn/c18g16-seed1/reports/grow_summary.yaml,5427,5ea550671e2394938226c233f544cc6d72a928a50d1b127dce7d0ba2c160b128
sparknet-grow-dendrites-v3,run_manifest,outputs/sparknet-grow-dendrites-v3/pointwise_b2-bn/c18g16-seed2/manifest.yaml,6135,5bc9e06d2bd064b91b115966e83e8db2b18043d9918d3a924c8b72e171f95f06
sparknet-grow-dendrites-v3,canonical_epoch_log,outputs/sparknet-grow-dendrites-v3/pointwise_b2-bn/c18g16-seed2/metrics/grow/sparknet_c18g16_paper.jsonl,118491,5ba727eece7baf70fa923cd1270a6861124ea4d4571d8c62e83cb7099e607f4b
sparknet-grow-dendrites-v3,stage_report,outputs/sparknet-grow-dendrites-v3/pointwise_b2-bn/c18g16-seed2/reports/grow_summary.yaml,5455,f861e6774171400dc72788ed2b7372ad6f15ffe21c1e82e6c5a82bfd10ee1aa1
sparknet-grow-dendrites-v3,run_manifest,outputs/sparknet-grow-dendrites-v3/pointwise_b2-bn/c18g16-seed3/manifest.yaml,6135,078aaae7df977f2d66813a669f37e718a92d8bfeecafb9e2767c404b17e0007c
sparknet-grow-dendrites-v3,canonical_epoch_log,outputs/sparknet-grow-dendrites-v3/pointwise_b2-bn/c18g16-seed3/metrics/grow/sparknet_c18g16_paper.jsonl,118458,7ff86c904d5b74ba2063b299baefe9e8eba298bc71ed24f31220fe79678bec66
sparknet-grow-dendrites-v3,stage_report,outputs/sparknet-grow-dendrites-v3/pointwise_b2-bn/c18g16-seed3/reports/grow_summary.yaml,5450,7cd544a9832d922c9c5b5d9cfabb09868f05cb5d6073d7609f914e48ae9684dd
sparknet-grow-dendrites-v3,run_manifest,outputs/sparknet-grow-dendrites-v3/pointwise_b2-bn/c18g16-seed4/manifest.yaml,6135,90ed5b58479c41ab0491f1d5853af79790fd8b3aaba43d9affb1eaf4064e5263
sparknet-grow-dendrites-v3,canonical_epoch_log,outputs/sparknet-grow-dendrites-v3/pointwise_b2-bn/c18g16-seed4/metrics/grow/sparknet_c18g16_paper.jsonl,118530,ee2a45f0e27a1c4fc98907ea8efe59cafbf321c30a16a69d8fea1200d97bd6ac
sparknet-grow-dendrites-v3,stage_report,outputs/sparknet-grow-dendrites-v3/pointwise_b2-bn/c18g16-seed4/reports/grow_summary.yaml,5438,4de2b772037192c7bc26e5beac7725ade6234ee5703f16309f4066a0e7c91ac0
sparknet-grow-dendrites-v3,run_manifest,outputs/sparknet-grow-dendrites-v3/pointwise_b2-bn/c18g16-seed5/manifest.yaml,6135,164c3b24a1e0f5e6d183e4e43fdf75bca0aee313a94601e2ded16374262a30aa
sparknet-grow-dendrites-v3,canonical_epoch_log,outputs/sparknet-grow-dendrites-v3/pointwise_b2-bn/c18g16-seed5/metrics/grow/sparknet_c18g16_paper.jsonl,118527,751bf35c40b2cc734a87caaab497b3f024f0fa103cd32213b2abc2009de64eca
sparknet-grow-dendrites-v3,stage_report,outputs/sparknet-grow-dendrites-v3/pointwise_b2-bn/c18g16-seed5/reports/grow_summary.yaml,5456,dc48d0f19e90b9d21e530e068a0760db2b3cd098701998a7753dbb15da932226
sparknet-grow-dendrites-v3,run_manifest,outputs/sparknet-grow-dendrites-v3/pointwise_b2-bn/c18g16-seed6/manifest.yaml,2260,9dd7df768d951e6ecb7098d702092509f45636579516e6b17745ac2b225b7259
sparknet-grow-dendrites-v3,canonical_epoch_log,outputs/sparknet-grow-dendrites-v3/pointwise_b2-bn/c18g16-seed6/metrics/grow/sparknet_c18g16_paper.jsonl,10962,837dbaca606db4ef4bae84cef93250e216aba13e9940ce4f68f9d50c01f96f4e
sparknet-grow-dendrites-v3,run_manifest,outputs/sparknet-grow-dendrites-v3/pointwise_b2-bn/c18g16-seed7/manifest.yaml,2260,8f672b01794178f0f64b267d61b100d735abb1a0afccffb5115ecc34f317987a
sparknet-grow-dendrites-v3,canonical_epoch_log,outputs/sparknet-grow-dendrites-v3/pointwise_b2-bn/c18g16-seed7/metrics/grow/sparknet_c18g16_paper.jsonl,9979,2cfc9af4106917035f11f6e083f275426aa56211514c6e74313ffbd95e701b97
sparknet-grow-dendrites-v3,run_manifest,outputs/sparknet-grow-dendrites-v3/pointwise_b2-bn/c18g8-seed0/manifest.yaml,6111,182973930888b6cfb5d1ea569d856824283cf989e457cb5ffff937cc2ab85943
sparknet-grow-dendrites-v3,canonical_epoch_log,outputs/sparknet-grow-dendrites-v3/pointwise_b2-bn/c18g8-seed0/metrics/grow/sparknet_c18g8_paper.jsonl,118146,b7a760576d172039492695fee9a6df99843e9732f75322f853cb8ce09e80ef8a
sparknet-grow-dendrites-v3,stage_report,outputs/sparknet-grow-dendrites-v3/pointwise_b2-bn/c18g8-seed0/reports/grow_summary.yaml,5439,66c235a68fb7725c65d93bb598246850197f01925d204869a2c26f3f20850edf
sparknet-grow-dendrites-v3,run_manifest,outputs/sparknet-grow-dendrites-v3/pointwise_b2-bn/c2-seed0/manifest.yaml,5985,19d5c9e27b5ed47e8b25114045dc7d419d3315f5e42754c30d976259fe514881
sparknet-grow-dendrites-v3,canonical_epoch_log,outputs/sparknet-grow-dendrites-v3/pointwise_b2-bn/c2-seed0/metrics/grow/sparknet_c2_paper.jsonl,117457,c2ba39b8a2ba2724e057f50e7e48c372c009aa46ccd2e5dc73a153fffc0cafdd
sparknet-grow-dendrites-v3,stage_report,outputs/sparknet-grow-dendrites-v3/pointwise_b2-bn/c2-seed0/reports/grow_summary.yaml,5428,e3138f68154a41756afddad223dcd55e2d974b4048b9aa27e0d1774607cdc7cb
sparknet-grow-dendrites-v3,run_manifest,outputs/sparknet-grow-dendrites-v3/pointwise_b2-bn/c2-seed1/manifest.yaml,5985,82d528a3372ec480ecfec8991c79018a9d17259623aed4706fb3f48255793807
sparknet-grow-dendrites-v3,canonical_epoch_log,outputs/sparknet-grow-dendrites-v3/pointwise_b2-bn/c2-seed1/metrics/grow/sparknet_c2_paper.jsonl,117467,2351a8bd6da3d0a42d2bd09ff59b87e986674a4a3ab5cde9a6557f29f877a3aa
sparknet-grow-dendrites-v3,stage_report,outputs/sparknet-grow-dendrites-v3/pointwise_b2-bn/c2-seed1/reports/grow_summary.yaml,5412,6e573bc828ff058b5ad5b36ab92ac3d814fe3e068eece9f4440329a42d66aae4
sparknet-grow-dendrites-v3,run_manifest,outputs/sparknet-grow-dendrites-v3/pointwise_b2-bn/c2g16-seed0/manifest.yaml,6107,1f41e6f717116e508980ab2ff89b6766f2cd6dcb2236b46af62f16ed756100e4
sparknet-grow-dendrites-v3,canonical_epoch_log,outputs/sparknet-grow-dendrites-v3/pointwise_b2-bn/c2g16-seed0/metrics/grow/sparknet_c2g16_paper.jsonl,117865,e76d708826c297708a3ad2320a93e2062b28722e3d65965bda988f577bc2f94d
sparknet-grow-dendrites-v3,stage_report,outputs/sparknet-grow-dendrites-v3/pointwise_b2-bn/c2g16-seed0/reports/grow_summary.yaml,5436,9cb6fe08e2cd9c2d1e5391399d920ed5695b38d5e98e4830f48cfba24fd20085
sparknet-grow-dendrites-v3,run_manifest,outputs/sparknet-grow-dendrites-v3/pointwise_b2-bn/c4-seed0/manifest.yaml,5984,75510cff465c98dd07b79ed20ec359dd7651031dc4e6acc89353351d7ccf1bc8
sparknet-grow-dendrites-v3,canonical_epoch_log,outputs/sparknet-grow-dendrites-v3/pointwise_b2-bn/c4-seed0/metrics/grow/sparknet_c4_paper.jsonl,117393,2d513bfdcaa5e9b581c6c7b8d29b544a3e2788fa6ebec226ec9ca1446e3e3c89
sparknet-grow-dendrites-v3,stage_report,outputs/sparknet-grow-dendrites-v3/pointwise_b2-bn/c4-seed0/reports/grow_summary.yaml,5414,c3edd18dbc293a02674f76d47cb74bf9a4833615bcdfe277dec0c2705bdbd9ea
sparknet-grow-dendrites-v3,run_manifest,outputs/sparknet-grow-dendrites-v3/pointwise_b2-bn/c4-seed1/manifest.yaml,5985,7bd5c1c0590ff8a9afc20f99490a8847c10f99c02fb0f711a3518d434bce90b3
sparknet-grow-dendrites-v3,canonical_epoch_log,outputs/sparknet-grow-dendrites-v3/pointwise_b2-bn/c4-seed1/metrics/grow/sparknet_c4_paper.jsonl,117360,8ccf8637fe92d6e68b3231256e4a6f1c91af8aa5e4dce1e9d961f6ed66a21b42
sparknet-grow-dendrites-v3,stage_report,outputs/sparknet-grow-dendrites-v3/pointwise_b2-bn/c4-seed1/reports/grow_summary.yaml,5433,31de9632218a4647aa1b4d59401b61db1d4eb2738224c102ceffc7ae3627b503
sparknet-grow-dendrites-v3,run_manifest,outputs/sparknet-grow-dendrites-v3/pointwise_b2-bn/c4-seed2/manifest.yaml,5985,3b7aead9677c7651e89eb36ae1eaf2025d59b692bfbafae66e70849eb50e389b
sparknet-grow-dendrites-v3,canonical_epoch_log,outputs/sparknet-grow-dendrites-v3/pointwise_b2-bn/c4-seed2/metrics/grow/sparknet_c4_paper.jsonl,117382,e5e6e129e76df628159c0249f35eee8d7ea24a1ffdab316fd96fd2e5f4615b6e
sparknet-grow-dendrites-v3,stage_report,outputs/sparknet-grow-dendrites-v3/pointwise_b2-bn/c4-seed2/reports/grow_summary.yaml,5418,4a84f785ac4af866b0b36ff8060eeecefd557946aeabdfebb32e98e7cbf6ceda
sparknet-grow-dendrites-v3,run_manifest,outputs/sparknet-grow-dendrites-v3/pointwise_b2-bn/c4g16-seed0/manifest.yaml,6112,124a34496dbb888eb92f3cb09cd04e66c0ebb8555d23ee1d604db5a2505110a4
sparknet-grow-dendrites-v3,canonical_epoch_log,outputs/sparknet-grow-dendrites-v3/pointwise_b2-bn/c4g16-seed0/metrics/grow/sparknet_c4g16_paper.jsonl,117883,78a625cb576e79361f69256789a4f3db25f2f0fe271f77172c20b3f96728b5ac
sparknet-grow-dendrites-v3,stage_report,outputs/sparknet-grow-dendrites-v3/pointwise_b2-bn/c4g16-seed0/reports/grow_summary.yaml,5431,29030013aed488a53d7b8a5d9fc70935aee16bc39fbfb61704f78cf7fa3130a5
sparknet-grow-dendrites-v3,run_manifest,outputs/sparknet-grow-dendrites-v3/pointwise_b2-bn/c4g16-seed1/manifest.yaml,6161,02b4e5dfd14fdc244be1f57d098cb5a3ce3d5d125ea20df555e4919f57b122f7
sparknet-grow-dendrites-v3,canonical_epoch_log,outputs/sparknet-grow-dendrites-v3/pointwise_b2-bn/c4g16-seed1/metrics/grow/sparknet_c4g16_paper.jsonl,117955,8e17517c24950de722afb28bc86d296e1e93c062e6c54bf8f8cfd3709f47cb5e
sparknet-grow-dendrites-v3,stage_report,outputs/sparknet-grow-dendrites-v3/pointwise_b2-bn/c4g16-seed1/reports/grow_summary.yaml,5429,a95692247ea254932a3391c694a05ad0d300c50816a0a3731a56947777539581
sparknet-grow-dendrites-v3,run_manifest,outputs/sparknet-grow-dendrites-v3/pointwise_b2-bn/c4g16-seed2/manifest.yaml,6162,975c68a198bd929f3923f8254375101db658dc945fd593ffcc3d2a766f355de0
sparknet-grow-dendrites-v3,canonical_epoch_log,outputs/sparknet-grow-dendrites-v3/pointwise_b2-bn/c4g16-seed2/metrics/grow/sparknet_c4g16_paper.jsonl,117835,a0667e8ba6df36e41f2f394ca4600e1d298e5cb391de87afb217af28641e91c1
sparknet-grow-dendrites-v3,stage_report,outputs/sparknet-grow-dendrites-v3/pointwise_b2-bn/c4g16-seed2/reports/grow_summary.yaml,5431,0d809d608392d6678c54dc010f752a98aa25b7ae5026ffe02f96c75fa0fc7865
sparknet-grow-dendrites-v3,run_manifest,outputs/sparknet-grow-dendrites-v3/pointwise_b2-bn/c6-seed0/manifest.yaml,5985,3263df7ee262130df08660809580de0ec599fffeb22612f964b60827c5f38ae3
sparknet-grow-dendrites-v3,canonical_epoch_log,outputs/sparknet-grow-dendrites-v3/pointwise_b2-bn/c6-seed0/metrics/grow/sparknet_c6_paper.jsonl,117440,d41d25cd5479960422608e60bc2fdb58708023bd40d6d2d94270bd4ce57bb216
sparknet-grow-dendrites-v3,stage_report,outputs/sparknet-grow-dendrites-v3/pointwise_b2-bn/c6-seed0/reports/grow_summary.yaml,5392,5b2f1b5c212316618ff72d868934a42e6f9303d22b5037431c31457da4d1b0b2
sparknet-grow-dendrites-v3,run_manifest,outputs/sparknet-grow-dendrites-v3/pointwise_b2-bn/c6-seed1/manifest.yaml,5984,87647c65c97709e493abcc24753cd6beeaabae92314392a7a9be5ddfbca91f35
sparknet-grow-dendrites-v3,canonical_epoch_log,outputs/sparknet-grow-dendrites-v3/pointwise_b2-bn/c6-seed1/metrics/grow/sparknet_c6_paper.jsonl,117438,d04ca3ddb401d709496d63742a7893c8b9b95da1aee96f3575a5d389a1514c22
sparknet-grow-dendrites-v3,stage_report,outputs/sparknet-grow-dendrites-v3/pointwise_b2-bn/c6-seed1/reports/grow_summary.yaml,5407,9768be3c55328190d8611f543f82d4a7d086c5e0e199738360bcf1fc4411494c
sparknet-grow-dendrites-v3,run_manifest,outputs/sparknet-grow-dendrites-v3/pointwise_b2-bn/c6g16-seed0/manifest.yaml,6111,40d992ab1c010d254a5c82f33e51f1ac253867d9465392ea8100bb24c50a7035
sparknet-grow-dendrites-v3,canonical_epoch_log,outputs/sparknet-grow-dendrites-v3/pointwise_b2-bn/c6g16-seed0/metrics/grow/sparknet_c6g16_paper.jsonl,118041,7b1185afe228baaa3c550e115df4ad42ceabaf7ab77bc3242631a676f5e29413
sparknet-grow-dendrites-v3,stage_report,outputs/sparknet-grow-dendrites-v3/pointwise_b2-bn/c6g16-seed0/reports/grow_summary.yaml,5451,3956acb3096441efd4768c3ed24e6aaf80d38f9c9de52f4c8ddeeebde36ef768
sparknet-grow-dendrites-v3,run_manifest,outputs/sparknet-grow-dendrites-v3/pointwise_b2-bn/c6g16-seed1/manifest.yaml,6111,0f84cb43d8d406542ba250f5bc986e88ed8d4e64fb9ef2b430a4fb8bb89c1513
sparknet-grow-dendrites-v3,canonical_epoch_log,outputs/sparknet-grow-dendrites-v3/pointwise_b2-bn/c6g16-seed1/metrics/grow/sparknet_c6g16_paper.jsonl,118043,edc5ee624229329b0fe6b3e11e5b9334f09c4d6d07eb071776229146fa2dfe9a
sparknet-grow-dendrites-v3,stage_report,outputs/sparknet-grow-dendrites-v3/pointwise_b2-bn/c6g16-seed1/reports/grow_summary.yaml,5418,df26e99f6c4cdbace9252e867e987ef00c0fdfcdea489006b1a72dd297c57abe
sparknet-grow-dendrites-v3,run_manifest,outputs/sparknet-grow-dendrites-v3/pointwise_b2-bn/c6g16-seed2/manifest.yaml,6111,e65d1d48ade2977014a3741b3431e93f525383b4f87ab0c2550dfbb066fd6ea8
sparknet-grow-dendrites-v3,canonical_epoch_log,outputs/sparknet-grow-dendrites-v3/pointwise_b2-bn/c6g16-seed2/metrics/grow/sparknet_c6g16_paper.jsonl,117979,f8d82bc52d9a5e8da0e21ebc51d03e3ce415d705e8da5af2caec37e9fe28c207
sparknet-grow-dendrites-v3,stage_report,outputs/sparknet-grow-dendrites-v3/pointwise_b2-bn/c6g16-seed2/reports/grow_summary.yaml,5425,f336f29183a344c8a7535c821d9e3a9a6842222e694d650fa9a89fb8f0a3134f
sparknet-grow-dendrites-v3,run_manifest,outputs/sparknet-grow-dendrites-v3/pointwise_b2-bn/c6g16-seed3/manifest.yaml,6111,7f797a81b6bd6be9ccfcc25c48a09c494bb79bd5638ab344ee8bb6d027fa0091
sparknet-grow-dendrites-v3,canonical_epoch_log,outputs/sparknet-grow-dendrites-v3/pointwise_b2-bn/c6g16-seed3/metrics/grow/sparknet_c6g16_paper.jsonl,118047,07ca9a28cc8a5bdb5811cb091469b08bb003127de413e04ed33c04ba60a99336
sparknet-grow-dendrites-v3,stage_report,outputs/sparknet-grow-dendrites-v3/pointwise_b2-bn/c6g16-seed3/reports/grow_summary.yaml,5429,bfb9a33f6ede87d9354926f211282a28f616648ce280577c02058d8924c97841
sparknet-grow-dendrites-v3,run_manifest,outputs/sparknet-grow-dendrites-v3/pointwise_b2-bn/c6g16-seed4/manifest.yaml,6111,59def90b49331b6201a5417dbb6703f78ba77cd3feb387712d67295cac03bb24
sparknet-grow-dendrites-v3,canonical_epoch_log,outputs/sparknet-grow-dendrites-v3/pointwise_b2-bn/c6g16-seed4/metrics/grow/sparknet_c6g16_paper.jsonl,118049,76a381aacef578dd84f2a5359613fb35df7441506a713373ed97b79360f2c3da
sparknet-grow-dendrites-v3,stage_report,outputs/sparknet-grow-dendrites-v3/pointwise_b2-bn/c6g16-seed4/reports/grow_summary.yaml,5446,bff17daa335ae01746da207e5c28f12e4ce8a6f5b53c59df7ca56c364d92882d
sparknet-grow-dendrites-v3,run_manifest,outputs/sparknet-grow-dendrites-v3/pointwise_b2-bn/c8-seed0/manifest.yaml,5984,8d7eca3fc9f3c211fd4f07fdc70f129faf3f5f181dd9b324d3fd6c9f2a1d956f
sparknet-grow-dendrites-v3,canonical_epoch_log,outputs/sparknet-grow-dendrites-v3/pointwise_b2-bn/c8-seed0/metrics/grow/sparknet_c8_paper.jsonl,117623,4cfbc874993f604e85fab5f079303bb26210a79024812d365672570521a1f40b
sparknet-grow-dendrites-v3,stage_report,outputs/sparknet-grow-dendrites-v3/pointwise_b2-bn/c8-seed0/reports/grow_summary.yaml,5419,cdda1a09fcdb3856658fd69d583adace68ffcc5339a453891e64ba3691e5b691
sparknet-grow-dendrites-v3,run_manifest,outputs/sparknet-grow-dendrites-v3/pointwise_b2-bn/c8-seed1/manifest.yaml,5985,94926dcf049b42f06b3fca0928b0f5e8a7f89cc923e53baa08088be1463ba788
sparknet-grow-dendrites-v3,canonical_epoch_log,outputs/sparknet-grow-dendrites-v3/pointwise_b2-bn/c8-seed1/metrics/grow/sparknet_c8_paper.jsonl,117478,0a876245c5453b275d5ebe621077c518d03a5636385aa5cd7d973b3e1a5f55d2
sparknet-grow-dendrites-v3,stage_report,outputs/sparknet-grow-dendrites-v3/pointwise_b2-bn/c8-seed1/reports/grow_summary.yaml,5415,41acfbc90fe6d2ce51090dc42f9498852edc920be411546a8c513f1523cc549f
sparknet-grow-dendrites-v3,run_manifest,outputs/sparknet-grow-dendrites-v3/pointwise_b2-bn/c8g16-seed0/manifest.yaml,6111,a5f06d4de7e56b1566f6ccdca77c35866dea460c6dc9a60d3b7a6890c029d8d3
sparknet-grow-dendrites-v3,canonical_epoch_log,outputs/sparknet-grow-dendrites-v3/pointwise_b2-bn/c8g16-seed0/metrics/grow/sparknet_c8g16_paper.jsonl,118046,b015fc6a62854b6b90d648ec44552a7f3079946657a2ea1edc6bce0d408f2ba7
sparknet-grow-dendrites-v3,stage_report,outputs/sparknet-grow-dendrites-v3/pointwise_b2-bn/c8g16-seed0/reports/grow_summary.yaml,5434,02919a7385b995025eb24a074e2d249450d635f8f75fbff06f0e9ca7a89696bc
sparknet-grow-dendrites-v3,run_manifest,outputs/sparknet-grow-dendrites-v3/pointwise_b2-bn/c8g16-seed1/manifest.yaml,6111,e08d9b477d105d821fa51a1a40fe86e1709b92c279e9ff6a5d70428ea468469c
sparknet-grow-dendrites-v3,canonical_epoch_log,outputs/sparknet-grow-dendrites-v3/pointwise_b2-bn/c8g16-seed1/metrics/grow/sparknet_c8g16_paper.jsonl,118103,f7cbe107f9cb7346b068d2e429b7977d4e79f9eae1a4382081bfeec7d8e99619
sparknet-grow-dendrites-v3,stage_report,outputs/sparknet-grow-dendrites-v3/pointwise_b2-bn/c8g16-seed1/reports/grow_summary.yaml,5437,cf84032d88f7af13cd298184e0d198d1aeabc1054f4db69fbea876efc2b97562
sparknet-grow-dendrites-v3,run_manifest,outputs/sparknet-grow-dendrites-v3/pointwise_b2-bn/c8g16-seed2/manifest.yaml,6111,05b39113393155562db95781294be32540b679f0e43d348ea4e8a744537faa2c
sparknet-grow-dendrites-v3,canonical_epoch_log,outputs/sparknet-grow-dendrites-v3/pointwise_b2-bn/c8g16-seed2/metrics/grow/sparknet_c8g16_paper.jsonl,118157,b22e1f58e39a64d8769d47417e9be9088a98f197ddbf200b18640a56a5532644
sparknet-grow-dendrites-v3,stage_report,outputs/sparknet-grow-dendrites-v3/pointwise_b2-bn/c8g16-seed2/reports/grow_summary.yaml,5438,4fc0227c1c26c335ea4daf225ff9f471a3d8c6228e6d0f1066397098a60add8d
sparknet-grow-dendrites-v3,run_manifest,outputs/sparknet-grow-dendrites-v3/pointwise_b2-bn/c9g8-seed0/manifest.yaml,6087,8cb0456f2a038c830b4285047458a3c0cca5fe6061c4a82e43f361c0794ea239
sparknet-grow-dendrites-v3,canonical_epoch_log,outputs/sparknet-grow-dendrites-v3/pointwise_b2-bn/c9g8-seed0/metrics/grow/sparknet_c9g8_paper.jsonl,117764,17c722eacc29816f0e16f358b9c137ffc495756125947dfcc8f3e883cf21ad8c
sparknet-grow-dendrites-v3,stage_report,outputs/sparknet-grow-dendrites-v3/pointwise_b2-bn/c9g8-seed0/reports/grow_summary.yaml,5430,f476e565798ad2aee8ae7891cb2116b2994348744dd9469c6185e8c49c60bcb6
sparknet-grow-dendrites-v3,run_manifest,outputs/sparknet-grow-dendrites-v3/pointwise_b2-bn-kd/c14-seed0/manifest.yaml,8555,dfb8a2735a1e68ab48dfd2d733fd2d70e46f793af371df6240fc107fd6657527
sparknet-grow-dendrites-v3,canonical_epoch_log,outputs/sparknet-grow-dendrites-v3/pointwise_b2-bn-kd/c14-seed0/metrics/grow/sparknet_c14_paper.jsonl,130779,ef05e544d4d033be981c627e79133ecd8f04012cc8d887fcddab8d8d124c85d5
sparknet-grow-dendrites-v3,stage_report,outputs/sparknet-grow-dendrites-v3/pointwise_b2-bn-kd/c14-seed0/reports/grow_summary.yaml,6976,a6662af7a04ffc823a8d73c751f6cc2e99fd54a4746ef94cb028eb4bc7e0560a
sparknet-grow-dendrites-v3,run_manifest,outputs/sparknet-grow-dendrites-v3/pointwise_b2-bn-kd/c15-seed0/manifest.yaml,4737,7713b7f4ed7c8ae86ebbccc2b9d7528ceb3ba921905be2872c809e6d71347a47
sparknet-grow-dendrites-v3,canonical_epoch_log,outputs/sparknet-grow-dendrites-v3/pointwise_b2-bn-kd/c15-seed0/metrics/grow/sparknet_c15_paper.jsonl,5688,d8c5dc0bad2c5c714e59240f5d65891b220c89ae3d4f548e6efab4dbc53688ae
sparknet-grow-dendrites-v3,run_manifest,outputs/sparknet-grow-dendrites-v3/pointwise_b2-bn-kd/c4-seed0/manifest.yaml,8532,cd18948a6762a2f3f30d366399abc43c779447fa2028310d6ff5e1b13f6f07bd
sparknet-grow-dendrites-v3,canonical_epoch_log,outputs/sparknet-grow-dendrites-v3/pointwise_b2-bn-kd/c4-seed0/metrics/grow/sparknet_c4_paper.jsonl,130108,dd8710b43bf4ba8fa5c1507a0064b1044cfb0993f33d94bf62f7f89e9cdff86c
sparknet-grow-dendrites-v3,stage_report,outputs/sparknet-grow-dendrites-v3/pointwise_b2-bn-kd/c4-seed0/reports/grow_summary.yaml,6966,00028e47c43435dfe637565146e78db1fcc170a365a0eac78ab060a8c9a9789b
sparknet-grow-dendrites-v3,run_manifest,outputs/sparknet-grow-dendrites-v3/pointwise_b2-bn-kd/c7-seed0/manifest.yaml,4732,071f554dfc06e3d7237ab04e6a910ce10585f33a236941f22f7764418eb56208
sparknet-grow-dendrites-v3,canonical_epoch_log,outputs/sparknet-grow-dendrites-v3/pointwise_b2-bn-kd/c7-seed0/metrics/grow/sparknet_c7_paper.jsonl,15957,8d33ab2a2f8076c53acce9a984ed3ac2d92082028b01cb16f8855fd7792c36aa
sparknet-grow-dendrites-v3,run_manifest,outputs/sparknet-grow-dendrites-v3/pointwise_b2-bn-sham/c10g16-seed0/manifest.yaml,6176,b25989c13cb9c82186085862a8dc1f4c70a782e06b5cd8f7607fe0b95902f81e
sparknet-grow-dendrites-v3,canonical_epoch_log,outputs/sparknet-grow-dendrites-v3/pointwise_b2-bn-sham/c10g16-seed0/metrics/grow/sparknet_c10g16_paper.jsonl,113737,0550ebc8bfd668c0c0dd4e6d3f1dfd73e78fced748a28d760080fe0b7f9bf822
sparknet-grow-dendrites-v3,stage_report,outputs/sparknet-grow-dendrites-v3/pointwise_b2-bn-sham/c10g16-seed0/reports/grow_summary.yaml,5265,4c19b3128298dd474723dcc44e39d519231be05df3f7680210579feafd2e6996
sparknet-grow-dendrites-v3,run_manifest,outputs/sparknet-grow-dendrites-v3/pointwise_b2-bn-sham/c10g16-seed1/manifest.yaml,6226,325bb7f5f7a7877cdaf940bde2d68de79f6c76b242bcdb6bb06ba43939271677
sparknet-grow-dendrites-v3,canonical_epoch_log,outputs/sparknet-grow-dendrites-v3/pointwise_b2-bn-sham/c10g16-seed1/metrics/grow/sparknet_c10g16_paper.jsonl,113863,60672917f1ad2cbd08f546fd3739292e4a4c26059dc805d895baaeb6c100ea38
sparknet-grow-dendrites-v3,stage_report,outputs/sparknet-grow-dendrites-v3/pointwise_b2-bn-sham/c10g16-seed1/reports/grow_summary.yaml,5268,ddbcde14d5a2d9be72556312d802da50258d8b70a56936b883511fe25caeff7d
sparknet-grow-dendrites-v3,run_manifest,outputs/sparknet-grow-dendrites-v3/pointwise_b2-bn-sham/c10g16-seed2/manifest.yaml,6226,1cd5d813c8c8ce27309754453be92f25d6122701f412e2b4affd93def7f148cc
sparknet-grow-dendrites-v3,canonical_epoch_log,outputs/sparknet-grow-dendrites-v3/pointwise_b2-bn-sham/c10g16-seed2/metrics/grow/sparknet_c10g16_paper.jsonl,113856,f6a96d2f091b68fc3b795f89e6050bf5aeaf0163b3f902af3e7e7af69d0fa4ee
sparknet-grow-dendrites-v3,stage_report,outputs/sparknet-grow-dendrites-v3/pointwise_b2-bn-sham/c10g16-seed2/reports/grow_summary.yaml,5269,2dfa28f00d0d65340d047ad9cd506d8c3f1c810dd01a3f9c6f270164e5d37228
sparknet-grow-dendrites-v3,run_manifest,outputs/sparknet-grow-dendrites-v3/pointwise_b2-bn-sham/c12g16-seed0/manifest.yaml,6226,69dd09e229c5e4c62023999a5282d2cd9e1520c46985f3abdcf94f951fe8d7e8
sparknet-grow-dendrites-v3,canonical_epoch_log,outputs/sparknet-grow-dendrites-v3/pointwise_b2-bn-sham/c12g16-seed0/metrics/grow/sparknet_c12g16_paper.jsonl,113726,16e9e65e57895eb05f159ff186df7af79cc3bf124f364f22a11836981d9293d7
sparknet-grow-dendrites-v3,stage_report,outputs/sparknet-grow-dendrites-v3/pointwise_b2-bn-sham/c12g16-seed0/reports/grow_summary.yaml,5268,e489c6d1049179b4a1e1531232946cf55ae9d3bb183d75de07285e9da9cada7d
sparknet-grow-dendrites-v3,run_manifest,outputs/sparknet-grow-dendrites-v3/pointwise_b2-bn-sham/c12g16-seed1/manifest.yaml,6226,ce9126ab5f1f091d9ea1302f703830593a6018c4ca96a58fd9c063a176389449
sparknet-grow-dendrites-v3,canonical_epoch_log,outputs/sparknet-grow-dendrites-v3/pointwise_b2-bn-sham/c12g16-seed1/metrics/grow/sparknet_c12g16_paper.jsonl,113886,f476763737cc736a901275080585d1b81b702dd788297d380052967a9b90e68f
sparknet-grow-dendrites-v3,stage_report,outputs/sparknet-grow-dendrites-v3/pointwise_b2-bn-sham/c12g16-seed1/reports/grow_summary.yaml,5252,bc400f6f5b3babf57a944e1b84138974cc7dafd863b7ed028ada7b065ea7acbe
sparknet-grow-dendrites-v3,run_manifest,outputs/sparknet-grow-dendrites-v3/pointwise_b2-bn-sham/c12g16-seed2/manifest.yaml,6226,cccdf3a1880a60ab6826b5ceae3284e7522e2a68731e1350d8271d13d1faa543
sparknet-grow-dendrites-v3,canonical_epoch_log,outputs/sparknet-grow-dendrites-v3/pointwise_b2-bn-sham/c12g16-seed2/metrics/grow/sparknet_c12g16_paper.jsonl,113811,2cfc5d2ec4342869e1be2c6003df3d3ee34cf5d0d9c1f23045da9ff56cc080c5
sparknet-grow-dendrites-v3,stage_report,outputs/sparknet-grow-dendrites-v3/pointwise_b2-bn-sham/c12g16-seed2/reports/grow_summary.yaml,5272,288743f2ab1dfe5faf4009cf992642f34b8dccd4ab33b35afebf7792ff9022ab
sparknet-grow-dendrites-v3,run_manifest,outputs/sparknet-grow-dendrites-v3/pointwise_b2-bn-sham/c4-seed0/manifest.yaml,6014,55da52e274c0243b0b8d842e864f47cc06387b9ec8df376296a48e00262131b7
sparknet-grow-dendrites-v3,canonical_epoch_log,outputs/sparknet-grow-dendrites-v3/pointwise_b2-bn-sham/c4-seed0/metrics/grow/sparknet_c4_paper.jsonl,112814,fc194223ee5e1ed8b7e2820727733246ad33923b7ac1cc3c30602fc25b1fd2fb
sparknet-grow-dendrites-v3,stage_report,outputs/sparknet-grow-dendrites-v3/pointwise_b2-bn-sham/c4-seed0/reports/grow_summary.yaml,5242,9e73e0a2e61b47931272ae32e4aef5ac56744d6d50d6cceb262a6523b2db7dc1
sparknet-grow-dendrites-v3,run_manifest,outputs/sparknet-grow-dendrites-v3/pointwise_b2-bn-sham/c4g16-seed0/manifest.yaml,6152,7ac341ccad791d841f309177df492d990293d77b4acd8fa8a644705ebb6b89dd
sparknet-grow-dendrites-v3,canonical_epoch_log,outputs/sparknet-grow-dendrites-v3/pointwise_b2-bn-sham/c4g16-seed0/metrics/grow/sparknet_c4g16_paper.jsonl,113282,4c80579666939049dfaf56ccb7fc26f82d03ee09f7741055ce47bfbdae6dc5b5
sparknet-grow-dendrites-v3,stage_report,outputs/sparknet-grow-dendrites-v3/pointwise_b2-bn-sham/c4g16-seed0/reports/grow_summary.yaml,5260,3dfd74aa04025a957f6f9069563981b252e8806ed86c4a1d567af0832d1dfa69
sparknet-grow-dendrites-v3,run_manifest,outputs/sparknet-grow-dendrites-v3/pointwise_b2-bn-sham/c4g16-seed1/manifest.yaml,6202,73adaa1ea120dd26f5e29e297cd3e098bc2fb50507c8ea9767bae0db0ad95f4c
sparknet-grow-dendrites-v3,canonical_epoch_log,outputs/sparknet-grow-dendrites-v3/pointwise_b2-bn-sham/c4g16-seed1/metrics/grow/sparknet_c4g16_paper.jsonl,113316,ea907d3547b4ae90bdf3a252abd66348ca5444cda7f9932ebae50b87c8d2acd7
sparknet-grow-dendrites-v3,stage_report,outputs/sparknet-grow-dendrites-v3/pointwise_b2-bn-sham/c4g16-seed1/reports/grow_summary.yaml,5259,d7576ebd0af5c8a6c3a150960926fb1d773e3a35f9fdb3ccd76c7049ace8ab28
sparknet-grow-dendrites-v3,run_manifest,outputs/sparknet-grow-dendrites-v3/pointwise_b2-bn-sham/c4g16-seed2/manifest.yaml,6202,81c7d94a00935454a656791c226d275329338ff71e50082ee159ca30954ef8dd
sparknet-grow-dendrites-v3,canonical_epoch_log,outputs/sparknet-grow-dendrites-v3/pointwise_b2-bn-sham/c4g16-seed2/metrics/grow/sparknet_c4g16_paper.jsonl,113325,bf83e07ecb6dee68005a759a6e7a31ea04ed51a54717d72a85822d7b66a92905
sparknet-grow-dendrites-v3,stage_report,outputs/sparknet-grow-dendrites-v3/pointwise_b2-bn-sham/c4g16-seed2/reports/grow_summary.yaml,5254,d1a673d9bddce8e4f6a382fd80f831d651d51a15ed474786ba23fe45b78f8b5b
sparknet-grow-dendrites-v3,run_manifest,outputs/sparknet-grow-dendrites-v3/pointwise_b2-bn-sham/c6g16-seed0/manifest.yaml,6201,2a84455dd6a010c69aa9747f0100539f8af73b37bfa474362c60268e076e723f
sparknet-grow-dendrites-v3,canonical_epoch_log,outputs/sparknet-grow-dendrites-v3/pointwise_b2-bn-sham/c6g16-seed0/metrics/grow/sparknet_c6g16_paper.jsonl,113441,6c2a0be8111da64a870aa511ce6f09bb82e44f30562555ba7d19761746dc238f
sparknet-grow-dendrites-v3,stage_report,outputs/sparknet-grow-dendrites-v3/pointwise_b2-bn-sham/c6g16-seed0/reports/grow_summary.yaml,5274,d87a31b0d01917951ba78bcd5f50fa2dc7cfb93783ccf38c5387835275aa956b
sparknet-grow-dendrites-v3,run_manifest,outputs/sparknet-grow-dendrites-v3/pointwise_b2-bn-sham/c6g16-seed1/manifest.yaml,6202,6ac7f16d0d7acbba4c9d4f470a7dbd9de4c00ec6944824105cec74c3cf3f692b
sparknet-grow-dendrites-v3,canonical_epoch_log,outputs/sparknet-grow-dendrites-v3/pointwise_b2-bn-sham/c6g16-seed1/metrics/grow/sparknet_c6g16_paper.jsonl,113430,fa4763dbd6710f7409c943dc5e5cd664778c1cdec6f3794b2c20392681b9be97
sparknet-grow-dendrites-v3,stage_report,outputs/sparknet-grow-dendrites-v3/pointwise_b2-bn-sham/c6g16-seed1/reports/grow_summary.yaml,5248,44dcf26f410dd61f4e0b9654e5fa30ca1321f89cc455c848894211b1fe35653e
sparknet-grow-dendrites-v3,run_manifest,outputs/sparknet-grow-dendrites-v3/pointwise_b2-bn-sham/c6g16-seed2/manifest.yaml,6202,99779fe453a072853fe012761d50b901f68a8c0fa9fc6d7f7c8f0fa3e2838ca4
sparknet-grow-dendrites-v3,canonical_epoch_log,outputs/sparknet-grow-dendrites-v3/pointwise_b2-bn-sham/c6g16-seed2/metrics/grow/sparknet_c6g16_paper.jsonl,113470,9fa949042fd8a7621066b1bc034a7cfa02c61a49411966e27acf28a9cd02cd17
sparknet-grow-dendrites-v3,stage_report,outputs/sparknet-grow-dendrites-v3/pointwise_b2-bn-sham/c6g16-seed2/reports/grow_summary.yaml,5261,8518d98c3d5b6720bbcce1bbf08a98cc4e864f4795683214cd6ff8f9b3bde6e8
sparknet-grow-dendrites-v3,run_manifest,outputs/sparknet-grow-dendrites-v3/pointwise_b2-bn-sham/c8g16-seed0/manifest.yaml,6202,fbb1755a37118d566d4a384532ce2a5ac8a4ced4777b7775c19e12321ca27d4b
sparknet-grow-dendrites-v3,canonical_epoch_log,outputs/sparknet-grow-dendrites-v3/pointwise_b2-bn-sham/c8g16-seed0/metrics/grow/sparknet_c8g16_paper.jsonl,113416,87f637fabf289cd5810cca71ac326d9edfadeeb2f99b0f4c1d8b79915e0a6aec
sparknet-grow-dendrites-v3,stage_report,outputs/sparknet-grow-dendrites-v3/pointwise_b2-bn-sham/c8g16-seed0/reports/grow_summary.yaml,5262,662094912e11c76859bb55cf24a3ca464f96d3a671d34affc5b579e31dc7f9dd
sparknet-grow-dendrites-v3,run_manifest,outputs/sparknet-grow-dendrites-v3/pointwise_b2-bn-sham/c8g16-seed1/manifest.yaml,6202,cc8160b88f9ff2794f4eca61fbd15dd47cab7dcf33da6a2ad7be18925d530280
sparknet-grow-dendrites-v3,canonical_epoch_log,outputs/sparknet-grow-dendrites-v3/pointwise_b2-bn-sham/c8g16-seed1/metrics/grow/sparknet_c8g16_paper.jsonl,113589,1e5a224d28439cf3a77248d41fa33e8d52a6582bf424eecddecc7e9e8046c204
sparknet-grow-dendrites-v3,stage_report,outputs/sparknet-grow-dendrites-v3/pointwise_b2-bn-sham/c8g16-seed1/reports/grow_summary.yaml,5276,e4f930334946632483e05c0f4304312133ee84daba39f8b175fb8565b3752c03
sparknet-grow-dendrites-v3,run_manifest,outputs/sparknet-grow-dendrites-v3/pointwise_b2-bn-sham/c8g16-seed2/manifest.yaml,6202,d800c5a908010b5d0fd4a49892e8cb233f77e362e5666d5c6d013eba95df0e92
sparknet-grow-dendrites-v3,canonical_epoch_log,outputs/sparknet-grow-dendrites-v3/pointwise_b2-bn-sham/c8g16-seed2/metrics/grow/sparknet_c8g16_paper.jsonl,113622,edd58f8b249f82adbe5b279fdad17416277b54c6ac253510278a7d077f99e155
sparknet-grow-dendrites-v3,stage_report,outputs/sparknet-grow-dendrites-v3/pointwise_b2-bn-sham/c8g16-seed2/reports/grow_summary.yaml,5260,3b7ff47a619273d195e5c06efb61d41e200f799c4b2e5a3f91a4ef812de2d499
sparknet-grow-dendrites-v3,run_manifest,outputs/sparknet-grow-dendrites-v3/pointwise_b23-bn/c10g16-seed0/manifest.yaml,6160,b26acc45aea4d61854270dedd6749b5dd05d9f0fd07afffe95af1dab7717f864
sparknet-grow-dendrites-v3,canonical_epoch_log,outputs/sparknet-grow-dendrites-v3/pointwise_b23-bn/c10g16-seed0/metrics/grow/sparknet_c10g16_paper.jsonl,121613,df70bc078fd2d6e41662ff5dcd231728164940c09384391b3336f9e598edd374
sparknet-grow-dendrites-v3,stage_report,outputs/sparknet-grow-dendrites-v3/pointwise_b23-bn/c10g16-seed0/reports/grow_summary.yaml,6976,f9c99174265c885b729f69800634484fecf9d9d4f624b3ea0f1931ae173cc236
sparknet-grow-dendrites-v3,run_manifest,outputs/sparknet-grow-dendrites-v3/pointwise_b23-bn/c2g16-seed0/manifest.yaml,6136,e1d740919abb8b1bbf7b03115f390fff5b2238b43e9b8904121e45735aaad9c7
sparknet-grow-dendrites-v3,canonical_epoch_log,outputs/sparknet-grow-dendrites-v3/pointwise_b23-bn/c2g16-seed0/metrics/grow/sparknet_c2g16_paper.jsonl,121081,fc2725677b23abb316825eff2c231de576db558da5afb04314e37bffad6b9dbf
sparknet-grow-dendrites-v3,stage_report,outputs/sparknet-grow-dendrites-v3/pointwise_b23-bn/c2g16-seed0/reports/grow_summary.yaml,6970,f6185d7e470cfbeed572d523f6a36067efdb0d86d0c1a736d404355004a443d9
sparknet-grow-dendrites-v3,run_manifest,outputs/sparknet-grow-dendrites-v3/pointwise_b23-bn/c6g16-seed0/manifest.yaml,6136,134f409f182bd9476afa90a3c10dafe8471ebc38881f59b9162f153f7af5d849
sparknet-grow-dendrites-v3,canonical_epoch_log,outputs/sparknet-grow-dendrites-v3/pointwise_b23-bn/c6g16-seed0/metrics/grow/sparknet_c6g16_paper.jsonl,121193,67534fe69170cb288e6a434f814b7883e3a23421493adacb6edb9a3b59eb81fd
sparknet-grow-dendrites-v3,stage_report,outputs/sparknet-grow-dendrites-v3/pointwise_b23-bn/c6g16-seed0/reports/grow_summary.yaml,6993,cfff56a5958a0cd68429a8ce32023e5f80712813895ebcabcffce247e8ebad6b
sparknet-grow-dendrites-v3,run_manifest,outputs/sparknet-grow-dendrites-v3/pointwise_b23-bn/c8g16-seed0/manifest.yaml,6136,b6cb2e75f23ec6aa4b72df5d182928b7657ed1150051ea773bcb4551145b7ada
sparknet-grow-dendrites-v3,canonical_epoch_log,outputs/sparknet-grow-dendrites-v3/pointwise_b23-bn/c8g16-seed0/metrics/grow/sparknet_c8g16_paper.jsonl,121261,2c22974400137c83e5e2fe6cd6a6a990fa35204836a2aba1bf24e339566f3905
sparknet-grow-dendrites-v3,stage_report,outputs/sparknet-grow-dendrites-v3/pointwise_b23-bn/c8g16-seed0/reports/grow_summary.yaml,6986,ccddab1095d1cb8d401350c6dfe26889fe32d056ef0b506de578532c3fd80a27
sparknet-grow-dendrites-v3,run_manifest,outputs/sparknet-grow-dendrites-v3/pointwise_b3-bn/c10g16-seed0/manifest.yaml,6136,a6c0c685868fc20354cd94f55b91dc8db134ef7758d050e59917e2649c469648
sparknet-grow-dendrites-v3,canonical_epoch_log,outputs/sparknet-grow-dendrites-v3/pointwise_b3-bn/c10g16-seed0/metrics/grow/sparknet_c10g16_paper.jsonl,118387,c881fb3e68aaf2819df13ae4bdd66901615687592ebc6e74c40806021a493ab4
sparknet-grow-dendrites-v3,stage_report,outputs/sparknet-grow-dendrites-v3/pointwise_b3-bn/c10g16-seed0/reports/grow_summary.yaml,5435,68589d2140b253811ac886897b6a6e32b649be20f06a3337191e6c758fac11ce
sparknet-grow-dendrites-v3,run_manifest,outputs/sparknet-grow-dendrites-v3/pointwise_b3-bn/c12g16-seed0/manifest.yaml,6136,f5d5e28563e7b1392ae4c728ea0205db729ad57ec1dae419c29f4e5769193818
sparknet-grow-dendrites-v3,canonical_epoch_log,outputs/sparknet-grow-dendrites-v3/pointwise_b3-bn/c12g16-seed0/metrics/grow/sparknet_c12g16_paper.jsonl,118371,04a454bdff8705ed8e085de5af8dc24c34761e2eb33ed03f2fe466f12cfb1203
sparknet-grow-dendrites-v3,stage_report,outputs/sparknet-grow-dendrites-v3/pointwise_b3-bn/c12g16-seed0/reports/grow_summary.yaml,5416,b7280e2eab4e46df0c729380e8b62ba3dcc3415aec0f41a0e807cfb5144281e4
sparknet-grow-dendrites-v3,run_manifest,outputs/sparknet-grow-dendrites-v3/pointwise_b3-bn/c18g16-seed0/manifest.yaml,6135,0e47b981cb253e6420432ab2ad7b30193d0f8551a52b5e3a4474312cb5e46d72
sparknet-grow-dendrites-v3,canonical_epoch_log,outputs/sparknet-grow-dendrites-v3/pointwise_b3-bn/c18g16-seed0/metrics/grow/sparknet_c18g16_paper.jsonl,118513,243f4e6d4963fea62185eba9352e67afefd9b1f3e9697f53e5d6ec68589d185d
sparknet-grow-dendrites-v3,stage_report,outputs/sparknet-grow-dendrites-v3/pointwise_b3-bn/c18g16-seed0/reports/grow_summary.yaml,5446,a3eb318b9271598d9fa27f1f4647fd3e0f3aea361db82a79249acffba32b8940
sparknet-grow-dendrites-v3,run_manifest,outputs/sparknet-grow-dendrites-v3/pointwise_b3-bn/c2g16-seed0/manifest.yaml,6107,e6bbebf99dfd4eedcd01cd58ced79f1cf31b15a07f52037b8a10e2b9f195c476
sparknet-grow-dendrites-v3,canonical_epoch_log,outputs/sparknet-grow-dendrites-v3/pointwise_b3-bn/c2g16-seed0/metrics/grow/sparknet_c2g16_paper.jsonl,117897,b758caf7329ae93464730e2552bfc35735f4c67bc996ffb2c821a26aa7caec03
sparknet-grow-dendrites-v3,stage_report,outputs/sparknet-grow-dendrites-v3/pointwise_b3-bn/c2g16-seed0/reports/grow_summary.yaml,5430,879b9cb5e0f377b52b51a2d33c6228a49b7c6e3ec908f3bd45c3116679f56710
sparknet-grow-dendrites-v3,run_manifest,outputs/sparknet-grow-dendrites-v3/pointwise_b3-bn/c4g16-seed0/manifest.yaml,6112,3054a534ac73cec32a0ad030c707b0cef2b6d2c283f4485712ae10cb594d90d8
sparknet-grow-dendrites-v3,canonical_epoch_log,outputs/sparknet-grow-dendrites-v3/pointwise_b3-bn/c4g16-seed0/metrics/grow/sparknet_c4g16_paper.jsonl,117906,467919e6e2c7a6721ab62816a4c530848963d48f2c352dae997651badca52927
sparknet-grow-dendrites-v3,stage_report,outputs/sparknet-grow-dendrites-v3/pointwise_b3-bn/c4g16-seed0/reports/grow_summary.yaml,5436,21ce72c3047675231eaa7ddb284e70313a91085482e6ea498a9e8f15bec719dd
sparknet-grow-dendrites-v3,run_manifest,outputs/sparknet-grow-dendrites-v3/pointwise_b3-bn/c6g16-seed0/manifest.yaml,6112,057699e634d28daa7c5e7fa09588a03a8694d2c8801b5a4a7a38db43013103ea
sparknet-grow-dendrites-v3,canonical_epoch_log,outputs/sparknet-grow-dendrites-v3/pointwise_b3-bn/c6g16-seed0/metrics/grow/sparknet_c6g16_paper.jsonl,118016,db2e58bd2b2cfd50759c796e021ed87f8308954c36aa97850200a7dc8d3e7220
sparknet-grow-dendrites-v3,stage_report,outputs/sparknet-grow-dendrites-v3/pointwise_b3-bn/c6g16-seed0/reports/grow_summary.yaml,5441,2f022d8c08c5899e262097e1c1561108e8ccd9807483643e8222c08db7eabf76
sparknet-grow-dendrites-v3,run_manifest,outputs/sparknet-grow-dendrites-v3/pointwise_b3-bn/c8g16-seed0/manifest.yaml,6112,00d58cb2d166fd688a37b05f423bae51f9718d7db1610e9fff56e6613ff87374
sparknet-grow-dendrites-v3,canonical_epoch_log,outputs/sparknet-grow-dendrites-v3/pointwise_b3-bn/c8g16-seed0/metrics/grow/sparknet_c8g16_paper.jsonl,118045,49ed4bc20b85afaf14e8ba8b5edd2f4ec98881cb4401254a9200c7f80acc76a2
sparknet-grow-dendrites-v3,stage_report,outputs/sparknet-grow-dendrites-v3/pointwise_b3-bn/c8g16-seed0/reports/grow_summary.yaml,5439,a4e2c8d24f7a21a308d832d27c7b106b94ce75b58ef5d71593f40dc36ff742b9
sparknet-lowdata02,run_manifest,outputs/sparknet-lowdata02/pointwise_b1-bn/c16g16-seed0/manifest.yaml,6170,ce8c0341f9415cb0e5cb0a300607283c7245f7426f5c2aff36426104e4c18eae
sparknet-lowdata02,canonical_epoch_log,outputs/sparknet-lowdata02/pointwise_b1-bn/c16g16-seed0/metrics/grow/sparknet_c16g16_paper.jsonl,117944,a08807c225136d07031fdc371a1b85cbcccf56e14ded7edf3fdefbfd0f22fc71
sparknet-lowdata02,stage_report,outputs/sparknet-lowdata02/pointwise_b1-bn/c16g16-seed0/reports/grow_summary.yaml,5446,9417095bf000d0882f8093a8df809c0f9cd578530679c2f4a4c9277130bc93b2
sparknet-lowdata02,run_manifest,outputs/sparknet-lowdata02/pointwise_b1-bn/c16g16-seed1/manifest.yaml,6170,98cadf9be9852d6a70519e529dd1fa06267cc8485a344ac5d417b5438cd24303
sparknet-lowdata02,canonical_epoch_log,outputs/sparknet-lowdata02/pointwise_b1-bn/c16g16-seed1/metrics/grow/sparknet_c16g16_paper.jsonl,118062,3264ecdb8f435f86e90cca8f40850054a9112682beb9c07ab806150369b14f99
sparknet-lowdata02,stage_report,outputs/sparknet-lowdata02/pointwise_b1-bn/c16g16-seed1/reports/grow_summary.yaml,5433,ecf019bba2ca3961b300d08f4558c45063b05a5446f2b5e5976d31a8fc98d478
sparknet-lowdata02,run_manifest,outputs/sparknet-lowdata02/pointwise_b1-bn/c16g16-seed2/manifest.yaml,6170,cc7d531d954b11a9850d634989c0a3a6d4a28e1da68051bacd06a206662e7db6
sparknet-lowdata02,canonical_epoch_log,outputs/sparknet-lowdata02/pointwise_b1-bn/c16g16-seed2/metrics/grow/sparknet_c16g16_paper.jsonl,117949,a8c584705965db739f69ad1ad0f071bbad52f09ad311ac4740d3c18e85da6b97
sparknet-lowdata02,stage_report,outputs/sparknet-lowdata02/pointwise_b1-bn/c16g16-seed2/reports/grow_summary.yaml,5446,7a6f92becb9cd1f1bb4476a3d5df4ada66687bd44d22d6e7e3732420d0af4912
sparknet-lowdata02,run_manifest,outputs/sparknet-lowdata02/pointwise_b1-bn/c16g16-seed3/manifest.yaml,6170,af2efca8772a666a7c55cd13d6d9741dd7f1ca4830bc7004f4ceeb1638137cea
sparknet-lowdata02,canonical_epoch_log,outputs/sparknet-lowdata02/pointwise_b1-bn/c16g16-seed3/metrics/grow/sparknet_c16g16_paper.jsonl,118043,b194e9c0f1a591ee6642a47982e695380809d30d11cabad0f49327330c3e2a58
sparknet-lowdata02,stage_report,outputs/sparknet-lowdata02/pointwise_b1-bn/c16g16-seed3/reports/grow_summary.yaml,5445,dc4a90e6716421b42f60a5edb5780bd3af903a84d6796afc11e658bb231a35a2
sparknet-lowdata02,run_manifest,outputs/sparknet-lowdata02/pointwise_b1-bn/c16g16-seed4/manifest.yaml,6170,fd4a16c5c4335c9ca3beb90fc03dbb050b8969136b368baca4165140c9a9e0de
sparknet-lowdata02,canonical_epoch_log,outputs/sparknet-lowdata02/pointwise_b1-bn/c16g16-seed4/metrics/grow/sparknet_c16g16_paper.jsonl,117959,140cbfc4931e4c7dcf2d8c0188b9d1891b141ddb468f8b1ad7b8e312fbbe3351
sparknet-lowdata02,stage_report,outputs/sparknet-lowdata02/pointwise_b1-bn/c16g16-seed4/reports/grow_summary.yaml,5439,bb866379a0b6ccd35b294271b127504463540ffdc72c2186789cf779430e4e37
sparknet-lowdata02,run_manifest,outputs/sparknet-lowdata02/pointwise_b1-bn/c8g16-seed0/manifest.yaml,6146,8216b418e8e931eec57511205800fd7b18fa8a5a34c50c36159b43c12fc16d36
sparknet-lowdata02,canonical_epoch_log,outputs/sparknet-lowdata02/pointwise_b1-bn/c8g16-seed0/metrics/grow/sparknet_c8g16_paper.jsonl,117829,773f460e7a45e66d22ac4d215de12f071077bd87763b853bded35f888febc262
sparknet-lowdata02,stage_report,outputs/sparknet-lowdata02/pointwise_b1-bn/c8g16-seed0/reports/grow_summary.yaml,5434,424909816c964e4846cfebfa7dbc04f18d79a286c6cb8adc7c760c09093888dc
sparknet-lowdata02,run_manifest,outputs/sparknet-lowdata02/pointwise_b1-bn/c8g16-seed1/manifest.yaml,6146,59935ffeb16752683e61bda10a3b6dabf5ddc059e898f853d05acce3398e221d
sparknet-lowdata02,canonical_epoch_log,outputs/sparknet-lowdata02/pointwise_b1-bn/c8g16-seed1/metrics/grow/sparknet_c8g16_paper.jsonl,117591,9c300ae564aaa03a88dca0b9f3e7206f0d5915bea491a1fba08a596bc6b2ef64
sparknet-lowdata02,stage_report,outputs/sparknet-lowdata02/pointwise_b1-bn/c8g16-seed1/reports/grow_summary.yaml,5429,d1676d28751b4542dfff39ff7770a5105c1f09374c0ac89fe4d19f6eb67dccb7
sparknet-lowdata02,run_manifest,outputs/sparknet-lowdata02/pointwise_b1-bn/c8g16-seed2/manifest.yaml,6146,028c713c2095f9df6b26b7faff27e02210e5aaad94449af4ca1da29177255d34
sparknet-lowdata02,canonical_epoch_log,outputs/sparknet-lowdata02/pointwise_b1-bn/c8g16-seed2/metrics/grow/sparknet_c8g16_paper.jsonl,117759,6c36367d27ef57fd0751b1d1f134c9ec3584b4f577712b6b0bbeed05abef4ce5
sparknet-lowdata02,stage_report,outputs/sparknet-lowdata02/pointwise_b1-bn/c8g16-seed2/reports/grow_summary.yaml,5432,aab4222930c5eada9891131e9f8f69ce749f5626053e5b34834f923ddbf32521
sparknet-lowdata02,run_manifest,outputs/sparknet-lowdata02/pointwise_b1-bn/c8g16-seed3/manifest.yaml,6146,152b959d55097c05b71f3a2edb12f80c5cdc023bba9c5bf7445617e58a69c7bf
sparknet-lowdata02,canonical_epoch_log,outputs/sparknet-lowdata02/pointwise_b1-bn/c8g16-seed3/metrics/grow/sparknet_c8g16_paper.jsonl,117915,c8224e48c46899a1266048b76134ee3d37ee74e3310aef7fcfdb3f3bfa2ecb74
sparknet-lowdata02,stage_report,outputs/sparknet-lowdata02/pointwise_b1-bn/c8g16-seed3/reports/grow_summary.yaml,5433,eb49db83cd076335a0e7f8ae3e67b5a18b440a1bdb9d545ffcefea957415eb5c
sparknet-lowdata02,run_manifest,outputs/sparknet-lowdata02/pointwise_b1-bn/c8g16-seed4/manifest.yaml,6146,0153284ae375b8ef2dabf6751b0d2b7182fb02b31e50d84bb544f9bf8baf2b23
sparknet-lowdata02,canonical_epoch_log,outputs/sparknet-lowdata02/pointwise_b1-bn/c8g16-seed4/metrics/grow/sparknet_c8g16_paper.jsonl,117635,bf30cbafbe107db145f77e4f156d9a56c5d5cf427ff4a62bdc9e1a73d830b8da
sparknet-lowdata02,stage_report,outputs/sparknet-lowdata02/pointwise_b1-bn/c8g16-seed4/reports/grow_summary.yaml,5429,001448448fee2c44deb5c2049843db4a27587cc9a4c0fa3e417743ec7bbe0226
sparknet-lowdata02,run_manifest,outputs/sparknet-lowdata02/scratch/c12g16-seed0/manifest.yaml,2937,52bfe28079842ebb7455f126e998f61a366b01aee134739ee17e471e64af90da
sparknet-lowdata02,canonical_epoch_log,outputs/sparknet-lowdata02/scratch/c12g16-seed0/metrics/paper_replication/sparknet_c12g16_paper.jsonl,89557,fb982883bcfd1416dcb8e7e3c46532f49e1c562d5eae329ad9d59fa3e1840807
sparknet-lowdata02,training_summary,outputs/sparknet-lowdata02/scratch/c12g16-seed0/metrics/summaries.yaml,455,0fc553b1068dec6ea4e8c659423482a599d99fb02d4098cf86d066d35e9ce6ea
sparknet-lowdata02,run_manifest,outputs/sparknet-lowdata02/scratch/c12g16-seed1/manifest.yaml,2937,0c8a77e794d7b220dfbe04b2dac98fd45a4d98f6e8a1a42593a18e225d6deb30
sparknet-lowdata02,canonical_epoch_log,outputs/sparknet-lowdata02/scratch/c12g16-seed1/metrics/paper_replication/sparknet_c12g16_paper.jsonl,89496,e08746358660720a5675f4783230cbcf3ab02771778c1152d7fdf2a1a7e9315a
sparknet-lowdata02,training_summary,outputs/sparknet-lowdata02/scratch/c12g16-seed1/metrics/summaries.yaml,455,80a32dd7a7fc419a42414de6822b681077a5d7a8ba5611fee2c9dfc814ce1701
sparknet-lowdata02,run_manifest,outputs/sparknet-lowdata02/scratch/c12g16-seed2/manifest.yaml,2937,60518caa70c1049aed98bc9013202bec2f37640370698322f86dcd11a7da4605
sparknet-lowdata02,canonical_epoch_log,outputs/sparknet-lowdata02/scratch/c12g16-seed2/metrics/paper_replication/sparknet_c12g16_paper.jsonl,89556,9fd09a74702e81fbf6a79908eea6fae40a96ff3c8985466f83e61f0145912d1a
sparknet-lowdata02,training_summary,outputs/sparknet-lowdata02/scratch/c12g16-seed2/metrics/summaries.yaml,455,f59e8b8aef1d9ae09921838008e4b493ff25ab79794790e3bc9893f9c11328c9
sparknet-lowdata02,run_manifest,outputs/sparknet-lowdata02/scratch/c12g16-seed3/manifest.yaml,2937,e1dfec97966c06ec3d8fb1b3d341074d2f0b12ec774ffd08c4ea3e0e328ea550
sparknet-lowdata02,canonical_epoch_log,outputs/sparknet-lowdata02/scratch/c12g16-seed3/metrics/paper_replication/sparknet_c12g16_paper.jsonl,89596,db5188d201781d02287019b343f5ae2f638aa7e5ccfe2337cf467c5fddcca3fd
sparknet-lowdata02,training_summary,outputs/sparknet-lowdata02/scratch/c12g16-seed3/metrics/summaries.yaml,455,a22d9bcb383814c46566e6bfa66d878311d42d385d676136bbb21bc627b6e76d
sparknet-lowdata02,run_manifest,outputs/sparknet-lowdata02/scratch/c12g16-seed4/manifest.yaml,2937,f37022eb3e1210a983081cf705e23069b4d43571eb2d242b3e820ba24a9e7399
sparknet-lowdata02,canonical_epoch_log,outputs/sparknet-lowdata02/scratch/c12g16-seed4/metrics/paper_replication/sparknet_c12g16_paper.jsonl,89550,56f7e6c7b17d6631a317c00e62f7a5f63509d10b6d3560f80c3196b3f878b708
sparknet-lowdata02,training_summary,outputs/sparknet-lowdata02/scratch/c12g16-seed4/metrics/summaries.yaml,454,db0a83050e23b02fd59039b81a0a7e94e3316bf8ae17888449b9a069d35217ca
sparknet-lowdata02,run_manifest,outputs/sparknet-lowdata02/scratch/c16g16-seed0/manifest.yaml,2937,1d4a06509254642aa8306fc08eb7dfd82883557fa8b8d23034d88233db994a31
sparknet-lowdata02,canonical_epoch_log,outputs/sparknet-lowdata02/scratch/c16g16-seed0/metrics/paper_replication/sparknet_c16g16_paper.jsonl,89518,9cd67e52d2242dc736398b8d58a90d8f12ec6ad86bba64083f57c8ae01a4d625
sparknet-lowdata02,training_summary,outputs/sparknet-lowdata02/scratch/c16g16-seed0/metrics/summaries.yaml,455,ca0fba0363ce00c3b768ee2549cdc5316d6fcd104b34b1303eb44269dbace2a9
sparknet-lowdata02,run_manifest,outputs/sparknet-lowdata02/scratch/c16g16-seed1/manifest.yaml,2937,e5b8f7e52941d4eb097eb4ccaecd3d6cfde0be5fa6c82bf6a671ba61b7a71c3e
sparknet-lowdata02,canonical_epoch_log,outputs/sparknet-lowdata02/scratch/c16g16-seed1/metrics/paper_replication/sparknet_c16g16_paper.jsonl,89633,951370a3873f378002eaa6a501ffa036f31104a417da7d09b5827333699dfd5d
sparknet-lowdata02,training_summary,outputs/sparknet-lowdata02/scratch/c16g16-seed1/metrics/summaries.yaml,455,50036973c65762328408343b3c1b8741855e954e3edd80a178889ae894ab1161
sparknet-lowdata02,run_manifest,outputs/sparknet-lowdata02/scratch/c16g16-seed2/manifest.yaml,2937,0fa5c6b99bc3d0e7c1a07f4e3e462694e37f9cb8acab96cc95f4c5deab5ac222
sparknet-lowdata02,canonical_epoch_log,outputs/sparknet-lowdata02/scratch/c16g16-seed2/metrics/paper_replication/sparknet_c16g16_paper.jsonl,89576,968b7eea31499a922df639449e9ba5f476751dfa62f5fa1a92e774fbd95a5004
sparknet-lowdata02,training_summary,outputs/sparknet-lowdata02/scratch/c16g16-seed2/metrics/summaries.yaml,455,b910ca6afaafb2d5abf879837a55a9ee7bc1c8a96215adb8be9520c696060b40
sparknet-lowdata02,run_manifest,outputs/sparknet-lowdata02/scratch/c16g16-seed3/manifest.yaml,2937,5d92cbc60071cf1d8387beb496fbb46adf6e44e9bef367ec651f12d2f2920839
sparknet-lowdata02,canonical_epoch_log,outputs/sparknet-lowdata02/scratch/c16g16-seed3/metrics/paper_replication/sparknet_c16g16_paper.jsonl,89603,6d503047997657e7937672aa7f98db2f09293fa7eff7cd1e538809f6ee782605
sparknet-lowdata02,training_summary,outputs/sparknet-lowdata02/scratch/c16g16-seed3/metrics/summaries.yaml,454,7cb155dc6a353f0f3d1d21bfb6397129e22c05dbd4fc7f27d22a1fee746e7887
sparknet-lowdata02,run_manifest,outputs/sparknet-lowdata02/scratch/c16g16-seed4/manifest.yaml,2937,9ad8fd969982fccc2816b3eda9b42d0aaed8d8e893e29276c71b663dac34684d
sparknet-lowdata02,canonical_epoch_log,outputs/sparknet-lowdata02/scratch/c16g16-seed4/metrics/paper_replication/sparknet_c16g16_paper.jsonl,89552,72b8067bfd87e01d0b2bd67cd67b8a4e4b3413111f9b05a729cbf1b1e9a1f163
sparknet-lowdata02,training_summary,outputs/sparknet-lowdata02/scratch/c16g16-seed4/metrics/summaries.yaml,454,b817bb2089b9ce8584ae09a4ec8e4a2fe3625a7afe6f4f189acbad5ec9dbd3ce
sparknet-lowdata02,run_manifest,outputs/sparknet-lowdata02/scratch/c17g16-seed0/manifest.yaml,2937,79ffdf8f10fda01d57a18d9ce42825125e977ddc65406c91174fcb745af01db3
sparknet-lowdata02,canonical_epoch_log,outputs/sparknet-lowdata02/scratch/c17g16-seed0/metrics/paper_replication/sparknet_c17g16_paper.jsonl,89605,b8165b7077d72afa04bfad150226404d4f2671218b9896d4ef578c0640a3a120
sparknet-lowdata02,training_summary,outputs/sparknet-lowdata02/scratch/c17g16-seed0/metrics/summaries.yaml,454,b250a34c86979117b74eafafd98bb67d611f6c8693c9c4dc3dc1b49923dacb9f
sparknet-lowdata02,run_manifest,outputs/sparknet-lowdata02/scratch/c17g16-seed1/manifest.yaml,2937,223835701a5b2f97af98bb5944c1e062a9c1ae91ca6cd44caca52a36dac7acc0
sparknet-lowdata02,canonical_epoch_log,outputs/sparknet-lowdata02/scratch/c17g16-seed1/metrics/paper_replication/sparknet_c17g16_paper.jsonl,89570,31ebe4ddce5b6cf78429621717e99dd625a00f51107574529b407e6bb6bf39cb
sparknet-lowdata02,training_summary,outputs/sparknet-lowdata02/scratch/c17g16-seed1/metrics/summaries.yaml,454,bc355d3b95cffab363f4694c96edb54d50b5266629a6b88043236d678cfb517b
sparknet-lowdata02,run_manifest,outputs/sparknet-lowdata02/scratch/c17g16-seed2/manifest.yaml,2937,540b514efdeca987b33f6031e15888ad0eab8c607d94311e58f7ac67a1a52a98
sparknet-lowdata02,canonical_epoch_log,outputs/sparknet-lowdata02/scratch/c17g16-seed2/metrics/paper_replication/sparknet_c17g16_paper.jsonl,89568,a7e4e3cb17c34a98b9155944b8d003b59cd056015e04b7a7875d63ef27899d93
sparknet-lowdata02,training_summary,outputs/sparknet-lowdata02/scratch/c17g16-seed2/metrics/summaries.yaml,455,4e127f96475cd814f842f760990afb6e89ac4cea8e82fa03393a3a19b707e35e
sparknet-lowdata02,run_manifest,outputs/sparknet-lowdata02/scratch/c17g16-seed3/manifest.yaml,2937,1cec3ebdfd5e9b78578f56f8f3ec6e25f4fb9da26c2b53f6a4c48fff84856136
sparknet-lowdata02,canonical_epoch_log,outputs/sparknet-lowdata02/scratch/c17g16-seed3/metrics/paper_replication/sparknet_c17g16_paper.jsonl,89439,d17654e0ac3a4a251b01d392dfb3219c8aa5256773c41f5d577f43cd6b517077
sparknet-lowdata02,training_summary,outputs/sparknet-lowdata02/scratch/c17g16-seed3/metrics/summaries.yaml,455,2d8a912019b135d9bbb5cb4575ee659f9eb203fbb449fc97698305a6616067c9
sparknet-lowdata02,run_manifest,outputs/sparknet-lowdata02/scratch/c17g16-seed4/manifest.yaml,2937,861223d32a277de5c84c5ac8bac70c8773cd4598332c0262e649f76a6253a198
sparknet-lowdata02,canonical_epoch_log,outputs/sparknet-lowdata02/scratch/c17g16-seed4/metrics/paper_replication/sparknet_c17g16_paper.jsonl,89591,f528646cb6ef3fd59b7c3eca9e3f1250fff702ebb78a46b0e705cdf1c25584df
sparknet-lowdata02,training_summary,outputs/sparknet-lowdata02/scratch/c17g16-seed4/metrics/summaries.yaml,455,a3321b7551140731f8a87d3c48080544170cb0e684d99cd85cbcdfbc7f399b48
sparknet-lowdata02,run_manifest,outputs/sparknet-lowdata02/scratch/c18g16-seed0/manifest.yaml,2937,d4c64b365a945ae44a90ddf91a866d210c53976e1cc9cec8a59760d52dab5aac
sparknet-lowdata02,canonical_epoch_log,outputs/sparknet-lowdata02/scratch/c18g16-seed0/metrics/paper_replication/sparknet_c18g16_paper.jsonl,89525,1e41ed0fe1cd6e28d2871d7822e37a6ad45ac139554b2384bdc3ac0741e96f6f
sparknet-lowdata02,training_summary,outputs/sparknet-lowdata02/scratch/c18g16-seed0/metrics/summaries.yaml,455,9bf766004d14baa18fae1711990f9273595c15bd0c3d29ab1e91d50f7a4811e0
sparknet-lowdata02,run_manifest,outputs/sparknet-lowdata02/scratch/c18g16-seed1/manifest.yaml,2937,da7e94cae7ed645588a4bd80959940f32fc01f8a37192edb8382523fab77d72e
sparknet-lowdata02,canonical_epoch_log,outputs/sparknet-lowdata02/scratch/c18g16-seed1/metrics/paper_replication/sparknet_c18g16_paper.jsonl,89453,c541811ea6be35e50f2cf1701d4ec72bb2db1e60383486a30735558ae5553ea3
sparknet-lowdata02,training_summary,outputs/sparknet-lowdata02/scratch/c18g16-seed1/metrics/summaries.yaml,455,873c85f65648eb3e40bec52b5ac4953e07638f7d00f2940ff553b02e76a98c54
sparknet-lowdata02,run_manifest,outputs/sparknet-lowdata02/scratch/c18g16-seed2/manifest.yaml,2937,7e1c60b49c185df2d4f1986d43b93723b8a159deb1c070ce1cccc038d28f0573
sparknet-lowdata02,canonical_epoch_log,outputs/sparknet-lowdata02/scratch/c18g16-seed2/metrics/paper_replication/sparknet_c18g16_paper.jsonl,89441,a9f5ada83e4ff6346900cc5dfaf5180fc5648fedc34f51af88139f5999f31cbd
sparknet-lowdata02,training_summary,outputs/sparknet-lowdata02/scratch/c18g16-seed2/metrics/summaries.yaml,455,ad5818f8980c046d3dc8508f132d65f224b7d1a82e1e1130956bf28637988a8c
sparknet-lowdata02,run_manifest,outputs/sparknet-lowdata02/scratch/c18g16-seed3/manifest.yaml,2937,89c86b4635874648b94333e6294942fd0b61c6cc63bf44a654dbb31b918da57c
sparknet-lowdata02,canonical_epoch_log,outputs/sparknet-lowdata02/scratch/c18g16-seed3/metrics/paper_replication/sparknet_c18g16_paper.jsonl,89633,e76dd617a99d105f5ad8bd2df4d91e6e4cee9b97221b74f905ef5fddb4e9c854
sparknet-lowdata02,training_summary,outputs/sparknet-lowdata02/scratch/c18g16-seed3/metrics/summaries.yaml,455,5e5f19158abc1d51dd05ad60e3706402fbec70069972fa71bb1d09e8d9a7dfe3
sparknet-lowdata02,run_manifest,outputs/sparknet-lowdata02/scratch/c18g16-seed4/manifest.yaml,2937,e32bd31308c7acd8b35d9bbc2d183015f6f54d9d18f92dbca47f7e1472eef25b
sparknet-lowdata02,canonical_epoch_log,outputs/sparknet-lowdata02/scratch/c18g16-seed4/metrics/paper_replication/sparknet_c18g16_paper.jsonl,89526,be4e22819701a974412d322e9dd2c97d3b2eef708e210302c32025448736b410
sparknet-lowdata02,training_summary,outputs/sparknet-lowdata02/scratch/c18g16-seed4/metrics/summaries.yaml,454,980182f6b6867305423c919bb37d68b176199d5e042ac77fbd6911ef2dff2d3c
sparknet-lowdata02,run_manifest,outputs/sparknet-lowdata02/scratch/c4g16-seed0/manifest.yaml,2933,19af6acae691cffb50df052e0af44b4f5ed172107a3b7a3928ae2b9e39638c4f
sparknet-lowdata02,canonical_epoch_log,outputs/sparknet-lowdata02/scratch/c4g16-seed0/metrics/paper_replication/sparknet_c4g16_paper.jsonl,89353,d6ba00ea76c12c604002591494332446e690ca224d8b11f38b9a04b7e5910150
sparknet-lowdata02,training_summary,outputs/sparknet-lowdata02/scratch/c4g16-seed0/metrics/summaries.yaml,453,836618719ffb15507d819517be4c4a3c2ac5fddb16d227193b63758dfbef8e49
sparknet-lowdata02,run_manifest,outputs/sparknet-lowdata02/scratch/c4g16-seed1/manifest.yaml,2931,9b258352f8ffd8edd538420e8479854b4be9ab76c84624237aa1bedbda00d978
sparknet-lowdata02,canonical_epoch_log,outputs/sparknet-lowdata02/scratch/c4g16-seed1/metrics/paper_replication/sparknet_c4g16_paper.jsonl,89266,99e8f5b814668f401be1395f0594add070449661a6baae86131cdc924f599544
sparknet-lowdata02,training_summary,outputs/sparknet-lowdata02/scratch/c4g16-seed1/metrics/summaries.yaml,453,2be99267ecd3b2096a34a3cdc0bfeb656cbe9b3e87d3184e8bad54e650bb4789
sparknet-lowdata02,run_manifest,outputs/sparknet-lowdata02/scratch/c4g16-seed2/manifest.yaml,2931,b20f9403d6c54b9157b2d1a26d1d8759a624b4f0fe55b41bded56945403ca848
sparknet-lowdata02,canonical_epoch_log,outputs/sparknet-lowdata02/scratch/c4g16-seed2/metrics/paper_replication/sparknet_c4g16_paper.jsonl,89613,34138023618b8bc136b8fe787a91e3ceaa910e9eada99691db8b363050b6c38a
sparknet-lowdata02,training_summary,outputs/sparknet-lowdata02/scratch/c4g16-seed2/metrics/summaries.yaml,453,8cb0893079109e2ee21bebfdd2b07eed2bf58bc416bad98e0f4c5b2d1c749e8c
sparknet-lowdata02,run_manifest,outputs/sparknet-lowdata02/scratch/c4g16-seed3/manifest.yaml,2931,28347df6094c7e5f1003a2b6f0fbade5cd305e5c8118fe4d278f5f14fa520e34
sparknet-lowdata02,canonical_epoch_log,outputs/sparknet-lowdata02/scratch/c4g16-seed3/metrics/paper_replication/sparknet_c4g16_paper.jsonl,89439,b7103bcc7ce55c1b574fa7c542f66bbf6579edfcaa027db59c17c481b81a48c2
sparknet-lowdata02,training_summary,outputs/sparknet-lowdata02/scratch/c4g16-seed3/metrics/summaries.yaml,453,dbfd51a062a01ab21ac911f828660f7a05deae338544c7b74adaef7951648c5f
sparknet-lowdata02,run_manifest,outputs/sparknet-lowdata02/scratch/c4g16-seed4/manifest.yaml,2931,529ecab1d70899b422871dee9dc197a2781ed7d4c204654b7ec7e5d5fd92cd7e
sparknet-lowdata02,canonical_epoch_log,outputs/sparknet-lowdata02/scratch/c4g16-seed4/metrics/paper_replication/sparknet_c4g16_paper.jsonl,89436,553b4a76ed9993d4506a1bca070f2058ecc9375ed60f9b72ef4371121aeaba28
sparknet-lowdata02,training_summary,outputs/sparknet-lowdata02/scratch/c4g16-seed4/metrics/summaries.yaml,452,678aca2232988b7248fc012c740bc7a8d1eb7efd6e426bb88d8fc91026b406bf
sparknet-lowdata02,run_manifest,outputs/sparknet-lowdata02/scratch/c6g16-seed0/manifest.yaml,2931,32a0fa381d34be2030568eadfa85bb2e7a03e0835e55889b1b4633b55985d6d6
sparknet-lowdata02,canonical_epoch_log,outputs/sparknet-lowdata02/scratch/c6g16-seed0/metrics/paper_replication/sparknet_c6g16_paper.jsonl,89317,be58ceb703d052875476decb163182b12a429bdcca1e7fe848dac244857348c5
sparknet-lowdata02,training_summary,outputs/sparknet-lowdata02/scratch/c6g16-seed0/metrics/summaries.yaml,453,a949290363ffa2666bada1aa272608830da65adcd9c30233682d2940a917db27
sparknet-lowdata02,run_manifest,outputs/sparknet-lowdata02/scratch/c6g16-seed1/manifest.yaml,2931,df6c5f2ba4f53b8c8dee27ec20cd403c7c2c0f104665bef7861729e8d7eb36e8
sparknet-lowdata02,canonical_epoch_log,outputs/sparknet-lowdata02/scratch/c6g16-seed1/metrics/paper_replication/sparknet_c6g16_paper.jsonl,89355,92de6f08e80616ead8337fe8ca0adc7e5dd6de27b1eb23b8bf2a723b292c4f73
sparknet-lowdata02,training_summary,outputs/sparknet-lowdata02/scratch/c6g16-seed1/metrics/summaries.yaml,453,0196c4390db817557a49b3414144405f72f7ea0511879495c33971cdcfeb023f
sparknet-lowdata02,run_manifest,outputs/sparknet-lowdata02/scratch/c6g16-seed2/manifest.yaml,2931,105bfc90997352e8fb953021a2f692b4ff13aedc61a20c2654e97aad445d3596
sparknet-lowdata02,canonical_epoch_log,outputs/sparknet-lowdata02/scratch/c6g16-seed2/metrics/paper_replication/sparknet_c6g16_paper.jsonl,89421,46710a59781a9ee68e8f3e1f088549a10eede689baa1965c885b492f56453b1f
sparknet-lowdata02,training_summary,outputs/sparknet-lowdata02/scratch/c6g16-seed2/metrics/summaries.yaml,451,2e296bfc6bb47fe05e6c10a0fc869544a428ef848bcd6a548aee3fc45b3b2300
sparknet-lowdata02,run_manifest,outputs/sparknet-lowdata02/scratch/c6g16-seed3/manifest.yaml,2931,58c3067596b7f69fbeff715ca377d38fd1d4d1eac919529d0618738191090697
sparknet-lowdata02,canonical_epoch_log,outputs/sparknet-lowdata02/scratch/c6g16-seed3/metrics/paper_replication/sparknet_c6g16_paper.jsonl,89293,9c097a73ca7eca6579dbfc588cdc88c9ee88dbbc05f0e04e90308d211faf05fd
sparknet-lowdata02,training_summary,outputs/sparknet-lowdata02/scratch/c6g16-seed3/metrics/summaries.yaml,452,52233f0f2ea6d753aa4b8942cb4085e93c94c1f4e2739f68ec8a8d2ec2e38930
sparknet-lowdata02,run_manifest,outputs/sparknet-lowdata02/scratch/c6g16-seed4/manifest.yaml,2931,e604d42a22bb6512667c4c92f08cdb48a60df7c1e22fce16f813f59f5d919f93
sparknet-lowdata02,canonical_epoch_log,outputs/sparknet-lowdata02/scratch/c6g16-seed4/metrics/paper_replication/sparknet_c6g16_paper.jsonl,89255,453b1b1cc15323ba4970d113261c29f07250710a35b0fecfcff36e36eaa0b2bd
sparknet-lowdata02,training_summary,outputs/sparknet-lowdata02/scratch/c6g16-seed4/metrics/summaries.yaml,453,0c8f46d5e0b99aa1a387d909abb4616bb7f5ec813e5080d43ee9853463fd0018
sparknet-lowdata02,run_manifest,outputs/sparknet-lowdata02/scratch/c8g16-seed0/manifest.yaml,2931,40cb1769835f5b826150de564297caab7513bfc16b8d24eec6551902a8269b4d
sparknet-lowdata02,canonical_epoch_log,outputs/sparknet-lowdata02/scratch/c8g16-seed0/metrics/paper_replication/sparknet_c8g16_paper.jsonl,89412,b391f1388fbce919df1777d202406d87404872c075f8a63fdc2b7598560a06ae
sparknet-lowdata02,training_summary,outputs/sparknet-lowdata02/scratch/c8g16-seed0/metrics/summaries.yaml,452,9a73a7ffc5635ba9bf8b59024ee7b3a3fb6f46ca74378b94c847c0fc45337da8
sparknet-lowdata02,run_manifest,outputs/sparknet-lowdata02/scratch/c8g16-seed1/manifest.yaml,2931,ff616d9d24e26b6aa43c7c3474ae8fadc1794ed92d211035a9c21871fb2d40ae
sparknet-lowdata02,canonical_epoch_log,outputs/sparknet-lowdata02/scratch/c8g16-seed1/metrics/paper_replication/sparknet_c8g16_paper.jsonl,89221,803e0c161a502b3416e99a6caa50c37bfb1d76e95d138c2b046b16b3f25e3ff9
sparknet-lowdata02,training_summary,outputs/sparknet-lowdata02/scratch/c8g16-seed1/metrics/summaries.yaml,452,9ee4bd4302fc01998029fbdc0feb8847d16c9039bc3dbb157cc8a1aacb4e056f
sparknet-lowdata02,run_manifest,outputs/sparknet-lowdata02/scratch/c8g16-seed2/manifest.yaml,2931,319188fb43195cbc96ed5dd12480c2c2046a4b6b2b7d3253b43f566dd04d2b45
sparknet-lowdata02,canonical_epoch_log,outputs/sparknet-lowdata02/scratch/c8g16-seed2/metrics/paper_replication/sparknet_c8g16_paper.jsonl,89336,20bb567781f309e243f43543babd748d6bd99eea9ebc9d6c5e63d20e82abf2fe
sparknet-lowdata02,training_summary,outputs/sparknet-lowdata02/scratch/c8g16-seed2/metrics/summaries.yaml,453,1e4cd3bfbbfe5d4182565eb12b3d94f11518a3bf8e93694aa137f5854a023e9f
sparknet-lowdata02,run_manifest,outputs/sparknet-lowdata02/scratch/c8g16-seed3/manifest.yaml,2931,efb2702fc883fd72b5e2216c7660b232af310a8e37019aebd4eddf6b1286e797
sparknet-lowdata02,canonical_epoch_log,outputs/sparknet-lowdata02/scratch/c8g16-seed3/metrics/paper_replication/sparknet_c8g16_paper.jsonl,89503,1556424fc521ae23334accbc81f5a58bd21cea8289cdf99906d7bc1deaaecfb3
sparknet-lowdata02,training_summary,outputs/sparknet-lowdata02/scratch/c8g16-seed3/metrics/summaries.yaml,453,6e5e1e672dd77997fee63c31d965cb710a9f36479e819cf5cc85526f128775c7
sparknet-lowdata02,run_manifest,outputs/sparknet-lowdata02/scratch/c8g16-seed4/manifest.yaml,2931,671cd763af0e6c0b76dc17b741c1e38dd019fb51cd78af471f6809020a80ab03
sparknet-lowdata02,canonical_epoch_log,outputs/sparknet-lowdata02/scratch/c8g16-seed4/metrics/paper_replication/sparknet_c8g16_paper.jsonl,89319,483aa0a1f24a2b2a8bc418961db59946dd6a1289470f292f6e97c0e529b65adb
sparknet-lowdata02,training_summary,outputs/sparknet-lowdata02/scratch/c8g16-seed4/metrics/summaries.yaml,453,e0edd967ca3d1455b70fe8c0a5a32bff8354f3043a3c5f1192ace12025a616d2
sparknet-lowdata10,run_manifest,outputs/sparknet-lowdata10/pointwise_b0-bn/c8g16-seed0/manifest.yaml,6140,3c57662e8271be4ea4146ef622cf40adc7a746d162bf26db3cc14c2ff2e4c62e
sparknet-lowdata10,canonical_epoch_log,outputs/sparknet-lowdata10/pointwise_b0-bn/c8g16-seed0/metrics/grow/sparknet_c8g16_paper.jsonl,117741,f01fa6e113ec075efe5fb0d6e76c2267ae5c344fa848c5420582309eaeae45a8
sparknet-lowdata10,stage_report,outputs/sparknet-lowdata10/pointwise_b0-bn/c8g16-seed0/reports/grow_summary.yaml,5464,eaeb5ea16ae1f29ccf2108113b01e0bde5822c152edc5d77ab00a14bcea9e9c5
sparknet-lowdata10,run_manifest,outputs/sparknet-lowdata10/pointwise_b0-bn/c8g16-seed1/manifest.yaml,6140,d5de3ae11cdc06065b3f74dfbd7ae883a93cda3d0bb9f6d2f1b1bfe53d1df927
sparknet-lowdata10,canonical_epoch_log,outputs/sparknet-lowdata10/pointwise_b0-bn/c8g16-seed1/metrics/grow/sparknet_c8g16_paper.jsonl,117840,e612bd093c2b404ec29deda46a9b58801007c0b8d758d90758520097cd67282c
sparknet-lowdata10,stage_report,outputs/sparknet-lowdata10/pointwise_b0-bn/c8g16-seed1/reports/grow_summary.yaml,5464,236ac590af290d210bfa0797a0c648fbf5f869e5d4cbf7475be10c0e6323e6bd
sparknet-lowdata10,run_manifest,outputs/sparknet-lowdata10/pointwise_b0-bn/c8g16-seed2/manifest.yaml,6141,0088cb7cb26f0a524959e699fa07ab66ce273a3bf9007f82f5df15f0c665e30c
sparknet-lowdata10,canonical_epoch_log,outputs/sparknet-lowdata10/pointwise_b0-bn/c8g16-seed2/metrics/grow/sparknet_c8g16_paper.jsonl,117861,1f900472648491434227e24a538f1b92aebc0b711a65aaca809880f45058b98d
sparknet-lowdata10,stage_report,outputs/sparknet-lowdata10/pointwise_b0-bn/c8g16-seed2/reports/grow_summary.yaml,5459,863c210f51c1e21c81d74d4c9de5bb25dfc88cefd48b217d1aa5ce595c74e140
sparknet-lowdata10,run_manifest,outputs/sparknet-lowdata10/pointwise_b1-bn/c12g16-seed0/manifest.yaml,6164,3ba8b28314c39fd7201c2672e6f24c290cd355b8b686a9264f65253925ed87ee
sparknet-lowdata10,canonical_epoch_log,outputs/sparknet-lowdata10/pointwise_b1-bn/c12g16-seed0/metrics/grow/sparknet_c12g16_paper.jsonl,118241,42ee52efdc1dc5af37d12201577644f1e3530d425a65005da3411fcb81afaca6
sparknet-lowdata10,stage_report,outputs/sparknet-lowdata10/pointwise_b1-bn/c12g16-seed0/reports/grow_summary.yaml,5471,fa0857d4b53ad121688a108369e5e0953173fe883c47503230695ac8ba340e59
sparknet-lowdata10,run_manifest,outputs/sparknet-lowdata10/pointwise_b1-bn/c12g16-seed1/manifest.yaml,6164,3046fb5ca75c75d726efd510d345c6d6595b070954998557d5129a777a6d6989
sparknet-lowdata10,canonical_epoch_log,outputs/sparknet-lowdata10/pointwise_b1-bn/c12g16-seed1/metrics/grow/sparknet_c12g16_paper.jsonl,118185,0b5a1aaadaae4e2b8a19f81309ee60d5fe8b38d64e4715201d004ea4f94ef4a9
sparknet-lowdata10,stage_report,outputs/sparknet-lowdata10/pointwise_b1-bn/c12g16-seed1/reports/grow_summary.yaml,5472,240877b5ec88641d553e3349f82717550e6648ff792914e38bafde6f999b7bc1
sparknet-lowdata10,run_manifest,outputs/sparknet-lowdata10/pointwise_b1-bn/c12g16-seed2/manifest.yaml,6165,4895bc53f567e319e67ba307378ca68a1c4313475fc2e5e41af5a82799ef11ef
sparknet-lowdata10,canonical_epoch_log,outputs/sparknet-lowdata10/pointwise_b1-bn/c12g16-seed2/metrics/grow/sparknet_c12g16_paper.jsonl,118245,bbb3c2626e2a50d8ccd77039aa6a688806902e97533d6d134fda29dbb10831f2
sparknet-lowdata10,stage_report,outputs/sparknet-lowdata10/pointwise_b1-bn/c12g16-seed2/reports/grow_summary.yaml,5467,115de2f971f761b37464c453144b5a949ea570782cfd9d08a9d7bfc354631fab
sparknet-lowdata10,run_manifest,outputs/sparknet-lowdata10/pointwise_b1-bn/c12g16-seed3/manifest.yaml,6164,3d57def2f128f652f6ebc788166e4538897c620a358c3ebfbc34eeb8e08aa481
sparknet-lowdata10,canonical_epoch_log,outputs/sparknet-lowdata10/pointwise_b1-bn/c12g16-seed3/metrics/grow/sparknet_c12g16_paper.jsonl,118278,f9da7082d80b2f1616d8dfd2a59249810a63349c47e5a7038b05b7ec25e666a8
sparknet-lowdata10,stage_report,outputs/sparknet-lowdata10/pointwise_b1-bn/c12g16-seed3/reports/grow_summary.yaml,5474,06c010515a7f13aefcd8cf690abeb25c61cf1ec742ed07b80dc2c17f4836d04a
sparknet-lowdata10,run_manifest,outputs/sparknet-lowdata10/pointwise_b1-bn/c12g16-seed4/manifest.yaml,6164,e42a7cee3c5eb96f5a4a3f9529696d794b9c42a80949eaddb5cb52104d91555d
sparknet-lowdata10,canonical_epoch_log,outputs/sparknet-lowdata10/pointwise_b1-bn/c12g16-seed4/metrics/grow/sparknet_c12g16_paper.jsonl,118174,b4621ca3986a4f6e229613e0ef8008396fe0c1b8374a448470f3549f046153f6
sparknet-lowdata10,stage_report,outputs/sparknet-lowdata10/pointwise_b1-bn/c12g16-seed4/reports/grow_summary.yaml,5480,cc995acadd90a4b41740176fe2612f88d08269ee09b384b51fe37ac1037630a1
sparknet-lowdata10,run_manifest,outputs/sparknet-lowdata10/pointwise_b1-bn/c14g16-seed0/manifest.yaml,6164,f050abcc48876ac4ad1a4d4c4601bbabef4f544bdb8e8ac25197e2b2d3be4064
sparknet-lowdata10,canonical_epoch_log,outputs/sparknet-lowdata10/pointwise_b1-bn/c14g16-seed0/metrics/grow/sparknet_c14g16_paper.jsonl,118310,6e33e1126b62857cc3728f64ed827d56425a1416caa1b91d7bd00d2281c46ff4
sparknet-lowdata10,stage_report,outputs/sparknet-lowdata10/pointwise_b1-bn/c14g16-seed0/reports/grow_summary.yaml,5462,e5a7345dd3d49209a7e8333446b85949289415581baa17ce1993a025738c094c
sparknet-lowdata10,run_manifest,outputs/sparknet-lowdata10/pointwise_b1-bn/c14g16-seed1/manifest.yaml,6164,6c34a5b51c2eb985263d8c8bdd39889c4633e40913c245c49e176119e23dda6c
sparknet-lowdata10,canonical_epoch_log,outputs/sparknet-lowdata10/pointwise_b1-bn/c14g16-seed1/metrics/grow/sparknet_c14g16_paper.jsonl,118294,09321a1b00878447db64b9e9e1e9d84575353f0dfafc61d7b2f20ef39c1abe38
sparknet-lowdata10,stage_report,outputs/sparknet-lowdata10/pointwise_b1-bn/c14g16-seed1/reports/grow_summary.yaml,5465,c389524ccf1f12015c4aabf942db35794bf6407f8947e1cb028f1c6af4b9fde7
sparknet-lowdata10,run_manifest,outputs/sparknet-lowdata10/pointwise_b1-bn/c14g16-seed2/manifest.yaml,6164,0292553f9cf74b9b0ae0d8359d69c161e4a49c4e0d37e08c71b482eb39b4016f
sparknet-lowdata10,canonical_epoch_log,outputs/sparknet-lowdata10/pointwise_b1-bn/c14g16-seed2/metrics/grow/sparknet_c14g16_paper.jsonl,118282,cf5415c102547adaa4b4b6229c76e3dc24fea49bff33c339a614c1be0b61b442
sparknet-lowdata10,stage_report,outputs/sparknet-lowdata10/pointwise_b1-bn/c14g16-seed2/reports/grow_summary.yaml,5469,ce1673db2b4c04ee006ea76a5cdea598f08f6e83333926b5d6695639aa98e779
sparknet-lowdata10,run_manifest,outputs/sparknet-lowdata10/pointwise_b1-bn/c14g16-seed3/manifest.yaml,6164,e48f1be1cf6198e9a3e1445cdf41e98f2e06f140a186be6b7b77ad1d96c21968
sparknet-lowdata10,canonical_epoch_log,outputs/sparknet-lowdata10/pointwise_b1-bn/c14g16-seed3/metrics/grow/sparknet_c14g16_paper.jsonl,118191,b8ebf11f3b96747aafb4e9fd9152aba7d7b2cdf3951cebee4df71efeba0366b6
sparknet-lowdata10,stage_report,outputs/sparknet-lowdata10/pointwise_b1-bn/c14g16-seed3/reports/grow_summary.yaml,5456,a92c0878c21ed5d86395f221515affc5f16bda7394ca013ceac2aafb057557c7
sparknet-lowdata10,run_manifest,outputs/sparknet-lowdata10/pointwise_b1-bn/c14g16-seed4/manifest.yaml,6164,b65b8c51ae15069a93eff4f9e6bbce83751a3feff745da8502b12d4d44cf9b02
sparknet-lowdata10,canonical_epoch_log,outputs/sparknet-lowdata10/pointwise_b1-bn/c14g16-seed4/metrics/grow/sparknet_c14g16_paper.jsonl,118264,944b9ed7e8eed8cddf59e802f6a9b8b319b72115589b2caafeacc31360e03e8b
sparknet-lowdata10,stage_report,outputs/sparknet-lowdata10/pointwise_b1-bn/c14g16-seed4/reports/grow_summary.yaml,5482,9d0a04421406260ac102e9e40cad46db32d48544e53b6ca8cca6a7319dfad738
sparknet-lowdata10,run_manifest,outputs/sparknet-lowdata10/pointwise_b1-bn/c14g16-seed5/manifest.yaml,6164,b7c1d69a932ecc45aa2e1d5644720280bb9181200e05c077704047d89e3dc9f3
sparknet-lowdata10,canonical_epoch_log,outputs/sparknet-lowdata10/pointwise_b1-bn/c14g16-seed5/metrics/grow/sparknet_c14g16_paper.jsonl,118276,28349aa8ad1139fe7e1b65d850e13931f1e29514f35333802b1ff6776d4afa80
sparknet-lowdata10,stage_report,outputs/sparknet-lowdata10/pointwise_b1-bn/c14g16-seed5/reports/grow_summary.yaml,5477,6f365a1076bf91f29eabba324e40a9c762bded73219143fb679e6e4e115e67d0
sparknet-lowdata10,run_manifest,outputs/sparknet-lowdata10/pointwise_b1-bn/c14g16-seed6/manifest.yaml,6164,68b76d3f7fbfbd3a0879c04cf745470ec367b39f324800fe7ff3637979e801af
sparknet-lowdata10,canonical_epoch_log,outputs/sparknet-lowdata10/pointwise_b1-bn/c14g16-seed6/metrics/grow/sparknet_c14g16_paper.jsonl,118256,9818e91ff7232a6ad7fd7232a4836a231e356dad1908fd42c4b37f1628d5850e
sparknet-lowdata10,stage_report,outputs/sparknet-lowdata10/pointwise_b1-bn/c14g16-seed6/reports/grow_summary.yaml,5467,afed6884e915b88224420e021d3ffc760399bb3089b1cdb42c77dee8febe4d73
sparknet-lowdata10,run_manifest,outputs/sparknet-lowdata10/pointwise_b1-bn/c14g16-seed7/manifest.yaml,6164,3518f9eb917c1a0bd1bc13a8a4c951997faef858d854e55a5a8dae06e8c3231f
sparknet-lowdata10,canonical_epoch_log,outputs/sparknet-lowdata10/pointwise_b1-bn/c14g16-seed7/metrics/grow/sparknet_c14g16_paper.jsonl,118256,4411faee570a129a4b33f7ae3231f085d944f1aadbadc915745844ccb4f08480
sparknet-lowdata10,stage_report,outputs/sparknet-lowdata10/pointwise_b1-bn/c14g16-seed7/reports/grow_summary.yaml,5469,6179ebd1a7a4ecf2af36a10f3bec055e1a6ab81b610b61f8cbd1904fadd482e9
sparknet-lowdata10,run_manifest,outputs/sparknet-lowdata10/pointwise_b1-bn/c14g16-seed8/manifest.yaml,6164,8425e0191023833800935e1e23466ff465fc63fdac21e5113297aed7642cac89
sparknet-lowdata10,canonical_epoch_log,outputs/sparknet-lowdata10/pointwise_b1-bn/c14g16-seed8/metrics/grow/sparknet_c14g16_paper.jsonl,118231,92720a4686809f9f6d4900f568c1b1f453ab7905fa283aef654c94ad56465788
sparknet-lowdata10,stage_report,outputs/sparknet-lowdata10/pointwise_b1-bn/c14g16-seed8/reports/grow_summary.yaml,5480,62961cee6de7c5e531586bf5d57f9689af4dceaaccce59a6a6bb1a4b82be2fb7
sparknet-lowdata10,run_manifest,outputs/sparknet-lowdata10/pointwise_b1-bn/c14g16-seed9/manifest.yaml,6164,1fa4c8c8d968ca756264eb66fed5b7b6bdc6b93b348fe4a826bdf6b2aa11c877
sparknet-lowdata10,canonical_epoch_log,outputs/sparknet-lowdata10/pointwise_b1-bn/c14g16-seed9/metrics/grow/sparknet_c14g16_paper.jsonl,118252,af6c4eb142fc6d818d06516dd7edf6210d25a79e161e1a4835b5249e3fcf5418
sparknet-lowdata10,stage_report,outputs/sparknet-lowdata10/pointwise_b1-bn/c14g16-seed9/reports/grow_summary.yaml,5465,c5f533f9d086b539d5ba92fcf249c8af06b4200400f000c9365fdddf595317da
sparknet-lowdata10,run_manifest,outputs/sparknet-lowdata10/pointwise_b1-bn/c16g16-seed0/manifest.yaml,6164,40e0b87bea3b6dedc5421b5a9dc4e013aedf638d210e10df5571cc0ba985727d
sparknet-lowdata10,canonical_epoch_log,outputs/sparknet-lowdata10/pointwise_b1-bn/c16g16-seed0/metrics/grow/sparknet_c16g16_paper.jsonl,118226,be66fcc19df9dbafd299521a2afef0f0be493792254e8e57a6bfa2aeba86ffbe
sparknet-lowdata10,stage_report,outputs/sparknet-lowdata10/pointwise_b1-bn/c16g16-seed0/reports/grow_summary.yaml,5472,a45e98848a0787e0d9e4db3ed3ed019cce86b521ffc17f4d6c60778e0bde512d
sparknet-lowdata10,run_manifest,outputs/sparknet-lowdata10/pointwise_b1-bn/c16g16-seed1/manifest.yaml,6164,8ce7668d9f642a20933e23813802c5351bd67a88daa98a26a92c1b06607d65ab
sparknet-lowdata10,canonical_epoch_log,outputs/sparknet-lowdata10/pointwise_b1-bn/c16g16-seed1/metrics/grow/sparknet_c16g16_paper.jsonl,118293,8e42abde35a8d2bebad0cd75ab73e88cf3402ba790d9cf4f7501a9c818f20768
sparknet-lowdata10,stage_report,outputs/sparknet-lowdata10/pointwise_b1-bn/c16g16-seed1/reports/grow_summary.yaml,5474,1b2afea753ddca7e7bbee8a60b89ffc21eb3d4ee7f8cb14f872449598e44d58d
sparknet-lowdata10,run_manifest,outputs/sparknet-lowdata10/pointwise_b1-bn/c16g16-seed10/manifest.yaml,6169,fb1b62505870291d899d811db64a6700d62c4a41f00ec580bb610948f07840c1
sparknet-lowdata10,canonical_epoch_log,outputs/sparknet-lowdata10/pointwise_b1-bn/c16g16-seed10/metrics/grow/sparknet_c16g16_paper.jsonl,118499,0b7f96e2e5d2125fec7521ed736487cb5cdb34eef068418018ee8bff9735381f
sparknet-lowdata10,stage_report,outputs/sparknet-lowdata10/pointwise_b1-bn/c16g16-seed10/reports/grow_summary.yaml,5487,b135f35e9c16abd55e2a0ac170dea0b09d395d036884fcd420a85936aaa004e7
sparknet-lowdata10,run_manifest,outputs/sparknet-lowdata10/pointwise_b1-bn/c16g16-seed11/manifest.yaml,6169,b837ff9cdeb45c0e924d1699c73c8c99da096deffad932a4bc856446ab04cf59
sparknet-lowdata10,canonical_epoch_log,outputs/sparknet-lowdata10/pointwise_b1-bn/c16g16-seed11/metrics/grow/sparknet_c16g16_paper.jsonl,118441,f547c5ec3bec33c6bac3582ad82bdae232fe9fc593b09b7f61088d540be088d6
sparknet-lowdata10,stage_report,outputs/sparknet-lowdata10/pointwise_b1-bn/c16g16-seed11/reports/grow_summary.yaml,5475,cd383817a41e705d304896858afe8678fac12e90f9662aa4ac3c626e94db0909
sparknet-lowdata10,run_manifest,outputs/sparknet-lowdata10/pointwise_b1-bn/c16g16-seed12/manifest.yaml,6169,d3f595417734021723e1019f5eacab372b602e61615a0f4a37747008aac913a0
sparknet-lowdata10,canonical_epoch_log,outputs/sparknet-lowdata10/pointwise_b1-bn/c16g16-seed12/metrics/grow/sparknet_c16g16_paper.jsonl,118420,f6ffee443a50ca24c1a5399004d1526454413d268f9c01a281ec0e25bbe02d1c
sparknet-lowdata10,stage_report,outputs/sparknet-lowdata10/pointwise_b1-bn/c16g16-seed12/reports/grow_summary.yaml,5467,acdaffcc4e0bab84b694d8a675f8994ab840115dc4c161c1952bfcdee4727f9f
sparknet-lowdata10,run_manifest,outputs/sparknet-lowdata10/pointwise_b1-bn/c16g16-seed13/manifest.yaml,6169,564dfb0451cd9e9737ffda986e446a23fb8f0152cc6429741ac6ae18daeb4fe8
sparknet-lowdata10,canonical_epoch_log,outputs/sparknet-lowdata10/pointwise_b1-bn/c16g16-seed13/metrics/grow/sparknet_c16g16_paper.jsonl,118467,139631910a3b95eefaf45628b6885018cee9a2ed7b93211f76c171feb301a633
sparknet-lowdata10,stage_report,outputs/sparknet-lowdata10/pointwise_b1-bn/c16g16-seed13/reports/grow_summary.yaml,5486,79abd7d16967347ea29b6d4b990876a8faab8ef7c8af69c2f6a3c638be2150f3
sparknet-lowdata10,run_manifest,outputs/sparknet-lowdata10/pointwise_b1-bn/c16g16-seed14/manifest.yaml,6169,ff7be8db53ea85b28872d9a3ad7530c04a705cbf01b7dd1f813e7ce76f62eadb
sparknet-lowdata10,canonical_epoch_log,outputs/sparknet-lowdata10/pointwise_b1-bn/c16g16-seed14/metrics/grow/sparknet_c16g16_paper.jsonl,118435,f32aaf5903887a6828fd566416a8581db188f08796223d895e2ecfb95493bc56
sparknet-lowdata10,stage_report,outputs/sparknet-lowdata10/pointwise_b1-bn/c16g16-seed14/reports/grow_summary.yaml,5472,6b64e524b199b75259c216716169bda524dcbbd0ea0209fd01aaeabc94376eec
sparknet-lowdata10,run_manifest,outputs/sparknet-lowdata10/pointwise_b1-bn/c16g16-seed15/manifest.yaml,6169,efd9cf935c00bb5c5790022700e82e0cc5ea3be35e81f39991502ced426c3d68
sparknet-lowdata10,canonical_epoch_log,outputs/sparknet-lowdata10/pointwise_b1-bn/c16g16-seed15/metrics/grow/sparknet_c16g16_paper.jsonl,118425,faa84d8cffcec749461f00f56ebadbb7762d036fc955d1c5373648e78b5ca744
sparknet-lowdata10,stage_report,outputs/sparknet-lowdata10/pointwise_b1-bn/c16g16-seed15/reports/grow_summary.yaml,5478,b06725c21de1d1f7d5c2f7c7d2c2f8d96a7e12c8be62ae156e8ebb3346edcaff
sparknet-lowdata10,run_manifest,outputs/sparknet-lowdata10/pointwise_b1-bn/c16g16-seed16/manifest.yaml,6169,ffce5256f6884ae6ecfe3d6ad23c55363ca283c89f8a31c87942be46ae36b97f
sparknet-lowdata10,canonical_epoch_log,outputs/sparknet-lowdata10/pointwise_b1-bn/c16g16-seed16/metrics/grow/sparknet_c16g16_paper.jsonl,118511,6e79aabcecb3ecc94452e1b0ad77b033d2d2c79b34884418f88d568f9c3c1f89
sparknet-lowdata10,stage_report,outputs/sparknet-lowdata10/pointwise_b1-bn/c16g16-seed16/reports/grow_summary.yaml,5479,e4840fbf9606f95f042ce728608d099bb2735fb4c78696ff0f8e2fc52b9dcc41
sparknet-lowdata10,run_manifest,outputs/sparknet-lowdata10/pointwise_b1-bn/c16g16-seed17/manifest.yaml,6169,de09ea5e9a280c201470be8f84bb0ab52ef5614efa828fc9430d38a184da00f3
sparknet-lowdata10,canonical_epoch_log,outputs/sparknet-lowdata10/pointwise_b1-bn/c16g16-seed17/metrics/grow/sparknet_c16g16_paper.jsonl,118416,66fecf869f159f0957bc91928c40d54b76005594d455ca1b22deec74d1e13c28
sparknet-lowdata10,stage_report,outputs/sparknet-lowdata10/pointwise_b1-bn/c16g16-seed17/reports/grow_summary.yaml,5471,45a54fa70263aafad0d887f766c8e0b1cb07cdfb6e810ce30d192e6e52b65f7f
sparknet-lowdata10,run_manifest,outputs/sparknet-lowdata10/pointwise_b1-bn/c16g16-seed18/manifest.yaml,6169,ae5bb0fd6a99710e700ed87a78445fff749bd41a6f6d7e77e889bf7cddfb9756
sparknet-lowdata10,canonical_epoch_log,outputs/sparknet-lowdata10/pointwise_b1-bn/c16g16-seed18/metrics/grow/sparknet_c16g16_paper.jsonl,118453,33a2c95dcaccb69459071ce93db0aa0d24ac85cea5a139fb04e0d4a170fc6de9
sparknet-lowdata10,stage_report,outputs/sparknet-lowdata10/pointwise_b1-bn/c16g16-seed18/reports/grow_summary.yaml,5478,efa17eee2a8ab1a12eba0f90a753c49a26c43668a06d655adaf6c0cb5b661d7d
sparknet-lowdata10,run_manifest,outputs/sparknet-lowdata10/pointwise_b1-bn/c16g16-seed19/manifest.yaml,6169,20775f874f1c5a8d3186fc3cd87db13bc41c83d866916b2db85a69bd01161f8b
sparknet-lowdata10,canonical_epoch_log,outputs/sparknet-lowdata10/pointwise_b1-bn/c16g16-seed19/metrics/grow/sparknet_c16g16_paper.jsonl,118511,a1004077e760e40d0a80ccdaa8243babb1ce84bd40bd8f4edb7fcfdef25fdcfe
sparknet-lowdata10,stage_report,outputs/sparknet-lowdata10/pointwise_b1-bn/c16g16-seed19/reports/grow_summary.yaml,5482,4c219580ee36636765ec8c26fa2b642217c391513c2cf042707f831a4186ae80
sparknet-lowdata10,run_manifest,outputs/sparknet-lowdata10/pointwise_b1-bn/c16g16-seed2/manifest.yaml,6164,019ef928bd9579dc12ca82fd46a15c79b00c609d77aba4272929886e2c1fd0f8
sparknet-lowdata10,canonical_epoch_log,outputs/sparknet-lowdata10/pointwise_b1-bn/c16g16-seed2/metrics/grow/sparknet_c16g16_paper.jsonl,118240,f8c0ea0f5d178cd5413922ee33d037dcb89bda88cdb2389ce83c8d2c9509797f
sparknet-lowdata10,stage_report,outputs/sparknet-lowdata10/pointwise_b1-bn/c16g16-seed2/reports/grow_summary.yaml,5470,d9b4f5ae3643fafca411feac0c7adf76ad18167c6c75492619271034911f5ba6
sparknet-lowdata10,run_manifest,outputs/sparknet-lowdata10/pointwise_b1-bn/c16g16-seed3/manifest.yaml,6164,44bf63f2bec9e1fa6b2403555231d4e26af853809928471d0a8311406dc14934
sparknet-lowdata10,canonical_epoch_log,outputs/sparknet-lowdata10/pointwise_b1-bn/c16g16-seed3/metrics/grow/sparknet_c16g16_paper.jsonl,118239,a2a35459cde10f82168b7a83a359feecced6116369c5fd860f80e53640db1b6d
sparknet-lowdata10,stage_report,outputs/sparknet-lowdata10/pointwise_b1-bn/c16g16-seed3/reports/grow_summary.yaml,5476,28283f6aecaec69129584021155c06774a09835ed90437aedda39cf26cda7b2e
sparknet-lowdata10,run_manifest,outputs/sparknet-lowdata10/pointwise_b1-bn/c16g16-seed4/manifest.yaml,6164,69005f94656761d23ffee3af5ac5cd7fad092b5989a02662e9f726a54d8fc89c
sparknet-lowdata10,canonical_epoch_log,outputs/sparknet-lowdata10/pointwise_b1-bn/c16g16-seed4/metrics/grow/sparknet_c16g16_paper.jsonl,118277,e531c25f057fff1f5289c5ceb8ad03daedbcbe91c5206e8f10e31c93b789a1a3
sparknet-lowdata10,stage_report,outputs/sparknet-lowdata10/pointwise_b1-bn/c16g16-seed4/reports/grow_summary.yaml,5465,374fd6bd44814494694925e5512022c4081adfe5e5e65015348497e7bc73f652
sparknet-lowdata10,run_manifest,outputs/sparknet-lowdata10/pointwise_b1-bn/c16g16-seed5/manifest.yaml,6164,f694fd6d243d83b0c7e0f302dba699c6fa8f764fdfc7f4069076594ac3b602ce
sparknet-lowdata10,canonical_epoch_log,outputs/sparknet-lowdata10/pointwise_b1-bn/c16g16-seed5/metrics/grow/sparknet_c16g16_paper.jsonl,118232,2491cad8adde3e3910b0e4c4d9230db23bd5b130b41aac599dfa5090e524395d
sparknet-lowdata10,stage_report,outputs/sparknet-lowdata10/pointwise_b1-bn/c16g16-seed5/reports/grow_summary.yaml,5480,9869efed99fdc2126cb56777629c4c6ed3f6de884cfff8d63b4d8503feb8d099
sparknet-lowdata10,run_manifest,outputs/sparknet-lowdata10/pointwise_b1-bn/c16g16-seed6/manifest.yaml,6164,28cb23e7489c4b4f31ae11bbd5302aa1473d8d5b11d8f4482ae657b102c3ec3e
sparknet-lowdata10,canonical_epoch_log,outputs/sparknet-lowdata10/pointwise_b1-bn/c16g16-seed6/metrics/grow/sparknet_c16g16_paper.jsonl,118213,e7065aef0f717943ba4f2c3adf9aee7d17180b548810ccb2960ae84d9b540a91
sparknet-lowdata10,stage_report,outputs/sparknet-lowdata10/pointwise_b1-bn/c16g16-seed6/reports/grow_summary.yaml,5455,458daacb96eddb073e2ba8a73c19417fd266dd32b0a7109a6b2571b06c920882
sparknet-lowdata10,run_manifest,outputs/sparknet-lowdata10/pointwise_b1-bn/c16g16-seed7/manifest.yaml,6164,c0a5f7d084ffe7780ae97ff9525b42dfa0847e6a1b42abcc608b464540df3411
sparknet-lowdata10,canonical_epoch_log,outputs/sparknet-lowdata10/pointwise_b1-bn/c16g16-seed7/metrics/grow/sparknet_c16g16_paper.jsonl,118270,51b919eea3b4df7d98f1a5867b416186a2796faf61f5dde14c11c139c87020b3
sparknet-lowdata10,stage_report,outputs/sparknet-lowdata10/pointwise_b1-bn/c16g16-seed7/reports/grow_summary.yaml,5478,2f806cecb4a4cb2ea361a30beb39cbae9c4b635349d4f0e4794b70a4e185a57d
sparknet-lowdata10,run_manifest,outputs/sparknet-lowdata10/pointwise_b1-bn/c16g16-seed8/manifest.yaml,6164,1df52b72297a8959f1d4e0d06ad854a72b8998a0312c11e4c398cae72af50c74
sparknet-lowdata10,canonical_epoch_log,outputs/sparknet-lowdata10/pointwise_b1-bn/c16g16-seed8/metrics/grow/sparknet_c16g16_paper.jsonl,118256,cf0d4ae2dd8b30ccb016a4903338ed2f7b6ea2d41d352d98412228aaae5cb702
sparknet-lowdata10,stage_report,outputs/sparknet-lowdata10/pointwise_b1-bn/c16g16-seed8/reports/grow_summary.yaml,5474,d23ecb28911fabcae1956d2d69a88e2901fb281d339895940e92c60e9c135930
sparknet-lowdata10,run_manifest,outputs/sparknet-lowdata10/pointwise_b1-bn/c16g16-seed9/manifest.yaml,6164,5e178c18d093b8308abbb538e87fb349950b09f7799a8e1454034e33cd6d37c5
sparknet-lowdata10,canonical_epoch_log,outputs/sparknet-lowdata10/pointwise_b1-bn/c16g16-seed9/metrics/grow/sparknet_c16g16_paper.jsonl,118271,42b5a48c4d61fc29654e5e854d7c1d32d4b537d0bd78494ae5079f9c134a889d
sparknet-lowdata10,stage_report,outputs/sparknet-lowdata10/pointwise_b1-bn/c16g16-seed9/reports/grow_summary.yaml,5477,4612c4313e6b00e454f8e987a8aae146bb6147f4652c5eacec94832b86fb277a
sparknet-lowdata10,run_manifest,outputs/sparknet-lowdata10/pointwise_b1-bn/c18g16-seed0/manifest.yaml,6164,8bfcc198745ffe57e5ada9197391f0fb5ccfc89acf3f3cf7c0d40cd425d9e10e
sparknet-lowdata10,canonical_epoch_log,outputs/sparknet-lowdata10/pointwise_b1-bn/c18g16-seed0/metrics/grow/sparknet_c18g16_paper.jsonl,118222,6ad25972e3ce78364028f1f867e249b0d581a5eef37cef532582f7444019350e
sparknet-lowdata10,stage_report,outputs/sparknet-lowdata10/pointwise_b1-bn/c18g16-seed0/reports/grow_summary.yaml,5477,b4bb788e3e6f1a9634cbcc3f5b7bd2e733fbca38036db6c87170d31b448a252c
sparknet-lowdata10,run_manifest,outputs/sparknet-lowdata10/pointwise_b1-bn/c18g16-seed1/manifest.yaml,6164,d99c0e73083ac0d34c48ac3c366cfad33037fc3caecaef8624ea9e56adceaaf2
sparknet-lowdata10,canonical_epoch_log,outputs/sparknet-lowdata10/pointwise_b1-bn/c18g16-seed1/metrics/grow/sparknet_c18g16_paper.jsonl,118241,7d37f2b2547e343f7c75228209be75cf6d68278ac53a3a198766557817e7931a
sparknet-lowdata10,stage_report,outputs/sparknet-lowdata10/pointwise_b1-bn/c18g16-seed1/reports/grow_summary.yaml,5480,4e6e2d489e7a8bba79d587e95f9f3514d4b7a69aa93889fe4aa13744803f8161
sparknet-lowdata10,run_manifest,outputs/sparknet-lowdata10/pointwise_b1-bn/c18g16-seed2/manifest.yaml,6164,51680d16271aec747e7239a6ec38043da5e723bb954a47ef95571360baf46777
sparknet-lowdata10,canonical_epoch_log,outputs/sparknet-lowdata10/pointwise_b1-bn/c18g16-seed2/metrics/grow/sparknet_c18g16_paper.jsonl,118188,c6f2ca68cd85076d8e97ca651f8b779300798e4e3563f87aeff58ec5b011d6c9
sparknet-lowdata10,stage_report,outputs/sparknet-lowdata10/pointwise_b1-bn/c18g16-seed2/reports/grow_summary.yaml,5460,600a45818636af3ffb206cb70969b185733a626d97271e92605ed8e9b043235b
sparknet-lowdata10,run_manifest,outputs/sparknet-lowdata10/pointwise_b1-bn/c18g16-seed3/manifest.yaml,6164,96a491877de4d17b0ffb766ebb9a652d6c461d48e6cfda866a5df31d06b89e23
sparknet-lowdata10,canonical_epoch_log,outputs/sparknet-lowdata10/pointwise_b1-bn/c18g16-seed3/metrics/grow/sparknet_c18g16_paper.jsonl,118251,e1659b8ecc25565480362485f43684347250c3e31f6395eed04b772345957614
sparknet-lowdata10,stage_report,outputs/sparknet-lowdata10/pointwise_b1-bn/c18g16-seed3/reports/grow_summary.yaml,5474,59f18b279812452a98e5e7b3e1d82655696589fb1f286584209ba70446cdb899
sparknet-lowdata10,run_manifest,outputs/sparknet-lowdata10/pointwise_b1-bn/c18g16-seed4/manifest.yaml,6164,75e08c2336c6f7abba4c35c87fa8bb19382f6f02135967048eaca8e9f8516a03
sparknet-lowdata10,canonical_epoch_log,outputs/sparknet-lowdata10/pointwise_b1-bn/c18g16-seed4/metrics/grow/sparknet_c18g16_paper.jsonl,118228,9eb603e5e20bb8e375fb13075cb41fa8d9ff205634fd8c6f2161fa191023f3a0
sparknet-lowdata10,stage_report,outputs/sparknet-lowdata10/pointwise_b1-bn/c18g16-seed4/reports/grow_summary.yaml,5473,86e32974b47166d587fbcfb33deef74273a9bdeb2a8d4aaf859724684cfc27a2
sparknet-lowdata10,run_manifest,outputs/sparknet-lowdata10/pointwise_b1-bn/c6g16-seed0/manifest.yaml,6140,e5ae26587e9491f8074b1c71fa4d3e51f58d55b64128323a26bb90c0aa14342f
sparknet-lowdata10,canonical_epoch_log,outputs/sparknet-lowdata10/pointwise_b1-bn/c6g16-seed0/metrics/grow/sparknet_c6g16_paper.jsonl,117874,7aaf96c69c0163b43f126e098ab6f816c7bbbb51d6af4f4ae409a688d7f4d711
sparknet-lowdata10,stage_report,outputs/sparknet-lowdata10/pointwise_b1-bn/c6g16-seed0/reports/grow_summary.yaml,5457,4f37aa491d668bd5078e180859a34dd79cb698e6c79bc966f0c2fd37ba5a7b65
sparknet-lowdata10,run_manifest,outputs/sparknet-lowdata10/pointwise_b1-bn/c6g16-seed1/manifest.yaml,6140,d7612ae4833a87f961ba7f317baef57300e9b91230cb237fa78b3b145d498d5f
sparknet-lowdata10,canonical_epoch_log,outputs/sparknet-lowdata10/pointwise_b1-bn/c6g16-seed1/metrics/grow/sparknet_c6g16_paper.jsonl,117906,bdfce4161cb52513f6f24f5ecd901f1ff3352c041c32c0d452b85b3c149970f7
sparknet-lowdata10,stage_report,outputs/sparknet-lowdata10/pointwise_b1-bn/c6g16-seed1/reports/grow_summary.yaml,5434,929fc99ef7de00b7c5ec0e92a5ec0cd5c5e81f48ac5f27de07bef890e29f5442
sparknet-lowdata10,run_manifest,outputs/sparknet-lowdata10/pointwise_b1-bn/c6g16-seed2/manifest.yaml,6141,10b0622e0b9c4e911252324904ebf985f7e634b590092cf4e42c43bd4bea7965
sparknet-lowdata10,canonical_epoch_log,outputs/sparknet-lowdata10/pointwise_b1-bn/c6g16-seed2/metrics/grow/sparknet_c6g16_paper.jsonl,117889,17d563bc866205239419ade34c0b28b0a2337e73ff201894c6e8e164d975a94d
sparknet-lowdata10,stage_report,outputs/sparknet-lowdata10/pointwise_b1-bn/c6g16-seed2/reports/grow_summary.yaml,5441,c446435ee520c18382b55f8f59e0b98aa865235c100e99da95b6d30e0609244b
sparknet-lowdata10,run_manifest,outputs/sparknet-lowdata10/pointwise_b1-bn/c8g16-seed0/manifest.yaml,6140,61ea3dd83a986ef472d39ea13b5c6bc063cf1ca99e0dd4f5d0acda2605d03b23
sparknet-lowdata10,canonical_epoch_log,outputs/sparknet-lowdata10/pointwise_b1-bn/c8g16-seed0/metrics/grow/sparknet_c8g16_paper.jsonl,117801,2b64348c5854db893ad9c393ca71dcc06e4c676664c6304acfe2a94beb144deb
sparknet-lowdata10,stage_report,outputs/sparknet-lowdata10/pointwise_b1-bn/c8g16-seed0/reports/grow_summary.yaml,5458,e66ae39a123f994be95c2778fb02f29fab8f940edf1e22256868a797ccb41367
sparknet-lowdata10,run_manifest,outputs/sparknet-lowdata10/pointwise_b1-bn/c8g16-seed1/manifest.yaml,6140,207b66121d7b2456b3a13a730145ee6fbf26b48dd7a81379b96c166234c71caf
sparknet-lowdata10,canonical_epoch_log,outputs/sparknet-lowdata10/pointwise_b1-bn/c8g16-seed1/metrics/grow/sparknet_c8g16_paper.jsonl,117899,09aba71c91350de149c350193c88145a0f946a8233fbdf545eaedee23a7d0418
sparknet-lowdata10,stage_report,outputs/sparknet-lowdata10/pointwise_b1-bn/c8g16-seed1/reports/grow_summary.yaml,5435,75bfcffc8ce6719a7cefaff1973c9e27a27013b5ff45f8a3359e4e4268b7b407
sparknet-lowdata10,run_manifest,outputs/sparknet-lowdata10/pointwise_b1-bn/c8g16-seed2/manifest.yaml,6141,e492d4aad121e6b0c9fa9caf19b31fbdca4094cc7b16e6f016d552b5efe31f30
sparknet-lowdata10,canonical_epoch_log,outputs/sparknet-lowdata10/pointwise_b1-bn/c8g16-seed2/metrics/grow/sparknet_c8g16_paper.jsonl,117890,1802de52615df4c57b579c82e37c78651ad4fabeb5f45c38f02fba8c52a15b5c
sparknet-lowdata10,stage_report,outputs/sparknet-lowdata10/pointwise_b1-bn/c8g16-seed2/reports/grow_summary.yaml,5470,5fc95a27dd530d01aa06c4b8ce3fb648cb660de023e973d78903f3ade04b1bc8
sparknet-lowdata10,run_manifest,outputs/sparknet-lowdata10/pointwise_b1-bn-sw5/c16g16-seed0/manifest.yaml,6230,81539cd91fa681a356ee53a7a3f4583c5c81684a5f2e4b102bf04326d4d3244e
sparknet-lowdata10,canonical_epoch_log,outputs/sparknet-lowdata10/pointwise_b1-bn-sw5/c16g16-seed0/metrics/grow/sparknet_c16g16_paper.jsonl,128760,a105e86d88f9c6f710a3f0e7e743fbe767b06b6dddd8273052e39e403b79ae79
sparknet-lowdata10,stage_report,outputs/sparknet-lowdata10/pointwise_b1-bn-sw5/c16g16-seed0/reports/grow_summary.yaml,5427,718408d2c4ba8618332df14080465c1b435d6a16206797fa2fa68d0643be5367
sparknet-lowdata10,run_manifest,outputs/sparknet-lowdata10/pointwise_b1-bn-sw5/c16g16-seed1/manifest.yaml,6230,51c57b57ab036a0bcac2c8007544af8a3fdce5fd53d1c5ed27ec298967e0fe16
sparknet-lowdata10,canonical_epoch_log,outputs/sparknet-lowdata10/pointwise_b1-bn-sw5/c16g16-seed1/metrics/grow/sparknet_c16g16_paper.jsonl,128954,0b1882dc391f40648c7dc2e78bf4bcbf82ea169847d5c7db8b6b911e8172286c
sparknet-lowdata10,stage_report,outputs/sparknet-lowdata10/pointwise_b1-bn-sw5/c16g16-seed1/reports/grow_summary.yaml,5430,99bdafa08a45afdd5723388ca1a6912fb0ec16877abf41890b81c0ba706e6d4c
sparknet-lowdata10,run_manifest,outputs/sparknet-lowdata10/pointwise_b1-bn-sw5/c16g16-seed2/manifest.yaml,6230,ab7d64a315c6a6ce11ca642c8f9533a4ab285cb2e53bda0b4f93956c6bcc989e
sparknet-lowdata10,canonical_epoch_log,outputs/sparknet-lowdata10/pointwise_b1-bn-sw5/c16g16-seed2/metrics/grow/sparknet_c16g16_paper.jsonl,128980,5752844e6cd09a1b09c28fcdd99ad181fef473e59934015f31409bef155338c3
sparknet-lowdata10,stage_report,outputs/sparknet-lowdata10/pointwise_b1-bn-sw5/c16g16-seed2/reports/grow_summary.yaml,5433,01987533ef01122d52a9a6f29d5ccd4e4e7ca644288c1d43185b864e642aa9f7
sparknet-lowdata10,run_manifest,outputs/sparknet-lowdata10/pointwise_b1-bn-sw5/c16g16-seed3/manifest.yaml,6230,4d898bac1796d8e0a7ff17b3cae540f72beba786e18e1b2ac256a89a96c4d108
sparknet-lowdata10,canonical_epoch_log,outputs/sparknet-lowdata10/pointwise_b1-bn-sw5/c16g16-seed3/metrics/grow/sparknet_c16g16_paper.jsonl,128825,4bd269b5b26b19d593bdf6d80844a52866fccbe87ac8aad4d3095e474727ec32
sparknet-lowdata10,stage_report,outputs/sparknet-lowdata10/pointwise_b1-bn-sw5/c16g16-seed3/reports/grow_summary.yaml,5441,c625eac6382ee497d309a43c2a0667201a7a94ee8d619949ed88aff92b4f75e0
sparknet-lowdata10,run_manifest,outputs/sparknet-lowdata10/pointwise_b1-bn-sw5/c16g16-seed4/manifest.yaml,6230,17429f0c2be473b7e7d97cf44ca420919c0bc03f9817824e65dea118f027f998
sparknet-lowdata10,canonical_epoch_log,outputs/sparknet-lowdata10/pointwise_b1-bn-sw5/c16g16-seed4/metrics/grow/sparknet_c16g16_paper.jsonl,128878,1855c433245851aa0b8b06e416c7c8e23fb7282523f91b62aa38ae19650b45a0
sparknet-lowdata10,stage_report,outputs/sparknet-lowdata10/pointwise_b1-bn-sw5/c16g16-seed4/reports/grow_summary.yaml,5431,9a9a4085d28168284e7a46e5e18b8d6072f1d6ad271d4404a4a4c1c14416fb91
sparknet-lowdata10,run_manifest,outputs/sparknet-lowdata10/pointwise_b12-bn/c16g16-seed0/manifest.yaml,6188,c70cdc69b062adfd1b74f3b45b5462743d11f1c673579e4aeac182f8c7c5fcf6
sparknet-lowdata10,canonical_epoch_log,outputs/sparknet-lowdata10/pointwise_b12-bn/c16g16-seed0/metrics/grow/sparknet_c16g16_paper.jsonl,121517,0e0677025528480f02b0c831d88edd99afd2beac047f0f2a8fbd5d96affa0aa2
sparknet-lowdata10,stage_report,outputs/sparknet-lowdata10/pointwise_b12-bn/c16g16-seed0/reports/grow_summary.yaml,7016,72e755e1fca1edde01349549f6f88658cb827e06af70de4dae08d343194497fd
sparknet-lowdata10,run_manifest,outputs/sparknet-lowdata10/pointwise_b12-bn/c16g16-seed1/manifest.yaml,6188,90d8def1e465b0a1f4e864bbd55fefc1a28853807ed70eff8975d7c71c80d5f4
sparknet-lowdata10,canonical_epoch_log,outputs/sparknet-lowdata10/pointwise_b12-bn/c16g16-seed1/metrics/grow/sparknet_c16g16_paper.jsonl,121625,b605ba5d35e7ab0030b13e009359b87ecf8cae3950266d1969b5f60ef9d9cb05
sparknet-lowdata10,stage_report,outputs/sparknet-lowdata10/pointwise_b12-bn/c16g16-seed1/reports/grow_summary.yaml,7027,b75b8271f290ff60d58027b6a6be5ed2adb96b5cd2f1eca0e23fef64716b5c96
sparknet-lowdata10,run_manifest,outputs/sparknet-lowdata10/pointwise_b12-bn/c16g16-seed2/manifest.yaml,6188,ddd5ba46b868f69dffb8cbe4c8debb5db4ded06a7fecf49dbc9b138dc449e8b3
sparknet-lowdata10,canonical_epoch_log,outputs/sparknet-lowdata10/pointwise_b12-bn/c16g16-seed2/metrics/grow/sparknet_c16g16_paper.jsonl,121572,8d18a91f01c1d4641ac338e442aed02b8d9a925ebafa491007bcaf39264f24a7
sparknet-lowdata10,stage_report,outputs/sparknet-lowdata10/pointwise_b12-bn/c16g16-seed2/reports/grow_summary.yaml,7012,2f17c56128c7e2bbc4fc683d5ac81e878ffb85521d5e5998b4ea6eae0c424fe3
sparknet-lowdata10,run_manifest,outputs/sparknet-lowdata10/pointwise_b12-bn/c16g16-seed3/manifest.yaml,6188,4ef185661e6bc2e120b289308f1c671af8af130a2dc87c91ffc9de3f456eaf5b
sparknet-lowdata10,canonical_epoch_log,outputs/sparknet-lowdata10/pointwise_b12-bn/c16g16-seed3/metrics/grow/sparknet_c16g16_paper.jsonl,121527,638e39c89ac7191c37ce0804696ebc4c99cbe4cdcd29a1bd44fd422e25373afd
sparknet-lowdata10,stage_report,outputs/sparknet-lowdata10/pointwise_b12-bn/c16g16-seed3/reports/grow_summary.yaml,7008,7d87877417a637f84ea2d1a6003799a4070c5f8b9bd28ddc976f4779467260fb
sparknet-lowdata10,run_manifest,outputs/sparknet-lowdata10/pointwise_b12-bn/c16g16-seed4/manifest.yaml,6188,ba0acd70924f526ca36467e92c54abf95f5ed58c3cf8aa18344cbbcac305cf42
sparknet-lowdata10,canonical_epoch_log,outputs/sparknet-lowdata10/pointwise_b12-bn/c16g16-seed4/metrics/grow/sparknet_c16g16_paper.jsonl,121579,17b12a9af327cde5d450474d93fc7122c36b13bd3ead802290c2b64e73012869
sparknet-lowdata10,stage_report,outputs/sparknet-lowdata10/pointwise_b12-bn/c16g16-seed4/reports/grow_summary.yaml,7018,5636f17bade1d8427f54a415782f939bb00db60f0ef462712db6b3c66528bbbb
sparknet-lowdata10,run_manifest,outputs/sparknet-lowdata10/pointwise_b123-bn/c16g16-seed0/manifest.yaml,6212,e9bfbabcc142a2f4102187fdf3a8c8ccc85690ef09d7adfb6944891c769634e2
sparknet-lowdata10,canonical_epoch_log,outputs/sparknet-lowdata10/pointwise_b123-bn/c16g16-seed0/metrics/grow/sparknet_c16g16_paper.jsonl,124818,48a479db0ab3726265b957e448e67d4482efd56e6f4ee1eef1712d4fc4daa75e
sparknet-lowdata10,stage_report,outputs/sparknet-lowdata10/pointwise_b123-bn/c16g16-seed0/reports/grow_summary.yaml,8568,8df7188f7c3167303be1764a9b38d71c8f98aafc9c105d0977e42ee69125002e
sparknet-lowdata10,run_manifest,outputs/sparknet-lowdata10/pointwise_b123-bn/c16g16-seed1/manifest.yaml,6212,a2ceb85e27ca36822246a639cdbd22e219e012d663761fce8d0b3027019d5b20
sparknet-lowdata10,canonical_epoch_log,outputs/sparknet-lowdata10/pointwise_b123-bn/c16g16-seed1/metrics/grow/sparknet_c16g16_paper.jsonl,124941,6f5aa03f206a0c7e83bb8fd7b6de9479b92a82c21f783a525198e4c4a19b43df
sparknet-lowdata10,stage_report,outputs/sparknet-lowdata10/pointwise_b123-bn/c16g16-seed1/reports/grow_summary.yaml,8568,14eeb2ced8ca176b8f711db779d429e5ce4a7d56a6662eb35c63e9fe7a1f60f6
sparknet-lowdata10,run_manifest,outputs/sparknet-lowdata10/pointwise_b123-bn/c16g16-seed2/manifest.yaml,6212,878decfd721961b508a11e8f662565415a7bf9c3efe268daa30343744460a234
sparknet-lowdata10,canonical_epoch_log,outputs/sparknet-lowdata10/pointwise_b123-bn/c16g16-seed2/metrics/grow/sparknet_c16g16_paper.jsonl,124898,e51bc00163a16927dc9982d2a0052f66ba689285726e715bd9dbdedf31799147
sparknet-lowdata10,stage_report,outputs/sparknet-lowdata10/pointwise_b123-bn/c16g16-seed2/reports/grow_summary.yaml,8576,9279e2e7457e6aadac7be85dd922450aee99d78db24eab2bd3fcf1762ebfb369
sparknet-lowdata10,run_manifest,outputs/sparknet-lowdata10/pointwise_b123-bn/c16g16-seed3/manifest.yaml,6212,acef91435823efe4066278ab6b73371d81af487f2e3100c3bfe971ebdc948a12
sparknet-lowdata10,canonical_epoch_log,outputs/sparknet-lowdata10/pointwise_b123-bn/c16g16-seed3/metrics/grow/sparknet_c16g16_paper.jsonl,124860,590a31ad51c601a1aa2c0c56aab54c9d90c0b093448fcb4f9a4e258c63c1f697
sparknet-lowdata10,stage_report,outputs/sparknet-lowdata10/pointwise_b123-bn/c16g16-seed3/reports/grow_summary.yaml,8562,b2c0691f8e6c5609a1fecc7fbe5f2f1a5af2aa65cd1b982bc72bba50d7a9d1af
sparknet-lowdata10,run_manifest,outputs/sparknet-lowdata10/pointwise_b123-bn/c16g16-seed4/manifest.yaml,6212,9d5a2acc1a6552749e83be4ddef40337af9f746f54105db985153506719ef346
sparknet-lowdata10,canonical_epoch_log,outputs/sparknet-lowdata10/pointwise_b123-bn/c16g16-seed4/metrics/grow/sparknet_c16g16_paper.jsonl,124919,d668eb121e42d96e7dd13695a7abbefce4d3454054df8bc75a17755f210e273f
sparknet-lowdata10,stage_report,outputs/sparknet-lowdata10/pointwise_b123-bn/c16g16-seed4/reports/grow_summary.yaml,8571,9736a6ca4fddef06b33948594a60dca0e69e8f94a6a0df58d189176968b11439
sparknet-lowdata10,run_manifest,outputs/sparknet-lowdata10/pointwise_b2-bn/c16g16-seed0/manifest.yaml,6164,b512747ff56e68dedc29ba6b562986be6630ac1319c0d36c6b7b358c10d76d8d
sparknet-lowdata10,canonical_epoch_log,outputs/sparknet-lowdata10/pointwise_b2-bn/c16g16-seed0/metrics/grow/sparknet_c16g16_paper.jsonl,118234,6852a6ca31d9e201624c6ae3e0fb092b4342e2d77075773aced11f2068d6ea80
sparknet-lowdata10,stage_report,outputs/sparknet-lowdata10/pointwise_b2-bn/c16g16-seed0/reports/grow_summary.yaml,5458,38f30c05522eb1ebbb507a50426fdf203b47367ae63f008f88bdd785e79956c6
sparknet-lowdata10,run_manifest,outputs/sparknet-lowdata10/pointwise_b2-bn/c16g16-seed1/manifest.yaml,6164,be2065527528525c2e63dafe5ac933092ab3463bb90af1b0e0da18b0ee95d00a
sparknet-lowdata10,canonical_epoch_log,outputs/sparknet-lowdata10/pointwise_b2-bn/c16g16-seed1/metrics/grow/sparknet_c16g16_paper.jsonl,118333,17e20b61f5c7fe245a4ce125f3f08907bcbea983c30e227bd97f8e45b9c052a8
sparknet-lowdata10,stage_report,outputs/sparknet-lowdata10/pointwise_b2-bn/c16g16-seed1/reports/grow_summary.yaml,5470,8e77ded894274152055d05c5439bfd133bff6e2c6a93166f1eb7bbd0f0e0aad5
sparknet-lowdata10,run_manifest,outputs/sparknet-lowdata10/pointwise_b2-bn/c16g16-seed2/manifest.yaml,6164,3331fcf4bd7e042f45524d5f03af529a4773cb6b1aff1bd52a888d46fbaa4b47
sparknet-lowdata10,canonical_epoch_log,outputs/sparknet-lowdata10/pointwise_b2-bn/c16g16-seed2/metrics/grow/sparknet_c16g16_paper.jsonl,118284,9d2502a5572e4e90c6cf6cd5e3db6bfa9078df6a402e3e823afb071b1d0c2eb6
sparknet-lowdata10,stage_report,outputs/sparknet-lowdata10/pointwise_b2-bn/c16g16-seed2/reports/grow_summary.yaml,5482,51ded3750f495527dff51164d676f51c228a820f9769e49a65e506a94049be95
sparknet-lowdata10,run_manifest,outputs/sparknet-lowdata10/pointwise_b2-bn/c16g16-seed3/manifest.yaml,6164,04f40741fd0cd3fee6f549e03441899aa8c3162408f1aff5847164a1ffb9006f
sparknet-lowdata10,canonical_epoch_log,outputs/sparknet-lowdata10/pointwise_b2-bn/c16g16-seed3/metrics/grow/sparknet_c16g16_paper.jsonl,118250,849fb7467b74ddb06fad870f6a895475e58e19f22aafa9867c1716d0b33371dc
sparknet-lowdata10,stage_report,outputs/sparknet-lowdata10/pointwise_b2-bn/c16g16-seed3/reports/grow_summary.yaml,5463,a06d8c6cb5bce001af5bff52a640c19eafc2f5b0dd036f2f924b0f93d47b0483
sparknet-lowdata10,run_manifest,outputs/sparknet-lowdata10/pointwise_b2-bn/c16g16-seed4/manifest.yaml,6164,549abbefcd0aa29c9336e241fe3aeb86d62a4f5d26373ac88fc9bc6ad8e98d47
sparknet-lowdata10,canonical_epoch_log,outputs/sparknet-lowdata10/pointwise_b2-bn/c16g16-seed4/metrics/grow/sparknet_c16g16_paper.jsonl,118343,ad4eac0b11a8af16fafa37fdbd3f1cbe345561e8c3498f218f2e307177c16c07
sparknet-lowdata10,stage_report,outputs/sparknet-lowdata10/pointwise_b2-bn/c16g16-seed4/reports/grow_summary.yaml,5472,8a6a572a291727cbc1200b8d4026a1284056d1ba671daea01fa15c4fe190003a
sparknet-lowdata10,run_manifest,outputs/sparknet-lowdata10/pointwise_b2-bn/c16g16-seed5/manifest.yaml,6164,85b11e67a0e2c1d95a2b05c357b8b2c5d1639c10714ecd59bb7d8db874983cf9
sparknet-lowdata10,canonical_epoch_log,outputs/sparknet-lowdata10/pointwise_b2-bn/c16g16-seed5/metrics/grow/sparknet_c16g16_paper.jsonl,118238,9856e34a96afa734ab6ff54a3e2c26673aa7c5095fec0c514162b4ce8477ab27
sparknet-lowdata10,stage_report,outputs/sparknet-lowdata10/pointwise_b2-bn/c16g16-seed5/reports/grow_summary.yaml,5484,305d2c582b0f0ce272cc2d9d1ce29f001f6deb31580ffdd309accaa584325bbd
sparknet-lowdata10,run_manifest,outputs/sparknet-lowdata10/pointwise_b2-bn/c16g16-seed6/manifest.yaml,6164,f27253246dbe62b6cf01f18e2bfaeb4937786bcde55ef194df1532e7a55ba3f9
sparknet-lowdata10,canonical_epoch_log,outputs/sparknet-lowdata10/pointwise_b2-bn/c16g16-seed6/metrics/grow/sparknet_c16g16_paper.jsonl,118247,cb124b3232fa95867760eaecee6641e2eaea410f4f8ff05b25c374419ea3838c
sparknet-lowdata10,stage_report,outputs/sparknet-lowdata10/pointwise_b2-bn/c16g16-seed6/reports/grow_summary.yaml,5482,38bb07f1714b3dd98698bbbf342d8b57ee18e5c78d6e443414bd87e90d445ff9
sparknet-lowdata10,run_manifest,outputs/sparknet-lowdata10/pointwise_b2-bn/c16g16-seed7/manifest.yaml,6164,c1f31d48b2beb1e694178a37ddeacc55eeb3f98b4576b86cae7391733367d7d4
sparknet-lowdata10,canonical_epoch_log,outputs/sparknet-lowdata10/pointwise_b2-bn/c16g16-seed7/metrics/grow/sparknet_c16g16_paper.jsonl,118248,7b74b68e9db9ee106a0e13aadb12d2a339df32d0f42fe65dc0edcbf2dfb8ff17
sparknet-lowdata10,stage_report,outputs/sparknet-lowdata10/pointwise_b2-bn/c16g16-seed7/reports/grow_summary.yaml,5471,30866739959221390c486c0a58d67c613a9884c633bb51f355e9671cace05b68
sparknet-lowdata10,run_manifest,outputs/sparknet-lowdata10/pointwise_b2-bn/c16g16-seed8/manifest.yaml,6164,c36df22b1cc9eec68406c4d2ad5123f2a778afdc7016488598206c5f22a2c10e
sparknet-lowdata10,canonical_epoch_log,outputs/sparknet-lowdata10/pointwise_b2-bn/c16g16-seed8/metrics/grow/sparknet_c16g16_paper.jsonl,118293,45dcaf0343dea14828c130f9eb4af1cbb521d01a7e6bcb115e59cf359e2042a1
sparknet-lowdata10,stage_report,outputs/sparknet-lowdata10/pointwise_b2-bn/c16g16-seed8/reports/grow_summary.yaml,5475,0a7fcc022f7c09520c5495fe6a5c73617b67d1f8a481cbfb8f077c8cda70eda5
sparknet-lowdata10,run_manifest,outputs/sparknet-lowdata10/pointwise_b2-bn/c16g16-seed9/manifest.yaml,6164,644a4256357bea2a4b16926a87b2f0c80494400106d5d22fbc349efcb7da6191
sparknet-lowdata10,canonical_epoch_log,outputs/sparknet-lowdata10/pointwise_b2-bn/c16g16-seed9/metrics/grow/sparknet_c16g16_paper.jsonl,118233,6be0314ddd112f4cedfe181c7785c95bb44a011d0223c5dfb6cc0ca639b7ed25
sparknet-lowdata10,stage_report,outputs/sparknet-lowdata10/pointwise_b2-bn/c16g16-seed9/reports/grow_summary.yaml,5473,8f6c856acfe55995decf9c43f1f1177e3a69ac06ed31c5da3b001d7313e0f365
sparknet-lowdata10,run_manifest,outputs/sparknet-lowdata10/scratch/c10g16-seed0/manifest.yaml,2937,607d524708c1efa3307083fba5df8e66c86d8c976ab55393719f2c379b5e8696
sparknet-lowdata10,canonical_epoch_log,outputs/sparknet-lowdata10/scratch/c10g16-seed0/metrics/paper_replication/sparknet_c10g16_paper.jsonl,89598,e090c857fcde27d25b9d24c02b27ab3397f91f7c9eabbe270733f9adaa6f8430
sparknet-lowdata10,training_summary,outputs/sparknet-lowdata10/scratch/c10g16-seed0/metrics/summaries.yaml,455,094cd31f74d4be5bc79a1a0bb4a6d8bfe67ddb74386e46a42bce5ab91574cf8f
sparknet-lowdata10,run_manifest,outputs/sparknet-lowdata10/scratch/c10g16-seed1/manifest.yaml,2937,7a72ed29b0ea3817f3a1c95a5204460e8e43de0a345a3aa022374efd9405a734
sparknet-lowdata10,canonical_epoch_log,outputs/sparknet-lowdata10/scratch/c10g16-seed1/metrics/paper_replication/sparknet_c10g16_paper.jsonl,89602,e81ee9bbf95df3b2be9b4f2baf1ec29be4d0cb1eb489590f7468f1f91bd4c6cb
sparknet-lowdata10,training_summary,outputs/sparknet-lowdata10/scratch/c10g16-seed1/metrics/summaries.yaml,455,9af54e2d70800d42e784703d588876bf5ded434de4eeffe032e0608224033b4f
sparknet-lowdata10,run_manifest,outputs/sparknet-lowdata10/scratch/c10g16-seed2/manifest.yaml,2938,29dc237246b38db8495876487fbb08a7eeb3fd5eb80224f04e8efecffdf62046
sparknet-lowdata10,canonical_epoch_log,outputs/sparknet-lowdata10/scratch/c10g16-seed2/metrics/paper_replication/sparknet_c10g16_paper.jsonl,89676,96920c86051d88ca543cf2db6dc854e4babafaca6de71f31deb9dd997c9772cf
sparknet-lowdata10,training_summary,outputs/sparknet-lowdata10/scratch/c10g16-seed2/metrics/summaries.yaml,455,76e1e2d471cdc3dc39da5d38170d2271592395fcc747e53d47ec7ee41a485b24
sparknet-lowdata10,run_manifest,outputs/sparknet-lowdata10/scratch/c12g16-seed0/manifest.yaml,2937,20d88c5e0db1d43e454e9aab50663e4f0e7997645eded74ec01c4d0146dcf8b4
sparknet-lowdata10,canonical_epoch_log,outputs/sparknet-lowdata10/scratch/c12g16-seed0/metrics/paper_replication/sparknet_c12g16_paper.jsonl,89664,bcb2c9f6cb7eb440bba0324853f48410ec9e7d34cc2388f800c1ff7ea36453c9
sparknet-lowdata10,training_summary,outputs/sparknet-lowdata10/scratch/c12g16-seed0/metrics/summaries.yaml,454,5c62aa96ff383b00790fc1fd873fb7a2d83f3cf679f578919c081d7de28becd3
sparknet-lowdata10,run_manifest,outputs/sparknet-lowdata10/scratch/c12g16-seed1/manifest.yaml,2937,3657f85d1e3d1e15c81b442b570227ddc6247aa907185fe789e7a0159e343ba0
sparknet-lowdata10,canonical_epoch_log,outputs/sparknet-lowdata10/scratch/c12g16-seed1/metrics/paper_replication/sparknet_c12g16_paper.jsonl,89633,68f52c356aad057cbf177014609b28f7be35b3ef9ada8eeb0b0a3e116bccd15b
sparknet-lowdata10,training_summary,outputs/sparknet-lowdata10/scratch/c12g16-seed1/metrics/summaries.yaml,455,3a8ce0d2067251799176674bd630597507e35af852887f8315b104282dbd83e9
sparknet-lowdata10,run_manifest,outputs/sparknet-lowdata10/scratch/c12g16-seed2/manifest.yaml,2938,deee9dc237576c6b79962c50191af043f5188f83f6978662fbacb0a3b39f8550
sparknet-lowdata10,canonical_epoch_log,outputs/sparknet-lowdata10/scratch/c12g16-seed2/metrics/paper_replication/sparknet_c12g16_paper.jsonl,89733,0e1f14c502dde4b01a175855f678f0789710b0d81d47ece1bba7ca104426fd3d
sparknet-lowdata10,training_summary,outputs/sparknet-lowdata10/scratch/c12g16-seed2/metrics/summaries.yaml,455,3e4421b1812f616e7201f575d9cf415b02a7a7e82d3558afa8d3d4d00b8eb1be
sparknet-lowdata10,run_manifest,outputs/sparknet-lowdata10/scratch/c12g16-seed3/manifest.yaml,2937,57c13441ab9ecb940eebe105cf2cec6aa2c6eaef1235193c98fc42ff82efacde
sparknet-lowdata10,canonical_epoch_log,outputs/sparknet-lowdata10/scratch/c12g16-seed3/metrics/paper_replication/sparknet_c12g16_paper.jsonl,89697,239d43dca53447d77e5973433d024102ca89c5cbcf34e6e4b18d959a24d239f1
sparknet-lowdata10,training_summary,outputs/sparknet-lowdata10/scratch/c12g16-seed3/metrics/summaries.yaml,455,7663f3dbf00bdda5bf36ee73874dd83c1ba8d96e21b00252e1a75c0ad53a9a3f
sparknet-lowdata10,run_manifest,outputs/sparknet-lowdata10/scratch/c12g16-seed4/manifest.yaml,2937,3252017ae8ba618bf7a75220b19f9c6d5961e100fc3c7affeeb5637b33e7ad14
sparknet-lowdata10,canonical_epoch_log,outputs/sparknet-lowdata10/scratch/c12g16-seed4/metrics/paper_replication/sparknet_c12g16_paper.jsonl,89693,7c08333f99e95d5b215423f3abc1a562bbc214d85883bc38ebb28640f21183a7
sparknet-lowdata10,training_summary,outputs/sparknet-lowdata10/scratch/c12g16-seed4/metrics/summaries.yaml,455,01b6f024bc137ded1b4907f5ebcaa5962751b2ce3da46f0412d0fa77fa31e1e6
sparknet-lowdata10,run_manifest,outputs/sparknet-lowdata10/scratch/c14g16-seed0/manifest.yaml,2937,be7fa3554fe0bdce6f3d2f5aa0cd9ce7f8fe353b56862de67b0a50028523e1ec
sparknet-lowdata10,canonical_epoch_log,outputs/sparknet-lowdata10/scratch/c14g16-seed0/metrics/paper_replication/sparknet_c14g16_paper.jsonl,89721,3f58aafc4509bb5cebc9ceaa29e32fdad3dea4f2bf8b29b26977d77f95f57566
sparknet-lowdata10,training_summary,outputs/sparknet-lowdata10/scratch/c14g16-seed0/metrics/summaries.yaml,455,c5e5a26dd1d82478ef4da708045ee991c8ac1cbf9ab59f3b906318f4948b64e6
sparknet-lowdata10,run_manifest,outputs/sparknet-lowdata10/scratch/c14g16-seed1/manifest.yaml,2937,c7f2e89a6455342baad709a235bb86c9abbee60e80c781bc5effcc6dacdd27e6
sparknet-lowdata10,canonical_epoch_log,outputs/sparknet-lowdata10/scratch/c14g16-seed1/metrics/paper_replication/sparknet_c14g16_paper.jsonl,89675,6b95c769f0d0402dc08e5d65f455a2636990da325c63632a01c1c17b58753afa
sparknet-lowdata10,training_summary,outputs/sparknet-lowdata10/scratch/c14g16-seed1/metrics/summaries.yaml,455,233e4ca35acc06fd8871a9f9aa9c406200a87c929ce5b52885704818ccbc6d27
sparknet-lowdata10,run_manifest,outputs/sparknet-lowdata10/scratch/c14g16-seed2/manifest.yaml,2937,b273ac450dbe024da7d0fb5866728ee19c7b92e3a5926fff723e937287da6ecd
sparknet-lowdata10,canonical_epoch_log,outputs/sparknet-lowdata10/scratch/c14g16-seed2/metrics/paper_replication/sparknet_c14g16_paper.jsonl,89686,691528d027409252ae336df2e36057dee98a7d31afab5fa49e23a02f4b6c370f
sparknet-lowdata10,training_summary,outputs/sparknet-lowdata10/scratch/c14g16-seed2/metrics/summaries.yaml,455,99755eeba645f1b101dce7657355178c3e7dd090efb18358269c06731591438d
sparknet-lowdata10,run_manifest,outputs/sparknet-lowdata10/scratch/c14g16-seed3/manifest.yaml,2937,86e75e138c2f93fb9fb0dcf764aa3f8d88003d2ac597599a7ba75905b959dde0
sparknet-lowdata10,canonical_epoch_log,outputs/sparknet-lowdata10/scratch/c14g16-seed3/metrics/paper_replication/sparknet_c14g16_paper.jsonl,89664,a23a1eecd52a28ca78e88558373b9fc8b9e37c2c33c143945367c0ab7d4b4187
sparknet-lowdata10,training_summary,outputs/sparknet-lowdata10/scratch/c14g16-seed3/metrics/summaries.yaml,455,a062e6e8e19d87d3615914ca5e81b7c9e26d8a8ae6bcec5154d28cf998dbeaed
sparknet-lowdata10,run_manifest,outputs/sparknet-lowdata10/scratch/c14g16-seed4/manifest.yaml,2937,0902146a1c892dbeba903371c262539483c1d0c492b80960b08bf39996e84d29
sparknet-lowdata10,canonical_epoch_log,outputs/sparknet-lowdata10/scratch/c14g16-seed4/metrics/paper_replication/sparknet_c14g16_paper.jsonl,89709,2b4a268755e0665342aea2f7d075e26bd014858ad88949af78e696541dd6da91
sparknet-lowdata10,training_summary,outputs/sparknet-lowdata10/scratch/c14g16-seed4/metrics/summaries.yaml,455,d1975d907a527151f781c8f5015861683e72f5d45d8138ae44e3e7d86a55f036
sparknet-lowdata10,run_manifest,outputs/sparknet-lowdata10/scratch/c14g16-seed5/manifest.yaml,2937,b6fb3cca723489964e415c70a442eeae5b7b3fb75c115e2d317a6209d99abeeb
sparknet-lowdata10,canonical_epoch_log,outputs/sparknet-lowdata10/scratch/c14g16-seed5/metrics/paper_replication/sparknet_c14g16_paper.jsonl,89671,47e91e0dd2136a54b8df26a590b328d8dd99fddb1956a49181444cfe52e67d17
sparknet-lowdata10,training_summary,outputs/sparknet-lowdata10/scratch/c14g16-seed5/metrics/summaries.yaml,455,06475e09be86825a232aeeaf6b8bcc8ae6593bcb5316bb643f01a7e1a715230c
sparknet-lowdata10,run_manifest,outputs/sparknet-lowdata10/scratch/c14g16-seed6/manifest.yaml,2937,5753ff426d377f5a1c0bd840ffa7d40d6a019090b78e7f3cd3c039bff7053610
sparknet-lowdata10,canonical_epoch_log,outputs/sparknet-lowdata10/scratch/c14g16-seed6/metrics/paper_replication/sparknet_c14g16_paper.jsonl,89703,48b23bae1cd1e94c5a25e864bf8c3a099e4ba6dbf2ba65c041c65e2b1ebafe99
sparknet-lowdata10,training_summary,outputs/sparknet-lowdata10/scratch/c14g16-seed6/metrics/summaries.yaml,455,7654e3c07f9af80bfa9801de3779f57a75bd06ef37661874c1c77b801a2f347a
sparknet-lowdata10,run_manifest,outputs/sparknet-lowdata10/scratch/c14g16-seed7/manifest.yaml,2937,18e7035d3afc3807df2ff6d8cd1a06972cf36c821697eeb5818d775faccddf50
sparknet-lowdata10,canonical_epoch_log,outputs/sparknet-lowdata10/scratch/c14g16-seed7/metrics/paper_replication/sparknet_c14g16_paper.jsonl,89689,bc9fed28d120a007ae1db94db90fb41c0d8947d215c395a923dd4d6242349f1d
sparknet-lowdata10,training_summary,outputs/sparknet-lowdata10/scratch/c14g16-seed7/metrics/summaries.yaml,455,627d712f6af51c693c11c0ef93aa24d5c8f909273aa9b908ef2ad401452b751e
sparknet-lowdata10,run_manifest,outputs/sparknet-lowdata10/scratch/c14g16-seed8/manifest.yaml,2937,c034300f2aeb28ea3dd8b3227efd4f81545128bd0c0d0a3b2ebfcd98755103ac
sparknet-lowdata10,canonical_epoch_log,outputs/sparknet-lowdata10/scratch/c14g16-seed8/metrics/paper_replication/sparknet_c14g16_paper.jsonl,89709,b743b221cd06c9148d92bfe29edfaf7b42a8548728ae7f99b5c356e372cd7a1b
sparknet-lowdata10,training_summary,outputs/sparknet-lowdata10/scratch/c14g16-seed8/metrics/summaries.yaml,454,cd0949ba3958cd59520df7ed3a463395f374a15f334585868c7d29937acab8da
sparknet-lowdata10,run_manifest,outputs/sparknet-lowdata10/scratch/c14g16-seed9/manifest.yaml,2937,ea3bb13500a7b75b7971cd802d631d450e65060943fa07e654d63c08c65b72f5
sparknet-lowdata10,canonical_epoch_log,outputs/sparknet-lowdata10/scratch/c14g16-seed9/metrics/paper_replication/sparknet_c14g16_paper.jsonl,89711,016e779c59d5b145371692983683b4884a92ad7fbc348fe7ccfc07b415cb0660
sparknet-lowdata10,training_summary,outputs/sparknet-lowdata10/scratch/c14g16-seed9/metrics/summaries.yaml,455,5e375257c05a8dec333c36711c3623737cb1360ad19c7f4060a35d1fe6cd9417
sparknet-lowdata10,run_manifest,outputs/sparknet-lowdata10/scratch/c15g16-seed0/manifest.yaml,2937,ec6a66e410dfd391a75a036afef9c8c26818be300e7f73d8426449ff7c5aafec
sparknet-lowdata10,canonical_epoch_log,outputs/sparknet-lowdata10/scratch/c15g16-seed0/metrics/paper_replication/sparknet_c15g16_paper.jsonl,89700,1ff3d8ee42a2a81edbc5e5573c60e79e1c57d5e77a0c54b4a5da7bf0bb890ddc
sparknet-lowdata10,training_summary,outputs/sparknet-lowdata10/scratch/c15g16-seed0/metrics/summaries.yaml,455,ce8c0c76ac7c10bea1c6f08a5794f43d57171972ac9ee8415b7acdcd0b77dc17
sparknet-lowdata10,run_manifest,outputs/sparknet-lowdata10/scratch/c15g16-seed1/manifest.yaml,2937,adb178d13af5306807a01b424275c89f63877670b18e99d12735bea43631c52a
sparknet-lowdata10,canonical_epoch_log,outputs/sparknet-lowdata10/scratch/c15g16-seed1/metrics/paper_replication/sparknet_c15g16_paper.jsonl,89643,f5a94a421bc51b1ea586bc2b62f4fe0d124abc7e63293125e5ecc1c1d86addf0
sparknet-lowdata10,training_summary,outputs/sparknet-lowdata10/scratch/c15g16-seed1/metrics/summaries.yaml,455,8d0263f5038707f4bacb5ee94e2cfc0f0717e9f8431e88f96f3697a3fcbca53a
sparknet-lowdata10,run_manifest,outputs/sparknet-lowdata10/scratch/c15g16-seed2/manifest.yaml,2937,f042f9cfdf459f50ddc4a7ead9662202e8c40fc9240a6274059469bbd39e9a51
sparknet-lowdata10,canonical_epoch_log,outputs/sparknet-lowdata10/scratch/c15g16-seed2/metrics/paper_replication/sparknet_c15g16_paper.jsonl,89691,77dc0ccf1536785aee8661c67f19ae66e3a7ec280fcb8dabac0827fc2d6e3424
sparknet-lowdata10,training_summary,outputs/sparknet-lowdata10/scratch/c15g16-seed2/metrics/summaries.yaml,455,5ff2b3d847a92fd563129e60f3ee50e75f8cb1273a0349ababddbf97e8c4429f
sparknet-lowdata10,run_manifest,outputs/sparknet-lowdata10/scratch/c15g16-seed3/manifest.yaml,2937,a70b214ac99a8bee13063616cef87a5f8fc000f71967eb0f00fc36f4964b9b4b
sparknet-lowdata10,canonical_epoch_log,outputs/sparknet-lowdata10/scratch/c15g16-seed3/metrics/paper_replication/sparknet_c15g16_paper.jsonl,89695,c1c7152b928dac755f8ac27676c15156a3177f6b08531bebb341fe94ab5353ef
sparknet-lowdata10,training_summary,outputs/sparknet-lowdata10/scratch/c15g16-seed3/metrics/summaries.yaml,455,39ad15e371cb3fb8c960bb0d09b54e117e277c033b801f8c870251c7da240180
sparknet-lowdata10,run_manifest,outputs/sparknet-lowdata10/scratch/c15g16-seed4/manifest.yaml,2937,53bf0889b8213a8ecc5da442a41d11a8196c6a0d32203c89dfff5e08e70cfed6
sparknet-lowdata10,canonical_epoch_log,outputs/sparknet-lowdata10/scratch/c15g16-seed4/metrics/paper_replication/sparknet_c15g16_paper.jsonl,89678,f9af90468cc08cd4948ffb5f370e67794b39206a0157c9beeda12b3c09386b32
sparknet-lowdata10,training_summary,outputs/sparknet-lowdata10/scratch/c15g16-seed4/metrics/summaries.yaml,455,c85a52994e2c03309113d0991eff11565894bb7c1a63fd020fb67408e8d06859
sparknet-lowdata10,run_manifest,outputs/sparknet-lowdata10/scratch/c15g16-seed5/manifest.yaml,2937,7ea15f0c045ca6a45af522650e1123228d6ae12ac6fa806a849716e3487223ba
sparknet-lowdata10,canonical_epoch_log,outputs/sparknet-lowdata10/scratch/c15g16-seed5/metrics/paper_replication/sparknet_c15g16_paper.jsonl,89666,bf65211f45034e4ec7259960dacafb0ca91b4e79cb250275123301ae9bc5a564
sparknet-lowdata10,training_summary,outputs/sparknet-lowdata10/scratch/c15g16-seed5/metrics/summaries.yaml,454,94b4f057c168b04f09785015ecc7913812bfb3705b47ce0adb26c2d7234b1e3f
sparknet-lowdata10,run_manifest,outputs/sparknet-lowdata10/scratch/c15g16-seed6/manifest.yaml,2937,bae929191ddd1b2f5493ee2da12cc11bc4b07f33a30a4cc7e54ac231fe543a04
sparknet-lowdata10,canonical_epoch_log,outputs/sparknet-lowdata10/scratch/c15g16-seed6/metrics/paper_replication/sparknet_c15g16_paper.jsonl,89681,12f7b2ac6e4deb54b3cf57e257b4013abb28ffda30b97a05d342daa6203f1734
sparknet-lowdata10,training_summary,outputs/sparknet-lowdata10/scratch/c15g16-seed6/metrics/summaries.yaml,455,d388128ea24efd531ab63759e175ba56129a124cb5805725399fa4326089b9d1
sparknet-lowdata10,run_manifest,outputs/sparknet-lowdata10/scratch/c15g16-seed7/manifest.yaml,2937,40d722bc25efbfc606197f82150d5289fbf65da5c54efcc102e380c0a0711aa1
sparknet-lowdata10,canonical_epoch_log,outputs/sparknet-lowdata10/scratch/c15g16-seed7/metrics/paper_replication/sparknet_c15g16_paper.jsonl,89691,b572fe2ad9d2f38a21edfdba630e370d1c103c305b76a4014b82cf4c29c85695
sparknet-lowdata10,training_summary,outputs/sparknet-lowdata10/scratch/c15g16-seed7/metrics/summaries.yaml,455,0c8ee9dc7f6ed32374f43ef1835349dd0068ee37aaea1674efa9221f2ee21dfb
sparknet-lowdata10,run_manifest,outputs/sparknet-lowdata10/scratch/c15g16-seed8/manifest.yaml,2937,b7a1cc945bff672e8e8ebc70e7ebf901bbbcf444ea18effab08e63c629771608
sparknet-lowdata10,canonical_epoch_log,outputs/sparknet-lowdata10/scratch/c15g16-seed8/metrics/paper_replication/sparknet_c15g16_paper.jsonl,89708,ad5b194b310e0d6808153bf24261024901b7960f49a9022f75937a897aa9da13
sparknet-lowdata10,training_summary,outputs/sparknet-lowdata10/scratch/c15g16-seed8/metrics/summaries.yaml,455,7dc210c9de8d007727edd4e94f37b4bbf58f3d4ecaa21a4377fccb38a50b2f3c
sparknet-lowdata10,run_manifest,outputs/sparknet-lowdata10/scratch/c15g16-seed9/manifest.yaml,2937,341f020947020dbf3df530b386098c04131e9b9c558862c563fd51abf94c91f3
sparknet-lowdata10,canonical_epoch_log,outputs/sparknet-lowdata10/scratch/c15g16-seed9/metrics/paper_replication/sparknet_c15g16_paper.jsonl,89703,e03d681126d471d3a0e8e1a63e1fe2730146bc65c0b3b9ec5494b2149507f785
sparknet-lowdata10,training_summary,outputs/sparknet-lowdata10/scratch/c15g16-seed9/metrics/summaries.yaml,454,7ed30ecaf1925172b3de852ddd0368658f9d834815e9227bf949e3a217355449
sparknet-lowdata10,run_manifest,outputs/sparknet-lowdata10/scratch/c16g16-seed0/manifest.yaml,2937,3126e6431abf4de7264cc1118e9e7ed28302ecc350f30fe020487471138236f1
sparknet-lowdata10,canonical_epoch_log,outputs/sparknet-lowdata10/scratch/c16g16-seed0/metrics/paper_replication/sparknet_c16g16_paper.jsonl,89626,b6410cfa4c69b1f5a50c2975f2d4fe7436698475479f6df19111785043cadab7
sparknet-lowdata10,training_summary,outputs/sparknet-lowdata10/scratch/c16g16-seed0/metrics/summaries.yaml,455,4424955f01f2c1b3b95c5b7c0948deaa5237746796c6466a6d6f384d96c6a350
sparknet-lowdata10,run_manifest,outputs/sparknet-lowdata10/scratch/c16g16-seed1/manifest.yaml,2937,d6061748c2867aceb0c1ac957e1cce91b45ee4995f8d65d721a2e52ce721f1e7
sparknet-lowdata10,canonical_epoch_log,outputs/sparknet-lowdata10/scratch/c16g16-seed1/metrics/paper_replication/sparknet_c16g16_paper.jsonl,89715,3f6aab94b49f0a0f34109816d953d408ef07da3f27852e6388d78edaf0f8fc2c
sparknet-lowdata10,training_summary,outputs/sparknet-lowdata10/scratch/c16g16-seed1/metrics/summaries.yaml,455,b1423bc493b76680a9f8b3698e4a5953ed5a71faa5ac0986c7435c6cdd5a0760
sparknet-lowdata10,run_manifest,outputs/sparknet-lowdata10/scratch/c16g16-seed10/manifest.yaml,2942,6934eef94464cd6c21f8100e70a4ed95dbcabf23979ba52e46c244684f92f083
sparknet-lowdata10,canonical_epoch_log,outputs/sparknet-lowdata10/scratch/c16g16-seed10/metrics/paper_replication/sparknet_c16g16_paper.jsonl,89888,c7a991e7b1b4bea3d41225949218f61011a071dbdd9a1f166e591a13e856086e
sparknet-lowdata10,training_summary,outputs/sparknet-lowdata10/scratch/c16g16-seed10/metrics/summaries.yaml,455,3112d56bdfa846b666167ced825a91c352cd8c6a288c1e724b52b585b991d5cd
sparknet-lowdata10,run_manifest,outputs/sparknet-lowdata10/scratch/c16g16-seed11/manifest.yaml,2942,d4af40fac8eface25f82ce96a5b7f2bc811e7fdbfc0f5855a12fb8d6f9913929
sparknet-lowdata10,canonical_epoch_log,outputs/sparknet-lowdata10/scratch/c16g16-seed11/metrics/paper_replication/sparknet_c16g16_paper.jsonl,89885,8d8106a7d979f94aabeba27d94d11611ad8acf1688a06f99aae425831e7e5224
sparknet-lowdata10,training_summary,outputs/sparknet-lowdata10/scratch/c16g16-seed11/metrics/summaries.yaml,454,fd5446395cdc660272e80cd959a962038d7c845a7b454322cf2a58276a0a1c47
sparknet-lowdata10,run_manifest,outputs/sparknet-lowdata10/scratch/c16g16-seed12/manifest.yaml,2942,910b95ad7b0230e29e65f31c1d77182a8373bfd512533c12230ee6c2ea8487d0
sparknet-lowdata10,canonical_epoch_log,outputs/sparknet-lowdata10/scratch/c16g16-seed12/metrics/paper_replication/sparknet_c16g16_paper.jsonl,89852,aa6fa68b56510a2f72f2a4d9a6265da55ba707cbc405efc5a4d205859423601c
sparknet-lowdata10,training_summary,outputs/sparknet-lowdata10/scratch/c16g16-seed12/metrics/summaries.yaml,455,e6e0b5fc65247f0d366ec11d710e41e1c7ccfc67a9bfc7ee27c631387ef3042f
sparknet-lowdata10,run_manifest,outputs/sparknet-lowdata10/scratch/c16g16-seed13/manifest.yaml,2942,354b022eacb12de03cda985e0d6edfe75ba53824edda1c7d598366113556b9b6
sparknet-lowdata10,canonical_epoch_log,outputs/sparknet-lowdata10/scratch/c16g16-seed13/metrics/paper_replication/sparknet_c16g16_paper.jsonl,89860,fc44cd3274c524baf6fe14356f0687702f16fab78b642c9c2eee3c9366b379aa
sparknet-lowdata10,training_summary,outputs/sparknet-lowdata10/scratch/c16g16-seed13/metrics/summaries.yaml,455,499b09fcb21bb43c4526efa39fe31cbace595c6f895ff373848bd2b842df49d8
sparknet-lowdata10,run_manifest,outputs/sparknet-lowdata10/scratch/c16g16-seed14/manifest.yaml,2942,069e3570dbdba0024c1ef8beda81a55ecde4def90479c246cb699748001aa60f
sparknet-lowdata10,canonical_epoch_log,outputs/sparknet-lowdata10/scratch/c16g16-seed14/metrics/paper_replication/sparknet_c16g16_paper.jsonl,89846,8f3428c2dca63413112572c701ae06126d723e6b08db73e9502ab7d0d64ab896
sparknet-lowdata10,training_summary,outputs/sparknet-lowdata10/scratch/c16g16-seed14/metrics/summaries.yaml,454,9bc02126175d26b5cffc9c50bbd38f863e813b9ca6201027864052e8329bb370
sparknet-lowdata10,run_manifest,outputs/sparknet-lowdata10/scratch/c16g16-seed15/manifest.yaml,2942,e829f5d867c1f4a82a18378fd6c6c022669a71a1d1c1556cea94581a7f0137a4
sparknet-lowdata10,canonical_epoch_log,outputs/sparknet-lowdata10/scratch/c16g16-seed15/metrics/paper_replication/sparknet_c16g16_paper.jsonl,89821,8727bc0db13b39ae2e25bfe7b86550fea197b0c7332669b3e5d91c97098e6ed6
sparknet-lowdata10,training_summary,outputs/sparknet-lowdata10/scratch/c16g16-seed15/metrics/summaries.yaml,455,473efd33e56886a52fb7e0d0fb9d8be454b93d5e2e71b079d8b6c662f443f5d3
sparknet-lowdata10,run_manifest,outputs/sparknet-lowdata10/scratch/c16g16-seed16/manifest.yaml,2942,ec8cd3fbe2b5227dd1d326a55ec94abe87d4f918cc8be9124db96371f302ea2d
sparknet-lowdata10,canonical_epoch_log,outputs/sparknet-lowdata10/scratch/c16g16-seed16/metrics/paper_replication/sparknet_c16g16_paper.jsonl,89858,a4cfd67d7c31322068c550d73bb96a7aad371c5eb496199e534902d0cba36e5a
sparknet-lowdata10,training_summary,outputs/sparknet-lowdata10/scratch/c16g16-seed16/metrics/summaries.yaml,455,d2ce6f5845054858bb7d1c966553533ec4774ca1db0b7aaa6982cc16959e82e3
sparknet-lowdata10,run_manifest,outputs/sparknet-lowdata10/scratch/c16g16-seed17/manifest.yaml,2942,9ad800ee48ee7b78d3de69d9532c9793934b3dc616855eb54d796ee84929f669
sparknet-lowdata10,canonical_epoch_log,outputs/sparknet-lowdata10/scratch/c16g16-seed17/metrics/paper_replication/sparknet_c16g16_paper.jsonl,89854,fd4168b9a27ede61fd84149b084599732099976251b22c92d3a154bd0365edba
sparknet-lowdata10,training_summary,outputs/sparknet-lowdata10/scratch/c16g16-seed17/metrics/summaries.yaml,455,da0620e371ca5bcf48605aa491c8c2d27054aab3b70d881e8f62a182e513a46a
sparknet-lowdata10,run_manifest,outputs/sparknet-lowdata10/scratch/c16g16-seed18/manifest.yaml,2942,e8ccf0573767bee1396626546d29b8697f2d6cbb40617a2dbc196d511c59b0c9
sparknet-lowdata10,canonical_epoch_log,outputs/sparknet-lowdata10/scratch/c16g16-seed18/metrics/paper_replication/sparknet_c16g16_paper.jsonl,89887,a000b1ec2c7c41ea240665bc9fde6763668e798d4e6ec58377af75b2991efda9
sparknet-lowdata10,training_summary,outputs/sparknet-lowdata10/scratch/c16g16-seed18/metrics/summaries.yaml,455,1a008ca23414a8a25d2a3933ba2d6b4ebc2064277087a3638bb7eb86447b649a
sparknet-lowdata10,run_manifest,outputs/sparknet-lowdata10/scratch/c16g16-seed19/manifest.yaml,2942,94d1ed55800a13943a5bafd793408f7fdff8112b0c1af0ba5ccbcc2eaa84d108
sparknet-lowdata10,canonical_epoch_log,outputs/sparknet-lowdata10/scratch/c16g16-seed19/metrics/paper_replication/sparknet_c16g16_paper.jsonl,89925,1d2460fb05c20beca00e6d9ca3dc39673a255f1639cae32ff57cab378436db9e
sparknet-lowdata10,training_summary,outputs/sparknet-lowdata10/scratch/c16g16-seed19/metrics/summaries.yaml,455,c83665d0efb7747fdbadc94f3a044e57a38157c30173f7130a4de42325da523a
sparknet-lowdata10,run_manifest,outputs/sparknet-lowdata10/scratch/c16g16-seed2/manifest.yaml,2938,6d7290a892d81fbacb8af67b9929d3c80d84ede243f7be3f87cbe34a92618512
sparknet-lowdata10,canonical_epoch_log,outputs/sparknet-lowdata10/scratch/c16g16-seed2/metrics/paper_replication/sparknet_c16g16_paper.jsonl,89641,292f713457e38909623d9254529377076fb4a66ae3df195d91c599bb3302f645
sparknet-lowdata10,training_summary,outputs/sparknet-lowdata10/scratch/c16g16-seed2/metrics/summaries.yaml,455,210683fd2e2e6fc6f3a258247d7d12cb7171f6fb4a93419c71bd5329e8293175
sparknet-lowdata10,run_manifest,outputs/sparknet-lowdata10/scratch/c16g16-seed3/manifest.yaml,2937,44f089cf6ad87a4cd4c9e14b446f54f948655bee93e91027c955fb72d3b356ef
sparknet-lowdata10,canonical_epoch_log,outputs/sparknet-lowdata10/scratch/c16g16-seed3/metrics/paper_replication/sparknet_c16g16_paper.jsonl,89637,e1f3d1112d3fd86f4faffc23da4a3c2837450314f0928ac80aa02d519a46ecf0
sparknet-lowdata10,training_summary,outputs/sparknet-lowdata10/scratch/c16g16-seed3/metrics/summaries.yaml,455,41cfdde942d840065d01ad768dacc93d21ea39959011c3a8e82f9c9a11d21cfd
sparknet-lowdata10,run_manifest,outputs/sparknet-lowdata10/scratch/c16g16-seed4/manifest.yaml,2937,a57f5faedd9412b86c700f97dbbf6f2b485e09812bc80d18db1658ee9f05d961
sparknet-lowdata10,canonical_epoch_log,outputs/sparknet-lowdata10/scratch/c16g16-seed4/metrics/paper_replication/sparknet_c16g16_paper.jsonl,89744,6933fe880316bec30d73c5787b310404cdefcb697adb501632a43fe84be3dd0f
sparknet-lowdata10,training_summary,outputs/sparknet-lowdata10/scratch/c16g16-seed4/metrics/summaries.yaml,455,973d43af1e2348afcf9986d0e55f5460587b1938b2cc71c506db61e321946e22
sparknet-lowdata10,run_manifest,outputs/sparknet-lowdata10/scratch/c16g16-seed5/manifest.yaml,2937,9a7a021b63ce6857612e3a2e3282def6b95a7a509eb02c02d120c7434ddf76fc
sparknet-lowdata10,canonical_epoch_log,outputs/sparknet-lowdata10/scratch/c16g16-seed5/metrics/paper_replication/sparknet_c16g16_paper.jsonl,89648,471eb875de91a28fbc1821dfc547ac3344ea2e1ce91f4a4ba4319c560e6b2c7c
sparknet-lowdata10,training_summary,outputs/sparknet-lowdata10/scratch/c16g16-seed5/metrics/summaries.yaml,455,810ead626b6aa9b9a81f001ac9e35b6a28431bbad7c3002064fd65ccbe3616e1
sparknet-lowdata10,run_manifest,outputs/sparknet-lowdata10/scratch/c16g16-seed6/manifest.yaml,2937,95b611811b6f55247813d24edc38fd1ebded69c232ff0e35525d9517adf0df43
sparknet-lowdata10,canonical_epoch_log,outputs/sparknet-lowdata10/scratch/c16g16-seed6/metrics/paper_replication/sparknet_c16g16_paper.jsonl,89696,055f59d6eb1a03eaf9519035d2181afeef2e45473dda3b4b6c5b4f2f025eeba3
sparknet-lowdata10,training_summary,outputs/sparknet-lowdata10/scratch/c16g16-seed6/metrics/summaries.yaml,455,b3d22c3d65fe37918cf7fa1e41260a656e62346c9f25e22f872007c0fe0701ef
sparknet-lowdata10,run_manifest,outputs/sparknet-lowdata10/scratch/c16g16-seed7/manifest.yaml,2937,049e8ec955478fbf74ed205b51f587d57a87f78c54072358e22ccc82691400c7
sparknet-lowdata10,canonical_epoch_log,outputs/sparknet-lowdata10/scratch/c16g16-seed7/metrics/paper_replication/sparknet_c16g16_paper.jsonl,89683,d1215c7678284953c546973d866ab0c755db6f32d6434bc3775a2d057ec4987f
sparknet-lowdata10,training_summary,outputs/sparknet-lowdata10/scratch/c16g16-seed7/metrics/summaries.yaml,455,4c4ce55270f8b196dc8a1c6c0c566832c6e0c24b02edad225c9399aa61cf5661
sparknet-lowdata10,run_manifest,outputs/sparknet-lowdata10/scratch/c16g16-seed8/manifest.yaml,2937,6f54dbf171a4d6055984c3062b2e1ad677cde9b630514463cad4c721e12f311e
sparknet-lowdata10,canonical_epoch_log,outputs/sparknet-lowdata10/scratch/c16g16-seed8/metrics/paper_replication/sparknet_c16g16_paper.jsonl,89664,d891e9b9b082dc36db14e3a1414034a17db43e5c87946a3b952f0f3e448d686f
sparknet-lowdata10,training_summary,outputs/sparknet-lowdata10/scratch/c16g16-seed8/metrics/summaries.yaml,455,7a71d772c86b5c441de5c8effec145a8de67882116c480611da7e76b290caf7c
sparknet-lowdata10,run_manifest,outputs/sparknet-lowdata10/scratch/c16g16-seed9/manifest.yaml,2937,76a3c7491697e8ebeb5286197147a52fce10b92deee837e6880cd666450f92e1
sparknet-lowdata10,canonical_epoch_log,outputs/sparknet-lowdata10/scratch/c16g16-seed9/metrics/paper_replication/sparknet_c16g16_paper.jsonl,89666,5fbe238899aab4b1c25d8eb9a30e94fcf93e5748deb2fc07299644773ff0215f
sparknet-lowdata10,training_summary,outputs/sparknet-lowdata10/scratch/c16g16-seed9/metrics/summaries.yaml,455,b13a741b8d4498c3dc7de1d3926910e15af6b8e9c2b2315715dce323b7ded437
sparknet-lowdata10,run_manifest,outputs/sparknet-lowdata10/scratch/c17g16-seed0/manifest.yaml,2937,a2a73cf1d796bb8cd4106345c21e3000ec0e72b1f5082f1234efd3d92b93b9cb
sparknet-lowdata10,canonical_epoch_log,outputs/sparknet-lowdata10/scratch/c17g16-seed0/metrics/paper_replication/sparknet_c17g16_paper.jsonl,89646,a54b605874c294a9cf4264f16ac9f34b2751be5220d30de2fecded91a6485b6c
sparknet-lowdata10,training_summary,outputs/sparknet-lowdata10/scratch/c17g16-seed0/metrics/summaries.yaml,455,c36c286c619f00352899264d2b326bc03a58eab8dc6be85fbd9cfaec3cf241ea
sparknet-lowdata10,run_manifest,outputs/sparknet-lowdata10/scratch/c17g16-seed1/manifest.yaml,2937,8e2c208aa00c37166ead65e8510cc2fb8e97b77fb820f0b45b641280a2cfdc12
sparknet-lowdata10,canonical_epoch_log,outputs/sparknet-lowdata10/scratch/c17g16-seed1/metrics/paper_replication/sparknet_c17g16_paper.jsonl,89693,afcb4b7608cee3cc54cdfd3894180afc1d1d4799fc5f981d9a53d98243908eb6
sparknet-lowdata10,training_summary,outputs/sparknet-lowdata10/scratch/c17g16-seed1/metrics/summaries.yaml,455,f1e7d822e25bc17dc8ded650c3af489bdc17d69f3503a3ef6989a047843a926a
sparknet-lowdata10,run_manifest,outputs/sparknet-lowdata10/scratch/c17g16-seed10/manifest.yaml,2942,f3745adebf81284fe6b9cdeb5510051cb0b8a90677a0714b6fa2d10c00b2cdf4
sparknet-lowdata10,canonical_epoch_log,outputs/sparknet-lowdata10/scratch/c17g16-seed10/metrics/paper_replication/sparknet_c17g16_paper.jsonl,89777,8e5da0d7c7fb22b8a04bbe30c9f16a455b6b5f38fbe2b0e4e79205f460fdc72f
sparknet-lowdata10,training_summary,outputs/sparknet-lowdata10/scratch/c17g16-seed10/metrics/summaries.yaml,454,d6f7a7f2a58581dcc439d3777ab902f91b14cd0883cb7594787e7881883d03db
sparknet-lowdata10,run_manifest,outputs/sparknet-lowdata10/scratch/c17g16-seed11/manifest.yaml,2942,3b3c73b8e3160a17006e3c93ca7e8b9bbb1ad4814a8fd32d4dd91865b0bfb124
sparknet-lowdata10,canonical_epoch_log,outputs/sparknet-lowdata10/scratch/c17g16-seed11/metrics/paper_replication/sparknet_c17g16_paper.jsonl,89865,17057e691cb3dcf868380432a0386de0b2f1f9a742abc20a758b143bb182ded5
sparknet-lowdata10,training_summary,outputs/sparknet-lowdata10/scratch/c17g16-seed11/metrics/summaries.yaml,455,34468179d4dbbf5aaf2e0d25d2c2b8f64524f429d33555a1423fec1be1785b34
sparknet-lowdata10,run_manifest,outputs/sparknet-lowdata10/scratch/c17g16-seed12/manifest.yaml,2942,e4923461577b4fdb62fe972b09ea70966f4eb673bd45e87db3602980088b7367
sparknet-lowdata10,canonical_epoch_log,outputs/sparknet-lowdata10/scratch/c17g16-seed12/metrics/paper_replication/sparknet_c17g16_paper.jsonl,89709,8189d7207195ae849777ee3e8993b1e4c60934c9c1e0adc0b3e0b3281541be2e
sparknet-lowdata10,training_summary,outputs/sparknet-lowdata10/scratch/c17g16-seed12/metrics/summaries.yaml,455,b67f9b0ead0c045a2b939139a76414646d8d0e8a3594fc7fd4ae1a4f8c3f109b
sparknet-lowdata10,run_manifest,outputs/sparknet-lowdata10/scratch/c17g16-seed13/manifest.yaml,2942,21bbec56762826c3e4faf423dc1bbcabf3c698d45049a1d46583c44b5dfcfe79
sparknet-lowdata10,canonical_epoch_log,outputs/sparknet-lowdata10/scratch/c17g16-seed13/metrics/paper_replication/sparknet_c17g16_paper.jsonl,89855,c9d563941443d1fe3d5721c319340613fc961b39c123434fca0c168fb57ee3b0
sparknet-lowdata10,training_summary,outputs/sparknet-lowdata10/scratch/c17g16-seed13/metrics/summaries.yaml,455,b97af7c4c2051c7a91fb3e1a1d03fd646b4c3cac235290e42247a4846b778d1c
sparknet-lowdata10,run_manifest,outputs/sparknet-lowdata10/scratch/c17g16-seed14/manifest.yaml,2942,9b5e290d2b90f05818fc7672678fe5b29dca97d39a675e10ea5a61b7e710d8c4
sparknet-lowdata10,canonical_epoch_log,outputs/sparknet-lowdata10/scratch/c17g16-seed14/metrics/paper_replication/sparknet_c17g16_paper.jsonl,89847,bf2716ebcaf0abe43c2aefb6551436f864199c8a638beaeb94dc24ea09577bc5
sparknet-lowdata10,training_summary,outputs/sparknet-lowdata10/scratch/c17g16-seed14/metrics/summaries.yaml,455,14d4e51f5c983d0029487d4928808ffd4c1cbd2249f8312f5ecce8553450b530
sparknet-lowdata10,run_manifest,outputs/sparknet-lowdata10/scratch/c17g16-seed15/manifest.yaml,2942,53142cc91e8df477634fd59eca90b1e2187ace792f474e4265d51d6b68a56145
sparknet-lowdata10,canonical_epoch_log,outputs/sparknet-lowdata10/scratch/c17g16-seed15/metrics/paper_replication/sparknet_c17g16_paper.jsonl,89838,d51f99051e56db52f6f3581d1d15a15a7e45e5a8ca3f2d49867c71ffcaec8985
sparknet-lowdata10,training_summary,outputs/sparknet-lowdata10/scratch/c17g16-seed15/metrics/summaries.yaml,455,8fa4a9fff9a4b5fb34d09752700885674a87a6ad8e66ba5fc6c076be84059f78
sparknet-lowdata10,run_manifest,outputs/sparknet-lowdata10/scratch/c17g16-seed16/manifest.yaml,2942,992f74355e0446d9a54be4124919979185763c2cd3148c59d3edce9bc901fa68
sparknet-lowdata10,canonical_epoch_log,outputs/sparknet-lowdata10/scratch/c17g16-seed16/metrics/paper_replication/sparknet_c17g16_paper.jsonl,89867,21cdc319f6de622563c6db25a11fda464c7768f35b5b33f684922df09a874179
sparknet-lowdata10,training_summary,outputs/sparknet-lowdata10/scratch/c17g16-seed16/metrics/summaries.yaml,454,b93d1eb0f2767ee05793ef427a855d3d6668452be1887e2755e85e86609bdd6d
sparknet-lowdata10,run_manifest,outputs/sparknet-lowdata10/scratch/c17g16-seed17/manifest.yaml,2942,d5130c4fc52c8f9f156addbe4c829ea31c36a3146ee862341895e5a8d8391ac5
sparknet-lowdata10,canonical_epoch_log,outputs/sparknet-lowdata10/scratch/c17g16-seed17/metrics/paper_replication/sparknet_c17g16_paper.jsonl,89848,3ab199526b1349ae948e4b19c29952a0e6e3a520be7fe0de5db7f4718c283c1f
sparknet-lowdata10,training_summary,outputs/sparknet-lowdata10/scratch/c17g16-seed17/metrics/summaries.yaml,455,7c44baa1f92c03cd10b2ea0aa23ab957fa5a44f041bb1b0c84594ed0166505c8
sparknet-lowdata10,run_manifest,outputs/sparknet-lowdata10/scratch/c17g16-seed18/manifest.yaml,2942,c03c9db487457c29acd0abc716470d051ffca94cfef8bbe590aaf057bc59152d
sparknet-lowdata10,canonical_epoch_log,outputs/sparknet-lowdata10/scratch/c17g16-seed18/metrics/paper_replication/sparknet_c17g16_paper.jsonl,89845,dfdbf2592ab82b568bbff1c04b33f773a231043e0ce78c994c1376694099c624
sparknet-lowdata10,training_summary,outputs/sparknet-lowdata10/scratch/c17g16-seed18/metrics/summaries.yaml,454,018b3dd0209e725a80093834e61dd6b782b5d62181fc2d004fd3b87f60aa2ae7
sparknet-lowdata10,run_manifest,outputs/sparknet-lowdata10/scratch/c17g16-seed19/manifest.yaml,2942,2fb6abb01b7f230d5cad98df3b2eef50d3317eea6fe797eabda16c611fd30c90
sparknet-lowdata10,canonical_epoch_log,outputs/sparknet-lowdata10/scratch/c17g16-seed19/metrics/paper_replication/sparknet_c17g16_paper.jsonl,89869,4c68ba1c9afb45c674dd55d08152e49d59d0b52ecf02bfc118bb492f9cac36c8
sparknet-lowdata10,training_summary,outputs/sparknet-lowdata10/scratch/c17g16-seed19/metrics/summaries.yaml,455,6e789a26b55099b0aa195be2a068380f90156d542d347bca7521de2fbd9cce32
sparknet-lowdata10,run_manifest,outputs/sparknet-lowdata10/scratch/c17g16-seed2/manifest.yaml,2937,3cecafe466d723dcdea0eaa3618d190be6015254d227ad88e50425922ae7fa2d
sparknet-lowdata10,canonical_epoch_log,outputs/sparknet-lowdata10/scratch/c17g16-seed2/metrics/paper_replication/sparknet_c17g16_paper.jsonl,89626,67a9b2c67528c07a8881015fa2356d305a84de6cc2ecfe798d7831c3c6fd44ca
sparknet-lowdata10,training_summary,outputs/sparknet-lowdata10/scratch/c17g16-seed2/metrics/summaries.yaml,455,a7fe7ab2072b346881c0228e16bdaf0bc0d6cbd29bf7f8a488d4f3acbbc11b60
sparknet-lowdata10,run_manifest,outputs/sparknet-lowdata10/scratch/c17g16-seed3/manifest.yaml,2937,5a33454bd8e8817d099c59127d4d24d1133418eb88dbeddcfe91db2d6868795d
sparknet-lowdata10,canonical_epoch_log,outputs/sparknet-lowdata10/scratch/c17g16-seed3/metrics/paper_replication/sparknet_c17g16_paper.jsonl,89667,b2da42a723d48dbfb0284c47e48cddb0fc27ca3fdcb1aa5973d1f8b93f352cbc
sparknet-lowdata10,training_summary,outputs/sparknet-lowdata10/scratch/c17g16-seed3/metrics/summaries.yaml,455,5b07c583e4bc80893086e6db85069f47511dcdfc6a7a4c1671ed49f9f6badc1c
sparknet-lowdata10,run_manifest,outputs/sparknet-lowdata10/scratch/c17g16-seed4/manifest.yaml,2937,45fd57a997da556f417f71464163fc3ff9591b72177be7f6d4282664868b607f
sparknet-lowdata10,canonical_epoch_log,outputs/sparknet-lowdata10/scratch/c17g16-seed4/metrics/paper_replication/sparknet_c17g16_paper.jsonl,89679,9843710a728a03f0d2b3838dc9a46e3571460777d717b6868b02e5efbbab8172
sparknet-lowdata10,training_summary,outputs/sparknet-lowdata10/scratch/c17g16-seed4/metrics/summaries.yaml,455,c0f1290d667587d9f51f6c564e9345663ffdb1f1fb692759bc60dfc24770dec7
sparknet-lowdata10,run_manifest,outputs/sparknet-lowdata10/scratch/c17g16-seed5/manifest.yaml,2937,f37a0c70550fb86eca17d26344567b8d524e609bcfadb360d4d6672041cbce57
sparknet-lowdata10,canonical_epoch_log,outputs/sparknet-lowdata10/scratch/c17g16-seed5/metrics/paper_replication/sparknet_c17g16_paper.jsonl,89663,031eace5e5bf8d1188758df90deb190081f2dc7d184a8a6b5bd62d42cfe66273
sparknet-lowdata10,training_summary,outputs/sparknet-lowdata10/scratch/c17g16-seed5/metrics/summaries.yaml,455,b19773feb508640a2eb86dd7d8fd3ad5e65082a9cba5bdabe3ce1a6ee87199ba
sparknet-lowdata10,run_manifest,outputs/sparknet-lowdata10/scratch/c17g16-seed6/manifest.yaml,2937,50c5ac48d3435da0ada77228994cb5c7a68bd34f6aa7fbb74b418f56e4a72c02
sparknet-lowdata10,canonical_epoch_log,outputs/sparknet-lowdata10/scratch/c17g16-seed6/metrics/paper_replication/sparknet_c17g16_paper.jsonl,89714,3016fb1068a68094aee794683dc40c42cdc13ae830775ce71b395e6ed9eacad8
sparknet-lowdata10,training_summary,outputs/sparknet-lowdata10/scratch/c17g16-seed6/metrics/summaries.yaml,455,fe6d15b9a3fc0f73f24a1a6b5b470974e56dc05b3fe1c3bad3e4134cbdd79b81
sparknet-lowdata10,run_manifest,outputs/sparknet-lowdata10/scratch/c17g16-seed7/manifest.yaml,2937,65dd43f48d1212d8ad2467e30adf7fc9b2ff8dea33fc28fee87eeb2361a33b5d
sparknet-lowdata10,canonical_epoch_log,outputs/sparknet-lowdata10/scratch/c17g16-seed7/metrics/paper_replication/sparknet_c17g16_paper.jsonl,89659,9cdbc9030e9559b9cf2620958352e4380f3b1886e4349aac6ec786049d193a49
sparknet-lowdata10,training_summary,outputs/sparknet-lowdata10/scratch/c17g16-seed7/metrics/summaries.yaml,454,9ae7c7a24b7a17612164f839d65e745f5a79de25f88deefcad948f1befe97174
sparknet-lowdata10,run_manifest,outputs/sparknet-lowdata10/scratch/c17g16-seed8/manifest.yaml,2937,341bac4697957e1f72f10bece02f7cb5aab9716ef958174f996cb531f548f77b
sparknet-lowdata10,canonical_epoch_log,outputs/sparknet-lowdata10/scratch/c17g16-seed8/metrics/paper_replication/sparknet_c17g16_paper.jsonl,89641,6cc22f9f80eda19b8c36b4670cbb107493e8b8ffd4e4756427f84a5bb78b0345
sparknet-lowdata10,training_summary,outputs/sparknet-lowdata10/scratch/c17g16-seed8/metrics/summaries.yaml,454,76619a5070e8c0079110d872771df18c959c15eaf1fdf22022ef7d0529b63ac5
sparknet-lowdata10,run_manifest,outputs/sparknet-lowdata10/scratch/c17g16-seed9/manifest.yaml,2937,b8107c5f484260e0a6e2f802dffaa0d393bf00ec0b93dc24ecce1ab922a0d364
sparknet-lowdata10,canonical_epoch_log,outputs/sparknet-lowdata10/scratch/c17g16-seed9/metrics/paper_replication/sparknet_c17g16_paper.jsonl,89523,a33ca98ba13806d3559c2bab07c84d1dabd7a98edb8a967d6839f427b6bf49b0
sparknet-lowdata10,training_summary,outputs/sparknet-lowdata10/scratch/c17g16-seed9/metrics/summaries.yaml,454,2492d088b5e8989547892d8759e680806b10caee9d35c99bb5a66919ae719154
sparknet-lowdata10,run_manifest,outputs/sparknet-lowdata10/scratch/c18g16-seed0/manifest.yaml,2937,961a936dc6a1990e97975c541e40b655d08983fca521760f2da5b67882b0bb14
sparknet-lowdata10,canonical_epoch_log,outputs/sparknet-lowdata10/scratch/c18g16-seed0/metrics/paper_replication/sparknet_c18g16_paper.jsonl,89648,6ce2b8f05e0924bee9bc6e73f1a8070356c6e1c573aad8e78fb78cf3e3d0ef2e
sparknet-lowdata10,training_summary,outputs/sparknet-lowdata10/scratch/c18g16-seed0/metrics/summaries.yaml,455,33519ffd3f15ddad3b6d300831f8743f0fc5757dff519d678300d06443b1f139
sparknet-lowdata10,run_manifest,outputs/sparknet-lowdata10/scratch/c18g16-seed1/manifest.yaml,2937,af6a28dab03504d66d2f9f9902d69ab6bf698e62aa4288da844390e47d0599e7
sparknet-lowdata10,canonical_epoch_log,outputs/sparknet-lowdata10/scratch/c18g16-seed1/metrics/paper_replication/sparknet_c18g16_paper.jsonl,89694,31417b5bf15170a66a4c79372feded143c54b200aaacdf656a8870f2c1bd9c87
sparknet-lowdata10,training_summary,outputs/sparknet-lowdata10/scratch/c18g16-seed1/metrics/summaries.yaml,455,17485c92dba03e0c2c8eef7617814f2493586dc693010165b7dbf5b50b32def4
sparknet-lowdata10,run_manifest,outputs/sparknet-lowdata10/scratch/c18g16-seed2/manifest.yaml,2937,9719f050da90bca3b175a0a3277274db138abc3c326632f1fbc0765dceed4030
sparknet-lowdata10,canonical_epoch_log,outputs/sparknet-lowdata10/scratch/c18g16-seed2/metrics/paper_replication/sparknet_c18g16_paper.jsonl,89612,25ee39e0fc948ffacb565f8d7a8c3500bf46e6c3650e8558405655ebae48e644
sparknet-lowdata10,training_summary,outputs/sparknet-lowdata10/scratch/c18g16-seed2/metrics/summaries.yaml,454,45c97633f75155c90ce38efcbc473ad807fd1c84ecfd8957df752c291c1772cd
sparknet-lowdata10,run_manifest,outputs/sparknet-lowdata10/scratch/c18g16-seed3/manifest.yaml,2937,92a1a81345d67292fff3f50499fb239c455de3b7ceba77c95b16d82a006c6d5a
sparknet-lowdata10,canonical_epoch_log,outputs/sparknet-lowdata10/scratch/c18g16-seed3/metrics/paper_replication/sparknet_c18g16_paper.jsonl,89642,99b7730f8d66828203bf8a0ee796aa325fbb6825ac214c7b49b7f77db6a745ab
sparknet-lowdata10,training_summary,outputs/sparknet-lowdata10/scratch/c18g16-seed3/metrics/summaries.yaml,455,0ca636938559a1719dd9b88c5d8e217bb23346930e8d4b62b98718913c916707
sparknet-lowdata10,run_manifest,outputs/sparknet-lowdata10/scratch/c18g16-seed4/manifest.yaml,2937,c81efcb9a288a66498f9e9e3d16c3d0400f0a04265f460d84a2d0c5a8b4f9ad5
sparknet-lowdata10,canonical_epoch_log,outputs/sparknet-lowdata10/scratch/c18g16-seed4/metrics/paper_replication/sparknet_c18g16_paper.jsonl,89652,9444ce69a67c537bafdd96fda091e763adf9aaadafef059c7b314396b120f6a2
sparknet-lowdata10,training_summary,outputs/sparknet-lowdata10/scratch/c18g16-seed4/metrics/summaries.yaml,454,bac6aa22278e3cfef669ee77c3315cc609dc8dd812812085e27b2d8c5f4a850a
sparknet-lowdata10,run_manifest,outputs/sparknet-lowdata10/scratch/c18g16-seed5/manifest.yaml,2937,f77bf983fecaaed2eea8460e6fca991e47d6e49e90edc342fcaa42fac71fac98
sparknet-lowdata10,canonical_epoch_log,outputs/sparknet-lowdata10/scratch/c18g16-seed5/metrics/paper_replication/sparknet_c18g16_paper.jsonl,89662,0cfe428536c8ebb46d611132db6dd9bb435340655ba4ce6eaa60bd721d5b2d73
sparknet-lowdata10,training_summary,outputs/sparknet-lowdata10/scratch/c18g16-seed5/metrics/summaries.yaml,455,d379888b9dec03100c2a1fd1a895bd243eca3b6b766386a0d4c1c9bea12225d4
sparknet-lowdata10,run_manifest,outputs/sparknet-lowdata10/scratch/c18g16-seed6/manifest.yaml,2937,a121e91309710f89b9e6c7839c2f940244befffecd881945f26e60e6375151bf
sparknet-lowdata10,canonical_epoch_log,outputs/sparknet-lowdata10/scratch/c18g16-seed6/metrics/paper_replication/sparknet_c18g16_paper.jsonl,89673,1b7f323ca7734d61f755e92f000947a3b14e54fa5956fb7520ef4c4295774707
sparknet-lowdata10,training_summary,outputs/sparknet-lowdata10/scratch/c18g16-seed6/metrics/summaries.yaml,455,34acf3e9b105bcfd1487b746a79f8e1c52b38c9e55fb799a5137e669e0f1c361
sparknet-lowdata10,run_manifest,outputs/sparknet-lowdata10/scratch/c18g16-seed7/manifest.yaml,2937,172ecdc81af4f1c7f662d8821fc1dc3021ac4494f5183f38aa7d8be92cdb0c32
sparknet-lowdata10,canonical_epoch_log,outputs/sparknet-lowdata10/scratch/c18g16-seed7/metrics/paper_replication/sparknet_c18g16_paper.jsonl,89697,ebe48c0d3483944f4c4fb672293554746bb11e5678cdc1f7512e3d681ecc2726
sparknet-lowdata10,training_summary,outputs/sparknet-lowdata10/scratch/c18g16-seed7/metrics/summaries.yaml,455,01bc321cbfaa223d18d3c2b2b2a4e57d83d9b2ffe2c3098a64bd5ee5d5058ea1
sparknet-lowdata10,run_manifest,outputs/sparknet-lowdata10/scratch/c18g16-seed8/manifest.yaml,2937,249cc109dbbec68d39428aba0e3b67fbb5366ddac89fcf4db9275f511aaead4e
sparknet-lowdata10,canonical_epoch_log,outputs/sparknet-lowdata10/scratch/c18g16-seed8/metrics/paper_replication/sparknet_c18g16_paper.jsonl,89642,872e90153834a41f8a38e0ea55beafb07ec537338506d4a42b78fae9fda4e455
sparknet-lowdata10,training_summary,outputs/sparknet-lowdata10/scratch/c18g16-seed8/metrics/summaries.yaml,455,d726c765e35e98b4f8a81a72e6d1141a95e559c98961beced87971e9f5459835
sparknet-lowdata10,run_manifest,outputs/sparknet-lowdata10/scratch/c18g16-seed9/manifest.yaml,2937,3e1713e7cadd4c71277b9c6eaa84123c877c4f129a0a18b55590f7b83f7a5812
sparknet-lowdata10,canonical_epoch_log,outputs/sparknet-lowdata10/scratch/c18g16-seed9/metrics/paper_replication/sparknet_c18g16_paper.jsonl,89700,251f2d3d0f7c2920fcb110c1555c21f0b5150ba5c7258ad31a2ea29ba20c467f
sparknet-lowdata10,training_summary,outputs/sparknet-lowdata10/scratch/c18g16-seed9/metrics/summaries.yaml,455,4d872505a91ab45e5894f1a77c7cd209945072e634e614869848cab5aa98e7f5
sparknet-lowdata10,run_manifest,outputs/sparknet-lowdata10/scratch/c6g16-seed0/manifest.yaml,2931,d19472d644ffc64378c2cf02e8f650d29513b95a6f796b87edfe973250c09391
sparknet-lowdata10,canonical_epoch_log,outputs/sparknet-lowdata10/scratch/c6g16-seed0/metrics/paper_replication/sparknet_c6g16_paper.jsonl,89360,dd2671e9edfa4cee609a67d16a65641396c2d576e73ab17ed24ea43fb01534b7
sparknet-lowdata10,training_summary,outputs/sparknet-lowdata10/scratch/c6g16-seed0/metrics/summaries.yaml,452,d12e3c2f36653ca1abacc6e6c844844d1ea292fd244fef6138a935ff1617fef2
sparknet-lowdata10,run_manifest,outputs/sparknet-lowdata10/scratch/c6g16-seed1/manifest.yaml,2931,fe56aba38d82d63ed02b90c491df066ee14bb9494a8316df6e7dea8cb640337a
sparknet-lowdata10,canonical_epoch_log,outputs/sparknet-lowdata10/scratch/c6g16-seed1/metrics/paper_replication/sparknet_c6g16_paper.jsonl,89334,2212c8b40868c9c3bacea5285a7712682c0717b312a47b52fba0890ccd764ba3
sparknet-lowdata10,training_summary,outputs/sparknet-lowdata10/scratch/c6g16-seed1/metrics/summaries.yaml,453,cef5a9a9f90555970948be65c4b667ece73db5ec2202f333d19d197be7882527
sparknet-lowdata10,run_manifest,outputs/sparknet-lowdata10/scratch/c6g16-seed2/manifest.yaml,2932,89e150e1bd47cd2cd6a5546771094db98c35f302e4d5f5525e1834c12d684ea1
sparknet-lowdata10,canonical_epoch_log,outputs/sparknet-lowdata10/scratch/c6g16-seed2/metrics/paper_replication/sparknet_c6g16_paper.jsonl,89352,23108fffb51f2381ad3b580051c5d6ce4dd70a434cbe367348918f2121f197f6
sparknet-lowdata10,training_summary,outputs/sparknet-lowdata10/scratch/c6g16-seed2/metrics/summaries.yaml,453,d255f77fce0028abcd5b13e0ef149522e4d72434509f5b27ad7523d83ed27be9
sparknet-lowdata10,run_manifest,outputs/sparknet-lowdata10/scratch/c8g16-seed0/manifest.yaml,2931,a6dd4627fb023a0fa663ca41c9930d46473edadd6387b7e9508c65ac885fcfc0
sparknet-lowdata10,canonical_epoch_log,outputs/sparknet-lowdata10/scratch/c8g16-seed0/metrics/paper_replication/sparknet_c8g16_paper.jsonl,89286,050489681fc198db1aa1068b8fdc4810252e620b07704686b23f4e15ae27dd84
sparknet-lowdata10,training_summary,outputs/sparknet-lowdata10/scratch/c8g16-seed0/metrics/summaries.yaml,452,3e36c7c0af777e938397181abd02c74360e2b8df722655b589e69a74f1553be8
sparknet-lowdata10,run_manifest,outputs/sparknet-lowdata10/scratch/c8g16-seed1/manifest.yaml,2931,92cc37c1be606a23ed3fc889a2cccbabcfae082736404a55e720954683abd50b
sparknet-lowdata10,canonical_epoch_log,outputs/sparknet-lowdata10/scratch/c8g16-seed1/metrics/paper_replication/sparknet_c8g16_paper.jsonl,89365,f96430381b8f193a08d2e7b7361b38ba2cc15f33b1620f86b0eb2c1aea40fe04
sparknet-lowdata10,training_summary,outputs/sparknet-lowdata10/scratch/c8g16-seed1/metrics/summaries.yaml,453,ea36d5c8eb7422092daa1d00b0f9562f88403149bf216bd5397259ac311a6832
sparknet-lowdata10,run_manifest,outputs/sparknet-lowdata10/scratch/c8g16-seed2/manifest.yaml,2932,b42241c5550be5d729b4d14f6a3c658242efd4b8f441375cdd659b1c9fe17de2
sparknet-lowdata10,canonical_epoch_log,outputs/sparknet-lowdata10/scratch/c8g16-seed2/metrics/paper_replication/sparknet_c8g16_paper.jsonl,89345,7e70185bcaeb3c6f3587be2b3c8dbe817f1725ebf6b0323d8adb03e7ee7476af
sparknet-lowdata10,training_summary,outputs/sparknet-lowdata10/scratch/c8g16-seed2/metrics/summaries.yaml,452,4e7da0762e6cf3474f2d26bd435b4a49822906fecaaef13844ca6425a0f91133
sparknet-lowdata20,run_manifest,outputs/sparknet-lowdata20/pointwise_b1-bn/c16g16-seed0/manifest.yaml,6140,c31cb7bfcbd56f4f84cf4d92b08c96257dea5f067b9551381de15aac852d92a9
sparknet-lowdata20,canonical_epoch_log,outputs/sparknet-lowdata20/pointwise_b1-bn/c16g16-seed0/metrics/grow/sparknet_c16g16_paper.jsonl,118331,abbf4099a2002049669ff0a3ca2a5d80f605492d1d62f21a39346f632de08924
sparknet-lowdata20,stage_report,outputs/sparknet-lowdata20/pointwise_b1-bn/c16g16-seed0/reports/grow_summary.yaml,5467,74b4583bedd29035439c72dd1e0f82c5b47027821c2f6bc84a5c2be34c3c59b2
sparknet-lowdata20,run_manifest,outputs/sparknet-lowdata20/pointwise_b1-bn/c16g16-seed1/manifest.yaml,6140,6787f450965d60b1ad1440bb08b29768b82b984745ab3226a4b2d86da025a773
sparknet-lowdata20,canonical_epoch_log,outputs/sparknet-lowdata20/pointwise_b1-bn/c16g16-seed1/metrics/grow/sparknet_c16g16_paper.jsonl,118353,b658d092bbe7e42d6c66de7626a0f9a73d2130bde2635c889033252cc1ff393b
sparknet-lowdata20,stage_report,outputs/sparknet-lowdata20/pointwise_b1-bn/c16g16-seed1/reports/grow_summary.yaml,5463,b068a67d57b2e2f0ba77e95558a2eee924839bfb094c9b57d77b4b0798a8afd7
sparknet-lowdata20,run_manifest,outputs/sparknet-lowdata20/pointwise_b1-bn/c16g16-seed2/manifest.yaml,6140,9d93e01f1a2174672e386506701e841435126d8a4e8762c13c9270c6cbde7270
sparknet-lowdata20,canonical_epoch_log,outputs/sparknet-lowdata20/pointwise_b1-bn/c16g16-seed2/metrics/grow/sparknet_c16g16_paper.jsonl,118306,087f91d6294ca694de5ad671d4fd65c56202cc597516ca40792da87cb215c7f2
sparknet-lowdata20,stage_report,outputs/sparknet-lowdata20/pointwise_b1-bn/c16g16-seed2/reports/grow_summary.yaml,5455,02388c90734a1e580a6fb1ff02c17472ab88eabb05f65aba4282ee3c7085a587
sparknet-lowdata20,run_manifest,outputs/sparknet-lowdata20/pointwise_b1-bn/c16g16-seed3/manifest.yaml,6140,023c24010de7e5df6b315bc440ba5ad4ec664d642fd28fd6122eee6b9fbf8390
sparknet-lowdata20,canonical_epoch_log,outputs/sparknet-lowdata20/pointwise_b1-bn/c16g16-seed3/metrics/grow/sparknet_c16g16_paper.jsonl,118228,538827a7ad95ae15ffcb0d4d465c578aaefd1b02f53ad3204d6765da94128020
sparknet-lowdata20,stage_report,outputs/sparknet-lowdata20/pointwise_b1-bn/c16g16-seed3/reports/grow_summary.yaml,5452,31864a369afd2292d1bbf1664fdab7855158ca9cc41caa85f7a4472f7e2ed38c
sparknet-lowdata20,run_manifest,outputs/sparknet-lowdata20/pointwise_b1-bn/c16g16-seed4/manifest.yaml,6140,c164e3dcaa35d859845c36630062b822a63016ad454c709dd479ea6277bea884
sparknet-lowdata20,canonical_epoch_log,outputs/sparknet-lowdata20/pointwise_b1-bn/c16g16-seed4/metrics/grow/sparknet_c16g16_paper.jsonl,118307,a998606edb7a069ed840dafdda18d157521df879e9dec3f8e7f89bd6bc9ea491
sparknet-lowdata20,stage_report,outputs/sparknet-lowdata20/pointwise_b1-bn/c16g16-seed4/reports/grow_summary.yaml,5452,327771dfc4fd8d4e5672677642aaa1e47d378bd11b98d5315f53ac82fbddfc95
sparknet-lowdata20,run_manifest,outputs/sparknet-lowdata20/scratch/c16g16-seed0/manifest.yaml,2937,37e7ef038d283d08aabb6f0e8a5de0c6df3e0ac8ad5fdabe6b1149cd7fd18075
sparknet-lowdata20,canonical_epoch_log,outputs/sparknet-lowdata20/scratch/c16g16-seed0/metrics/paper_replication/sparknet_c16g16_paper.jsonl,89726,e1c4d7f0e8205091584cb27c6970708157d14f34906504428faa49088e8974d8
sparknet-lowdata20,training_summary,outputs/sparknet-lowdata20/scratch/c16g16-seed0/metrics/summaries.yaml,454,d1fc55375e3ca97e58e33cdbaa9d2204711d658ae0d4fd879b81efe3f219b6d5
sparknet-lowdata20,run_manifest,outputs/sparknet-lowdata20/scratch/c16g16-seed1/manifest.yaml,2937,1d1defe55e4125c256e158a8cb211bb9cd14847d6628aa8ca8b662adbb418722
sparknet-lowdata20,canonical_epoch_log,outputs/sparknet-lowdata20/scratch/c16g16-seed1/metrics/paper_replication/sparknet_c16g16_paper.jsonl,89741,9eebe9a1ec18250d707f458c1efaa5bea5c48ffcf45ca20c389c438ab5fa3284
sparknet-lowdata20,training_summary,outputs/sparknet-lowdata20/scratch/c16g16-seed1/metrics/summaries.yaml,456,22285876515ac5487d583641f9e1e1070ca019b3a0c889e4b268537767d6fe4e
sparknet-lowdata20,run_manifest,outputs/sparknet-lowdata20/scratch/c16g16-seed2/manifest.yaml,2937,f680df418bacdf9e44aac0f51330fdc7bd36339b35e3e133b0f43ee53192b3e4
sparknet-lowdata20,canonical_epoch_log,outputs/sparknet-lowdata20/scratch/c16g16-seed2/metrics/paper_replication/sparknet_c16g16_paper.jsonl,89693,fa9968d539c5eabbb6d9d287aa03a201785fd7683e3d84d5b7d336f3eda6ae0a
sparknet-lowdata20,training_summary,outputs/sparknet-lowdata20/scratch/c16g16-seed2/metrics/summaries.yaml,456,e1fefc0806a1c4495c1e7d0d830d78895bd2b0bee20be458f3729cfc3a73182a
sparknet-lowdata20,run_manifest,outputs/sparknet-lowdata20/scratch/c16g16-seed3/manifest.yaml,2937,a584be57d25c5837759620db4fad47d432fa99e8f81248e2495a7072f33be042
sparknet-lowdata20,canonical_epoch_log,outputs/sparknet-lowdata20/scratch/c16g16-seed3/metrics/paper_replication/sparknet_c16g16_paper.jsonl,89647,df66120092b1598fdc5b3fa39db47ec5ba5419ba6b33b75f9c4d9a084eaa2cfa
sparknet-lowdata20,training_summary,outputs/sparknet-lowdata20/scratch/c16g16-seed3/metrics/summaries.yaml,456,76ab13c669e1e9987e6724a1a18fb9a1262d69750d878168db5c7284a87d8231
sparknet-lowdata20,run_manifest,outputs/sparknet-lowdata20/scratch/c16g16-seed4/manifest.yaml,2937,610bc365c6c3b4d473a80526af715a3e6d49023af7f416e6bcf6e3b2cb00e407
sparknet-lowdata20,canonical_epoch_log,outputs/sparknet-lowdata20/scratch/c16g16-seed4/metrics/paper_replication/sparknet_c16g16_paper.jsonl,89709,9a503b18d2280cbd8a83c0ac703e86b0f4c2ab9dfbed9db3e80acb443040e265
sparknet-lowdata20,training_summary,outputs/sparknet-lowdata20/scratch/c16g16-seed4/metrics/summaries.yaml,456,89f849c15a4a74e5a976d7ae03e53736c78f6c7618d388cba9ab3432ee43d20b
sparknet-lowdata20,run_manifest,outputs/sparknet-lowdata20/scratch/c17g16-seed0/manifest.yaml,2937,1eae2f2ab711a70420b1c885b57cbd7f422ecd304c5694c974b6ac7322e1471e
sparknet-lowdata20,canonical_epoch_log,outputs/sparknet-lowdata20/scratch/c17g16-seed0/metrics/paper_replication/sparknet_c17g16_paper.jsonl,89728,672ff667e1aa89331f669903ff56d582245ed68098216cc7787a49e77d0a847d
sparknet-lowdata20,training_summary,outputs/sparknet-lowdata20/scratch/c17g16-seed0/metrics/summaries.yaml,456,02d918f824b116213635400f3fdf9a3cc4a27a220cc0f7ca8231006ea1c82a0a
sparknet-lowdata20,run_manifest,outputs/sparknet-lowdata20/scratch/c17g16-seed1/manifest.yaml,2937,f60c07c7b19081271561d020eba9fee2fb66e5d99df4e253138e8a812f5450d7
sparknet-lowdata20,canonical_epoch_log,outputs/sparknet-lowdata20/scratch/c17g16-seed1/metrics/paper_replication/sparknet_c17g16_paper.jsonl,89696,9509eded290e68cee7789ed1ed04a5f285198e6a21ad69295a81c3bff5f98932
sparknet-lowdata20,training_summary,outputs/sparknet-lowdata20/scratch/c17g16-seed1/metrics/summaries.yaml,456,8517dc1f921e25703e0ffb3aee2403917ce6b73071a5d0dce09f9e0eb0e3bdd3
sparknet-lowdata20,run_manifest,outputs/sparknet-lowdata20/scratch/c17g16-seed2/manifest.yaml,2937,dd373c2906941d98e28634aeb9fd3f9ae79fac0321eef36bee6a25b618068a6e
sparknet-lowdata20,canonical_epoch_log,outputs/sparknet-lowdata20/scratch/c17g16-seed2/metrics/paper_replication/sparknet_c17g16_paper.jsonl,89700,910696851d59b1c23110f18b6cde6114b374bb6f0aa307774965049eccf9e720
sparknet-lowdata20,training_summary,outputs/sparknet-lowdata20/scratch/c17g16-seed2/metrics/summaries.yaml,456,4e2d8c74448ba2b10a119d4c579117e490b63dd78f7e9b45db7d82d9ceddb0af
sparknet-lowdata20,run_manifest,outputs/sparknet-lowdata20/scratch/c17g16-seed3/manifest.yaml,2937,7390c150880c1eb04034272e026fbf78d0a1c0a7d4eddf267b3795f40b3b6aac
sparknet-lowdata20,canonical_epoch_log,outputs/sparknet-lowdata20/scratch/c17g16-seed3/metrics/paper_replication/sparknet_c17g16_paper.jsonl,89712,2c627adf74b986f9f38b66969030ed68e06306da4928f04af0efa942425aa426
sparknet-lowdata20,training_summary,outputs/sparknet-lowdata20/scratch/c17g16-seed3/metrics/summaries.yaml,456,6dcb23cd4ab336a2804c19b7c829885fba460477a82a934b2ce367dba9de0688
sparknet-lowdata20,run_manifest,outputs/sparknet-lowdata20/scratch/c17g16-seed4/manifest.yaml,2937,0bd6102caa880186d872cd4c8dc0ed07e762a563fb30e28d9f111f18b63848e7
sparknet-lowdata20,canonical_epoch_log,outputs/sparknet-lowdata20/scratch/c17g16-seed4/metrics/paper_replication/sparknet_c17g16_paper.jsonl,89735,5b31f8740615c9e53bbe6246c06ce62ef36f04462064e4c71262cecb8af4cb8c
sparknet-lowdata20,training_summary,outputs/sparknet-lowdata20/scratch/c17g16-seed4/metrics/summaries.yaml,455,0c2462b4e075e3bc950cb6c06b8613caf6a9455ddabb26105941ea494d196d13
sparknet-native-dendrites,run_manifest,outputs/sparknet-native-dendrites/a12k2f3g16-seed0/manifest.yaml,2938,d865223651dacfcf930fd262a3bc35abfa6feb1b8619b2dcb8b678268d25a852
sparknet-native-dendrites,canonical_epoch_log,outputs/sparknet-native-dendrites/a12k2f3g16-seed0/metrics/paper_replication/sparknet_a12k2f3g16_paper.jsonl,90529,924fc7059a928242466539b3c773dd77333a8e11a1049f365b9f009e304ea5e5
sparknet-native-dendrites,training_summary,outputs/sparknet-native-dendrites/a12k2f3g16-seed0/metrics/summaries.yaml,464,d2be2c0477122cf5357a57c490f65ad0b011c114d2a0ed4fbe0c25ff683ff5e7
sparknet-native-dendrites,run_manifest,outputs/sparknet-native-dendrites/a12k2f3g16-seed1/manifest.yaml,2938,648145520e19d09797608388d582033127355ad74d7a5a61a3032d360bdf15c8
sparknet-native-dendrites,canonical_epoch_log,outputs/sparknet-native-dendrites/a12k2f3g16-seed1/metrics/paper_replication/sparknet_a12k2f3g16_paper.jsonl,90533,03a4c800ec92fe5ef63085f2e092d4bc9a41bb284bd6bf1701af986ed533c7f4
sparknet-native-dendrites,training_summary,outputs/sparknet-native-dendrites/a12k2f3g16-seed1/metrics/summaries.yaml,464,95a4c54304321111811c8a637ee1091059c6c4ff7c88ca3ff5184f006613fbd1
sparknet-native-dendrites,run_manifest,outputs/sparknet-native-dendrites/a12k2f3g16-seed2/manifest.yaml,2938,4ab4e435af5c5cbb6fd83dfdde022d053ce3562c3cee8834cab3898f08e24708
sparknet-native-dendrites,canonical_epoch_log,outputs/sparknet-native-dendrites/a12k2f3g16-seed2/metrics/paper_replication/sparknet_a12k2f3g16_paper.jsonl,90530,c1670e9545c601a77479174f2b04027e6fb2e47037b569ef832b3eff5c7030d3
sparknet-native-dendrites,training_summary,outputs/sparknet-native-dendrites/a12k2f3g16-seed2/metrics/summaries.yaml,464,4eede39d4b2648b03b059d7e3c679c0ad7194b0fa2cada27b37378316afbc9ca
sparknet-native-dendrites,run_manifest,outputs/sparknet-native-dendrites/a12k2f3g16-seed3/manifest.yaml,2938,2197708e8b80d3e121cf0bcb0413e2953a0e7c0e669783d50d4ce334c7839ef9
sparknet-native-dendrites,canonical_epoch_log,outputs/sparknet-native-dendrites/a12k2f3g16-seed3/metrics/paper_replication/sparknet_a12k2f3g16_paper.jsonl,90551,394b3799c21afb9790eb75b62373527970ce9db178df4e215b3209bbfae1f394
sparknet-native-dendrites,training_summary,outputs/sparknet-native-dendrites/a12k2f3g16-seed3/metrics/summaries.yaml,463,fa26e6365e2821334dd641333b5b2886002c9f0422ecf8d927cff1260787cb29
sparknet-native-dendrites,run_manifest,outputs/sparknet-native-dendrites/a12k2f3g16-seed4/manifest.yaml,2938,2c400566da95fdb30e93ca8d351cc344a4de1b7fccb130ef2bb5c91867ed2c84
sparknet-native-dendrites,canonical_epoch_log,outputs/sparknet-native-dendrites/a12k2f3g16-seed4/metrics/paper_replication/sparknet_a12k2f3g16_paper.jsonl,90551,c968894d1055c56b9704b7193cfae0685ffd30a318898d66e5a9089a07217495
sparknet-native-dendrites,training_summary,outputs/sparknet-native-dendrites/a12k2f3g16-seed4/metrics/summaries.yaml,464,8a0f4429764aacfae30a424065c185d6217e61939795cd75857ed97372c7014a
sparknet-native-dendrites,run_manifest,outputs/sparknet-native-dendrites/a16k1f16b1g16-seed0/manifest.yaml,2956,7e7106b4886c65b5202a84c3e940919e7de6a472cf74220dbd8f2240fc10446b
sparknet-native-dendrites,canonical_epoch_log,outputs/sparknet-native-dendrites/a16k1f16b1g16-seed0/metrics/paper_replication/sparknet_a16k1f16b1g16_paper.jsonl,91207,ddf35aa1f52ea915be860fbfcb5db34829004197c0a270751ce932c47df6e19d
sparknet-native-dendrites,training_summary,outputs/sparknet-native-dendrites/a16k1f16b1g16-seed0/metrics/summaries.yaml,470,7db22c815c5ecefe7a8809263d83a85714fcf398ccd64c211c83c790033b33d8
sparknet-native-dendrites,run_manifest,outputs/sparknet-native-dendrites/a16k1f16b1g16-seed1/manifest.yaml,2956,e122de695988ecbfd108c1bcf68cb9cb8acb8112313f1fee6227664a142ae4d5
sparknet-native-dendrites,canonical_epoch_log,outputs/sparknet-native-dendrites/a16k1f16b1g16-seed1/metrics/paper_replication/sparknet_a16k1f16b1g16_paper.jsonl,91163,34443e7b5fe98babd020175eb0279bacf552fcb8bf74af83d55c57e74fd95d7a
sparknet-native-dendrites,training_summary,outputs/sparknet-native-dendrites/a16k1f16b1g16-seed1/metrics/summaries.yaml,470,4f517bde5f5da41f43b76578f049ffb2397b54fb3ce995e9ed8e1948c8b9a150
sparknet-native-dendrites,run_manifest,outputs/sparknet-native-dendrites/a16k1f16b1g16-seed2/manifest.yaml,2956,be05b907da05e960f50772a70e59dd2ca217be03b0aa447a142363379dbfdd0b
sparknet-native-dendrites,canonical_epoch_log,outputs/sparknet-native-dendrites/a16k1f16b1g16-seed2/metrics/paper_replication/sparknet_a16k1f16b1g16_paper.jsonl,91205,8037cbac9e63c2dd78226acf45b318b4ececee7e4b1b490462e8df0dc5dea023
sparknet-native-dendrites,training_summary,outputs/sparknet-native-dendrites/a16k1f16b1g16-seed2/metrics/summaries.yaml,470,ae2dbf9d4ab2cb75b1d7460c529158f7bf3bb7d4c5a9938a2fc2f3f6ae2db4ac
sparknet-native-dendrites,run_manifest,outputs/sparknet-native-dendrites/a16k1f16b1g16-seed3/manifest.yaml,2956,a027b865463ec21ff854df6f6d4a478dc408bded0293d4b3007bf4bb83f925d5
sparknet-native-dendrites,canonical_epoch_log,outputs/sparknet-native-dendrites/a16k1f16b1g16-seed3/metrics/paper_replication/sparknet_a16k1f16b1g16_paper.jsonl,91160,c14d2921aaf103f6bae295e7d2c546c3776be1af48ac2b4398af95cd25194d7e
sparknet-native-dendrites,training_summary,outputs/sparknet-native-dendrites/a16k1f16b1g16-seed3/metrics/summaries.yaml,470,26ba9156aa6da7f1ff35c4b5645895c6f6abf61d2c438bcd472533dcb23f1027
sparknet-native-dendrites,run_manifest,outputs/sparknet-native-dendrites/a16k1f16b1g16-seed4/manifest.yaml,2956,e7def5709de5372162435d99854f3288e10499d690441f9b6906a2ed1ea0137a
sparknet-native-dendrites,canonical_epoch_log,outputs/sparknet-native-dendrites/a16k1f16b1g16-seed4/metrics/paper_replication/sparknet_a16k1f16b1g16_paper.jsonl,91202,11be11ab0ee68818b423dea875f4bf16984ef0808c39ab2a8a9a49c7470ac236
sparknet-native-dendrites,training_summary,outputs/sparknet-native-dendrites/a16k1f16b1g16-seed4/metrics/summaries.yaml,470,f8f6c5b83a4d307b074e5d9ba15890a4a6555b5805e63c242ed38929f0d7a58c
sparknet-native-dendrites,run_manifest,outputs/sparknet-native-dendrites/a16k1f4g16-seed0/manifest.yaml,2938,d6274046dc5af10a673e8746649c30e1b61191096476fc6fcfc0eb1d78507be6
sparknet-native-dendrites,canonical_epoch_log,outputs/sparknet-native-dendrites/a16k1f4g16-seed0/metrics/paper_replication/sparknet_a16k1f4g16_paper.jsonl,90553,3b128b867a49bc720ccef83af88efae977fb4db72066c7fbea435e81e01a9d9f
sparknet-native-dendrites,training_summary,outputs/sparknet-native-dendrites/a16k1f4g16-seed0/metrics/summaries.yaml,464,478a8ac4b9de53da97e115f2cf1f7c8d1e514a409a4b2ea4ba9c3d8dafdaf5ec
sparknet-native-dendrites,run_manifest,outputs/sparknet-native-dendrites/a16k1f4g16-seed1/manifest.yaml,2938,51a382beb8260890a6f8ccb87fcd69fd979646ec68404135d8a85f588fca24ba
sparknet-native-dendrites,canonical_epoch_log,outputs/sparknet-native-dendrites/a16k1f4g16-seed1/metrics/paper_replication/sparknet_a16k1f4g16_paper.jsonl,90582,de0c81d4daf837bf65bb104ebcaac6ef443372506385a35582f04f12d5ac6118
sparknet-native-dendrites,training_summary,outputs/sparknet-native-dendrites/a16k1f4g16-seed1/metrics/summaries.yaml,464,2ab2c9624921e9849310abd916c0e6f14c2df7a7552bb5ccdce56f16e270dfe7
sparknet-native-dendrites,run_manifest,outputs/sparknet-native-dendrites/a16k1f4g16-seed2/manifest.yaml,2938,5b79c7dc4e0a272debd91f3df768bced696acef55e7906787873159271c61975
sparknet-native-dendrites,canonical_epoch_log,outputs/sparknet-native-dendrites/a16k1f4g16-seed2/metrics/paper_replication/sparknet_a16k1f4g16_paper.jsonl,90565,a33f089b9724e983eb1c8929c37d7a18ac1c622cbc4cc69784ce1a1fdbc79937
sparknet-native-dendrites,training_summary,outputs/sparknet-native-dendrites/a16k1f4g16-seed2/metrics/summaries.yaml,464,0d1d2ff91162feb1cb1d27d12c4309645ad0d29cf14cf57e77b8c9ce6c861295
sparknet-native-dendrites,run_manifest,outputs/sparknet-native-dendrites/a16k1f4g16-seed3/manifest.yaml,2938,18da11af5f4861f66ea8bcfc07eed2463cf2f1933e6fbaac50750f9a7d5c923d
sparknet-native-dendrites,canonical_epoch_log,outputs/sparknet-native-dendrites/a16k1f4g16-seed3/metrics/paper_replication/sparknet_a16k1f4g16_paper.jsonl,90530,c34cb447dc6862104603da98abdd40e4369b8d831fde8000c9c540eced3548fe
sparknet-native-dendrites,training_summary,outputs/sparknet-native-dendrites/a16k1f4g16-seed3/metrics/summaries.yaml,463,51c9cca32a2e65891253c76fdb69919334f1a20d0ff7fce05ae88b83d5fdf32e
sparknet-native-dendrites,run_manifest,outputs/sparknet-native-dendrites/a16k1f4g16-seed4/manifest.yaml,2938,d37075ff3a0f4df8ae8cd27978005fcba88c129d29f87bcea2b7067a181bf29c
sparknet-native-dendrites,canonical_epoch_log,outputs/sparknet-native-dendrites/a16k1f4g16-seed4/metrics/paper_replication/sparknet_a16k1f4g16_paper.jsonl,90536,d2872dcc1b760b51de444010c858184c5caf16bf14f3ed5dbfd2dcc42a6a7c36
sparknet-native-dendrites,training_summary,outputs/sparknet-native-dendrites/a16k1f4g16-seed4/metrics/summaries.yaml,464,7f2ab68c1f4247bb05dcb3fb52d5f47a74a1f2f2499583a32a3c1435f24df1e4
sparknet-native-dendrites,run_manifest,outputs/sparknet-native-dendrites/a16k2f4g16-seed0/manifest.yaml,2938,8e020f5b51c137530be8587dac0f3c21c6c39069c56b89e5d7b6e3057b813410
sparknet-native-dendrites,canonical_epoch_log,outputs/sparknet-native-dendrites/a16k2f4g16-seed0/metrics/paper_replication/sparknet_a16k2f4g16_paper.jsonl,90585,de59b45ae368ae86edc5a878fb4e2b55394539b4de20f37a120d84befa960597
sparknet-native-dendrites,training_summary,outputs/sparknet-native-dendrites/a16k2f4g16-seed0/metrics/summaries.yaml,464,6fd073eb25e56632e87df5df8577579206b01f2627d8d8aedc432494a45c5b5b
sparknet-native-dendrites,run_manifest,outputs/sparknet-native-dendrites/a16k2f4g16-seed1/manifest.yaml,2938,88c063c43efd113f16ba8d8768cfda4f278dffe28f88e32b32af2b184585ac15
sparknet-native-dendrites,canonical_epoch_log,outputs/sparknet-native-dendrites/a16k2f4g16-seed1/metrics/paper_replication/sparknet_a16k2f4g16_paper.jsonl,90576,4814216fae5752ccc022ebfd7c3bcbb5cb485af277ddfdf4080f198e41309db9
sparknet-native-dendrites,training_summary,outputs/sparknet-native-dendrites/a16k2f4g16-seed1/metrics/summaries.yaml,464,2bce509be4a0fb975ece5c441a9d0546fc3fd85e533f12051400dab4e226a547
sparknet-native-dendrites,run_manifest,outputs/sparknet-native-dendrites/a16k2f4g16-seed2/manifest.yaml,2938,255e5bda13d20767294398db148dd947990556c03a710d55905473bae3bfcbc6
sparknet-native-dendrites,canonical_epoch_log,outputs/sparknet-native-dendrites/a16k2f4g16-seed2/metrics/paper_replication/sparknet_a16k2f4g16_paper.jsonl,90583,ff1c26ac3c59999b2a8ecb4acd0ed609cab9b7ef1c00e4b175f462998ae3deb0
sparknet-native-dendrites,training_summary,outputs/sparknet-native-dendrites/a16k2f4g16-seed2/metrics/summaries.yaml,464,f2a584fe68bb5e67ab5b93061e6a12a40d7b5e668054479ac8a085238847a9ef
sparknet-native-dendrites,run_manifest,outputs/sparknet-native-dendrites/a16k2f4g16-seed3/manifest.yaml,2938,fbda3aed9cf628f8a23a486aff624994e0d97285e608a414201ee938a083e6ef
sparknet-native-dendrites,canonical_epoch_log,outputs/sparknet-native-dendrites/a16k2f4g16-seed3/metrics/paper_replication/sparknet_a16k2f4g16_paper.jsonl,90458,57d61bc124a848c493e0fe9b9b9cf8805173583104063d7a4c48f2e87bb9751f
sparknet-native-dendrites,training_summary,outputs/sparknet-native-dendrites/a16k2f4g16-seed3/metrics/summaries.yaml,464,276cc2e4ff3dd7d499733fbd7dd42a920d50ae99d9e70cd11aea29daca839017
sparknet-native-dendrites,run_manifest,outputs/sparknet-native-dendrites/a16k2f4g16-seed4/manifest.yaml,2938,2ac2b500935c189aaa890ca5010f0c1599acb7dd947bb1e7b933f29e58001da1
sparknet-native-dendrites,canonical_epoch_log,outputs/sparknet-native-dendrites/a16k2f4g16-seed4/metrics/paper_replication/sparknet_a16k2f4g16_paper.jsonl,90590,4f4829ef7147b4627cb65043b09fcc577f52eab5f24af6fa63ec3cf029b889f6
sparknet-native-dendrites,training_summary,outputs/sparknet-native-dendrites/a16k2f4g16-seed4/metrics/summaries.yaml,464,017937627f18330376fd36a7d8d047383985f1eaccbbfd0b2943da50ceca3f06
sparknet-native-dendrites,run_manifest,outputs/sparknet-native-dendrites/b0a16k2f8g16-seed0/manifest.yaml,2950,2098facfdede06a1361a5085bd9d469aa1efbf60cfff0f0cb7da7fd66565faba
sparknet-native-dendrites,canonical_epoch_log,outputs/sparknet-native-dendrites/b0a16k2f8g16-seed0/metrics/paper_replication/sparknet_b0a16k2f8g16_paper.jsonl,91006,a27483645da51b0c9d3d659882f4504277649edfb8180fd77592a585f5215f8c
sparknet-native-dendrites,training_summary,outputs/sparknet-native-dendrites/b0a16k2f8g16-seed0/metrics/summaries.yaml,468,3c010bb33f88b4c310755a613df9b7443aaed51f40021076e63117c1fa4da0eb
sparknet-native-dendrites,run_manifest,outputs/sparknet-native-dendrites/b0a16k2f8g16-seed1/manifest.yaml,2950,76c1d4581b9b69706bd463f4652bfd6c481d8923037b401d7c8e46973184a900
sparknet-native-dendrites,canonical_epoch_log,outputs/sparknet-native-dendrites/b0a16k2f8g16-seed1/metrics/paper_replication/sparknet_b0a16k2f8g16_paper.jsonl,90861,5735cb572f723bdeee8ffd40a0880b6d91aa1d9ac2662d8b05ea14c8e08e6780
sparknet-native-dendrites,training_summary,outputs/sparknet-native-dendrites/b0a16k2f8g16-seed1/metrics/summaries.yaml,468,9330b54ed689369fc8e825b7b0bbbf73a88f7cfa51d8909b41c6fcaa3f8dbc2d
sparknet-native-dendrites,run_manifest,outputs/sparknet-native-dendrites/b0a16k2f8g16-seed2/manifest.yaml,2950,6aa9bc3f86044e9e232617f1927186577cf7bcc5eca56387e0f1955aa93a4bfd
sparknet-native-dendrites,canonical_epoch_log,outputs/sparknet-native-dendrites/b0a16k2f8g16-seed2/metrics/paper_replication/sparknet_b0a16k2f8g16_paper.jsonl,91085,ede649afd64a0742672fafc60f11ce543119e909b1205d750ab5087d1c0d3b3b
sparknet-native-dendrites,training_summary,outputs/sparknet-native-dendrites/b0a16k2f8g16-seed2/metrics/summaries.yaml,468,495839f2576a838de21fa262774ecb1ab69eab171653e897cd36b35656b860d4
sparknet-native-dendrites,run_manifest,outputs/sparknet-native-dendrites/b0a16k2f8g16-seed3/manifest.yaml,2950,3453f427e5586c3048e15808bf01a7099183e2cb24af6b4e4d85b434f314cb20
sparknet-native-dendrites,canonical_epoch_log,outputs/sparknet-native-dendrites/b0a16k2f8g16-seed3/metrics/paper_replication/sparknet_b0a16k2f8g16_paper.jsonl,91133,780d32553c713059fb3a7cacea2e4f2e9ddbcff3a3e87bcb6e569ec004ae7bee
sparknet-native-dendrites,training_summary,outputs/sparknet-native-dendrites/b0a16k2f8g16-seed3/metrics/summaries.yaml,468,f86439bce44e9670ff644ad9a03c6e9a17f724247838ea72a0a8fc10ca28b4e2
sparknet-native-dendrites,run_manifest,outputs/sparknet-native-dendrites/b0a16k2f8g16-seed4/manifest.yaml,2950,221259016c0915002733805cbedfdacbd5066b0e9fece52b6a0410f4f37623a2
sparknet-native-dendrites,canonical_epoch_log,outputs/sparknet-native-dendrites/b0a16k2f8g16-seed4/metrics/paper_replication/sparknet_b0a16k2f8g16_paper.jsonl,91098,52eb936b06abfedc45b9daec42e8890955a293ea8f706183c0934bdcabce093d
sparknet-native-dendrites,training_summary,outputs/sparknet-native-dendrites/b0a16k2f8g16-seed4/metrics/summaries.yaml,468,314c16bfb3f3072870611edfc89175884cb09d3b8d87a17dc6b760db6ffae408
sparknet-native-dendrites,run_manifest,outputs/sparknet-native-dendrites/b0a16k4f4g16-seed0/manifest.yaml,2950,c7871179528991a3520db67c218d49c813624bd6d00890217e018f429e1fea93
sparknet-native-dendrites,canonical_epoch_log,outputs/sparknet-native-dendrites/b0a16k4f4g16-seed0/metrics/paper_replication/sparknet_b0a16k4f4g16_paper.jsonl,90949,a9da95b055cc3f103b46d6cd99cd68c494308697dd5b6a8d42c86724220ecb69
sparknet-native-dendrites,training_summary,outputs/sparknet-native-dendrites/b0a16k4f4g16-seed0/metrics/summaries.yaml,468,94c539bce3585426781aa60751b1ebb42270ed69fb8bbddcf9a6c5f4fd79d6ab
sparknet-native-dendrites,run_manifest,outputs/sparknet-native-dendrites/b0a16k4f4g16-seed1/manifest.yaml,2950,dc9906e8842264cf0451f4bc05ab0eae83ba6e71626b4a8cc31201704eb20f41
sparknet-native-dendrites,canonical_epoch_log,outputs/sparknet-native-dendrites/b0a16k4f4g16-seed1/metrics/paper_replication/sparknet_b0a16k4f4g16_paper.jsonl,91093,0f4b4cb1990905131f90e348effea7d01cf818aac52fb7b6c5b90ffb61022c64
sparknet-native-dendrites,training_summary,outputs/sparknet-native-dendrites/b0a16k4f4g16-seed1/metrics/summaries.yaml,468,cc24d2bf60b15b3b165388279773730d7379d4d2cf179f7590212a927f405998
sparknet-native-dendrites,run_manifest,outputs/sparknet-native-dendrites/b0a16k4f4g16-seed2/manifest.yaml,2950,e14cb05902f731b1cbb9d698e7b6eee37b9e907a8af64070bcb05d29ece9ab25
sparknet-native-dendrites,canonical_epoch_log,outputs/sparknet-native-dendrites/b0a16k4f4g16-seed2/metrics/paper_replication/sparknet_b0a16k4f4g16_paper.jsonl,91030,20b3f4b1f9b57d51beab2aeaf40aed04cf699d22542711be7e2eca2691be2781
sparknet-native-dendrites,training_summary,outputs/sparknet-native-dendrites/b0a16k4f4g16-seed2/metrics/summaries.yaml,467,68b52da8c227f6548c0448162b8b3f042d5063280beba86e5403628b46e5bc51
sparknet-native-dendrites,run_manifest,outputs/sparknet-native-dendrites/b0a16k4f4g16-seed3/manifest.yaml,2950,f94880a6c761017e9617c5b24d857d200412a5f09ac04cf8693b8836277f0554
sparknet-native-dendrites,canonical_epoch_log,outputs/sparknet-native-dendrites/b0a16k4f4g16-seed3/metrics/paper_replication/sparknet_b0a16k4f4g16_paper.jsonl,91078,b49e4f6c98ffbee70bc0c5f58f56e8b21302eed281330d6b2c2336d6f6374b68
sparknet-native-dendrites,training_summary,outputs/sparknet-native-dendrites/b0a16k4f4g16-seed3/metrics/summaries.yaml,468,99c810daaaab010a90a1ecc317d9008b4b21dfe85eca7ca0e02f204411d172e1
sparknet-native-dendrites,run_manifest,outputs/sparknet-native-dendrites/b0a16k4f4g16-seed4/manifest.yaml,2950,6f5c193b78f0be6b77df25d2a3c3a1a97a5d0c8adfaf6e03620275b4d4dbd667
sparknet-native-dendrites,canonical_epoch_log,outputs/sparknet-native-dendrites/b0a16k4f4g16-seed4/metrics/paper_replication/sparknet_b0a16k4f4g16_paper.jsonl,91131,dff3b6b806b12f5d6f43d1a974d72f3899399e93a256c2aff85e1e02f6fe13ad
sparknet-native-dendrites,training_summary,outputs/sparknet-native-dendrites/b0a16k4f4g16-seed4/metrics/summaries.yaml,468,33940a2e4d2f9f7e7dc0db0a3fbbae4647bb4f4f5e663e3342295729b268c83a
sparknet-native-dendrites,run_manifest,outputs/sparknet-native-dendrites/b0a9k1f8g12-seed0/manifest.yaml,2944,fe21eccbaf5de0ee16e76ca7397379350ee5218825edd4e2d13c383c76c0f352
sparknet-native-dendrites,canonical_epoch_log,outputs/sparknet-native-dendrites/b0a9k1f8g12-seed0/metrics/paper_replication/sparknet_b0a9k1f8g12_paper.jsonl,90659,813a8c89a96d6ed59f51e6899a7ed7a35af1380595658c05f13f4bd467bce518
sparknet-native-dendrites,training_summary,outputs/sparknet-native-dendrites/b0a9k1f8g12-seed0/metrics/summaries.yaml,466,caf0ac53b8f8cd40a2572e88706e7ba1333274f8c1dbe6bb381263ab9049975d
sparknet-native-dendrites,run_manifest,outputs/sparknet-native-dendrites/b0a9k1f8g12-seed1/manifest.yaml,2944,0cd0c5196ccb0636d4d2368fc13f28c3711454c323ad49eb1d2b7beb8ea88be7
sparknet-native-dendrites,canonical_epoch_log,outputs/sparknet-native-dendrites/b0a9k1f8g12-seed1/metrics/paper_replication/sparknet_b0a9k1f8g12_paper.jsonl,90581,7480be0753abbaa23a6cf2cce0cd8fe4aaf0bd846702543c5c611878ade42f8d
sparknet-native-dendrites,training_summary,outputs/sparknet-native-dendrites/b0a9k1f8g12-seed1/metrics/summaries.yaml,466,df531b8653c32241fa6e1a57cd98992032473498a56578aea30cd18cd1cd07ae
sparknet-native-dendrites,run_manifest,outputs/sparknet-native-dendrites/b0a9k1f8g12-seed2/manifest.yaml,2944,2bd80319b362a046829dd79dd414ba7a2773fcce839a359d30189ae92bbf2283
sparknet-native-dendrites,canonical_epoch_log,outputs/sparknet-native-dendrites/b0a9k1f8g12-seed2/metrics/paper_replication/sparknet_b0a9k1f8g12_paper.jsonl,90735,c364b6eade26df4c1b1068bf0e10172cbf0c0f6428dc113e38fa85b937e14676
sparknet-native-dendrites,training_summary,outputs/sparknet-native-dendrites/b0a9k1f8g12-seed2/metrics/summaries.yaml,465,357054143a9874e755fd03dcb1cd458781a9697c650a1d1f5ef9fa4c16819d62
sparknet-native-dendrites,run_manifest,outputs/sparknet-native-dendrites/b0a9k1f8g12-seed3/manifest.yaml,2944,fec317e4e1fba6f8899de7481f129586cac342b7c1e3e340a9a669273379f90b
sparknet-native-dendrites,canonical_epoch_log,outputs/sparknet-native-dendrites/b0a9k1f8g12-seed3/metrics/paper_replication/sparknet_b0a9k1f8g12_paper.jsonl,90725,211ce4a7b34ac7a8fe71dac0d4cc965bb880dffdcd5f78c6b10659bc45d83f41
sparknet-native-dendrites,training_summary,outputs/sparknet-native-dendrites/b0a9k1f8g12-seed3/metrics/summaries.yaml,466,eaab53f9ea400f22c82038b0c08b2bf106fd28d71ac19fe1a9e6dc804e908a97
sparknet-native-dendrites,run_manifest,outputs/sparknet-native-dendrites/b0a9k1f8g12-seed4/manifest.yaml,2944,24b30570fd83b32eafe33eb5d6e39ea1010a78b1c43ffd43b7bfc205c29c8e3e
sparknet-native-dendrites,canonical_epoch_log,outputs/sparknet-native-dendrites/b0a9k1f8g12-seed4/metrics/paper_replication/sparknet_b0a9k1f8g12_paper.jsonl,90831,6bcf3b506a1bd206e2905bf572409be0dffda8f9e962fed7c7ff58825f16701c
sparknet-native-dendrites,training_summary,outputs/sparknet-native-dendrites/b0a9k1f8g12-seed4/metrics/summaries.yaml,466,0303217c88dcdddd3a9b50dab0dc34ee62cefb1e8eee435673a4b11d6941bcdb
sparknet-native-dendrites,run_manifest,outputs/sparknet-native-dendrites/b0a9k2f8g12-seed0/manifest.yaml,2944,6a82634e5f2d91a170d77af6641688133ab328340b090ba09ce10ecf56d28581
sparknet-native-dendrites,canonical_epoch_log,outputs/sparknet-native-dendrites/b0a9k2f8g12-seed0/metrics/paper_replication/sparknet_b0a9k2f8g12_paper.jsonl,90669,8a54d1dead05fea282fdf83ab86db3fca1617d2ac09479384be0920e4fe4efa3
sparknet-native-dendrites,training_summary,outputs/sparknet-native-dendrites/b0a9k2f8g12-seed0/metrics/summaries.yaml,466,924860b6d9fac609faae638ad7f5920f6a488f551a79e37a2347e60fbc6e019f
sparknet-native-dendrites,run_manifest,outputs/sparknet-native-dendrites/b0a9k2f8g12-seed1/manifest.yaml,2944,2fc0192544ab00402990495ff62ba847b549812544a6e952ea0ae6cb1c60e5e6
sparknet-native-dendrites,canonical_epoch_log,outputs/sparknet-native-dendrites/b0a9k2f8g12-seed1/metrics/paper_replication/sparknet_b0a9k2f8g12_paper.jsonl,90759,9271413c2b4bc50b2ae4ea311b94ac076192ad71d6695263e1c1f91eb316d111
sparknet-native-dendrites,training_summary,outputs/sparknet-native-dendrites/b0a9k2f8g12-seed1/metrics/summaries.yaml,465,04f935509ac961c02074b1e1fb628e797e26a6203192b62335061e91c706fecd
sparknet-native-dendrites,run_manifest,outputs/sparknet-native-dendrites/b0a9k2f8g12-seed2/manifest.yaml,2944,843d7f181c21facea19a328587277a4e7ef2880c1cb541ede6ff73c3830c3ad0
sparknet-native-dendrites,canonical_epoch_log,outputs/sparknet-native-dendrites/b0a9k2f8g12-seed2/metrics/paper_replication/sparknet_b0a9k2f8g12_paper.jsonl,90735,3435acac8932bfb56f4dbc71ff2d02f54df402eeadccfd90930344a479d323ed
sparknet-native-dendrites,training_summary,outputs/sparknet-native-dendrites/b0a9k2f8g12-seed2/metrics/summaries.yaml,465,ea198ffe1a35cb198027fec25df1230c6c50c107477c57b5a1c008d2704b81a9
sparknet-native-dendrites,run_manifest,outputs/sparknet-native-dendrites/b0a9k2f8g12-seed3/manifest.yaml,2944,247e05097d75f2f6261f68e0c7ccca592727ac3340a5f0a7c7cf4b094b9c4f22
sparknet-native-dendrites,canonical_epoch_log,outputs/sparknet-native-dendrites/b0a9k2f8g12-seed3/metrics/paper_replication/sparknet_b0a9k2f8g12_paper.jsonl,90791,fc37bbf25ec4de3e396923828a79e26dc2cad21650f63074d94285b026802573
sparknet-native-dendrites,training_summary,outputs/sparknet-native-dendrites/b0a9k2f8g12-seed3/metrics/summaries.yaml,466,e9d731ab917972676ba9e5f73c5bd3faae49923b96853c313788900c73c91a05
sparknet-native-dendrites,run_manifest,outputs/sparknet-native-dendrites/b0a9k2f8g12-seed4/manifest.yaml,2944,5fdd0db9d1f9aa721590a26f389fe43fe184679160b4c060b3e343e95c3fc1c5
sparknet-native-dendrites,canonical_epoch_log,outputs/sparknet-native-dendrites/b0a9k2f8g12-seed4/metrics/paper_replication/sparknet_b0a9k2f8g12_paper.jsonl,90813,1e363cffc808c8f810543406788ac4b940e697e19aee32d5e77fc6064b026972
sparknet-native-dendrites,training_summary,outputs/sparknet-native-dendrites/b0a9k2f8g12-seed4/metrics/summaries.yaml,466,5c44f1959ee77de49d431914b8d362c02a8eaedf9a6fc24c4590b2df2caaa453
sparknet-native-dendrites,run_manifest,outputs/sparknet-native-dendrites/d14k2f3g16-seed0/manifest.yaml,2938,a0eb96fda88f7c1d0d3728c9137ad14e6312b729ec0a3134578cdd27c310dd46
sparknet-native-dendrites,canonical_epoch_log,outputs/sparknet-native-dendrites/d14k2f3g16-seed0/metrics/paper_replication/sparknet_d14k2f3g16_paper.jsonl,90525,27f7220e0b21b363f26feceff74e550265fa1c3dd5475779970a48d2fec9c95c
sparknet-native-dendrites,training_summary,outputs/sparknet-native-dendrites/d14k2f3g16-seed0/metrics/summaries.yaml,464,046837760cd6e329be8ad878183f575199d661b673dccc16418aa86fc2fc428a
sparknet-native-dendrites,run_manifest,outputs/sparknet-native-dendrites/d14k2f3g16-seed1/manifest.yaml,2938,358baf55265a70044e6c059449fa0a8dde8854003bfcf6deb00e08b987dacd24
sparknet-native-dendrites,canonical_epoch_log,outputs/sparknet-native-dendrites/d14k2f3g16-seed1/metrics/paper_replication/sparknet_d14k2f3g16_paper.jsonl,90444,7bef2625bb5c5f5af3a23d6d01862ef020acdc8610775e1f6cf36dba194a0348
sparknet-native-dendrites,training_summary,outputs/sparknet-native-dendrites/d14k2f3g16-seed1/metrics/summaries.yaml,464,2c0b656c858e4487b1d93b5e141d9d2b6d7351183fc3d04a385230eee2d7a50f
sparknet-native-dendrites,run_manifest,outputs/sparknet-native-dendrites/d14k2f3g16-seed2/manifest.yaml,2938,1dd67748be4ca807dbd0232a5693e6047a0fb084315adcf85647e695bab04ba1
sparknet-native-dendrites,canonical_epoch_log,outputs/sparknet-native-dendrites/d14k2f3g16-seed2/metrics/paper_replication/sparknet_d14k2f3g16_paper.jsonl,90509,c06908617da4a19d211f45f09f441b04c26beddef7f1f2506101d807779486cd
sparknet-native-dendrites,training_summary,outputs/sparknet-native-dendrites/d14k2f3g16-seed2/metrics/summaries.yaml,464,51e8f0c0fd29fc7125d27a3cdab71c522840032b404dfa3e6040d568ef2d0220
sparknet-native-dendrites,run_manifest,outputs/sparknet-native-dendrites/d14k2f3g16-seed3/manifest.yaml,2938,4b9e9965841804f15e42345221ebc5b54e9784d4e9eaefe0ea29706414fef084
sparknet-native-dendrites,canonical_epoch_log,outputs/sparknet-native-dendrites/d14k2f3g16-seed3/metrics/paper_replication/sparknet_d14k2f3g16_paper.jsonl,90549,e3b21cd6dcc805ff1a412d4fbb7fe657d39a4c82eae37993c2e8557aa0ef8dbf
sparknet-native-dendrites,training_summary,outputs/sparknet-native-dendrites/d14k2f3g16-seed3/metrics/summaries.yaml,464,ee7eb6919d85ff0d2b222864cf79289e60800e968f105d4e8dd79bdcb595b832
sparknet-native-dendrites,run_manifest,outputs/sparknet-native-dendrites/d14k2f3g16-seed4/manifest.yaml,2939,bb53d7882eef810adf84e85e62faeef9f216fde65270a980e9edc53e34724331
sparknet-native-dendrites,canonical_epoch_log,outputs/sparknet-native-dendrites/d14k2f3g16-seed4/metrics/paper_replication/sparknet_d14k2f3g16_paper.jsonl,90520,64e2c48cb7c0e5315e9f3d0a8d7300118f9b7375b8c8cf4a398eaefe93dd8320
sparknet-native-dendrites,training_summary,outputs/sparknet-native-dendrites/d14k2f3g16-seed4/metrics/summaries.yaml,464,d09d1e39e05bc6f5b3e16af2af1fb56413ce5796fabf02cb679f98dc3dc94338
sparknet-native-dendrites,run_manifest,outputs/sparknet-native-dendrites/d16k4f4g16-seed0/manifest.yaml,2938,310b0dee6d2d6fb719a6ea8edd638fbe2a252fe412b842f830e80a55d5e332f1
sparknet-native-dendrites,canonical_epoch_log,outputs/sparknet-native-dendrites/d16k4f4g16-seed0/metrics/paper_replication/sparknet_d16k4f4g16_paper.jsonl,90561,4eba2107a0b84aede7bdc9e8131669adb39e1ac003e782a600375fc7784e730e
sparknet-native-dendrites,training_summary,outputs/sparknet-native-dendrites/d16k4f4g16-seed0/metrics/summaries.yaml,464,d1aa8005a8010fa215582e3f5ae208ce10f9e49c7a4ca17d1e4e632c7ed05d41
sparknet-native-dendrites,run_manifest,outputs/sparknet-native-dendrites/d16k4f4g16-seed1/manifest.yaml,2938,5e7b426f9e8a4598aabad129bbd6207b8a1e70f6dcd8eb932a251c46ce1d3ac5
sparknet-native-dendrites,canonical_epoch_log,outputs/sparknet-native-dendrites/d16k4f4g16-seed1/metrics/paper_replication/sparknet_d16k4f4g16_paper.jsonl,90489,c92ffdf37045c606fa7592e0c8c684cb0aa27095bb79c6bb8a42fdab6e73bc5b
sparknet-native-dendrites,training_summary,outputs/sparknet-native-dendrites/d16k4f4g16-seed1/metrics/summaries.yaml,464,117d4edb47866c7bfe336d74be012b8aaedba423d51dc0cd3a937617cffa78b1
sparknet-native-dendrites,run_manifest,outputs/sparknet-native-dendrites/d16k4f4g16-seed2/manifest.yaml,2938,759a619039103ff2c2b88cc4e77b5ff17544971b5b49c4dc52bcb09bc105877c
sparknet-native-dendrites,canonical_epoch_log,outputs/sparknet-native-dendrites/d16k4f4g16-seed2/metrics/paper_replication/sparknet_d16k4f4g16_paper.jsonl,90562,0e11d542f6f971f6a3f6f1b3b630a45afcc7f757c887b022fd4a1be978e59cf0
sparknet-native-dendrites,training_summary,outputs/sparknet-native-dendrites/d16k4f4g16-seed2/metrics/summaries.yaml,464,9fb479ea12d42271192fff1582043e55492aa6865001e11e047850132bf65473
sparknet-native-dendrites,run_manifest,outputs/sparknet-native-dendrites/d16k4f4g16-seed3/manifest.yaml,2938,e0bb94b1ec29d098f72d4b7f7dfd72c7a7668cb12f343200fc4ddca61fbc401c
sparknet-native-dendrites,canonical_epoch_log,outputs/sparknet-native-dendrites/d16k4f4g16-seed3/metrics/paper_replication/sparknet_d16k4f4g16_paper.jsonl,90617,4b9ec81c0d8302f1750c319ef27de6559acb493bbb1e82024d6d4fb4dffb1e92
sparknet-native-dendrites,training_summary,outputs/sparknet-native-dendrites/d16k4f4g16-seed3/metrics/summaries.yaml,464,482c9bffbd33ced4f13598df98b87736a7ba86bec8e1108311d330081fd5b055
sparknet-native-dendrites,run_manifest,outputs/sparknet-native-dendrites/d16k4f4g16-seed4/manifest.yaml,2939,ac07da0a0134c40255d2ad29725d06228eafb12a1eb9a8cc6f5f1eb5642f19c5
sparknet-native-dendrites,canonical_epoch_log,outputs/sparknet-native-dendrites/d16k4f4g16-seed4/metrics/paper_replication/sparknet_d16k4f4g16_paper.jsonl,90485,9fcad58b6195518b59150a162019cb6a0ab8824c25214d465cfbf715f8adb3ab
sparknet-native-dendrites,training_summary,outputs/sparknet-native-dendrites/d16k4f4g16-seed4/metrics/summaries.yaml,463,bfca416a8e2ea024fbb6814cc5faaed32cffb8d57106cd12c50201876ef97717
sparknet-native-dendrites,run_manifest,outputs/sparknet-native-dendrites/d18k2f4g16-seed0/manifest.yaml,2938,222deada6410b4311a8ac488d3c361df254d7fe5514b86781ab3a2083ee6afde
sparknet-native-dendrites,canonical_epoch_log,outputs/sparknet-native-dendrites/d18k2f4g16-seed0/metrics/paper_replication/sparknet_d18k2f4g16_paper.jsonl,90575,d9c931455667ba9bbff8c0b25d2413edf8ff566597291109347560e7555864ee
sparknet-native-dendrites,training_summary,outputs/sparknet-native-dendrites/d18k2f4g16-seed0/metrics/summaries.yaml,464,520cf992b70a518164d3a00ac9169452a00cb8ef281f6c805f7276d4601a9777
sparknet-native-dendrites,run_manifest,outputs/sparknet-native-dendrites/d18k2f4g16-seed1/manifest.yaml,2938,5902d82db1e70ff5d7c1c89bee6ccd0165da64c7649037fc2f83ec5db7e4d18b
sparknet-native-dendrites,canonical_epoch_log,outputs/sparknet-native-dendrites/d18k2f4g16-seed1/metrics/paper_replication/sparknet_d18k2f4g16_paper.jsonl,90570,0dd459251f6478ad49f341acb6fbf908ddb702155cf1086da652f8f64f0a2a81
sparknet-native-dendrites,training_summary,outputs/sparknet-native-dendrites/d18k2f4g16-seed1/metrics/summaries.yaml,464,f43d6f65fde21a9f4808838c7bc53d5ae06c38f98171525be5ba4c44ea65ac30
sparknet-native-dendrites,run_manifest,outputs/sparknet-native-dendrites/d18k2f4g16-seed2/manifest.yaml,2938,8318c25b0ef61f401ba48b4211475fbe2e2cebdd5c8540d58825213cc0082a46
sparknet-native-dendrites,canonical_epoch_log,outputs/sparknet-native-dendrites/d18k2f4g16-seed2/metrics/paper_replication/sparknet_d18k2f4g16_paper.jsonl,90550,a11c6bd0233608bd67455a69cb58a8be12626cda6afe483490b5329799ed4c22
sparknet-native-dendrites,training_summary,outputs/sparknet-native-dendrites/d18k2f4g16-seed2/metrics/summaries.yaml,464,3411f219d79c03eb53aad827aa447e146e0362316df081c16aae36953952c576
sparknet-native-dendrites,run_manifest,outputs/sparknet-native-dendrites/d18k2f4g16-seed3/manifest.yaml,2938,1d927db9db9f969225b5f8fb1d43e981b74fae8f764fdc7a5cd65f0d00122d62
sparknet-native-dendrites,canonical_epoch_log,outputs/sparknet-native-dendrites/d18k2f4g16-seed3/metrics/paper_replication/sparknet_d18k2f4g16_paper.jsonl,90550,418b02fa5f0408059fd9127d103f6f61d7e7bad8a5ba833b444a25ae86c8bfd6
sparknet-native-dendrites,training_summary,outputs/sparknet-native-dendrites/d18k2f4g16-seed3/metrics/summaries.yaml,463,d15a34d07dab292719085f9aa4b93270f30411a9fc03125a54c6c02352c6ba08
sparknet-native-dendrites,run_manifest,outputs/sparknet-native-dendrites/d18k2f4g16-seed4/manifest.yaml,2939,bcda751cf41b69e6c50eaf3de46681b0853b891eedbceff8a30683b0a6b2ac32
sparknet-native-dendrites,canonical_epoch_log,outputs/sparknet-native-dendrites/d18k2f4g16-seed4/metrics/paper_replication/sparknet_d18k2f4g16_paper.jsonl,90527,9cbcfb051544348be35f6f367e081d028ddf39328f5caa06a038819828b90aec
sparknet-native-dendrites,training_summary,outputs/sparknet-native-dendrites/d18k2f4g16-seed4/metrics/summaries.yaml,464,ef01b09939353087cf520353b3cdd28d267156fef87581961e10cb93a2939369
sparknet-native-dendrites,run_manifest,outputs/sparknet-native-dendrites/d20k2f3g16-seed0/manifest.yaml,2938,c3ead7eb878ce1bce1caa5c8ecb51158e93e1de88480df5f498025c374bce85b
sparknet-native-dendrites,canonical_epoch_log,outputs/sparknet-native-dendrites/d20k2f3g16-seed0/metrics/paper_replication/sparknet_d20k2f3g16_paper.jsonl,90489,2292e55588bca463fce27e40d1b17852489f1987dc8de367a2a8e9530a9da303
sparknet-native-dendrites,training_summary,outputs/sparknet-native-dendrites/d20k2f3g16-seed0/metrics/summaries.yaml,464,ccda49bbc439fc46518443cf31102e3f97f266ca7b11ac2a55274007acbb934a
sparknet-native-dendrites,run_manifest,outputs/sparknet-native-dendrites/d20k2f3g16-seed1/manifest.yaml,2938,931408291463365a00a8649f285771e3d1ea0f1d285edbe8633b31d43bdb8ba4
sparknet-native-dendrites,canonical_epoch_log,outputs/sparknet-native-dendrites/d20k2f3g16-seed1/metrics/paper_replication/sparknet_d20k2f3g16_paper.jsonl,90548,54123d129961023a1aac21e2e10369bdcd1841ce27256b539b4dc7f82efcabe7
sparknet-native-dendrites,training_summary,outputs/sparknet-native-dendrites/d20k2f3g16-seed1/metrics/summaries.yaml,464,4000c441a0dbbe53168c780cef8458f901b7edd6e3493d005d91f258c2df9b86
sparknet-native-dendrites,run_manifest,outputs/sparknet-native-dendrites/d20k2f3g16-seed2/manifest.yaml,2938,44cbca50fd7ea3c645cd60328df88b90ce8c6043a4c981a6af58328a839827e4
sparknet-native-dendrites,canonical_epoch_log,outputs/sparknet-native-dendrites/d20k2f3g16-seed2/metrics/paper_replication/sparknet_d20k2f3g16_paper.jsonl,90569,d8c182943dc1acefba3ad646b09ef73ac7e0b52e02f568516efac9ee3b5b1c3f
sparknet-native-dendrites,training_summary,outputs/sparknet-native-dendrites/d20k2f3g16-seed2/metrics/summaries.yaml,463,d3577e92a31fb58078078215707659d5a347b351ab826e37788852c279b49d5e
sparknet-native-dendrites,run_manifest,outputs/sparknet-native-dendrites/d20k2f3g16-seed3/manifest.yaml,2939,5d7fe60681f36a18535fd87cf9f058728a385dcde4f7dea23d7292d80f48531a
sparknet-native-dendrites,canonical_epoch_log,outputs/sparknet-native-dendrites/d20k2f3g16-seed3/metrics/paper_replication/sparknet_d20k2f3g16_paper.jsonl,90547,2388185965f6f425462ca803360ee3435e20645146f832fd8f83dc7edbe90d8f
sparknet-native-dendrites,training_summary,outputs/sparknet-native-dendrites/d20k2f3g16-seed3/metrics/summaries.yaml,464,ecece6a6a79cc7e82af0d525b0c278decd97a91182265343a70ec530bf871942
sparknet-native-dendrites,run_manifest,outputs/sparknet-native-dendrites/d20k2f3g16-seed4/manifest.yaml,2939,865e6aadcf124f19f0766369709e372143ff1bf4013b86f654e093085095f80d
sparknet-native-dendrites,canonical_epoch_log,outputs/sparknet-native-dendrites/d20k2f3g16-seed4/metrics/paper_replication/sparknet_d20k2f3g16_paper.jsonl,90466,425d59d46f83efd7ac6808502a8f408989678530105dbb81433cea22897fa2c0
sparknet-native-dendrites,training_summary,outputs/sparknet-native-dendrites/d20k2f3g16-seed4/metrics/summaries.yaml,464,538586e773f1deb59f04628e10f5eaf1ef44ea8c8caac52a3468375d0a7a5add
sparknet-pai-documented,run_manifest,outputs/sparknet-pai-documented/control/c10-seed0/manifest.yaml,4157,92f87cde99836a2f96a95775e13c368fa3f6a4dd34fc38819133dc419005374a
sparknet-pai-documented,canonical_epoch_log,outputs/sparknet-pai-documented/control/c10-seed0/metrics/sparsity/sparknet_c10/prune_supervised.jsonl,17757,9c784f459742bf15f744ae270fc98dc806e3b68b210c0cec8af48481d7349207
sparknet-pai-documented,canonical_epoch_log,outputs/sparknet-pai-documented/control/c10-seed0/metrics/sparsity/sparknet_c10_multilayer/standard_control.jsonl,97749,2f5fe030b6dd06065f59f753584e75b9a8cc187df594b2957ab8f418884b1dcb
sparknet-pai-documented,training_summary,outputs/sparknet-pai-documented/control/c10-seed0/metrics/summaries.yaml,969,0b3d87cad670c082e24954dc3f91ec1da8bb3d680475363766d28a7fc1a00614
sparknet-pai-documented,stage_report,outputs/sparknet-pai-documented/control/c10-seed0/reports/sparknet_dendritic_prune_experiment.yaml,3145,17e612074343607fd1e05a38fd79d676ecba6d835d5e8e2aa5b6140ae67e5243
sparknet-pai-documented,run_manifest,outputs/sparknet-pai-documented/control/c12-seed0/manifest.yaml,4155,a277e02ae5fec1f6e660d060d3bbc38fdc72fa96ce3f33827d59184522944e61
sparknet-pai-documented,canonical_epoch_log,outputs/sparknet-pai-documented/control/c12-seed0/metrics/sparsity/sparknet_c12/prune_supervised.jsonl,17744,73f1091a224066a439bebe77a43c26f7b3fe461213ee29f0a1939c21b321d073
sparknet-pai-documented,canonical_epoch_log,outputs/sparknet-pai-documented/control/c12-seed0/metrics/sparsity/sparknet_c12_multilayer/standard_control.jsonl,97753,6e7643c8624f57f41cee1ea1af4a832ed43dbf65096bd2862ec5d65c9a6a4758
sparknet-pai-documented,training_summary,outputs/sparknet-pai-documented/control/c12-seed0/metrics/summaries.yaml,969,86149e1245f7825558579af47b379d68bf4acd294bfaa8990d69b11e78311fd1
sparknet-pai-documented,stage_report,outputs/sparknet-pai-documented/control/c12-seed0/reports/sparknet_dendritic_prune_experiment.yaml,3142,f848619edbe69dc3486cf318fcaa0fec0c9fcd1c99504c84300a4b44c14ab550
sparknet-pai-documented,run_manifest,outputs/sparknet-pai-documented/control/c4-seed0/manifest.yaml,4142,8a6163e2e04c04d6fee70bf0e474ef661f2aab0d127b93cde49afd1efb096b7f
sparknet-pai-documented,canonical_epoch_log,outputs/sparknet-pai-documented/control/c4-seed0/metrics/sparsity/sparknet_c4/prune_supervised.jsonl,17781,b848f0671047de7388cfa2dfa51b8e1e7e0157cb8b492936ea07a7d754b31821
sparknet-pai-documented,canonical_epoch_log,outputs/sparknet-pai-documented/control/c4-seed0/metrics/sparsity/sparknet_c4_multilayer/standard_control.jsonl,97919,04995d52183f707bf705626c1c31293455006283e77c821728b4d09ccb7d22e7
sparknet-pai-documented,training_summary,outputs/sparknet-pai-documented/control/c4-seed0/metrics/summaries.yaml,964,7cb193cfaaabfa91df062d29ae2bfd71c3f321ac2e6266ae75cf16adcf390979
sparknet-pai-documented,stage_report,outputs/sparknet-pai-documented/control/c4-seed0/reports/sparknet_dendritic_prune_experiment.yaml,3137,3877f9017b4a8a4289920161994ac2f8eecf709a6fbac6fafa3bb498d45d8543
sparknet-pai-documented,run_manifest,outputs/sparknet-pai-documented/control/c6-seed0/manifest.yaml,4142,e3631a24b5ad5de5265296d9651e76f7c5c85626d742154dfaae834ae09e2ad2
sparknet-pai-documented,canonical_epoch_log,outputs/sparknet-pai-documented/control/c6-seed0/metrics/sparsity/sparknet_c6/prune_supervised.jsonl,17769,c181cc013346ddecdc6f778371122ed0731291961396cce23fc334e8e0e5d96f
sparknet-pai-documented,canonical_epoch_log,outputs/sparknet-pai-documented/control/c6-seed0/metrics/sparsity/sparknet_c6_multilayer/standard_control.jsonl,97706,d977cb7c5376f2c450ac391bd9d2f6939517aca2fb2c38e8c37235f112c865ad
sparknet-pai-documented,training_summary,outputs/sparknet-pai-documented/control/c6-seed0/metrics/summaries.yaml,964,f464a7f67fd61ee30fa9fb3200abe54d1bdc2f37db1cd363ca9dcc708e918a7a
sparknet-pai-documented,stage_report,outputs/sparknet-pai-documented/control/c6-seed0/reports/sparknet_dendritic_prune_experiment.yaml,3137,9704ae4599bf4e91cbf0c8a7a64adb45100743217ae353dd25c7b6e464b45b2e
sparknet-pai-documented,run_manifest,outputs/sparknet-pai-documented/control/c8-seed0/manifest.yaml,4142,3bd018b72cf68a37f59089e85e6cc7e49119655eac615b70c8102ad5bcc38f71
sparknet-pai-documented,canonical_epoch_log,outputs/sparknet-pai-documented/control/c8-seed0/metrics/sparsity/sparknet_c8/prune_supervised.jsonl,17731,ece33467d1989525fa089e38934c860ed2b96f4a2a7278c1c84999bc515e3120
sparknet-pai-documented,canonical_epoch_log,outputs/sparknet-pai-documented/control/c8-seed0/metrics/sparsity/sparknet_c8_multilayer/standard_control.jsonl,97753,4fb583801d654feaa8a434adacd568f300497066ef45b586975d6182badf5bb9
sparknet-pai-documented,training_summary,outputs/sparknet-pai-documented/control/c8-seed0/metrics/summaries.yaml,963,6d72883b1f8acd787747e3147f7cb32cf89ba36f2baa2216924cd68e08299c6f
sparknet-pai-documented,stage_report,outputs/sparknet-pai-documented/control/c8-seed0/reports/sparknet_dendritic_prune_experiment.yaml,3137,f0d3101509a44518e8eed0df487a7a5592292e4a09f828775f4239a8578c28da
sparknet-pai-documented,run_manifest,outputs/sparknet-pai-documented/control-fc/c9g8-seed0/manifest.yaml,4169,4a88cf6c246f13f3e6a842f55382e9fe53a999fa7011b956b736fc76713cec1a
sparknet-pai-documented,canonical_epoch_log,outputs/sparknet-pai-documented/control-fc/c9g8-seed0/metrics/sparsity/sparknet_c9/prune_supervised.jsonl,17721,110423877986b4eb4e8083121a8dda6c2f345008fbd0054d84e162ef8dfc5564
sparknet-pai-documented,canonical_epoch_log,outputs/sparknet-pai-documented/control-fc/c9g8-seed0/metrics/sparsity/sparknet_c9_multilayer/standard_control.jsonl,97530,86b4032af37ba47f56b432f2e9f5a0c6baee8db322037f72a61e5cd298dca8f8
sparknet-pai-documented,training_summary,outputs/sparknet-pai-documented/control-fc/c9g8-seed0/metrics/summaries.yaml,963,7cbeebc553e5312bfb10b6a50a2f51050a94c044eaa89da52e440d83edaa33b3
sparknet-pai-documented,stage_report,outputs/sparknet-pai-documented/control-fc/c9g8-seed0/reports/sparknet_dendritic_prune_experiment.yaml,3148,be9ee6363033276a8e26dbb2877eb87afecb641df729dd9b1b0b510fa7abea5a
sparknet-pai-documented,run_manifest,outputs/sparknet-pai-documented/pai/c10-seed0/manifest.yaml,2371,7b65131cb3c871bce2bd1c57f06d4c7e4bb3e3b12ea2a64077a7427ac355b68f
sparknet-pai-documented,canonical_epoch_log,outputs/sparknet-pai-documented/pai/c10-seed0/metrics/sparsity/sparknet_c10/prune_supervised.jsonl,17737,53ca5f5c9f560ce3f0c26a6bc8938805bd9c2f09469baf2a370c2f0f2c01be9e
sparknet-pai-documented,canonical_epoch_log,outputs/sparknet-pai-documented/pai/c10-seed0/metrics/sparsity/sparknet_c10_multilayer/pai.jsonl,95942,ec49e6e62a3ba25520d4736af9d779fe58f4aaa5da9b33821aecaa9359ac85a6
sparknet-pai-documented,training_summary,outputs/sparknet-pai-documented/pai/c10-seed0/metrics/summaries.yaml,479,5d0f02bbd0311e0c8c7bbc7a3275d9081592d2aac1f47a751ec264db760915b1
sparknet-pai-documented,canonical_pai_architecture_scores,outputs/sparknet-pai-documented/pai/c10-seed0/pai/candidates/sparknet_c10_multilayer/sparknet_c10_multilayer_best_arch_scores.csv,122,83e02be39317219e97fb97c6c9604a10bab154fd0a5e4953ec3c37bf68fd03ec
sparknet-pai-documented,stage_report,outputs/sparknet-pai-documented/pai/c10-seed0/reports/sparknet_dendritic_prune_experiment.yaml,2092,dae9d647e776eae54db79030f1c25551aaeb861b732ed2c83400a5c165a51a66
sparknet-pai-documented,run_manifest,outputs/sparknet-pai-documented/pai/c12-seed0/manifest.yaml,18308,41c8897bbac77c3c371eef6766ecfd7d84ad11265661185c9422d2bf66eb8ae3
sparknet-pai-documented,canonical_epoch_log,outputs/sparknet-pai-documented/pai/c12-seed0/metrics/sparsity/sparknet_c12/prune_supervised.jsonl,17729,ade608de032e67bd8aecc65e9fa87c4dcfaf438547276e814cae6046eb941c81
sparknet-pai-documented,canonical_epoch_log,outputs/sparknet-pai-documented/pai/c12-seed0/metrics/sparsity/sparknet_c12_multilayer/pai.jsonl,148398,e5992c58e27204be058ca191998dccc06d5266663cdcd7b9df06b12427b4a54e
sparknet-pai-documented,canonical_epoch_log,outputs/sparknet-pai-documented/pai/c12-seed0/metrics/sparsity/sparknet_c12_multilayer/resume_supervised.jsonl,3535,120659eac9cc5909b9a21b631ed2a044037149be88634bda407724487a5b2f63
sparknet-pai-documented,training_summary,outputs/sparknet-pai-documented/pai/c12-seed0/metrics/summaries.yaml,479,e5bc58d434b22867406630e9612db6c7dd18d1d61b192f08387501c135a073ae
sparknet-pai-documented,canonical_pai_architecture_scores,outputs/sparknet-pai-documented/pai/c12-seed0/pai/candidates/sparknet_c12_multilayer/sparknet_c12_multilayer_best_arch_scores.csv,79,c4dc05a4d857de3f332fa94c6285a5b43592d5203c8c1db5afa1ca59dff8173e
sparknet-pai-documented,stage_report,outputs/sparknet-pai-documented/pai/c12-seed0/reports/sparknet_dendritic_prune_experiment.yaml,8516,9822c4a87e79b3368c321ce5c62b88b64958dff0193b752f01f63aa15f57ea75
sparknet-pai-documented,run_manifest,outputs/sparknet-pai-documented/pai/c16-seed0/manifest.yaml,2361,81b315cee7fb1aa59bf395207e76a17d18c845f9658a43ea63a491e269b5d1d0
sparknet-pai-documented,canonical_epoch_log,outputs/sparknet-pai-documented/pai/c16-seed0/metrics/sparsity/sparknet_c16/prune_supervised.jsonl,17748,848558e0024a294285cc6b556e9d29ff6296c0f36b466ad0b236cf9298116c0c
sparknet-pai-documented,canonical_epoch_log,outputs/sparknet-pai-documented/pai/c16-seed0/metrics/sparsity/sparknet_c16_multilayer/pai.jsonl,36242,48bf6e946674a2c1920c824b4436d9a4fe060bac48cafa3d7f2537570a4321db
sparknet-pai-documented,training_summary,outputs/sparknet-pai-documented/pai/c16-seed0/metrics/summaries.yaml,480,1e2aff29bcdaa6597a8a9fc37af28d076980657ca155a521a31c8be19a7c9868
sparknet-pai-documented,canonical_pai_architecture_scores,outputs/sparknet-pai-documented/pai/c16-seed0/pai/candidates/sparknet_c16_multilayer/sparknet_c16_multilayer_best_arch_scores.csv,120,ed183a03b6b94264eb2378d8079bdcde22a8a4f3e2381cea53dd7437a621d1b9
sparknet-pai-documented,stage_report,outputs/sparknet-pai-documented/pai/c16-seed0/reports/sparknet_dendritic_prune_experiment.yaml,2084,a22b1350aff1b6f46c0e20c6cc2213f337ba74f40bd655ab256348a5818586f4
sparknet-pai-documented,run_manifest,outputs/sparknet-pai-documented/pai/c4-seed0/manifest.yaml,23559,d3e5411042879aec07ac216952da406532c8c715a550741e5088da59a561032b
sparknet-pai-documented,canonical_epoch_log,outputs/sparknet-pai-documented/pai/c4-seed0/metrics/sparsity/sparknet_c4/prune_supervised.jsonl,17786,f5bdd90a9fc08632fd614fa002de44e015d13a9ff05a50f6c711f584992d6eb7
sparknet-pai-documented,canonical_epoch_log,outputs/sparknet-pai-documented/pai/c4-seed0/metrics/sparsity/sparknet_c4_multilayer/pai.jsonl,169131,e0c4f0162c9cff3e9028cc941d15677054fc3d7950d9500c2afb1bc39afa8a55
sparknet-pai-documented,canonical_epoch_log,outputs/sparknet-pai-documented/pai/c4-seed0/metrics/sparsity/sparknet_c4_multilayer/resume_supervised.jsonl,3504,f1867fd5df05c76748b44cb9615e6f09592e5c00d7b05c01f1dd7a5e9f5645d0
sparknet-pai-documented,training_summary,outputs/sparknet-pai-documented/pai/c4-seed0/metrics/summaries.yaml,477,b3373d9fc8c646a9a76577894d33136dbc272ec0fa1fc43aa6869556e4cd25cf
sparknet-pai-documented,canonical_pai_architecture_scores,outputs/sparknet-pai-documented/pai/c4-seed0/pai/candidates/sparknet_c4_multilayer/sparknet_c4_multilayer_best_arch_scores.csv,122,97e1beccfb4c82b127bf58538924add7a9fcd3d1b3062f27a5a1b76997022223
sparknet-pai-documented,stage_report,outputs/sparknet-pai-documented/pai/c4-seed0/reports/sparknet_dendritic_prune_experiment.yaml,8569,bd126393d9f55aa03c207088e9f93277c96023d7f23059f35b2a45ac4e4a4ec8
sparknet-pai-documented,run_manifest,outputs/sparknet-pai-documented/pai/c6-seed0/manifest.yaml,2364,3942231e4d3a451b47174b2ba769dbdd410ad5279969e191baa751e6ff7c6fe1
sparknet-pai-documented,canonical_epoch_log,outputs/sparknet-pai-documented/pai/c6-seed0/metrics/sparsity/sparknet_c6/prune_supervised.jsonl,17769,5a6fdf2d72fa5a37d29e2eeba2688a20c9cfbc00c6db220e11d0ee7a09405f1e
sparknet-pai-documented,canonical_epoch_log,outputs/sparknet-pai-documented/pai/c6-seed0/metrics/sparsity/sparknet_c6_multilayer/pai.jsonl,138772,a545ea10fdb8a7eec57d29d10aa2fce426e6286a53076419266f4f0882207cfe
sparknet-pai-documented,training_summary,outputs/sparknet-pai-documented/pai/c6-seed0/metrics/summaries.yaml,477,9d4c800e00358e15c816b1b130c5d07ba06451e2a0185f414fafc78ef9d827d4
sparknet-pai-documented,canonical_pai_architecture_scores,outputs/sparknet-pai-documented/pai/c6-seed0/pai/candidates/sparknet_c6_multilayer/sparknet_c6_multilayer_best_arch_scores.csv,165,13d7f8d385a4e559f1733ebeacf557149d6ca7555076879621e2dee54de6192c
sparknet-pai-documented,stage_report,outputs/sparknet-pai-documented/pai/c6-seed0/reports/sparknet_dendritic_prune_experiment.yaml,2086,80f4656164f9c3a02315a91adbcdc5e47bad801db625efc49f77678e4c9a3901
sparknet-pai-documented,run_manifest,outputs/sparknet-pai-documented/pai/c8-seed0/manifest.yaml,28942,d3fababc4190a8616a8880a6112868e9d1e06fb4786625cfd390ed7e8c9a2974
sparknet-pai-documented,canonical_epoch_log,outputs/sparknet-pai-documented/pai/c8-seed0/metrics/sparsity/sparknet_c8/prune_supervised.jsonl,17735,721d7456a0ab8bce531389fe8a3bcfdf447855616cf0d306fc8b767d75ca58dd
sparknet-pai-documented,canonical_epoch_log,outputs/sparknet-pai-documented/pai/c8-seed0/metrics/sparsity/sparknet_c8_multilayer/pai.jsonl,180236,1b01a6eff312f3534faf425b61771054023884e2b20986ed8ac1c38e45fd88ed
sparknet-pai-documented,canonical_epoch_log,outputs/sparknet-pai-documented/pai/c8-seed0/metrics/sparsity/sparknet_c8_multilayer/resume_supervised.jsonl,3538,24fd645bea9168d5002ebce8e045cf0830952ac87e172ffac5aba37da9d2676e
sparknet-pai-documented,training_summary,outputs/sparknet-pai-documented/pai/c8-seed0/metrics/summaries.yaml,476,d673ec711e2c344d588e309fe76f8265b07af5d211d63b4842efa35ccf0e96c4
sparknet-pai-documented,canonical_pai_architecture_scores,outputs/sparknet-pai-documented/pai/c8-seed0/pai/candidates/sparknet_c8_multilayer/sparknet_c8_multilayer_best_arch_scores.csv,164,a74923ee41dd9a43b5776abe8c5f3364a2dfc8cc0e03035e0e53f184aae7485f
sparknet-pai-documented,stage_report,outputs/sparknet-pai-documented/pai/c8-seed0/reports/sparknet_dendritic_prune_experiment.yaml,8611,b76949db47b0b90fe10a80b12f715b36185cd3d181f5529a0b5a90c828cb7cb0
sparknet-pai-documented,run_manifest,outputs/sparknet-pai-documented/pai-fc/c9g8-seed0/manifest.yaml,27113,3ad133143aaf2e6fd448fa204187d8252d11ac5c5f37d60a10cba2bc44f27b61
sparknet-pai-documented,canonical_epoch_log,outputs/sparknet-pai-documented/pai-fc/c9g8-seed0/metrics/sparsity/sparknet_c9/prune_supervised.jsonl,17728,cfa81796035ab18b8c6fd708dafbf3546df8e92729db2653d2e2a309ea7b0afb
sparknet-pai-documented,canonical_epoch_log,outputs/sparknet-pai-documented/pai-fc/c9g8-seed0/metrics/sparsity/sparknet_c9_multilayer/pai.jsonl,118436,d922d36336ffd76037da0f0daec7d72659dd54092411c9976a6ae21dc8b160ed
sparknet-pai-documented,canonical_epoch_log,outputs/sparknet-pai-documented/pai-fc/c9g8-seed0/metrics/sparsity/sparknet_c9_multilayer/resume_supervised.jsonl,3528,b5b46c0b08b7b1eeef063a96631a76b63c2525a3b3b0bfaf6cfab0661c1d93d7
sparknet-pai-documented,training_summary,outputs/sparknet-pai-documented/pai-fc/c9g8-seed0/metrics/summaries.yaml,476,8375ca04ae7328e5846f2afce99b2845241a7e2687322866c9cccdad066f25f2
sparknet-pai-documented,canonical_pai_architecture_scores,outputs/sparknet-pai-documented/pai-fc/c9g8-seed0/pai/candidates/sparknet_c9_multilayer/sparknet_c9_multilayer_best_arch_scores.csv,208,9ad4996ffa9315be652edcef005f3af62b8e3c4a540348ff46478f4fa0329970
sparknet-pai-documented,stage_report,outputs/sparknet-pai-documented/pai-fc/c9g8-seed0/reports/sparknet_dendritic_prune_experiment.yaml,8448,2c84d9e0db874ce5967a3bdf265dd3958b080f0f624bd1c35f475ba907c6d29f
sparknet-paper-replication,run_manifest,outputs/sparknet-paper-replication/c16-canonical-exact-counts-seed1948/manifest.yaml,1969,e93397f3983c9a75d6b9d69922be036d1f2a0213d80fb75864ed004b041347ae
sparknet-paper-replication,canonical_epoch_log,outputs/sparknet-paper-replication/c16-canonical-exact-counts-seed1948/metrics/paper_replication/sparknet_c16_paper.jsonl,28183,24d6470ab691cb7eb3d57f2c3d488ab519b3c3ba9bdd96310dc5e3122a4f8e92
sparknet-paper-replication,run_manifest,outputs/sparknet-paper-replication/c16-canonical-seed1948/manifest.yaml,2704,0919eb7b08eddbe79e8eb2b0bd7885ffbe02109a0ac026c0c9d330aafdd2e89f
sparknet-paper-replication,canonical_epoch_log,outputs/sparknet-paper-replication/c16-canonical-seed1948/metrics/paper_replication/sparknet_c16_paper.jsonl,3666,0c55b7864380f3c3af7339857e1a218f9f1318632df6b031bd79bbbf7157ee3d
sparknet-paper-replication,run_manifest,outputs/sparknet-paper-replication/c16-seed0/manifest.yaml,2997,d1155a255201c1791bbf39d1571c2575014dbccd436b96a0e0e9003cac6a8ed7
sparknet-paper-replication,canonical_epoch_log,outputs/sparknet-paper-replication/c16-seed0/metrics/paper_replication/sparknet_c16_paper.jsonl,89365,128601830dd17106fd0347b3ca871700e26ccd135b8c947aacdfdaaa3119ba2a
sparknet-paper-replication,training_summary,outputs/sparknet-paper-replication/c16-seed0/metrics/summaries.yaml,450,8b7925f8ac7b46ee5973eecebfe156c213888d71c3fdf6c0a538607293c5447c
sparknet-paper-replication,run_manifest,outputs/sparknet-paper-replication/c16-seed1/manifest.yaml,2997,0f0138a2b85749085f18fcc1053e6758e9998df284b450da29e2c688dda7199b
sparknet-paper-replication,canonical_epoch_log,outputs/sparknet-paper-replication/c16-seed1/metrics/paper_replication/sparknet_c16_paper.jsonl,89327,0be9d668c56ced3086d213d2947899d55d7b9891116759eeafc42307c50ca3fc
sparknet-paper-replication,training_summary,outputs/sparknet-paper-replication/c16-seed1/metrics/summaries.yaml,449,132555f4d7b5e1cf6f7f8c1675f8f00bb43016b58f585daeec6709740078e4c6
sparknet-paper-replication,run_manifest,outputs/sparknet-paper-replication/c16-seed2/manifest.yaml,2997,7727c2954ec18fce430112e370c7c57ead9302d0af749337aec27da05543c12c
sparknet-paper-replication,canonical_epoch_log,outputs/sparknet-paper-replication/c16-seed2/metrics/paper_replication/sparknet_c16_paper.jsonl,89305,787c148fdb4325ba885ddb43d8b2d138e49ad4e6c335293c865aea17f5d0796b
sparknet-paper-replication,training_summary,outputs/sparknet-paper-replication/c16-seed2/metrics/summaries.yaml,450,22acd3165aa3d5714e62de64e181c4ab42012127d74b3c98ce09b136297a1c99
sparknet-paper-replication,run_manifest,outputs/sparknet-paper-replication/c16-seed3/manifest.yaml,2997,9c6727f48e1786e8ee0a11f647c5f6054393795683d39740187667f8fb0e2fa6
sparknet-paper-replication,canonical_epoch_log,outputs/sparknet-paper-replication/c16-seed3/metrics/paper_replication/sparknet_c16_paper.jsonl,89345,fd4c65a3ae8a6670b45cfdaabf5a1782d7e34726768c414eafd55ec8c218617c
sparknet-paper-replication,training_summary,outputs/sparknet-paper-replication/c16-seed3/metrics/summaries.yaml,450,d52f8969bf7832418a11dce1d6e8e0d5fd6467ee59cae2085c742b88e7e5daaa
sparknet-paper-replication,run_manifest,outputs/sparknet-paper-replication/c16-seed4/manifest.yaml,2997,6694cd097a9dd3b42e0c78229bf47731a4f264d2c609cc60f86886365e18bff9
sparknet-paper-replication,canonical_epoch_log,outputs/sparknet-paper-replication/c16-seed4/metrics/paper_replication/sparknet_c16_paper.jsonl,89323,48c8820971729ba80d332c2887cb1828d4fa255ddfee6c27672ade9d92637beb
sparknet-paper-replication,training_summary,outputs/sparknet-paper-replication/c16-seed4/metrics/summaries.yaml,450,c9cd31c81a4114cc343ffa7bde9ee617e03a8b7e914f33b2f8486264f5cab2c3
sparknet-paper-replication,run_manifest,outputs/sparknet-paper-replication/c16-seed5/manifest.yaml,2865,9cf9f1bf887d9bdb37565efb2027337be5ef87c8510d915a579f1f2764114948
sparknet-paper-replication,canonical_epoch_log,outputs/sparknet-paper-replication/c16-seed5/metrics/paper_replication/sparknet_c16_paper.jsonl,89300,d0eaec833d630a17a361ddebe871518d8ee1f0593e8aef0c4ce7c4b2e601239a
sparknet-paper-replication,training_summary,outputs/sparknet-paper-replication/c16-seed5/metrics/summaries.yaml,450,135396d762fe6a7011ed730bf47e7a62f000d83b9109a586a2e00ee482de7b9c
sparknet-paper-replication,run_manifest,outputs/sparknet-paper-replication/released-c16-eval/manifest.yaml,2212,84f8f11ee6977d3de9223fa61c4c9785cacd0b1103f8f3537240519e806cb089
sparknet-paper-replication,stage_report,outputs/sparknet-paper-replication/released-c16-eval/reports/reports/released_c16_paper_protocol_test.json,2033,5d3cd194a199a13d7ae039169bd400cb8f3cbf445c75ecdc700846659a7ba896
sparknet-paper-replication,run_manifest,outputs/sparknet-paper-replication/released-c16-exact-count-eval/manifest.yaml,2203,7b4e77598c548ee6550fdafb2d2852bc9584faee005a9fdd8d3364582d9bce6d
sparknet-paper-replication,stage_report,outputs/sparknet-paper-replication/released-c16-exact-count-eval/reports/released_c16_exact_count_test.json,2034,8131f0cdcb6b82e1d56175e9f26032d316324a0916d8266c9f77242c508b48fe
students-dnn,run_manifest,outputs/students-dnn/dnn_h16-seed0/manifest.yaml,2762,14f61d5c668c23c8bda5e07813bdcc6e2d6b943cf83d936e0743ec013dc81e70
students-dnn,canonical_epoch_log,outputs/students-dnn/dnn_h16-seed0/metrics/paper_replication/dnn_h16.jsonl,81505,37ec6058594de9eeef0f12735e63cfee672c6141f47a07c581e4d259ae96e00f
students-dnn,training_summary,outputs/students-dnn/dnn_h16-seed0/metrics/summaries.yaml,428,89827b3ebc83257a0a4324ae4e74ba328cf90959d973f3107006f28f715969c0
students-dnn,run_manifest,outputs/students-dnn/dnn_h16-seed1/manifest.yaml,2762,9723b9946d1bfcb04e72a9866b9edf5563750d9f3052f860d94b2400746a3149
students-dnn,canonical_epoch_log,outputs/students-dnn/dnn_h16-seed1/metrics/paper_replication/dnn_h16.jsonl,81485,2e26a5a8ed2a28c4d916750c6986e6955d094522ccd0e44e0f2ab32c3f565fb3
students-dnn,training_summary,outputs/students-dnn/dnn_h16-seed1/metrics/summaries.yaml,428,d482e5cbb0c7e6ed420d1bea97837ee594b38056e8514ece968038592f2942c6
students-dnn,run_manifest,outputs/students-dnn/dnn_h16-seed2/manifest.yaml,2762,74d22890722e47f080ba41422dd946a5d30232700003e66b8749e50157579df9
students-dnn,canonical_epoch_log,outputs/students-dnn/dnn_h16-seed2/metrics/paper_replication/dnn_h16.jsonl,81511,3a41e8a0907b1499c41cd61b6d87802d86d61dec1bdf3cb31bd9ab049bb57332
students-dnn,training_summary,outputs/students-dnn/dnn_h16-seed2/metrics/summaries.yaml,427,09b093cc0bdaec1bf92758f7c623685940a377f6c0dc41d2717be84ce272faaf
students-dnn,run_manifest,outputs/students-dnn/dnn_h16-seed3/manifest.yaml,2762,4338094566c9368c3755a99fa1019141b86a1ef91b44561fc2ad506cb8e3f255
students-dnn,canonical_epoch_log,outputs/students-dnn/dnn_h16-seed3/metrics/paper_replication/dnn_h16.jsonl,81514,5ee7ccfff969ff25ff3f0eb6a3fa9f5bd2b6cb3c4773635e4d6788126824de2c
students-dnn,training_summary,outputs/students-dnn/dnn_h16-seed3/metrics/summaries.yaml,428,94d3734d57e6ee01ddc121fcf30862a630288e252564907b9198d2f515014c97
students-dnn,run_manifest,outputs/students-dnn/dnn_h16-seed4/manifest.yaml,2762,236744bacdf0fb9e27225b01f4b51e4c93837f1a519bd65838f0a6cfdb3760d1
students-dnn,canonical_epoch_log,outputs/students-dnn/dnn_h16-seed4/metrics/paper_replication/dnn_h16.jsonl,81519,48dc2b7ce4979984d3bbe0062de7971c60fffa73d0d2b953419a2aa370feb6e8
students-dnn,training_summary,outputs/students-dnn/dnn_h16-seed4/metrics/summaries.yaml,428,ed5b0abfddd7e9248c14c3f8f87da8bf2660729c7e3bcab8fe42a7fe81c7e7d3
students-dnn,run_manifest,outputs/students-dnn/dnn_h16_d2f32-seed0/manifest.yaml,2798,a972e7e49a594d411e7095e9fed85181912ada8a40402175ba41965d5c40a8c1
students-dnn,canonical_epoch_log,outputs/students-dnn/dnn_h16_d2f32-seed0/metrics/paper_replication/dnn_h16_d2f32.jsonl,82703,cd7af2e90772c5c0b715cc9a5c0582912fa1abe7c2c26e122642cbc45a23ba1d
students-dnn,training_summary,outputs/students-dnn/dnn_h16_d2f32-seed0/metrics/summaries.yaml,440,63cebfb164e8c61660518c691bff3000890669b30447e65e25f6f1394e059029
students-dnn,run_manifest,outputs/students-dnn/dnn_h16_d2f32-seed1/manifest.yaml,2798,88c030d1c9e707d5c9235d951fc3398206accd912901057b23dd64883d5bcc19
students-dnn,canonical_epoch_log,outputs/students-dnn/dnn_h16_d2f32-seed1/metrics/paper_replication/dnn_h16_d2f32.jsonl,82692,95835bc36a04578977f704dcefefaf04318f7d1638b85dc6f97ffd46b7f8b304
students-dnn,training_summary,outputs/students-dnn/dnn_h16_d2f32-seed1/metrics/summaries.yaml,440,5e8e0ba73eb1f4cd4f5ac29e1b25cd7e0a97c2ed2e4cbb50272b3b5b68895d2b
students-dnn,run_manifest,outputs/students-dnn/dnn_h16_d2f32-seed2/manifest.yaml,2798,2f5af24a77d940487df4b513793ce3fc26a5e9057bb8484361491c3e013c1d7a
students-dnn,canonical_epoch_log,outputs/students-dnn/dnn_h16_d2f32-seed2/metrics/paper_replication/dnn_h16_d2f32.jsonl,82685,ab865238fc1a8d61bca5af96bdec4658f3a88aa580776d7367fd5f0acd14b908
students-dnn,training_summary,outputs/students-dnn/dnn_h16_d2f32-seed2/metrics/summaries.yaml,440,042b83f7e9dd797ce0fb697c2e0635da8bdfa6f8b6a0629778f60d3387a9e060
students-dnn,run_manifest,outputs/students-dnn/dnn_h16_d2f32-seed3/manifest.yaml,2798,e49733bd1039a59a0d6a7b5800e8deb378c76b26295dcb145315ee2701e70835
students-dnn,canonical_epoch_log,outputs/students-dnn/dnn_h16_d2f32-seed3/metrics/paper_replication/dnn_h16_d2f32.jsonl,82660,218a76ad98e38899c4c0e495a6eec92da175567f117e8e0c43e1630da8da83c9
students-dnn,training_summary,outputs/students-dnn/dnn_h16_d2f32-seed3/metrics/summaries.yaml,439,f1ff2aaac658e06f3e075613ffd80724e3d8a02da20d71efb1d65e0ac6f1c3eb
students-dnn,run_manifest,outputs/students-dnn/dnn_h16_d2f32-seed4/manifest.yaml,2798,d851e03df654cad3cf206e97307cf3963bf4b1e321ca1ae8104a5dfdba4fb41d
students-dnn,canonical_epoch_log,outputs/students-dnn/dnn_h16_d2f32-seed4/metrics/paper_replication/dnn_h16_d2f32.jsonl,82726,38b28370836cc4e847828b00b0af65af0c8bb5f6f39c1bd635d8e0f66d3c94f1
students-dnn,training_summary,outputs/students-dnn/dnn_h16_d2f32-seed4/metrics/summaries.yaml,440,1f50ba39415abad70c82b1676ec464d55e47921e5900eb4f1d13f86e5d181ab6
students-dnn,run_manifest,outputs/students-dnn/dnn_h16_d2f32lin-seed0/manifest.yaml,2816,613d92f1994b479064392ad10b1f911c58ec740cf85955c3d16751b6d59c1bb7
students-dnn,canonical_epoch_log,outputs/students-dnn/dnn_h16_d2f32lin-seed0/metrics/paper_replication/dnn_h16_d2f32lin.jsonl,83297,d15714002040733db7f51eceed83e479ea15b1798049607a8fa5c46004645cbd
students-dnn,training_summary,outputs/students-dnn/dnn_h16_d2f32lin-seed0/metrics/summaries.yaml,446,2ac2990b06df0967b9a45fa7e39c3b6fe214b0554113680e247fe5504f3d2100
students-dnn,run_manifest,outputs/students-dnn/dnn_h16_d2f32lin-seed1/manifest.yaml,2816,555506d23df3100d49bff73a90dc8ae6ffe4011521f57601e9a62ba3ef4dde60
students-dnn,canonical_epoch_log,outputs/students-dnn/dnn_h16_d2f32lin-seed1/metrics/paper_replication/dnn_h16_d2f32lin.jsonl,83317,1d26b41a83addb9a50ae5d6c9821877a8e856a94d5c5b8cdbc4603a885ce3df4
students-dnn,training_summary,outputs/students-dnn/dnn_h16_d2f32lin-seed1/metrics/summaries.yaml,446,79ad8f69b0b55b188c2d88eb34624c2d8d9922bddfb63fe2eb41c023ea421de7
students-dnn,run_manifest,outputs/students-dnn/dnn_h16_d2f32lin-seed2/manifest.yaml,2816,84362cfe57f5befe62632f19dd066a7486820553db7101492d2f504c53194dc9
students-dnn,canonical_epoch_log,outputs/students-dnn/dnn_h16_d2f32lin-seed2/metrics/paper_replication/dnn_h16_d2f32lin.jsonl,83340,7b280c8ab584c09ed128ca506b1c998108baaf97bee5ed9f9e501a3f59bc91b5
students-dnn,training_summary,outputs/students-dnn/dnn_h16_d2f32lin-seed2/metrics/summaries.yaml,446,004c1280e4510b22a7386d246a906180f45e5e5a27af1fca4f4df44c3e77e993
students-dnn,run_manifest,outputs/students-dnn/dnn_h16_d2f32lin-seed3/manifest.yaml,2816,472811bd5ca11ed1001fb4ef959be79fd94228a0efe19714eb7d9f66ab19b426
students-dnn,canonical_epoch_log,outputs/students-dnn/dnn_h16_d2f32lin-seed3/metrics/paper_replication/dnn_h16_d2f32lin.jsonl,83298,5c9e41bb9444e0a4d3a0ef216ab4e8382972f93155bfa146f0a4ccd1f6855d78
students-dnn,training_summary,outputs/students-dnn/dnn_h16_d2f32lin-seed3/metrics/summaries.yaml,445,492249e115493c4fe14322303a1a6c1f441219d18b11baf8ccb9cd7b59e5daed
students-dnn,run_manifest,outputs/students-dnn/dnn_h16_d2f32lin-seed4/manifest.yaml,2816,142a58a0a5fa64b8667c095ed7196fa5578d79605ad88f3f75afdb90abe6a8c5
students-dnn,canonical_epoch_log,outputs/students-dnn/dnn_h16_d2f32lin-seed4/metrics/paper_replication/dnn_h16_d2f32lin.jsonl,83286,9b94bbcc9d3c42e365535bb9f78c609dbed8c5a413559dc9c625baa54ad7e690
students-dnn,training_summary,outputs/students-dnn/dnn_h16_d2f32lin-seed4/metrics/summaries.yaml,446,49a715ea5372e02dc4abbc900a9e1770361d76c1353d98959362dab1a4a34516
students-dnn,run_manifest,outputs/students-dnn/dnn_h16_d4f32-seed0/manifest.yaml,2798,e7107b856d097b38c4e0d4e6f319b45dfdd1ae6633ae36e7ed6fee16b456f146
students-dnn,canonical_epoch_log,outputs/students-dnn/dnn_h16_d4f32-seed0/metrics/paper_replication/dnn_h16_d4f32.jsonl,82730,318a419118bc70d9cebf29f1cf8f5e36a58e680e6079f949676bfbc1e6e91e32
students-dnn,training_summary,outputs/students-dnn/dnn_h16_d4f32-seed0/metrics/summaries.yaml,440,bec46fd38256a7e7f5a06043a720610c96bd905d8d59afc543e59164017c45cc
students-dnn,run_manifest,outputs/students-dnn/dnn_h16_d4f32-seed1/manifest.yaml,2798,68d537b75f4d1a4ca8fd2bacf775564374ca30854597c9767a18a6b2c60d39e3
students-dnn,canonical_epoch_log,outputs/students-dnn/dnn_h16_d4f32-seed1/metrics/paper_replication/dnn_h16_d4f32.jsonl,82698,9a04527e2a06fc1dad638944671bcd580e0a12521a5248b829fd8ac5b23ea23a
students-dnn,training_summary,outputs/students-dnn/dnn_h16_d4f32-seed1/metrics/summaries.yaml,440,d386fcf4d7606e7dadf67c899c99158a594c47f6efeb6f180c3c2e4a489fd4de
students-dnn,run_manifest,outputs/students-dnn/dnn_h16_d4f32-seed2/manifest.yaml,2798,f26f46513e350693524716555b9fe30f2d8ed2814704d17b9a1df7551c73374d
students-dnn,canonical_epoch_log,outputs/students-dnn/dnn_h16_d4f32-seed2/metrics/paper_replication/dnn_h16_d4f32.jsonl,82708,67bd02bcb2b4f01a4a98836da340ad06f22f2ae1733aa7ca6a44ac53d7e874a1
students-dnn,training_summary,outputs/students-dnn/dnn_h16_d4f32-seed2/metrics/summaries.yaml,440,40eeb6f29e54cf56ee181cb7b5629c73e881d5dd4c601db0559fe59081997bdd
students-dnn,run_manifest,outputs/students-dnn/dnn_h16_d4f32-seed3/manifest.yaml,2798,a19c08e52fdefbca102ddc1c6196e888fe07fa328b3116387f9dc26fdc23f1c4
students-dnn,canonical_epoch_log,outputs/students-dnn/dnn_h16_d4f32-seed3/metrics/paper_replication/dnn_h16_d4f32.jsonl,82702,f0f53349722283cd8b623b3a52237be3a9010f64582a38f9fb8b2b8c6733986d
students-dnn,training_summary,outputs/students-dnn/dnn_h16_d4f32-seed3/metrics/summaries.yaml,440,472e45251ff33eb06755fe2e7da10a28bab85972e69a24260ff0ac5d356c447b
students-dnn,run_manifest,outputs/students-dnn/dnn_h16_d4f32-seed4/manifest.yaml,2798,e680232a468ee99e7ce05ed6b3a09094e30bdae358a333607c76a94b4343d503
students-dnn,canonical_epoch_log,outputs/students-dnn/dnn_h16_d4f32-seed4/metrics/paper_replication/dnn_h16_d4f32.jsonl,82738,bfbab95b812fc73b3c6a386ebc191a8b53bb1ef9d38a59fddea91f6aae4700fb
students-dnn,training_summary,outputs/students-dnn/dnn_h16_d4f32-seed4/metrics/summaries.yaml,440,e269ef8849c5c6ebd5ca7cb88c83a8b501efe2bc42e8cd44ed1ef3c24f51dfea
students-dnn,run_manifest,outputs/students-dnn/dnn_h16_d4f32head-seed0/manifest.yaml,2822,6ac49a1f82ec9499e8bc861e3e2d7e3ce11a991a842e4f85982883662ea690fd
students-dnn,canonical_epoch_log,outputs/students-dnn/dnn_h16_d4f32head-seed0/metrics/paper_replication/dnn_h16_d4f32head.jsonl,83497,d0d253370e89e124c2b7a7bb4792e5329533c82e28dbf0eadea2410555e7e403
students-dnn,training_summary,outputs/students-dnn/dnn_h16_d4f32head-seed0/metrics/summaries.yaml,447,84518fafd9d4e6624e4121631ed80147bc57e61ca3dc37759b6026965b0d8396
students-dnn,run_manifest,outputs/students-dnn/dnn_h16_d4f32head-seed1/manifest.yaml,2822,9bde39ec877210e7ac6bbb93afed354e3ed028eba1b4123e289f2e22f5d7788e
students-dnn,canonical_epoch_log,outputs/students-dnn/dnn_h16_d4f32head-seed1/metrics/paper_replication/dnn_h16_d4f32head.jsonl,83511,22d8f86c444f93685d2aceab091c68210d9a48b7bd9f2fbe44fb09371d7ae2e1
students-dnn,training_summary,outputs/students-dnn/dnn_h16_d4f32head-seed1/metrics/summaries.yaml,448,af71969235b57aacf43f077949027ca83c47332b2c94b865e46f87f910bd4aa7
students-dnn,run_manifest,outputs/students-dnn/dnn_h16_d4f32head-seed2/manifest.yaml,2822,0647be6615c0f982a3657c726e6617634268643cab401c77c3768fd6737221f4
students-dnn,canonical_epoch_log,outputs/students-dnn/dnn_h16_d4f32head-seed2/metrics/paper_replication/dnn_h16_d4f32head.jsonl,83502,f0cc6a927a916994057bd0019b1dbb9ebe28e11f647088a901553c77c7c6d716
students-dnn,training_summary,outputs/students-dnn/dnn_h16_d4f32head-seed2/metrics/summaries.yaml,448,5dd073f036263e6320568f5d4b3075c9bd21d0c52f23e3da6cea26c886e82a79
students-dnn,run_manifest,outputs/students-dnn/dnn_h16_d4f32head-seed3/manifest.yaml,2822,67d28ea0b82b7233e32da7510e8378e22c26ff4438ab30c4f7e8c305e21c4dcf
students-dnn,canonical_epoch_log,outputs/students-dnn/dnn_h16_d4f32head-seed3/metrics/paper_replication/dnn_h16_d4f32head.jsonl,83503,75cb83b566756a8ad0cef21c3760fad584d5073e6612f9221bf191ccd869fec3
students-dnn,training_summary,outputs/students-dnn/dnn_h16_d4f32head-seed3/metrics/summaries.yaml,447,8482b4f4edf8cd89420b10607ce84b865d91bff8f87fe70f372191833a6d7afb
students-dnn,run_manifest,outputs/students-dnn/dnn_h16_d4f32head-seed4/manifest.yaml,2822,e5227ea407d47989ac52e448925653d13aac0db6299e448a8ce4fced76dd3688
students-dnn,canonical_epoch_log,outputs/students-dnn/dnn_h16_d4f32head-seed4/metrics/paper_replication/dnn_h16_d4f32head.jsonl,83514,8b48ca3dd27424fc339f19845a8b73b5ec849ab042aa8039e7a208973387cf04
students-dnn,training_summary,outputs/students-dnn/dnn_h16_d4f32head-seed4/metrics/summaries.yaml,448,1e5965ccb6cddf1978b75659be7e86f56473fe8de576e15864c6e27b75888aeb
students-dnn,run_manifest,outputs/students-dnn/dnn_h16_d4f32hid-seed0/manifest.yaml,2816,e0eea9a7110a870cbd0d38c1280ab2aec4b56e9a24cba8b998ad068e8f933fa9
students-dnn,canonical_epoch_log,outputs/students-dnn/dnn_h16_d4f32hid-seed0/metrics/paper_replication/dnn_h16_d4f32hid.jsonl,83314,eb7a92919944b9452e6cf5778fdac32f22977e22632a478989cfeb9c3be96239
students-dnn,training_summary,outputs/students-dnn/dnn_h16_d4f32hid-seed0/metrics/summaries.yaml,446,2b6c8b8b9d1bbd28247b3d2f0e2028704c73a4a6d8ca9ce71fd28d47fbd2948e
students-dnn,run_manifest,outputs/students-dnn/dnn_h16_d4f32hid-seed1/manifest.yaml,2816,8991cf44f6c1d0c734831576ad9cd9c99aa2fce68798fa6261ea238d68d6b904
students-dnn,canonical_epoch_log,outputs/students-dnn/dnn_h16_d4f32hid-seed1/metrics/paper_replication/dnn_h16_d4f32hid.jsonl,83294,4bb8c4c95b09c6380183b877cffab4dd90dc8c536a3b152db55165d75ec6eb8d
students-dnn,training_summary,outputs/students-dnn/dnn_h16_d4f32hid-seed1/metrics/summaries.yaml,446,6143a1e75a9c064390e33fb2033cfa0ab3b1db84ae05c335090b5469570e6dca
students-dnn,run_manifest,outputs/students-dnn/dnn_h16_d4f32hid-seed2/manifest.yaml,2816,d8b086d54655831c71147aaae75e6c3bb1ba504b49ca45a74bf888d15f2d0bd4
students-dnn,canonical_epoch_log,outputs/students-dnn/dnn_h16_d4f32hid-seed2/metrics/paper_replication/dnn_h16_d4f32hid.jsonl,83303,961182489bcab96cf5a1ab4aa5e56af91685d8c8d0750b7619fb2d6b3d97eb60
students-dnn,training_summary,outputs/students-dnn/dnn_h16_d4f32hid-seed2/metrics/summaries.yaml,446,28a3669de579012c8a04c14cca014a377fcbba68af5b9d0ba97cb09d7c124af8
students-dnn,run_manifest,outputs/students-dnn/dnn_h16_d4f32hid-seed3/manifest.yaml,2816,05a19d7aaa5466f0d8d0799edbee7e7c66f50cb2ef6e1cab010932a0d7338f34
students-dnn,canonical_epoch_log,outputs/students-dnn/dnn_h16_d4f32hid-seed3/metrics/paper_replication/dnn_h16_d4f32hid.jsonl,83304,5f853ecf7f06d2049e280bd31b8e1d595f49eb0180d949e1e94dc9a286bad4f8
students-dnn,training_summary,outputs/students-dnn/dnn_h16_d4f32hid-seed3/metrics/summaries.yaml,444,d0e16e5a3f71cf9559b6828237a00c3180c929a3c0d13c6625452af5fc07b58f
students-dnn,run_manifest,outputs/students-dnn/dnn_h16_d4f32hid-seed4/manifest.yaml,2816,38199157d17dd2f14d64f038e1fcf1a46b00583be0efd974d7a12d26b785f325
students-dnn,canonical_epoch_log,outputs/students-dnn/dnn_h16_d4f32hid-seed4/metrics/paper_replication/dnn_h16_d4f32hid.jsonl,83315,41f164172a92126425c5900cf7eff66db398eaf54fd53a1558036b3c791ebfa0
students-dnn,training_summary,outputs/students-dnn/dnn_h16_d4f32hid-seed4/metrics/summaries.yaml,446,7b10ad4ac1fd3003b817280b197e8c04c3a3dd3b60fedcc87deb2060cf9435c3
students-dnn,run_manifest,outputs/students-dnn/dnn_h16_d4f32lin-seed0/manifest.yaml,2816,8c82fab444ea1d7a95125bd714cac23033d30fb654a1d989e13418478b802584
students-dnn,canonical_epoch_log,outputs/students-dnn/dnn_h16_d4f32lin-seed0/metrics/paper_replication/dnn_h16_d4f32lin.jsonl,83272,55154525c35be49552c3a31a5214598268a3677050e990ea1056d86f38c31e76
students-dnn,training_summary,outputs/students-dnn/dnn_h16_d4f32lin-seed0/metrics/summaries.yaml,446,5c4eabbdf2439f9e5316a5948ed5aaddd665fc4c8d9310ee534b4b8afcea3213
students-dnn,run_manifest,outputs/students-dnn/dnn_h16_d4f32lin-seed1/manifest.yaml,2816,9cc292f2b2acb09d915e0800adffadfe5be96523d3e4ceed6d5b29d7e3741ed6
students-dnn,canonical_epoch_log,outputs/students-dnn/dnn_h16_d4f32lin-seed1/metrics/paper_replication/dnn_h16_d4f32lin.jsonl,83310,955028a06df0e2ee66a5c7daa032d060ea68158cc29d3fb7646f82ae2fcc7f26
students-dnn,training_summary,outputs/students-dnn/dnn_h16_d4f32lin-seed1/metrics/summaries.yaml,446,22344e197ec682f663e44ae5cb089e729e7a50c5480dd2015537243e8260f95e
students-dnn,run_manifest,outputs/students-dnn/dnn_h16_d4f32lin-seed2/manifest.yaml,2816,76f34bd2fea8a9a77e37e37176d70302ae9df958a5818af37f3cbf17a532a937
students-dnn,canonical_epoch_log,outputs/students-dnn/dnn_h16_d4f32lin-seed2/metrics/paper_replication/dnn_h16_d4f32lin.jsonl,83337,1a8c9cfedaf612bb180b4e746d1a4faaf398da722add53f57f7aae2ea1d4ace2
students-dnn,training_summary,outputs/students-dnn/dnn_h16_d4f32lin-seed2/metrics/summaries.yaml,446,1c004fb5ce1ac06e479f2f3123401194d29e8b7e8fcdff31e2c735f85750c6e0
students-dnn,run_manifest,outputs/students-dnn/dnn_h16_d4f32lin-seed3/manifest.yaml,2816,7984a4c1538df86d0c385a83dada2fe19677cbdbe93920b5cb8b019d7fff8291
students-dnn,canonical_epoch_log,outputs/students-dnn/dnn_h16_d4f32lin-seed3/metrics/paper_replication/dnn_h16_d4f32lin.jsonl,83308,371150298efe62bc54ef69fe973c16bc66c0a3397473e9b408a4479ab739f303
students-dnn,training_summary,outputs/students-dnn/dnn_h16_d4f32lin-seed3/metrics/summaries.yaml,446,20c02692d33e607ae2f8f95adeafdc7f92fab304cd1ae3abcb58b077812f8ab9
students-dnn,run_manifest,outputs/students-dnn/dnn_h16_d4f32lin-seed4/manifest.yaml,2816,31b9029e4b497db20fcb3b8d03825476457663214be53d9877ca8b38318c2a5c
students-dnn,canonical_epoch_log,outputs/students-dnn/dnn_h16_d4f32lin-seed4/metrics/paper_replication/dnn_h16_d4f32lin.jsonl,83317,b09b5e5805ec8e5d2f3ba84c0775eee26ad92e15f863d15d68543713f6ff89d0
students-dnn,training_summary,outputs/students-dnn/dnn_h16_d4f32lin-seed4/metrics/summaries.yaml,446,c39fbecaea863887bb7a17e41f903932dcdda5d94a4f5cc98299359cf7eebf12
students-dnn,run_manifest,outputs/students-dnn/dnn_h16_d4f32rnd-seed0/manifest.yaml,2816,816f0532558cb331cde2c17c8c37196a5723f1132188b0d74f46262214f0074b
students-dnn,canonical_epoch_log,outputs/students-dnn/dnn_h16_d4f32rnd-seed0/metrics/paper_replication/dnn_h16_d4f32rnd.jsonl,83304,dfd4c66bd7aef313bab34b0aefc548e6b6596be4ae4742b72a70932c007c371b
students-dnn,training_summary,outputs/students-dnn/dnn_h16_d4f32rnd-seed0/metrics/summaries.yaml,445,c74783aedf4082ca849bee4fd6a603b223a29c03959a39491ea475d5f23eb050
students-dnn,run_manifest,outputs/students-dnn/dnn_h16_d4f32rnd-seed1/manifest.yaml,2816,9e3c7b3fc4587dfb489f15ad11d10896539a64a3e1f8cc6c12442f941147aa46
students-dnn,canonical_epoch_log,outputs/students-dnn/dnn_h16_d4f32rnd-seed1/metrics/paper_replication/dnn_h16_d4f32rnd.jsonl,83343,c75a445a074cae00739f557b2bf0f54d492fabdf8e0bba6d194427008b9cb9da
students-dnn,training_summary,outputs/students-dnn/dnn_h16_d4f32rnd-seed1/metrics/summaries.yaml,446,ac333c7cd6de2be974bad22e794c6671eb47c3433d49e25fc144ffb9162c28ed
students-dnn,run_manifest,outputs/students-dnn/dnn_h16_d4f32rnd-seed2/manifest.yaml,2816,369d1faf5c02b7138d294c84bfcd2432746ce1a102c2f6096969c62d49fe26df
students-dnn,canonical_epoch_log,outputs/students-dnn/dnn_h16_d4f32rnd-seed2/metrics/paper_replication/dnn_h16_d4f32rnd.jsonl,83315,b49cb8d9b5eaf9e9ba3ef7dff70e2b5269763fb62d10dc003b46e02b985e04e7
students-dnn,training_summary,outputs/students-dnn/dnn_h16_d4f32rnd-seed2/metrics/summaries.yaml,446,f179b036d1e0f20589f5eac2520acfb390b88afbb90edfb0cb4f8584c6e50caa
students-dnn,run_manifest,outputs/students-dnn/dnn_h16_d4f32rnd-seed3/manifest.yaml,2816,dca566eae65589beb09fc70bfbb21308a2c77e44edd3d96c333a8b5720893fe8
students-dnn,canonical_epoch_log,outputs/students-dnn/dnn_h16_d4f32rnd-seed3/metrics/paper_replication/dnn_h16_d4f32rnd.jsonl,83326,1b2a7c055f98b76d51b29b188247327c2ecd5f56bb048e8d2cfbfa83da58f39d
students-dnn,training_summary,outputs/students-dnn/dnn_h16_d4f32rnd-seed3/metrics/summaries.yaml,445,5ca912ef71d9cafa1c9f80fb7c1c7d9c9dfb57d763d6365084a1b6beb054fe06
students-dnn,run_manifest,outputs/students-dnn/dnn_h16_d4f32rnd-seed4/manifest.yaml,2816,e7c8d72678290334670e758a0e7e48545142ddf48f21f70ddb4a8ec969268b87
students-dnn,canonical_epoch_log,outputs/students-dnn/dnn_h16_d4f32rnd-seed4/metrics/paper_replication/dnn_h16_d4f32rnd.jsonl,83318,cd9d59df061aea234a0a2827d50d88f523471ee5bdab62f2462f92d7e60c724e
students-dnn,training_summary,outputs/students-dnn/dnn_h16_d4f32rnd-seed4/metrics/summaries.yaml,446,c4ef4525c317752f3ec1af63552da3161622bd47f866608ddb0cb9b7027ac4ce
students-dnn,run_manifest,outputs/students-dnn/dnn_h16x112-seed0/manifest.yaml,2786,23006d38171a73052ac450d68df88b5a503cd23debbcbd58f33cda6a32b8573d
students-dnn,canonical_epoch_log,outputs/students-dnn/dnn_h16x112-seed0/metrics/paper_replication/dnn_h16x112.jsonl,82270,71883b432fd92b6876b4737b752482ac71ae9d52b14a6b2d201539edfb6bcb66
students-dnn,training_summary,outputs/students-dnn/dnn_h16x112-seed0/metrics/summaries.yaml,435,7d85dc82d4d8a9f9c2caeb5af800ee72d0e824479183b90a29f3b20a0104f8c0
students-dnn,run_manifest,outputs/students-dnn/dnn_h16x112-seed1/manifest.yaml,2786,31cbeb7793a15bbca3e4f8cb077759ec7488436c51da3f5797272cafb8e6fb95
students-dnn,canonical_epoch_log,outputs/students-dnn/dnn_h16x112-seed1/metrics/paper_replication/dnn_h16x112.jsonl,82281,6d2a24ba72fd31300ff1e9831223290589ed291362acd60fecab84f085279711
students-dnn,training_summary,outputs/students-dnn/dnn_h16x112-seed1/metrics/summaries.yaml,436,30436dfea556d81375bb088c9f9746ddaf7e51deeee12c8661ace23b8d63a7dc
students-dnn,run_manifest,outputs/students-dnn/dnn_h16x112-seed2/manifest.yaml,2786,aa53bee9e6b568c21f9f98e928d55df1951d0bf1ed8068b49d8ed7d5b7d3afdf
students-dnn,canonical_epoch_log,outputs/students-dnn/dnn_h16x112-seed2/metrics/paper_replication/dnn_h16x112.jsonl,82265,dcda50044f66dfb81e7533158afc6b993496eecfd83db853a86b78308eb4fffd
students-dnn,training_summary,outputs/students-dnn/dnn_h16x112-seed2/metrics/summaries.yaml,435,c138ee92afe1465cb7ef63be3ae0592531656f780163df62ff6544be87eda2d8
students-dnn,run_manifest,outputs/students-dnn/dnn_h16x112-seed3/manifest.yaml,2786,3b39b35888cd503acdda4407f73a74bed48e062ae3379ae1eb0919344bf103cc
students-dnn,canonical_epoch_log,outputs/students-dnn/dnn_h16x112-seed3/metrics/paper_replication/dnn_h16x112.jsonl,82296,3ed560e58d992d73db81c1bfbbaf8253b38a4c099c5a7eabd175d001e4dbb858
students-dnn,training_summary,outputs/students-dnn/dnn_h16x112-seed3/metrics/summaries.yaml,435,9634c403020d5cc545ca342fda21220ccf8f71ac74f00aaa6d01ffceb26528ed
students-dnn,run_manifest,outputs/students-dnn/dnn_h16x112-seed4/manifest.yaml,2786,26f4b7ea81251766f7179b60e95afd1ac3450dd6d881725e1df39f52f3142af4
students-dnn,canonical_epoch_log,outputs/students-dnn/dnn_h16x112-seed4/metrics/paper_replication/dnn_h16x112.jsonl,82290,1c5d431c5fb31a789d9fef7cd3df40edcdc1a98c65f4f6b0b132d496d04157b6
students-dnn,training_summary,outputs/students-dnn/dnn_h16x112-seed4/metrics/summaries.yaml,436,d638e77be2d329995882d87430bb74385d784925cec1fb1d64e371ec1f1d93ce
students-dnn,run_manifest,outputs/students-dnn/dnn_h16x59-seed0/manifest.yaml,2780,7707e6d0b5b4b49fab7f382693e4002d1aa615926169372f82dcd2eca6f2293f
students-dnn,canonical_epoch_log,outputs/students-dnn/dnn_h16x59-seed0/metrics/paper_replication/dnn_h16x59.jsonl,82065,feb3c1a8ac3dec2ab35ee476327d534001834533a1dbe4a2e72f852cd9fdd107
students-dnn,training_summary,outputs/students-dnn/dnn_h16x59-seed0/metrics/summaries.yaml,434,1f61c45f4e5af2497d474460cf21a6b0b3f54974293077f04f57d40df764ee23
students-dnn,run_manifest,outputs/students-dnn/dnn_h16x59-seed1/manifest.yaml,2780,dc5ab9749d52939b5bcfba4c341045c9af169019dc38a7f2cd3694d5045d76d0
students-dnn,canonical_epoch_log,outputs/students-dnn/dnn_h16x59-seed1/metrics/paper_replication/dnn_h16x59.jsonl,82137,06710bb8926e5c796129687ab1e6902f5b94c5d4926e449de777a36a0baca6c1
students-dnn,training_summary,outputs/students-dnn/dnn_h16x59-seed1/metrics/summaries.yaml,434,1dedabe4fd4398093e130784b12a7d5a0bbb35c96ab52140b842b6b321e89f36
students-dnn,run_manifest,outputs/students-dnn/dnn_h16x59-seed2/manifest.yaml,2780,2fd95cf657131c7b7c2480add00060605917ddbda94fdf36fc52b10231beaf7b
students-dnn,canonical_epoch_log,outputs/students-dnn/dnn_h16x59-seed2/metrics/paper_replication/dnn_h16x59.jsonl,82120,0cb7270dd11cb9e23b435b07df414bfa5d66df51c1d23ed4ea9209aa44ce222f
students-dnn,training_summary,outputs/students-dnn/dnn_h16x59-seed2/metrics/summaries.yaml,433,096815e0364ee73c44e2ad05564cfb1f75cf708630af3ae6089662739bdf87a5
students-dnn,run_manifest,outputs/students-dnn/dnn_h16x59-seed3/manifest.yaml,2780,bd041233576ae4ce9d82edc00e87ea3efc3ad04b84d3b24f271eedba39ab5629
students-dnn,canonical_epoch_log,outputs/students-dnn/dnn_h16x59-seed3/metrics/paper_replication/dnn_h16x59.jsonl,82086,73dd2e28b1e308f165aa3628a132f3d4ed7e4a6988aae0a4dcb1c32958906f79
students-dnn,training_summary,outputs/students-dnn/dnn_h16x59-seed3/metrics/summaries.yaml,434,f864fea522ff40dec5945274b04152f2b1f231598fd6a6aee2dde5774775c126
students-dnn,run_manifest,outputs/students-dnn/dnn_h16x59-seed4/manifest.yaml,2780,7adc6edb0b4615687b3541ace6a36e3ba7da563ed60b77b822e935d522192c3b
students-dnn,canonical_epoch_log,outputs/students-dnn/dnn_h16x59-seed4/metrics/paper_replication/dnn_h16x59.jsonl,82129,b09630dea8ed848ba2941d62c17ede785255bbebe482d1ad9928920c1afb7948
students-dnn,training_summary,outputs/students-dnn/dnn_h16x59-seed4/metrics/summaries.yaml,434,8eefabedae27546963c7bdc62b805290b9ba37b541ce93baa7ace86b4f36011b
students-dnn,run_manifest,outputs/students-dnn/dnn_h16x59_hd2-seed0/manifest.yaml,2804,6deabfbc1197e6857805788524c25377d69f4132536eab5d0206861d2e68a4c7
students-dnn,canonical_epoch_log,outputs/students-dnn/dnn_h16x59_hd2-seed0/metrics/paper_replication/dnn_h16x59_hd2.jsonl,82942,74f29f81acf4f426d30852b7073cf6150f5d1c7ccdbaab3c5aebd7ce0a4b7f87
students-dnn,training_summary,outputs/students-dnn/dnn_h16x59_hd2-seed0/metrics/summaries.yaml,441,dac9dafd15fc2264954712b8dab22073724f55b17e87d58f719ef5904592408f
students-dnn,run_manifest,outputs/students-dnn/dnn_h16x59_hd2-seed1/manifest.yaml,2804,516d6853f9a9b074a097f8e6c8105f3d52709309a94c37ec7e7690f6a6ece92e
students-dnn,canonical_epoch_log,outputs/students-dnn/dnn_h16x59_hd2-seed1/metrics/paper_replication/dnn_h16x59_hd2.jsonl,82911,d0042beaa46653ce95fc978e3988946a20cf64c8719a454bfc423ac268ef62fb
students-dnn,training_summary,outputs/students-dnn/dnn_h16x59_hd2-seed1/metrics/summaries.yaml,442,3c93648423b77ce1a512504ff8ac2fa60792aad0a91ad2b3fd862016b57ac9c9
students-dnn,run_manifest,outputs/students-dnn/dnn_h16x59_hd2-seed2/manifest.yaml,2804,ae7dd3ed842f3f597eb54aee073227983f5426de2e781eb8c72967b0be5cb304
students-dnn,canonical_epoch_log,outputs/students-dnn/dnn_h16x59_hd2-seed2/metrics/paper_replication/dnn_h16x59_hd2.jsonl,82925,5fbf3f40b0040df6069e6b647575beb844fae6f049f54c1ef07684c3a7666b4e
students-dnn,training_summary,outputs/students-dnn/dnn_h16x59_hd2-seed2/metrics/summaries.yaml,442,b4402891920843f61fbf31be70411998bd76bf800f91115413f982ffd796f483
students-dnn,run_manifest,outputs/students-dnn/dnn_h16x59_hd2-seed3/manifest.yaml,2804,0c2c7422a25baf36605204fb2b7ccc410aa9afe0d427be1eb85bee36f4b96442
students-dnn,canonical_epoch_log,outputs/students-dnn/dnn_h16x59_hd2-seed3/metrics/paper_replication/dnn_h16x59_hd2.jsonl,82917,a5bcfb03d405d10f924eaf26f78d55e318be2ab9086489037e5c43671736faec
students-dnn,training_summary,outputs/students-dnn/dnn_h16x59_hd2-seed3/metrics/summaries.yaml,442,b230ad73b631d77520d3a1c21a394448aba52471b1370593651caa4321502c4e
students-dnn,run_manifest,outputs/students-dnn/dnn_h16x59_hd2-seed4/manifest.yaml,2804,9664582a8df87995bbf721c53697d1937ca51e1b9e3951ce4047e6a0988d9f6a
students-dnn,canonical_epoch_log,outputs/students-dnn/dnn_h16x59_hd2-seed4/metrics/paper_replication/dnn_h16x59_hd2.jsonl,82891,f1ee903a4bd945a0b001027ae2a559a9c82a7e0646b7c696b1090bf55adf5172
students-dnn,training_summary,outputs/students-dnn/dnn_h16x59_hd2-seed4/metrics/summaries.yaml,441,86270d48a49ffa4578fcae7de3a03845f6df48eb9d99c6276cefa3bf20526e1b
students-dnn,run_manifest,outputs/students-dnn/dnn_h16x59_hd4-seed0/manifest.yaml,2804,204f8cf93800ff126909ff2c7e7e4b39b3bf5128fa823fb0b99cec4c561107a2
students-dnn,canonical_epoch_log,outputs/students-dnn/dnn_h16x59_hd4-seed0/metrics/paper_replication/dnn_h16x59_hd4.jsonl,82929,f6a6a9ea87e4e48a37adcfaa0eb4e03ea2fc8dab595cadaa07604650e33fb71c
students-dnn,training_summary,outputs/students-dnn/dnn_h16x59_hd4-seed0/metrics/summaries.yaml,442,f5470239497a7830176ef64662b63509889ef063cdf1cd199883b0b1ee421ee9
students-dnn,run_manifest,outputs/students-dnn/dnn_h16x59_hd4-seed1/manifest.yaml,2804,8fc9738b501469bf81326f284f401ab7733d8f73a588d328c035117762d75a42
students-dnn,canonical_epoch_log,outputs/students-dnn/dnn_h16x59_hd4-seed1/metrics/paper_replication/dnn_h16x59_hd4.jsonl,82932,3d2183ca2635efbee6b1f77f6fefd792617c897abc88ffdba418c821d0823993
students-dnn,training_summary,outputs/students-dnn/dnn_h16x59_hd4-seed1/metrics/summaries.yaml,442,9e9d61e3e14f11aa10645ab6fe721e858c9214ae77698ea104f6380c06bf3084
students-dnn,run_manifest,outputs/students-dnn/dnn_h16x59_hd4-seed2/manifest.yaml,2804,d128f966684ddc8d1bfa79a780078cee474852c401f523d95fcf35ee4c235c82
students-dnn,canonical_epoch_log,outputs/students-dnn/dnn_h16x59_hd4-seed2/metrics/paper_replication/dnn_h16x59_hd4.jsonl,82913,e03b5491aea80863f7ccecd1959580190c24d319eeaba2b2bec8ccf0ec09eb23
students-dnn,training_summary,outputs/students-dnn/dnn_h16x59_hd4-seed2/metrics/summaries.yaml,442,ce8560cb1f7969c5a151bc97e8f200d06f998b32f805946e42a0caccd3697627
students-dnn,run_manifest,outputs/students-dnn/dnn_h16x59_hd4-seed3/manifest.yaml,2804,80d7290c8bd8668142e97d5d7974de9ea82276bcf0ee58b00841b5e2907434b0
students-dnn,canonical_epoch_log,outputs/students-dnn/dnn_h16x59_hd4-seed3/metrics/paper_replication/dnn_h16x59_hd4.jsonl,82931,a38a50c9c07d4130459bcee9a0f4d1002334b4839da343c2d9c3948364b30109
students-dnn,training_summary,outputs/students-dnn/dnn_h16x59_hd4-seed3/metrics/summaries.yaml,442,71fa2d7cf58facd308401e71e08945edbf0d2cde33ebf8ba5434140c7470a21f
students-dnn,run_manifest,outputs/students-dnn/dnn_h16x59_hd4-seed4/manifest.yaml,2804,48de6f66a0d9a20d304188b76ff54ada9afda9660508a946667f52bc19e2a638
students-dnn,canonical_epoch_log,outputs/students-dnn/dnn_h16x59_hd4-seed4/metrics/paper_replication/dnn_h16x59_hd4.jsonl,82890,a54b82bab5958356c0c5c3c80b88c958e49b707ff7a0e3ccbfce664af8c99f79
students-dnn,training_summary,outputs/students-dnn/dnn_h16x59_hd4-seed4/metrics/summaries.yaml,442,95978e4f46ef081f541f7b876d7c85ad7e8259cae92bd7e4411f7e9cdb186f50
students-dnn,run_manifest,outputs/students-dnn/dnn_h16x59x21-seed0/manifest.yaml,2798,16c0b7262f6c0ebff0cc2bccb2e2374e554427276902d2e23b08732a923f5c2e
students-dnn,canonical_epoch_log,outputs/students-dnn/dnn_h16x59x21-seed0/metrics/paper_replication/dnn_h16x59x21.jsonl,82745,f06b84c21a0ba87aea2e674d2e59bb98fc12d2208633a3510667ad37edc7c10d
students-dnn,training_summary,outputs/students-dnn/dnn_h16x59x21-seed0/metrics/summaries.yaml,440,9fdee28901761f42fed3a1bcdccdd48083dede2f77b746acd2f74a3bdbb68ded
students-dnn,run_manifest,outputs/students-dnn/dnn_h16x59x21-seed1/manifest.yaml,2798,da8dbb2e9fc2f770d8c13d510e4bb225336579e6883cb83cd7529375570fc836
students-dnn,canonical_epoch_log,outputs/students-dnn/dnn_h16x59x21-seed1/metrics/paper_replication/dnn_h16x59x21.jsonl,82711,8b21ece19faac59f62724580bafda39acc274e73a27a0310629d89ecdd03714e
students-dnn,training_summary,outputs/students-dnn/dnn_h16x59x21-seed1/metrics/summaries.yaml,440,890c97a152c60426edc79ed981b2cb95a98c9f90501372fc46ceda5db77db484
students-dnn,run_manifest,outputs/students-dnn/dnn_h16x59x21-seed2/manifest.yaml,2798,58eb63ee04cbcc6375c690ca67c241b578d16e078704cbb31a771da736e77a46
students-dnn,canonical_epoch_log,outputs/students-dnn/dnn_h16x59x21-seed2/metrics/paper_replication/dnn_h16x59x21.jsonl,82694,a33ad4684cbda266d3bf9518c86cd7dffef356d2d5dcd2496fffc76e4c301774
students-dnn,training_summary,outputs/students-dnn/dnn_h16x59x21-seed2/metrics/summaries.yaml,439,018adf035256634cd957f3613ee5575acb47f545a8722e2012808d00e229fe49
students-dnn,run_manifest,outputs/students-dnn/dnn_h16x59x21-seed3/manifest.yaml,2798,a60b9fc0db45e2365a26f088f742376c2bce4752709752e7f35f730f3c3b1c75
students-dnn,canonical_epoch_log,outputs/students-dnn/dnn_h16x59x21-seed3/metrics/paper_replication/dnn_h16x59x21.jsonl,82722,709593c65f0cace87da6c5d9e54214ce08072a83adc641f79825b58dada08e20
students-dnn,training_summary,outputs/students-dnn/dnn_h16x59x21-seed3/metrics/summaries.yaml,440,033a85bfd5035c4f6560808f1f2ada75302a2015292ede6a3a6f6d1b4aa46fac
students-dnn,run_manifest,outputs/students-dnn/dnn_h16x59x21-seed4/manifest.yaml,2798,9d99b955b9807e182848788caaf5c0d18808231bbaf5d66bfcd2f8b7831317b4
students-dnn,canonical_epoch_log,outputs/students-dnn/dnn_h16x59x21-seed4/metrics/paper_replication/dnn_h16x59x21.jsonl,82714,16d65f7cf952818cf47dbae46ae523187779f8aca594361ab5acf19f79fa0220
students-dnn,training_summary,outputs/students-dnn/dnn_h16x59x21-seed4/metrics/summaries.yaml,440,eee42a5f11a0c487cdff1eeba9db8ab35b62d9c71dadd147b3494ca0957710d3
students-dnn,run_manifest,outputs/students-dnn/dnn_h16x59x32-seed0/manifest.yaml,2798,f754af0f4121432839f4cf5e552ee4efdaf1b1e086551b570556e27b2e4828b1
students-dnn,canonical_epoch_log,outputs/students-dnn/dnn_h16x59x32-seed0/metrics/paper_replication/dnn_h16x59x32.jsonl,82694,dc47735c696d5ad845fee7576e4c96d1936f13ae689d7fb1bdc4cda58af4bd84
students-dnn,training_summary,outputs/students-dnn/dnn_h16x59x32-seed0/metrics/summaries.yaml,440,9cf174b6d6f9a3803349190802ce6ef2cce2eb598f5f9a3d9ce210bdcbd08b77
students-dnn,run_manifest,outputs/students-dnn/dnn_h16x59x32-seed1/manifest.yaml,2798,44dfcab1641734d3053232b5a01fb05d713a1abd5321c659f421eabd7b4edbd2
students-dnn,canonical_epoch_log,outputs/students-dnn/dnn_h16x59x32-seed1/metrics/paper_replication/dnn_h16x59x32.jsonl,82710,f48122a17e2091591d3e98117bab592734380c4c9ff08f1f053ea3f9ee874a2f
students-dnn,training_summary,outputs/students-dnn/dnn_h16x59x32-seed1/metrics/summaries.yaml,440,3176bb414854f3f8a22927f470cdba85f7c09e6d9014f9d6aee7da0004508960
students-dnn,run_manifest,outputs/students-dnn/dnn_h16x59x32-seed2/manifest.yaml,2798,d92c9761a4d45ead83ff7a783da8598a62c348dfd96818ed1125e9bb17eb0380
students-dnn,canonical_epoch_log,outputs/students-dnn/dnn_h16x59x32-seed2/metrics/paper_replication/dnn_h16x59x32.jsonl,82674,a8d58484efaeb228cdb04a33f4437499b6d5649211a9c6edbc47bd453d5b71d3
students-dnn,training_summary,outputs/students-dnn/dnn_h16x59x32-seed2/metrics/summaries.yaml,439,6f574e3a3946d2b753f07bae2a3ed35a679093ab2e17eb0fe697d2556142726c
students-dnn,run_manifest,outputs/students-dnn/dnn_h16x59x32-seed3/manifest.yaml,2798,6402f7431924394308fb97f17800fd80247b9993ad83884b6aaee970b8b9aeaa
students-dnn,canonical_epoch_log,outputs/students-dnn/dnn_h16x59x32-seed3/metrics/paper_replication/dnn_h16x59x32.jsonl,82704,34cfa5b39af8c79790f380f140dcbc46844d1b6f52c7d0de231b80c98db46a99
students-dnn,training_summary,outputs/students-dnn/dnn_h16x59x32-seed3/metrics/summaries.yaml,440,d5c8a62ad04ceeda1854577b2bc98d842aa778da5021aacc3475c3e711119db0
students-dnn,run_manifest,outputs/students-dnn/dnn_h16x59x32-seed4/manifest.yaml,2798,dde876934920538051b2b3c56079ba914e553cd69b37c040435f04352b5e5a9c
students-dnn,canonical_epoch_log,outputs/students-dnn/dnn_h16x59x32-seed4/metrics/paper_replication/dnn_h16x59x32.jsonl,82717,490df7bd9e4a18499df09e523bdfa94920056697545930434089711987f574a8
students-dnn,training_summary,outputs/students-dnn/dnn_h16x59x32-seed4/metrics/summaries.yaml,440,5c48a0f2e6ff69a686bcb8b12e829fa56161f66459bf335b8e12e9dd2d329153
students-dnn,run_manifest,outputs/students-dnn/dnn_h16x87-seed0/manifest.yaml,2780,6d92ffd23027ffdd2808e4e4f78ec310042b27631d5108a59a5f045ddc6ed00d
students-dnn,canonical_epoch_log,outputs/students-dnn/dnn_h16x87-seed0/metrics/paper_replication/dnn_h16x87.jsonl,82077,982bb219b35b6c2d679b6a349a116b9420c7230cc4ed675575d3ac2d89fbf46e
students-dnn,training_summary,outputs/students-dnn/dnn_h16x87-seed0/metrics/summaries.yaml,434,413b77abbf8ca825fa20bb8caae87c35e663de5321543a47c321265b5c26bff4
students-dnn,run_manifest,outputs/students-dnn/dnn_h16x87-seed1/manifest.yaml,2780,f800aa6653a19813becd86d6314795298ed283391f27e4dd1acd8bb7be2c76cc
students-dnn,canonical_epoch_log,outputs/students-dnn/dnn_h16x87-seed1/metrics/paper_replication/dnn_h16x87.jsonl,82095,1706f7e26b217cd8a1997b46e9af1d04f068b9ee8c5d4b9a9da799515473a740
students-dnn,training_summary,outputs/students-dnn/dnn_h16x87-seed1/metrics/summaries.yaml,433,ff11a441d779fd62ddc11bf0eb0f92238ff9c6196cfddcc6e36795748c1d73cd
students-dnn,run_manifest,outputs/students-dnn/dnn_h16x87-seed2/manifest.yaml,2780,9c1e6501b7ac4072495b5236e0f2fc8600ad6065600a2fbef076919c1dff51b6
students-dnn,canonical_epoch_log,outputs/students-dnn/dnn_h16x87-seed2/metrics/paper_replication/dnn_h16x87.jsonl,82109,777cd713a0576be9a0aaddd7ee429bbb155688d577edd5ce6844fe73f7bf189e
students-dnn,training_summary,outputs/students-dnn/dnn_h16x87-seed2/metrics/summaries.yaml,434,c1f82aa7759258cf7fcea946e42aba73390456b19e4742b4baba8c4ef1dea533
students-dnn,run_manifest,outputs/students-dnn/dnn_h16x87-seed3/manifest.yaml,2780,7c29a095727f6b9f2c2a2ccc6773ebdf76255d10924c4f844e8e9d6aaecc21d6
students-dnn,canonical_epoch_log,outputs/students-dnn/dnn_h16x87-seed3/metrics/paper_replication/dnn_h16x87.jsonl,82111,6162e3db3b866947281865aa20bbf56d151d17cd005e623dcb0748eedacb943f
students-dnn,training_summary,outputs/students-dnn/dnn_h16x87-seed3/metrics/summaries.yaml,433,26dcfd0ba330cc7087f423c076a0e171b84a8232b44b25fa30c733162ff13623
students-dnn,run_manifest,outputs/students-dnn/dnn_h16x87-seed4/manifest.yaml,2780,3dae6d4d1cae3ea4d52c863ad24e4504518c08481419630fe9cea3426e443ef8
students-dnn,canonical_epoch_log,outputs/students-dnn/dnn_h16x87-seed4/metrics/paper_replication/dnn_h16x87.jsonl,82103,876e8285255340d717e612a0cca351d3ffd1a5140cbcc892eeec9daa9771cc11
students-dnn,training_summary,outputs/students-dnn/dnn_h16x87-seed4/metrics/summaries.yaml,434,4d7cfddfb22b8352be3bd4ad57d75a02b7c44a5ec3f6c6de5b8521f9d37f87a3
students-dnn,run_manifest,outputs/students-dnn/dnn_h18-seed0/manifest.yaml,2762,0dd0482db26fbb4360f6ffab054f3a50167287d7abf9bec90e3017b1e7d809ff
students-dnn,canonical_epoch_log,outputs/students-dnn/dnn_h18-seed0/metrics/paper_replication/dnn_h18.jsonl,81501,4f9231f8f23cbd7780db33f90aeab272034ee57edd7a5b3baad4510a45e64f02
students-dnn,training_summary,outputs/students-dnn/dnn_h18-seed0/metrics/summaries.yaml,428,77a07332aeb4053964ab388a582e10047e15feaac9b39ab81017e64273f36876
students-dnn,run_manifest,outputs/students-dnn/dnn_h18-seed1/manifest.yaml,2762,8edd963c01ce818163bdd6b801f8893232a82411512c5d72e95fd4fa58f1b03a
students-dnn,canonical_epoch_log,outputs/students-dnn/dnn_h18-seed1/metrics/paper_replication/dnn_h18.jsonl,81490,b9c908e156a3fccf549b336f0e3744ec05544ae49c3158b83c9f7a36d405a280
students-dnn,training_summary,outputs/students-dnn/dnn_h18-seed1/metrics/summaries.yaml,428,643802c93214e3437c47b4451b7473bcc330553cab1c27045343835c41349e26
students-dnn,run_manifest,outputs/students-dnn/dnn_h18-seed2/manifest.yaml,2762,b520263ca5ccf1962cb36830c84cc514260f39c033112f80b7487f0da5a02a82
students-dnn,canonical_epoch_log,outputs/students-dnn/dnn_h18-seed2/metrics/paper_replication/dnn_h18.jsonl,81505,c52c35136a3d753ca41afd4a4a2b408d2b5a9dc61cd169652f5e1f7aeafe0523
students-dnn,training_summary,outputs/students-dnn/dnn_h18-seed2/metrics/summaries.yaml,428,127bf88ba926773013b6f3527836895ddccf5a6d450b5f6c6932c998a7ae6ff0
students-dnn,run_manifest,outputs/students-dnn/dnn_h18-seed3/manifest.yaml,2762,e5bc3a5fccc2e863c9972c73a505d386e9b0b45c631cc072bf40230a80a148ec
students-dnn,canonical_epoch_log,outputs/students-dnn/dnn_h18-seed3/metrics/paper_replication/dnn_h18.jsonl,81521,413ae3fe91e29faa6519fb25aa8a5a46c4beed07e072cdee21671edfeae74fcd
students-dnn,training_summary,outputs/students-dnn/dnn_h18-seed3/metrics/summaries.yaml,428,fa511998de3032e91d83fa71da2f1b7b7f0a354df1b90b0a7151e14bc11b30f7
students-dnn,run_manifest,outputs/students-dnn/dnn_h18-seed4/manifest.yaml,2762,d721919d8a279879746a43518b9a9ca2292d706d7a0b7fcb03e1cbf830cc8130
students-dnn,canonical_epoch_log,outputs/students-dnn/dnn_h18-seed4/metrics/paper_replication/dnn_h18.jsonl,81521,1e945c0f525dd8f722a369aa9b3d081e274bbb46ceef30b8a1c425c097b4f87c
students-dnn,training_summary,outputs/students-dnn/dnn_h18-seed4/metrics/summaries.yaml,427,24bc5775c14520e311e53a2951400c2fa7b1dbe725c2f8f2413a17a1349ca559
students-dnn,run_manifest,outputs/students-dnn/dnn_h20-seed0/manifest.yaml,2762,be8c6429f34099778a7fbdc5905ae185946ebd901959072e1329f306747e20e9
students-dnn,canonical_epoch_log,outputs/students-dnn/dnn_h20-seed0/metrics/paper_replication/dnn_h20.jsonl,81494,3de206a45d00bf1f6d358edd2bb40a539944bc483dda4242dc7b620a62daf212
students-dnn,training_summary,outputs/students-dnn/dnn_h20-seed0/metrics/summaries.yaml,428,a75ff6cfa07ff94d73c8b1232ec57f1c3d086a2fef37dcd7ed24d9a04324db8a
students-dnn,run_manifest,outputs/students-dnn/dnn_h20-seed1/manifest.yaml,2762,f8bb04d3ceaa057854f311ca9fd33d3fd6e07418527b4de392814eae26cef112
students-dnn,canonical_epoch_log,outputs/students-dnn/dnn_h20-seed1/metrics/paper_replication/dnn_h20.jsonl,81495,a5ae629385b8999fbbd76064b9fe98d3ac241ad71d230115c3c214528053b263
students-dnn,training_summary,outputs/students-dnn/dnn_h20-seed1/metrics/summaries.yaml,428,770f3bd75cd02d343c4762a4ea09a75175e423d9a6b08e92359dbabc85070276
students-dnn,run_manifest,outputs/students-dnn/dnn_h20-seed2/manifest.yaml,2762,9a6e6138afaa60fe4863032f428da39962c344679dad9380e1059cad240fb3b7
students-dnn,canonical_epoch_log,outputs/students-dnn/dnn_h20-seed2/metrics/paper_replication/dnn_h20.jsonl,81487,ca768236ceb60720963d0d058635eb8c5e7b2ffcc2b5f4c575ea30f0747d4228
students-dnn,training_summary,outputs/students-dnn/dnn_h20-seed2/metrics/summaries.yaml,428,a2d33a695a98e6f7d92e068f0d676ee3a9e0e8ee782713a26adbfc8d0f5dc5ac
students-dnn,run_manifest,outputs/students-dnn/dnn_h20-seed3/manifest.yaml,2762,70903369162294db079739c2326ca6e8e21125d4871eb9c0849e90290374eb8f
students-dnn,canonical_epoch_log,outputs/students-dnn/dnn_h20-seed3/metrics/paper_replication/dnn_h20.jsonl,81483,5e9ea6ece85d670a36433a137f730a9299e9cd7f1a1baf59221923cd9a283d51
students-dnn,training_summary,outputs/students-dnn/dnn_h20-seed3/metrics/summaries.yaml,427,7731f8c3a3793ff9a806cdff2d8483cce255f497b657d3cc3d814907254547b7
students-dnn,run_manifest,outputs/students-dnn/dnn_h20-seed4/manifest.yaml,2762,4edb6abde21539e7288877f45a6849d03ddec1a8fe2bdc3c04d2b9ab0648c15c
students-dnn,canonical_epoch_log,outputs/students-dnn/dnn_h20-seed4/metrics/paper_replication/dnn_h20.jsonl,81493,748efed9cbc05699bfcdccee2dab1f00096a48bf4749c505bd0d8d2e8375bc60
students-dnn,training_summary,outputs/students-dnn/dnn_h20-seed4/metrics/summaries.yaml,427,cd32a3cfc255f84179876b43f72611c501af88b020a5e30361fd890ce6a4a0c8
students-dnn,run_manifest,outputs/students-dnn/dnn_h24-seed0/manifest.yaml,2762,7b8a713aeab1142e1a601ef27bb6774b119565d2e07f1113886ec265eb6fb1ce
students-dnn,canonical_epoch_log,outputs/students-dnn/dnn_h24-seed0/metrics/paper_replication/dnn_h24.jsonl,81458,212275f29a52b6a39287af838936e2a70bf521f45c3fbb00e805bf9252086dfd
students-dnn,training_summary,outputs/students-dnn/dnn_h24-seed0/metrics/summaries.yaml,428,31ecac566ca9950ca8479c94b321231a33b127060589323216b10bee809952e9
students-dnn,run_manifest,outputs/students-dnn/dnn_h24-seed1/manifest.yaml,2762,5bc0c9c3c380238efe11d3e47f60da3b70ad430750d3fdd3785d2d80964b549a
students-dnn,canonical_epoch_log,outputs/students-dnn/dnn_h24-seed1/metrics/paper_replication/dnn_h24.jsonl,81496,991103d04784c81590f0c7feae7fa69a86fae2550679ff09e86dda13374577da
students-dnn,training_summary,outputs/students-dnn/dnn_h24-seed1/metrics/summaries.yaml,428,a1f502d8d86903fd91b2feafa3ee5eefd640ec8aac4e75dad7de02c835cca25b
students-dnn,run_manifest,outputs/students-dnn/dnn_h24-seed2/manifest.yaml,2762,f000e70e04a541db3607885e72e6e1d3d1ac8db333bc02f1c3c69c706b0321ce
students-dnn,canonical_epoch_log,outputs/students-dnn/dnn_h24-seed2/metrics/paper_replication/dnn_h24.jsonl,81491,40f729c1424e7b054d59e89b8512145ff030122a6911a114f30a231a5a5a2429
students-dnn,training_summary,outputs/students-dnn/dnn_h24-seed2/metrics/summaries.yaml,428,bb2db13ee206e7821807208ae72e8aa17e1f8f243242640c05f8ef5362fd479f
students-dnn,run_manifest,outputs/students-dnn/dnn_h24-seed3/manifest.yaml,2762,a8fe4dfee872117c26bbb472ab6e91b0d41159c1578b079e230cdbca57132749
students-dnn,canonical_epoch_log,outputs/students-dnn/dnn_h24-seed3/metrics/paper_replication/dnn_h24.jsonl,81503,f6c907133f61765cf343e4df801051e55de6fb4d17b42101ffbf63c18012b1b1
students-dnn,training_summary,outputs/students-dnn/dnn_h24-seed3/metrics/summaries.yaml,428,2833131fdb8d57eb59331e446128a5ce17c5b65d16783186ae23927e35a0ff05
students-dnn,run_manifest,outputs/students-dnn/dnn_h24-seed4/manifest.yaml,2762,94a1755eb1de11a546b4577b448635dd147a09196e7527b5d4901fc2934a429e
students-dnn,canonical_epoch_log,outputs/students-dnn/dnn_h24-seed4/metrics/paper_replication/dnn_h24.jsonl,81517,259adb743ecaec57a138fc8a61ae5e47a2d7ec8f7813e11923465b38397ab78b
students-dnn,training_summary,outputs/students-dnn/dnn_h24-seed4/metrics/summaries.yaml,428,54845bd7af430ece05b5acae064edc9861c0555c63a036b57b72bcfea3b2dfd2
students-dnn,run_manifest,outputs/students-dnn/dnn_h32-seed0/manifest.yaml,2763,2537672acbf077137add87f1e760d171f3936f77530ea73e29d7c5599b7e10c4
students-dnn,canonical_epoch_log,outputs/students-dnn/dnn_h32-seed0/metrics/paper_replication/dnn_h32.jsonl,81459,fd863caad3e94964f242a3b6052edf61bfaf466de5108c4ff6425774d4651098
students-dnn,training_summary,outputs/students-dnn/dnn_h32-seed0/metrics/summaries.yaml,428,ea14a33ea8db1b5c4ad22ab719dd3241012c39362d70307e0ca1537f08b984bb
students-dnn,run_manifest,outputs/students-dnn/dnn_h32-seed1/manifest.yaml,2763,662d287d00117f5797664a4402755250cf0b6604ffa2d85b9ca0fbb4f172a3d4
students-dnn,canonical_epoch_log,outputs/students-dnn/dnn_h32-seed1/metrics/paper_replication/dnn_h32.jsonl,81491,09e1f5a7deb98a56b230299d63403e88d7f9e1400e2d4d6dbde38f93cc2afb67
students-dnn,training_summary,outputs/students-dnn/dnn_h32-seed1/metrics/summaries.yaml,428,f4d8e571d7511c52d6f64ec69002cf48a340f16cabbe62e585b0a574767e619e
students-dnn,run_manifest,outputs/students-dnn/dnn_h32-seed2/manifest.yaml,2763,db94a02a1191cad84b110e4a9d3b2744e3467e30222bd45bea59b7c82c9b533c
students-dnn,canonical_epoch_log,outputs/students-dnn/dnn_h32-seed2/metrics/paper_replication/dnn_h32.jsonl,81508,1b708a54633b4c73cc720aff9ea981c1cf785f00ff3fa2ea6d34e730c60675a4
students-dnn,training_summary,outputs/students-dnn/dnn_h32-seed2/metrics/summaries.yaml,428,ba79081e0a348110d3b6db5ab2c35631ba30bb783a3367924eb0161d38bbcfce
students-dnn,run_manifest,outputs/students-dnn/dnn_h32-seed3/manifest.yaml,2763,2735bf2342930ed76633cbe0b2a9be32a3e5b405953e814c649b24622e1a4d53
students-dnn,canonical_epoch_log,outputs/students-dnn/dnn_h32-seed3/metrics/paper_replication/dnn_h32.jsonl,81501,443d9fda3cd67d316a137011c3a7e1eeb223ff3a22a4d5eddaeed1f7d64497c8
students-dnn,training_summary,outputs/students-dnn/dnn_h32-seed3/metrics/summaries.yaml,428,26a7ad098877e1ee398cbe3d902fea20bc5b4278cdd13d6cf6149dff2a63cde9
students-dnn,run_manifest,outputs/students-dnn/dnn_h32-seed4/manifest.yaml,2763,3ad3f7fe7d465b57bfbea52a9e4351354df3ea7f1cb08b707ee9c8f8a7b5b52f
students-dnn,canonical_epoch_log,outputs/students-dnn/dnn_h32-seed4/metrics/paper_replication/dnn_h32.jsonl,81516,dbfec5451a559ce91387e5005bd52514aea1d30eb466c3eb636faa0a22ada83f
students-dnn,training_summary,outputs/students-dnn/dnn_h32-seed4/metrics/summaries.yaml,428,41d6b50253f6a8130b43de1c6886f5dcf2824cc31da4f0e409dad6780c4837c9
students-dnn,run_manifest,outputs/students-dnn/dnn_h32_d2f32-seed0/manifest.yaml,2799,5963a4bd5f3f043d909fad2f9755e365e54e55c2ee6031345f743a1aa6c2ade3
students-dnn,canonical_epoch_log,outputs/students-dnn/dnn_h32_d2f32-seed0/metrics/paper_replication/dnn_h32_d2f32.jsonl,82693,1ebfd4f2548038bc75b98b61b0b87a7dd87c9ac8ddd4262b5c6b7afbed0df8c4
students-dnn,training_summary,outputs/students-dnn/dnn_h32_d2f32-seed0/metrics/summaries.yaml,439,e13be5c137319c50fd142c7c970b95431845da69e200e125f6af688965447204
students-dnn,run_manifest,outputs/students-dnn/dnn_h32_d2f32-seed1/manifest.yaml,2799,2526545dca151a467ef71f88234bb50be09fa2a89ffa8b972368fc5c2c107c21
students-dnn,canonical_epoch_log,outputs/students-dnn/dnn_h32_d2f32-seed1/metrics/paper_replication/dnn_h32_d2f32.jsonl,82695,6d1417f19011677aa229bcf3bff90d2223eba0a8c2c7e8f6b4d6ad514c915dda
students-dnn,training_summary,outputs/students-dnn/dnn_h32_d2f32-seed1/metrics/summaries.yaml,440,9b3d435f4b99fbaf02d0dc81837b49499d506e477f1721c47bee49023f711f90
students-dnn,run_manifest,outputs/students-dnn/dnn_h32_d2f32-seed2/manifest.yaml,2799,9fee8095a636aa2093fcd3e1f4e5c2411604c8a294c7b3016f8aa14159d17d24
students-dnn,canonical_epoch_log,outputs/students-dnn/dnn_h32_d2f32-seed2/metrics/paper_replication/dnn_h32_d2f32.jsonl,82658,147e5c04bfedbf0c503ced964c62c35c681fe710ab45580d56623cbf83f8e8b0
students-dnn,training_summary,outputs/students-dnn/dnn_h32_d2f32-seed2/metrics/summaries.yaml,440,9d19b22e7f36597e7e756cea3308750790b9f7648e40a7ea27eca2d7a32bdfd8
students-dnn,run_manifest,outputs/students-dnn/dnn_h32_d2f32-seed3/manifest.yaml,2799,5315af720ed99a1e38ec06d2716b6ea17c634332b178c8f2816dc5af8efb85cb
students-dnn,canonical_epoch_log,outputs/students-dnn/dnn_h32_d2f32-seed3/metrics/paper_replication/dnn_h32_d2f32.jsonl,82699,2e33ec3b7505e8456b131a0f7de7e46ba44ec6b92fb89aeeb1f6c871c6d55bf5
students-dnn,training_summary,outputs/students-dnn/dnn_h32_d2f32-seed3/metrics/summaries.yaml,440,75ce6ad4b63a7463fcdf6c021741a64e1a5217dfa8e8ae95f4a3e90581880d2d
students-dnn,run_manifest,outputs/students-dnn/dnn_h32_d2f32-seed4/manifest.yaml,2799,1d0d3defbec4612b381a4888b18303522c9a52762a038686a62dea629bfc12c7
students-dnn,canonical_epoch_log,outputs/students-dnn/dnn_h32_d2f32-seed4/metrics/paper_replication/dnn_h32_d2f32.jsonl,82721,782f20c689de6c30cc6882a40bdc9e24894fd98ae67884c5b8f05162dd1247c7
students-dnn,training_summary,outputs/students-dnn/dnn_h32_d2f32-seed4/metrics/summaries.yaml,440,86ec2ad885d8904cb1c6156f291ef18ef34990310ee80797639601ac6df4ac64
students-dnn,run_manifest,outputs/students-dnn/dnn_h35-seed0/manifest.yaml,2763,fec6018990857c2e55761a55b3053395de434643a58a1f030ecbbb03108548ee
students-dnn,canonical_epoch_log,outputs/students-dnn/dnn_h35-seed0/metrics/paper_replication/dnn_h35.jsonl,81492,a055ed8ce911471973709028d38ac08e10df5ae1e141d968d4b00c9c86ed5983
students-dnn,training_summary,outputs/students-dnn/dnn_h35-seed0/metrics/summaries.yaml,428,cea124464b204aad6e97572905cf883175bac2a0a143d9537f64b18e89edd73c
students-dnn,run_manifest,outputs/students-dnn/dnn_h35-seed1/manifest.yaml,2763,484ea5649e76c29dbb2648bccbf9a0f7ad0b5a996f0a725d2aa5b795be242e32
students-dnn,canonical_epoch_log,outputs/students-dnn/dnn_h35-seed1/metrics/paper_replication/dnn_h35.jsonl,81460,fbf77a7dc8c9a16274e6da1634ee01a1d7b09368523f9e3e0f24bb07278b568f
students-dnn,training_summary,outputs/students-dnn/dnn_h35-seed1/metrics/summaries.yaml,427,ac855b5ece4c7a86d5d97eb84aabaf9e66632889db036ce0d060cbfe753c2a2e
students-dnn,run_manifest,outputs/students-dnn/dnn_h35-seed2/manifest.yaml,2763,0a54371c19ed7410e775c2079cb6cdcbc1ec1222bf891503da766e13db56df2a
students-dnn,canonical_epoch_log,outputs/students-dnn/dnn_h35-seed2/metrics/paper_replication/dnn_h35.jsonl,81486,4545f50c6400252d43817ef17d753bf7b578fce539d5173cb7d4067b87df8d15
students-dnn,training_summary,outputs/students-dnn/dnn_h35-seed2/metrics/summaries.yaml,427,90a3ebb59ed116f671c8ccf1696dbe0d9fae14e46a3d67a298fc18cc0cc70c21
students-dnn,run_manifest,outputs/students-dnn/dnn_h35-seed3/manifest.yaml,2763,4ca0ff871df4110f809b2a255a939a90ba86f64a23455603c4f47e0df107ab8b
students-dnn,canonical_epoch_log,outputs/students-dnn/dnn_h35-seed3/metrics/paper_replication/dnn_h35.jsonl,81480,d6a4b5a6b95e68f89b14fbfdc8b0b8283135aa48bd0ad30cef6cad5abd69f7e7
students-dnn,training_summary,outputs/students-dnn/dnn_h35-seed3/metrics/summaries.yaml,428,c365dd9d3151304f3e8afd1c716e15070f716ba26eca91a62be23ccc32efcec4
students-dnn,run_manifest,outputs/students-dnn/dnn_h35-seed4/manifest.yaml,2763,2e7259d3198502cab6607e248c2054213fda949282fa130eb3e19d80e92a07b4
students-dnn,canonical_epoch_log,outputs/students-dnn/dnn_h35-seed4/metrics/paper_replication/dnn_h35.jsonl,81528,3f8a84bf409b9bb349677118b549a9344ad48832e530ed194c90fe3947adaf80
students-dnn,training_summary,outputs/students-dnn/dnn_h35-seed4/metrics/summaries.yaml,428,09ebacb9f5087b46e1f1373d263c1955a0d50fcfc1128ac7909ceb76035edd13
students-dnn,run_manifest,outputs/students-dnn/dnn_h48-seed0/manifest.yaml,2763,eeeb2c35ad0ffdb0e467e3bf77abbfb655ae8d7c61c2c16b9f248a92d5604177
students-dnn,canonical_epoch_log,outputs/students-dnn/dnn_h48-seed0/metrics/paper_replication/dnn_h48.jsonl,81435,e45b719ae4e7a6e38854701d6af03c21df048e4d838b64e50abf08e92a8725a2
students-dnn,training_summary,outputs/students-dnn/dnn_h48-seed0/metrics/summaries.yaml,428,1088543456be0caa8d472fa8ee7f4a5ae23d0491e066821a5fc9af3019bff7d4
students-dnn,run_manifest,outputs/students-dnn/dnn_h48-seed1/manifest.yaml,2763,6c9f8be5c509c6fed7721f628e3cfcbaa9e9a23e6eb40e09bfbeac5d4178c763
students-dnn,canonical_epoch_log,outputs/students-dnn/dnn_h48-seed1/metrics/paper_replication/dnn_h48.jsonl,81479,63c4a5fa7d69353e769dba68f1d1ff541a4ed86385e8f39bab4ba3d972a2c902
students-dnn,training_summary,outputs/students-dnn/dnn_h48-seed1/metrics/summaries.yaml,428,da60ad08129eb89318a6a3a6b132318ac856d7f8dccaa780556d7cbebbe4fbe4
students-dnn,run_manifest,outputs/students-dnn/dnn_h48-seed2/manifest.yaml,2763,94f0b9bc0d7bd04807a2a71c8206b63f79491d4327e771b95fd91bd98cd6d5d9
students-dnn,canonical_epoch_log,outputs/students-dnn/dnn_h48-seed2/metrics/paper_replication/dnn_h48.jsonl,81344,e159b8210c2264c434c255efce2d4d3bfc19aaee69c9dc0196652bf04c5d1d87
students-dnn,training_summary,outputs/students-dnn/dnn_h48-seed2/metrics/summaries.yaml,428,726fff785cfdd6f55d16249a3b5bc86361f6e2fc05ad754f190fe8af66a09752
students-dnn,run_manifest,outputs/students-dnn/dnn_h48-seed3/manifest.yaml,2763,0eea0565ddb1fea5de61e44eeaab77342c3f52a404b2bfdfc553bde78428cff5
students-dnn,canonical_epoch_log,outputs/students-dnn/dnn_h48-seed3/metrics/paper_replication/dnn_h48.jsonl,81484,da5626af1f5f8a7cfcb95542a1853ca328704cdc7e09e8e43aa35f59ec45c3d8
students-dnn,training_summary,outputs/students-dnn/dnn_h48-seed3/metrics/summaries.yaml,428,4d574331f051382d99736c786579f552248f860b3e647529e569a448e897dbbe
students-dnn,run_manifest,outputs/students-dnn/dnn_h48-seed4/manifest.yaml,2763,02dc44e3222a02dc3dd2d0f26677b16297812f49822166d7de79eeb6716f3950
students-dnn,canonical_epoch_log,outputs/students-dnn/dnn_h48-seed4/metrics/paper_replication/dnn_h48.jsonl,81492,b0b7ed689121412d028b5f4b6b3b1c20453c4b99bd98c6ac2e71cd4fb87aefb8
students-dnn,training_summary,outputs/students-dnn/dnn_h48-seed4/metrics/summaries.yaml,428,c9b6f47f870d9a40a18dd3b6288f99297b8e2ad82fc37aae390033a7303d27ee
students-dscnn,run_manifest,outputs/students-dscnn/ds_cnn_w20_mfcc-seed0/manifest.yaml,2881,4ebbf98566f9a3de27d48bf0e905f496e97c0adb033c4035991e3739b71eaf47
students-dscnn,canonical_epoch_log,outputs/students-dscnn/ds_cnn_w20_mfcc-seed0/metrics/paper_replication/ds_cnn_w20.jsonl,79150,682fdc3c93ed6b3c0db6ba11b8c836de8c3b70fc4fdb5557c0a0cb9559a44355
students-dscnn,training_summary,outputs/students-dscnn/ds_cnn_w20_mfcc-seed0/metrics/summaries.yaml,433,66d98d7f8faf5caa05e05f6550abcf00a95f6393e1bce0262f0ce53ce6670b13
students-dscnn,run_manifest,outputs/students-dscnn/ds_cnn_w20_mfcc-seed1/manifest.yaml,2881,ba6e531de88225636197185decbacf288c5a44657f34e392683959f6187e733c
students-dscnn,canonical_epoch_log,outputs/students-dscnn/ds_cnn_w20_mfcc-seed1/metrics/paper_replication/ds_cnn_w20.jsonl,79310,2ef851b19f1cc29e38cf8406d1f25ec1fcc029525b0decf68d52912c6c343098
students-dscnn,training_summary,outputs/students-dscnn/ds_cnn_w20_mfcc-seed1/metrics/summaries.yaml,434,f55a22a1cfa3b26bcd4a9c3f0df4277493094d9143a22b840da2e627bdddbc78
students-dscnn,run_manifest,outputs/students-dscnn/ds_cnn_w20_mfcc-seed2/manifest.yaml,2881,f449b81a2f33167d7cef87c9092a3831cbe486e65d47cd10303c1808cfe4c042
students-dscnn,canonical_epoch_log,outputs/students-dscnn/ds_cnn_w20_mfcc-seed2/metrics/paper_replication/ds_cnn_w20.jsonl,79312,974bcc9a224cc280cc074a5dffea3ea0ead8dd70624c777fade9fb2cca8f45af
students-dscnn,training_summary,outputs/students-dscnn/ds_cnn_w20_mfcc-seed2/metrics/summaries.yaml,434,9006739720d514cea3949e597c962a50f79cfab1b8705b56080d3d531f764a83
students-dscnn,run_manifest,outputs/students-dscnn/ds_cnn_w20d1f4_mfcc-seed0/manifest.yaml,2905,4d43b3658cdd0f04b35e3d7e64a7d161f8ad9816daac28f4fe97977f65531e66
students-dscnn,canonical_epoch_log,outputs/students-dscnn/ds_cnn_w20d1f4_mfcc-seed0/metrics/paper_replication/ds_cnn_w20d1f4.jsonl,80124,a08cf847aa2a3c5718f183896ced6ec034b84a70a9ca8f2ac18034528312895b
students-dscnn,training_summary,outputs/students-dscnn/ds_cnn_w20d1f4_mfcc-seed0/metrics/summaries.yaml,441,00fe3daffb103ac160266ff2ab9abe54d0622059cbd965c9816551826403843d
students-dscnn,run_manifest,outputs/students-dscnn/ds_cnn_w20d1f4_mfcc-seed1/manifest.yaml,2905,cbc0aee6056b88b687d0cc82706b68d7f0095a4bb87d6228d320cca3885f8c6d
students-dscnn,canonical_epoch_log,outputs/students-dscnn/ds_cnn_w20d1f4_mfcc-seed1/metrics/paper_replication/ds_cnn_w20d1f4.jsonl,80082,5b0954d356d45493bea039002a6768c50150b40d9c3456c183e7e88e9dde9a2d
students-dscnn,training_summary,outputs/students-dscnn/ds_cnn_w20d1f4_mfcc-seed1/metrics/summaries.yaml,440,ee7d63260eb0f34cf7bee97ca36bccdb52ebea4d41f0fd2cd0ed16d826ba1323
students-dscnn,run_manifest,outputs/students-dscnn/ds_cnn_w20d1f4_mfcc-seed2/manifest.yaml,2905,3ebdb110aeaea768233144f13da9462130ec9c63555708f03933a9cfa15cde10
students-dscnn,canonical_epoch_log,outputs/students-dscnn/ds_cnn_w20d1f4_mfcc-seed2/metrics/paper_replication/ds_cnn_w20d1f4.jsonl,80095,6b600d68c87992a07f520d10eed62e13ec7194d770b35efcc66c4b69d2b02a3d
students-dscnn,training_summary,outputs/students-dscnn/ds_cnn_w20d1f4_mfcc-seed2/metrics/summaries.yaml,442,750bb81201d3198f09fb911efc86b098f516c50f8ef035c9d4071261473eb536
students-dscnn,run_manifest,outputs/students-dscnn/ds_cnn_w20d2f4_mfcc-seed0/manifest.yaml,2905,f22164d907f79636284188759309e80023e4ebccc4dcf81034724596a6266a36
students-dscnn,canonical_epoch_log,outputs/students-dscnn/ds_cnn_w20d2f4_mfcc-seed0/metrics/paper_replication/ds_cnn_w20d2f4.jsonl,80106,5ec950cb5b4f64c2f1ec8aa9df90e26c80bba6dc463475fb521b38ab37a9cc33
students-dscnn,training_summary,outputs/students-dscnn/ds_cnn_w20d2f4_mfcc-seed0/metrics/summaries.yaml,442,06ddd65f23fbb9f85bb987d4b7783f467e7a02ef7b490b198d2eae254a1cc4be
students-dscnn,run_manifest,outputs/students-dscnn/ds_cnn_w20d2f4_mfcc-seed1/manifest.yaml,2905,d6d12d3e0cfeea9506221ee4758604de0dd9871095d73426afe7d490117bccc4
students-dscnn,canonical_epoch_log,outputs/students-dscnn/ds_cnn_w20d2f4_mfcc-seed1/metrics/paper_replication/ds_cnn_w20d2f4.jsonl,80030,e188c835cfd947536df76776490e2240a465903fb28ff9a2dcc477f08f8e5a07
students-dscnn,training_summary,outputs/students-dscnn/ds_cnn_w20d2f4_mfcc-seed1/metrics/summaries.yaml,442,e5a71dabea2c3931c26ebcb7e4c4e0928fdeb5f8fbe034d5365f2d7f585e9e9b
students-dscnn,run_manifest,outputs/students-dscnn/ds_cnn_w20d2f4_mfcc-seed2/manifest.yaml,2905,0cba7e1bab3df77f4a68e27f3412cee33463f5c112a015b2d3fdf8ccb3a9741c
students-dscnn,canonical_epoch_log,outputs/students-dscnn/ds_cnn_w20d2f4_mfcc-seed2/metrics/paper_replication/ds_cnn_w20d2f4.jsonl,80018,36443928c51822116c600ffbf67382e5403f6ff585ca78ccfeb34ea5a149003b
students-dscnn,training_summary,outputs/students-dscnn/ds_cnn_w20d2f4_mfcc-seed2/metrics/summaries.yaml,442,59389d9f02035d182f49aa47b02c878d35e2dbbf0825616890c119e1f8dbbdde
students-dscnn,run_manifest,outputs/students-dscnn/ds_cnn_w24_mfcc-seed0/manifest.yaml,2881,e34f32a161b40097ed799e318785b52107c21bdc5c232f69a1b4e5ef561deab3
students-dscnn,canonical_epoch_log,outputs/students-dscnn/ds_cnn_w24_mfcc-seed0/metrics/paper_replication/ds_cnn_w24.jsonl,79345,019edb0ad9f8e71c52727b6398df5475868ddbe02882f03426f5eaa71b34aaac
students-dscnn,training_summary,outputs/students-dscnn/ds_cnn_w24_mfcc-seed0/metrics/summaries.yaml,434,d9510ed6e15c9c4b1320946c2582abdfd084e9cb00e88d7cf51667c9c18b2c57
students-dscnn,run_manifest,outputs/students-dscnn/ds_cnn_w24_mfcc-seed1/manifest.yaml,2881,2ee450aeed22984f3777de85e9f96197c58e025ea8accd6d31c4aeae18388dc0
students-dscnn,canonical_epoch_log,outputs/students-dscnn/ds_cnn_w24_mfcc-seed1/metrics/paper_replication/ds_cnn_w24.jsonl,79286,31fdef38ce23680468a34985a00cbe61b9596459050f34c08414d77237bed2b2
students-dscnn,training_summary,outputs/students-dscnn/ds_cnn_w24_mfcc-seed1/metrics/summaries.yaml,434,cdb9ce7f3304c49fef25b5a635cfa96ba4750e9cd5f334080b5a02d54f471f4d
students-dscnn,run_manifest,outputs/students-dscnn/ds_cnn_w24_mfcc-seed2/manifest.yaml,2881,de098d9149a0ca17e611fccf7f40233198dfc0f0e43af1d6b6c3ad09a95df616
students-dscnn,canonical_epoch_log,outputs/students-dscnn/ds_cnn_w24_mfcc-seed2/metrics/paper_replication/ds_cnn_w24.jsonl,79290,7eb126cd173027806766d02dda3bcedd84006054ba7bb0e77e1c89636d0d045c
students-dscnn,training_summary,outputs/students-dscnn/ds_cnn_w24_mfcc-seed2/metrics/summaries.yaml,434,f5287410372d06f704e4801ab3d4287df70c9e3441010268a99b8ef32456697e
students-dscnn,run_manifest,outputs/students-dscnn/ds_cnn_w24d2f4_mfcc-seed0/manifest.yaml,2905,c5b7d3bd7fd36d6666994f9d7928e69cb7283c80f9dca315c2da647c4bdcb108
students-dscnn,canonical_epoch_log,outputs/students-dscnn/ds_cnn_w24d2f4_mfcc-seed0/metrics/paper_replication/ds_cnn_w24d2f4.jsonl,80050,9029d0bcb897cd3bb61c1c0ce9bda34cf53a88352592e26a7d132b61f58401d6
students-dscnn,training_summary,outputs/students-dscnn/ds_cnn_w24d2f4_mfcc-seed0/metrics/summaries.yaml,442,8daa28a9f0d9eb62a8d01b6e2c3da1bbab08a7e08413d8f0a963d160b208657e
students-dscnn,run_manifest,outputs/students-dscnn/ds_cnn_w24d2f4_mfcc-seed1/manifest.yaml,2905,99bbbe02c8a8badc9570c7df4806a7f430b97ebfe76cea128db8a4a052d4dcdf
students-dscnn,canonical_epoch_log,outputs/students-dscnn/ds_cnn_w24d2f4_mfcc-seed1/metrics/paper_replication/ds_cnn_w24d2f4.jsonl,80044,e3fcc3e15221f862f4565ee7de6412ff74cba2e150267d4dc5b2c0d6f2ef8c1d
students-dscnn,training_summary,outputs/students-dscnn/ds_cnn_w24d2f4_mfcc-seed1/metrics/summaries.yaml,442,e0ff111c4c8e1dfae7ca75a6572de17fb1836f8b60fe21a29ff7c47ad30d1027
students-dscnn,run_manifest,outputs/students-dscnn/ds_cnn_w24d2f4_mfcc-seed2/manifest.yaml,2905,6220018bb294aa142c4fc24d86c125d2a898129b38d569c2131a49ad1f81582c
students-dscnn,canonical_epoch_log,outputs/students-dscnn/ds_cnn_w24d2f4_mfcc-seed2/metrics/paper_replication/ds_cnn_w24d2f4.jsonl,80109,5374ce95e5e8cf6063c0679de32ae76c0b1245247681d8457b5b0f41af76fccd
students-dscnn,training_summary,outputs/students-dscnn/ds_cnn_w24d2f4_mfcc-seed2/metrics/summaries.yaml,441,29c7a399a804f87cff1cce179c31047ba3cffe6cb8851d4a27f3849b5fbd7d94
students-dscnn,run_manifest,outputs/students-dscnn/ds_cnn_w24fcd4f8_mfcc-seed0/manifest.yaml,2917,b0535f3fa45254bb8bbe138af3eba96badc52547e8964da830c23ef2b362c34b
students-dscnn,canonical_epoch_log,outputs/students-dscnn/ds_cnn_w24fcd4f8_mfcc-seed0/metrics/paper_replication/ds_cnn_w24fcd4f8.jsonl,80578,94e0d4f0de67c9d511d4d5efdc74518258f4f211a838200a035d9d5d2063745c
students-dscnn,training_summary,outputs/students-dscnn/ds_cnn_w24fcd4f8_mfcc-seed0/metrics/summaries.yaml,446,dc533d56e89e0011158e5a1e41284d80fc35fb100264a5ebae829c645208d133
students-dscnn,run_manifest,outputs/students-dscnn/ds_cnn_w24fcd4f8_mfcc-seed1/manifest.yaml,2917,02ddf3225887d7b1c22bb936385b31670b0a5306d9eaa7af47ed9e163c314956
students-dscnn,canonical_epoch_log,outputs/students-dscnn/ds_cnn_w24fcd4f8_mfcc-seed1/metrics/paper_replication/ds_cnn_w24fcd4f8.jsonl,80483,96f758a5759b31e07a4425596303ea334ed79e0bcaf4b1ab28a0d440e17a0b88
students-dscnn,training_summary,outputs/students-dscnn/ds_cnn_w24fcd4f8_mfcc-seed1/metrics/summaries.yaml,446,8c595bbe3566d1b67b4d4186c4d81e39d4fd1b22ad80a12c7f3cac135844864f
students-dscnn,run_manifest,outputs/students-dscnn/ds_cnn_w24fcd4f8_mfcc-seed2/manifest.yaml,2917,8440245679dff16660206153103e1ebb7b964605c547f66eb42ea68a3f629650
students-dscnn,canonical_epoch_log,outputs/students-dscnn/ds_cnn_w24fcd4f8_mfcc-seed2/metrics/paper_replication/ds_cnn_w24fcd4f8.jsonl,80549,ab2c9b73a7c3c409ce336f30f917521fddd2436123736478dc60838136099cae
students-dscnn,training_summary,outputs/students-dscnn/ds_cnn_w24fcd4f8_mfcc-seed2/metrics/summaries.yaml,444,c3397ea129a363e552acf0506116537fe7ae874cb17417d155d2a91cc82b978a
students-dscnn,run_manifest,outputs/students-dscnn/ds_cnn_w28_mfcc-seed0/manifest.yaml,2881,d8e3260dd6508a558249a4320b782ac21438e695310b5ff70bd6a5751fcb1988
students-dscnn,canonical_epoch_log,outputs/students-dscnn/ds_cnn_w28_mfcc-seed0/metrics/paper_replication/ds_cnn_w28.jsonl,79353,54f782cd8963020ee5998b4d7b4d0c58fae21b099c0423a3b6a5ff7f3ef56ba4
students-dscnn,training_summary,outputs/students-dscnn/ds_cnn_w28_mfcc-seed0/metrics/summaries.yaml,433,9014d58bf450c3da4c93d5d9276928574d1e716e157f7b543e84117855ce946e
students-dscnn,run_manifest,outputs/students-dscnn/ds_cnn_w28_mfcc-seed1/manifest.yaml,2881,11aa3caf2bf6bd0c08ab4f1f2542b3bc5c0b774327a5deadb60e29c7bdc23f5a
students-dscnn,canonical_epoch_log,outputs/students-dscnn/ds_cnn_w28_mfcc-seed1/metrics/paper_replication/ds_cnn_w28.jsonl,79311,bb0c267135d10cd86f3c78a6ca58a57aedbef1598871c3e8c1626aeb8530511b
students-dscnn,training_summary,outputs/students-dscnn/ds_cnn_w28_mfcc-seed1/metrics/summaries.yaml,434,0a859b2b8db45af95eaafd3236fb2367b02354ab97b10e5c400b733d3328dc83
students-dscnn,run_manifest,outputs/students-dscnn/ds_cnn_w28_mfcc-seed2/manifest.yaml,2881,4a2ad753c238d797cc82833e535c835c4ba48d9427a679a02c55cdddc3434e22
students-dscnn,canonical_epoch_log,outputs/students-dscnn/ds_cnn_w28_mfcc-seed2/metrics/paper_replication/ds_cnn_w28.jsonl,79333,c731c5b2e202ab668d1206a6c55d4a547685cdbca17648dc718d5fb683615394
students-dscnn,training_summary,outputs/students-dscnn/ds_cnn_w28_mfcc-seed2/metrics/summaries.yaml,434,ae3d2c70b144cfde449a896372e21b005aa8deb2cd672c932dfe031b80255194
students-dscnn,run_manifest,outputs/students-dscnn/ds_cnn_w32_mfcc-seed0/manifest.yaml,2881,510f5ae2feade8587dd35c86e38faadb64fdf2e98bd4240b7bad9670d2d56845
students-dscnn,canonical_epoch_log,outputs/students-dscnn/ds_cnn_w32_mfcc-seed0/metrics/paper_replication/ds_cnn_w32.jsonl,79377,32e6e42bfe62103ddb2ac91fcc04509643243fdc9678414f980f5110c5be9605
students-dscnn,training_summary,outputs/students-dscnn/ds_cnn_w32_mfcc-seed0/metrics/summaries.yaml,433,337f8d771ad0a22fc925c2fc3281f9f51c616f238489779ddd2514773446f09f
students-dscnn,run_manifest,outputs/students-dscnn/ds_cnn_w32_mfcc-seed1/manifest.yaml,2881,7ce250f1a16f51ecb7143acba4433d7a82632dc606db7b2357434d69425dc74c
students-dscnn,canonical_epoch_log,outputs/students-dscnn/ds_cnn_w32_mfcc-seed1/metrics/paper_replication/ds_cnn_w32.jsonl,79358,2ed7861369bdabae47da1f9750e90a790597c03ac004b3bb56c4cf3aafeb76a7
students-dscnn,training_summary,outputs/students-dscnn/ds_cnn_w32_mfcc-seed1/metrics/summaries.yaml,434,b459736fc3aeaff76e7c0547bbdb381189d52e220274a6961e4c557a547f7863
students-dscnn,run_manifest,outputs/students-dscnn/ds_cnn_w32_mfcc-seed2/manifest.yaml,2881,ba3ad2fc7d94d131dc3fd1a07d47edb5f58b6f148b7c672b470586f1ae3cf165
students-dscnn,canonical_epoch_log,outputs/students-dscnn/ds_cnn_w32_mfcc-seed2/metrics/paper_replication/ds_cnn_w32.jsonl,79339,000a9b9be56cb547e20d9961175b1b67830a066680d670b0908fcc4a5f31bbff
students-dscnn,training_summary,outputs/students-dscnn/ds_cnn_w32_mfcc-seed2/metrics/summaries.yaml,434,60b988e17ab666d3f238b6e2477940e4ebaaeee3b5ee7e45ff2ced06875ff02e
students-dtnet,run_manifest,outputs/students-dtnet/dtnet_a_het-seed0/manifest.yaml,2694,675c30fa4ab2f830d69151b872cf0d5076991798b2199dcdbc8ea93b624904a0
students-dtnet,canonical_epoch_log,outputs/students-dtnet/dtnet_a_het-seed0/metrics/paper_replication/dtnet_a_het.jsonl,82160,2280db0e58e2232eeb40225f251f1d3488fd34b245baea23e66050411966ae69
students-dtnet,training_summary,outputs/students-dtnet/dtnet_a_het-seed0/metrics/summaries.yaml,435,eb0e3098c7b3116383c74ed79f7aea8682c9d99d297ed1d6dfb5163ab1d4be1c
students-dtnet,run_manifest,outputs/students-dtnet/dtnet_a_het-seed1/manifest.yaml,2694,2ac2d49b811c0d4a666e50b9ecb535d747a69a8cd40d5ce42252972896230f25
students-dtnet,canonical_epoch_log,outputs/students-dtnet/dtnet_a_het-seed1/metrics/paper_replication/dtnet_a_het.jsonl,82173,a82eb2feef20eccc26e93634600f49811ce62d3cb11d5108e44e5223702653ba
students-dtnet,training_summary,outputs/students-dtnet/dtnet_a_het-seed1/metrics/summaries.yaml,436,8b78a7dfe2449f794ce69341207d541e0f3ce70bd1a57d8b507b7bee10fe63f9
students-dtnet,run_manifest,outputs/students-dtnet/dtnet_a_het-seed2/manifest.yaml,2694,440efc596856d1a69c9bd5eb300f9b67d74817d2f5bd12c2444542fb81cec2fd
students-dtnet,canonical_epoch_log,outputs/students-dtnet/dtnet_a_het-seed2/metrics/paper_replication/dtnet_a_het.jsonl,82166,8008b9dfb07bcdd5fdc59d632c5b4497b9ca8418936f5a26f2bfcb4c8f63c41c
students-dtnet,training_summary,outputs/students-dtnet/dtnet_a_het-seed2/metrics/summaries.yaml,436,29c46c3ab48ab73fceef819205d8f54dd3e66f532bf001846a979b7b5434c64d
students-dtnet,run_manifest,outputs/students-dtnet/dtnet_a_lin-seed0/manifest.yaml,2694,dc51b4c4ccf6fd00fb04596d360ac286f78dc4552742fffa4d574b2404c1091c
students-dtnet,canonical_epoch_log,outputs/students-dtnet/dtnet_a_lin-seed0/metrics/paper_replication/dtnet_a_lin.jsonl,82092,cb46b993ab9c231d9711b752dcf2f842cde526c49cf92161f412b4334ac544e8
students-dtnet,training_summary,outputs/students-dtnet/dtnet_a_lin-seed0/metrics/summaries.yaml,436,8751fffdd3c18b3d6dfbc45aa36a4d9f1c2ccd78011759dd1607e462a8ed19f7
students-dtnet,run_manifest,outputs/students-dtnet/dtnet_a_lin-seed1/manifest.yaml,2694,44dea55d4a77ace59af6eb68e50262ada565cfbb52a24e89e9fe53511d8bf9c6
students-dtnet,canonical_epoch_log,outputs/students-dtnet/dtnet_a_lin-seed1/metrics/paper_replication/dtnet_a_lin.jsonl,82165,d31ab921ffac5c69bcda6bae919e5afc6e3b7cb8bfc16fff536d2fba33eeebe2
students-dtnet,training_summary,outputs/students-dtnet/dtnet_a_lin-seed1/metrics/summaries.yaml,436,8dcedaa2d411e5a9333ff1575f18c1c02a5486f27961f5049ea7a13953d1dba1
students-dtnet,run_manifest,outputs/students-dtnet/dtnet_a_lin-seed2/manifest.yaml,2694,b09def7542ab9416421a14325cc329fc2fba689807bc7cb58a0d8641f0056126
students-dtnet,canonical_epoch_log,outputs/students-dtnet/dtnet_a_lin-seed2/metrics/paper_replication/dtnet_a_lin.jsonl,82152,da7994bfb84c86a570c1d0bd187d79e85fced4bee72337f85eb17767bcb8e948
students-dtnet,training_summary,outputs/students-dtnet/dtnet_a_lin-seed2/metrics/summaries.yaml,436,ce7ace3ef986ef428aa7f18f1c73627dbec131c0d41716833ae0fba3ed965585
students-dtnet,run_manifest,outputs/students-dtnet/dtnet_a_mfcc-seed0/manifest.yaml,2700,313f0305dc01f0d98ec902df19956dc78b2e26588292632bf3c4701838b98aaf
students-dtnet,canonical_epoch_log,outputs/students-dtnet/dtnet_a_mfcc-seed0/metrics/paper_replication/dtnet_a_mfcc.jsonl,82298,bffac2b6b0f3a1e70d7816438167c662e253471e35e8eec49480df476a6fcadd
students-dtnet,training_summary,outputs/students-dtnet/dtnet_a_mfcc-seed0/metrics/summaries.yaml,435,eaf75a889a7e0b346e1894510a32e65b00b06dab4314857f9b4ce67116067b1f
students-dtnet,run_manifest,outputs/students-dtnet/dtnet_a_mfcc-seed1/manifest.yaml,2700,07d12a45b1aa04ad8a2bce7f2fb061577651217d008a13db476e918840e421e0
students-dtnet,canonical_epoch_log,outputs/students-dtnet/dtnet_a_mfcc-seed1/metrics/paper_replication/dtnet_a_mfcc.jsonl,82256,af8af9b708e7ec5228c53223dcaa0596d620d780e45c787dccbfeb3323a6f7a5
students-dtnet,training_summary,outputs/students-dtnet/dtnet_a_mfcc-seed1/metrics/summaries.yaml,438,711f1732cfab0ee5a6a33f999f762436e0574a3745406b5232f23564d5f7c7fc
students-dtnet,run_manifest,outputs/students-dtnet/dtnet_a_mfcc-seed2/manifest.yaml,2700,dd4bbaed8f223b9b95c44c6cbd733b16cf2aeb67b0c4db6db2d7db1f7a593997
students-dtnet,canonical_epoch_log,outputs/students-dtnet/dtnet_a_mfcc-seed2/metrics/paper_replication/dtnet_a_mfcc.jsonl,82302,1cd0b38be9f3cc7009482ac24170b97d67aa3d82ad4c55ad365e9231289daa9f
students-dtnet,training_summary,outputs/students-dtnet/dtnet_a_mfcc-seed2/metrics/summaries.yaml,438,c5460aad1d6ec9244dbe693feff8160ff558d0703e8994be76399cec814ac0c9
students-dtnet,run_manifest,outputs/students-dtnet/dtnet_a_notau-seed0/manifest.yaml,2706,70f5439e59cb57d8669ce472abb1a2ec605f47bbab6ce429c2f03a8686c69efa
students-dtnet,canonical_epoch_log,outputs/students-dtnet/dtnet_a_notau-seed0/metrics/paper_replication/dtnet_a_notau.jsonl,82575,d0c507ce5ab2d9e5c753c365df4e566e91373dd452474f1db0a2a32eeac6ba97
students-dtnet,training_summary,outputs/students-dtnet/dtnet_a_notau-seed0/metrics/summaries.yaml,440,1afcd3a65f160eb84aea2e91290fa06f1be0439d812dfb62cb114378ea7cc622
students-dtnet,run_manifest,outputs/students-dtnet/dtnet_a_notau-seed1/manifest.yaml,2706,698ab8e71eb001c463a0daf593ac420fd567f3c32410db8af8fbc967581bc43f
students-dtnet,canonical_epoch_log,outputs/students-dtnet/dtnet_a_notau-seed1/metrics/paper_replication/dtnet_a_notau.jsonl,82559,9ee238c933c91513e33f6db3cf3dde58920fd935a93dc5c5d6312682dba72939
students-dtnet,training_summary,outputs/students-dtnet/dtnet_a_notau-seed1/metrics/summaries.yaml,440,efce47cd08ea18d860176b3e411cdd050e5dc304d040d2b448450a599fa3d2a7
students-dtnet,run_manifest,outputs/students-dtnet/dtnet_a_notau-seed2/manifest.yaml,2706,78e6dd7457805f6a1049ce20a205a115e6c71bae3bfac721cc89b02c1d1b4137
students-dtnet,canonical_epoch_log,outputs/students-dtnet/dtnet_a_notau-seed2/metrics/paper_replication/dtnet_a_notau.jsonl,82540,e81855c1b07b788f905be29fe09d1140999721a893908d7ce47e85cb20129f6a
students-dtnet,training_summary,outputs/students-dtnet/dtnet_a_notau-seed2/metrics/summaries.yaml,440,1b086b98ccaca1c53d5f72a1da2cf038c38b40a6f6610b01565d9c45c7dfc437
students-dtnet,run_manifest,outputs/students-dtnet/dtnet_a_point-seed0/manifest.yaml,2706,4289882e1a863c884092c8279d3b56e3d4d0cce8bbe71f8d8f4cd7cdec6250d1
students-dtnet,canonical_epoch_log,outputs/students-dtnet/dtnet_a_point-seed0/metrics/paper_replication/dtnet_a_point.jsonl,82532,16d63f582f5e3e05eb5642ad7e48efa1a97f3152a718d5557d322dbb1744292d
students-dtnet,training_summary,outputs/students-dtnet/dtnet_a_point-seed0/metrics/summaries.yaml,439,b51d5b60e6bab82a0b81b8beae3d19d0c6d1b11e468bc0e3862629d343cd3f22
students-dtnet,run_manifest,outputs/students-dtnet/dtnet_a_point-seed1/manifest.yaml,2706,981b93bcb8e64c3227b19434bcdb22b800f04062466efba537ccb6df9d87b5b0
students-dtnet,canonical_epoch_log,outputs/students-dtnet/dtnet_a_point-seed1/metrics/paper_replication/dtnet_a_point.jsonl,82591,26723955ef63248fd06ca2664f7c4d4e6b8de5f319b9115fa638bd11f0cb2695
students-dtnet,training_summary,outputs/students-dtnet/dtnet_a_point-seed1/metrics/summaries.yaml,440,961356c045f1252aea86d2071684d919d8d9b46978f4d7caa1ce4e91d9d91f09
students-dtnet,run_manifest,outputs/students-dtnet/dtnet_a_point-seed2/manifest.yaml,2706,dfdd7b718b958f85e792dbd8c6fbea2d33bfffc46c8482cdd57d00e9e4b2714f
students-dtnet,canonical_epoch_log,outputs/students-dtnet/dtnet_a_point-seed2/metrics/paper_replication/dtnet_a_point.jsonl,82575,003a68b02160ce86624966a2e56159e6c7ad4516d054964e2269b310b276900c
students-dtnet,training_summary,outputs/students-dtnet/dtnet_a_point-seed2/metrics/summaries.yaml,440,16cdd0504950285bb4b91ca3e807e81bf1ea51fd4e29d327b5fe66c19fa5f290
students-dtnet,run_manifest,outputs/students-dtnet/dtnet_a_point3-seed0/manifest.yaml,2712,f94cc8aeff0f176aa2b6eb18baf614eca1983a0ad882242d752f572203673020
students-dtnet,canonical_epoch_log,outputs/students-dtnet/dtnet_a_point3-seed0/metrics/paper_replication/dtnet_a_point3.jsonl,82738,f44b7e142d93fe92cf59a40d5b6dbba6035a781b4a3c4e6cb457587a08a8c8ae
students-dtnet,training_summary,outputs/students-dtnet/dtnet_a_point3-seed0/metrics/summaries.yaml,442,6764d474c026aad96853fd165d25950dee673894dc5ff0b6d25e562357048f97
students-dtnet,run_manifest,outputs/students-dtnet/dtnet_a_point3-seed1/manifest.yaml,2712,363fa54ea7a450e5e0fb233701a92b0188d627daa238bd02c96decbe4af0c53c
students-dtnet,canonical_epoch_log,outputs/students-dtnet/dtnet_a_point3-seed1/metrics/paper_replication/dtnet_a_point3.jsonl,82767,2a417471beaf25e56f2bffffbe9a0c5411fb2c1cab27d76575e6d87584985fe9
students-dtnet,training_summary,outputs/students-dtnet/dtnet_a_point3-seed1/metrics/summaries.yaml,442,abb9cc8377665caa0662059ff410eeb334fc161f48104a080d49afbfdce710f3
students-dtnet,run_manifest,outputs/students-dtnet/dtnet_a_point3-seed2/manifest.yaml,2714,2ddcb148cfda2097c5f283a6b81b980859bb48b617fa110562e1ab8cdc3eece6
students-dtnet,canonical_epoch_log,outputs/students-dtnet/dtnet_a_point3-seed2/metrics/paper_replication/dtnet_a_point3.jsonl,82754,56bf3d3255804ffdc4dd4c733c6944543a3ddfdfed97d6fdbb256c8b679f0ed0
students-dtnet,training_summary,outputs/students-dtnet/dtnet_a_point3-seed2/metrics/summaries.yaml,442,6f221118e2ecb4b22dcfbbc687f1cb672253c169ae369203ade3773f42ea3c39
students-dtnet,run_manifest,outputs/students-dtnet/dtnet_a_rnd-seed0/manifest.yaml,2694,bb91b9f96db1724d7b5202edf352df6232348808bf0cede46dcf7dae2c8ebdf1
students-dtnet,canonical_epoch_log,outputs/students-dtnet/dtnet_a_rnd-seed0/metrics/paper_replication/dtnet_a_rnd.jsonl,82174,f8a370afe65988f7726034272c6175e0c507eff3b1f999d31f08b4f5a630ec0e
students-dtnet,training_summary,outputs/students-dtnet/dtnet_a_rnd-seed0/metrics/summaries.yaml,436,12d6c44031a37fe887c8eb4a1afb403226f44aebb488f923f4b941e2722e4756
students-dtnet,run_manifest,outputs/students-dtnet/dtnet_a_rnd-seed1/manifest.yaml,2694,5994ce947481fb2b8b1b8515aca04de25351002b950c8bf79fa6183a7de6ea7a
students-dtnet,canonical_epoch_log,outputs/students-dtnet/dtnet_a_rnd-seed1/metrics/paper_replication/dtnet_a_rnd.jsonl,82169,3c78215f0566316d8bd305fed76cd38e5a01244797005f935501eaae03260f0f
students-dtnet,training_summary,outputs/students-dtnet/dtnet_a_rnd-seed1/metrics/summaries.yaml,436,dc8e13ae451fee037d95646ac5db1037d13ca9a4744f347566fb61728c50f05c
students-dtnet,run_manifest,outputs/students-dtnet/dtnet_a_rnd-seed2/manifest.yaml,2694,66c88806138504fbc0f7b55ac21685c5356d4b9a3a5901e7b3338de061037564
students-dtnet,canonical_epoch_log,outputs/students-dtnet/dtnet_a_rnd-seed2/metrics/paper_replication/dtnet_a_rnd.jsonl,82162,2bdf7dc76ac1c549d3abbb354ac9dd11fda66c3f27fa7c8ca9de5bf20e808966
students-dtnet,training_summary,outputs/students-dtnet/dtnet_a_rnd-seed2/metrics/summaries.yaml,436,a2ab5b1bad0ad0f83c22f061564a8f3f88756e2bbd2e55c2401cc4f8bf04e2c8
students-dtnet,run_manifest,outputs/students-dtnet/dtnet_a_shared-seed0/manifest.yaml,2712,1a248d53e25c2bce98ef3b3e1bda0c62f0d46b628675e5edce890f729e490118
students-dtnet,canonical_epoch_log,outputs/students-dtnet/dtnet_a_shared-seed0/metrics/paper_replication/dtnet_a_shared.jsonl,82776,d83898f24bbf7b57d4e9f5dfe478629ee13fba11b75af7d9d40f5079b8425214
students-dtnet,training_summary,outputs/students-dtnet/dtnet_a_shared-seed0/metrics/summaries.yaml,442,41645b8940fff3d91f320de84ba93bd4a85ee11d51ff16b2098284a87a9b9228
students-dtnet,run_manifest,outputs/students-dtnet/dtnet_a_shared-seed1/manifest.yaml,2712,dddd302ae059cd925b9da284aefdd411921a1f77c1b41016ac6e97d2cd889fc6
students-dtnet,canonical_epoch_log,outputs/students-dtnet/dtnet_a_shared-seed1/metrics/paper_replication/dtnet_a_shared.jsonl,82755,75c5df699e4573e83c8f2c4860673f412fda56df054fea15fc09674c0097554a
students-dtnet,training_summary,outputs/students-dtnet/dtnet_a_shared-seed1/metrics/summaries.yaml,442,ebef7680cffc37cee0db250212bb8d160fce1fff372161988679e7901c0d94d1
students-dtnet,run_manifest,outputs/students-dtnet/dtnet_a_shared-seed2/manifest.yaml,2712,92c46a1090c618e4ebf29b9ceaedab53a883060b6310b50fe56e9696dd8ffdf9
students-dtnet,canonical_epoch_log,outputs/students-dtnet/dtnet_a_shared-seed2/metrics/paper_replication/dtnet_a_shared.jsonl,82747,037ecdcc5c1a99b58bad00ec040d019b3b7e5a44b09ffbebeef772951694d63a
students-dtnet,training_summary,outputs/students-dtnet/dtnet_a_shared-seed2/metrics/summaries.yaml,441,d33aae79eadc9f808025dfbd97becbc581f135e9fafd3cf19c812f82d09bbddc
students-dtnet,run_manifest,outputs/students-dtnet/dtnet_b_het-seed0/manifest.yaml,2694,ce06794e492d909011a9428143143a17e7b6e54aa0847bf9f1670ed107e5ed2e
students-dtnet,canonical_epoch_log,outputs/students-dtnet/dtnet_b_het-seed0/metrics/paper_replication/dtnet_b_het.jsonl,82181,6736314211e10e5e36f0804153eac3e3de0e2bdf1e33586f15ba46b53c601956
students-dtnet,training_summary,outputs/students-dtnet/dtnet_b_het-seed0/metrics/summaries.yaml,436,345b2eccacde3d0fd25fa52d0ee837bebdef9e2dec6616606a42bb723a57a45b
students-dtnet,run_manifest,outputs/students-dtnet/dtnet_b_het-seed1/manifest.yaml,2694,48ceae354b153b15c1a7677554afe2578cfbc8b38d9a30db72e6568308fb7d13
students-dtnet,canonical_epoch_log,outputs/students-dtnet/dtnet_b_het-seed1/metrics/paper_replication/dtnet_b_het.jsonl,82165,783b8ae44e6748f9024d3e9f7c8ac20a69a1838e9203e5accf9e6d27b388abab
students-dtnet,training_summary,outputs/students-dtnet/dtnet_b_het-seed1/metrics/summaries.yaml,436,716339c297d6fbc46535bf5f1c140384e4d7de8f7b68a3441da74981a571c356
students-dtnet,run_manifest,outputs/students-dtnet/dtnet_b_het-seed2/manifest.yaml,2694,5007f47b1e125dface0d2df1276d33b55f1876b93ce7f992a30573dfa72e16be
students-dtnet,canonical_epoch_log,outputs/students-dtnet/dtnet_b_het-seed2/metrics/paper_replication/dtnet_b_het.jsonl,82157,a96f06cffcf9ae257c4fef2371ac63eba1d93d4aa4bf50080a798ce886da0188
students-dtnet,training_summary,outputs/students-dtnet/dtnet_b_het-seed2/metrics/summaries.yaml,436,047ebdcad0c8128c7871acfcd5931bd892ef20573d7fcf76e0b476b3bff7b19c
students-dtnet,run_manifest,outputs/students-dtnet/dtnet_b_point-seed0/manifest.yaml,2706,eb0da360fa57efa48b5a6b349bfc5ea2b345415072a508ed6e53617724020569
students-dtnet,canonical_epoch_log,outputs/students-dtnet/dtnet_b_point-seed0/metrics/paper_replication/dtnet_b_point.jsonl,82544,eaf4ea81d2e09aaffc6144afd2a3f90b1ad97734d94926e4cbf678fba608f299
students-dtnet,training_summary,outputs/students-dtnet/dtnet_b_point-seed0/metrics/summaries.yaml,440,d5025e5a5b08100a55a9ffc18f577ee468b0f37d85cd65f18ef8b9cd179e5a58
students-dtnet,run_manifest,outputs/students-dtnet/dtnet_b_point-seed1/manifest.yaml,2706,1fedd062ae2d93d589e3cdb07e65bcf505624f64ef6aa35f57ac3599e0831452
students-dtnet,canonical_epoch_log,outputs/students-dtnet/dtnet_b_point-seed1/metrics/paper_replication/dtnet_b_point.jsonl,82562,58aa3116f690648e8d1c554ed52bbdc202f2919287e7fea09f47403c49e404d7
students-dtnet,training_summary,outputs/students-dtnet/dtnet_b_point-seed1/metrics/summaries.yaml,440,f3b112df0532b08a47126854c23fe72267a304332c55485a765e1bc29e9b7df8
students-dtnet,run_manifest,outputs/students-dtnet/dtnet_b_point-seed2/manifest.yaml,2706,e97938e9b9d066e06d4cfeefe01139c55f4fd10e3c64c379eec1d15fd5fe17bd
students-dtnet,canonical_epoch_log,outputs/students-dtnet/dtnet_b_point-seed2/metrics/paper_replication/dtnet_b_point.jsonl,82531,48924de15bc9e1af0f25e4a26a3c09fc1ed74fe1046309a952b840084e70651f
students-dtnet,training_summary,outputs/students-dtnet/dtnet_b_point-seed2/metrics/summaries.yaml,440,b19118d879477ffb6575d18ca05fa7bca3e1af942fbb0237561723cbe728f4bd
students-ei,run_manifest,outputs/students-ei/ei_c10x20-seed0/manifest.yaml,2826,27ac518e39a60a7a1b98cf8be0970c7dc9b6c96a8e9fcf0b251a09ec46be7dba
students-ei,canonical_epoch_log,outputs/students-ei/ei_c10x20-seed0/metrics/paper_replication/ei_c10x20.jsonl,78924,408bc8e04d2d6b6dee3d1fea9b244ab39d7d709ec0ec7c0a92e12b7c416d85b9
students-ei,training_summary,outputs/students-ei/ei_c10x20-seed0/metrics/summaries.yaml,431,0744f444f19731c24c47184f8cb150cb9d8baffabe7788a89becb7b4d243e2e5
students-ei,run_manifest,outputs/students-ei/ei_c4x8-seed0/manifest.yaml,2814,bba4ebb69d132c353bda7e197fb63032a3276f65af5d96475825700f6d24326b
students-ei,canonical_epoch_log,outputs/students-ei/ei_c4x8-seed0/metrics/paper_replication/ei_c4x8.jsonl,78797,f2525b4aa1e03a4478613c332a99aad155c5e0bf13f1ef59ff13855cdaebc18e
students-ei,training_summary,outputs/students-ei/ei_c4x8-seed0/metrics/summaries.yaml,428,0feab1796d0b983b1ffd160b87ac668f2994213af0c90583d765926306539e5f
students-ei,run_manifest,outputs/students-ei/ei_c4x8_hd1f32-seed0/manifest.yaml,2856,b5b26664fc2484a1224314e995ad980a0d5938a51ccdb8e88f05ca6603e84b83
students-ei,canonical_epoch_log,outputs/students-ei/ei_c4x8_hd1f32-seed0/metrics/paper_replication/ei_c4x8_hd1f32.jsonl,80243,15d86bcf39edee5ed5d11d71edf5fc14dc744cf16e4b8187a6b33d984f2b84a8
students-ei,training_summary,outputs/students-ei/ei_c4x8_hd1f32-seed0/metrics/summaries.yaml,442,b15c7f98ddfcb1f46c02af8df96c06b17586e96297560e2c7299ea13ea28ed6b
students-ei,run_manifest,outputs/students-ei/ei_c4x8_hd2f32-seed0/manifest.yaml,2856,7735b330c31bf4139f184ce452fcb7878ebb3e6fe23822fdd85d8248f08d3a81
students-ei,canonical_epoch_log,outputs/students-ei/ei_c4x8_hd2f32-seed0/metrics/paper_replication/ei_c4x8_hd2f32.jsonl,80206,48174f935c3bd00d0fe862738b6e162a60af2f209646c7aaf0e1c9ca5f2ddb0a
students-ei,training_summary,outputs/students-ei/ei_c4x8_hd2f32-seed0/metrics/summaries.yaml,442,67792d4b927bf94c9a5144130e3f217aef0fa241eb7a45b85d8d4c0202fbd7b5
students-ei,run_manifest,outputs/students-ei/ei_c4x8_hd4f32-seed0/manifest.yaml,2856,743c174a833d0062d7b02dce7e41f7a0406b954277b675514fe96961082d4fa6
students-ei,canonical_epoch_log,outputs/students-ei/ei_c4x8_hd4f32-seed0/metrics/paper_replication/ei_c4x8_hd4f32.jsonl,80244,4455a4fb08eeacd6c10d1e19f0dd98c4903aee5fdfcd44cf71b8447a3ff4d904
students-ei,training_summary,outputs/students-ei/ei_c4x8_hd4f32-seed0/metrics/summaries.yaml,442,0178f0b5d1cac095a96a9d0b0ab1eae33b4a661fbda4c000e9cebf81bebd98bd
students-ei,run_manifest,outputs/students-ei/ei_c5x10-seed0/manifest.yaml,2820,126e4ac4bb89dbab07239d339bb2bfaf5d6af949457e4e82d1b90a9bae85fd05
students-ei,canonical_epoch_log,outputs/students-ei/ei_c5x10-seed0/metrics/paper_replication/ei_c5x10.jsonl,78977,5e0a77acac4968c9494f82cf74c5571ea35883a3f0b2be0f858620201b23d1d6
students-ei,training_summary,outputs/students-ei/ei_c5x10-seed0/metrics/summaries.yaml,430,67f7a76723f6b14da46f21977145bc3e29198f2ad06ccf1a5d99569102a613d0
students-ei,run_manifest,outputs/students-ei/ei_c6x12-seed0/manifest.yaml,2820,c96701bd23c88bf327de1703c6fc1b0adc7695e0b98ca4281b67a1284c4d5b78
students-ei,canonical_epoch_log,outputs/students-ei/ei_c6x12-seed0/metrics/paper_replication/ei_c6x12.jsonl,78870,36ec25df311e1ebf97105a3e2d53ec46661a3118304521c154ee514bfbea18d7
students-ei,training_summary,outputs/students-ei/ei_c6x12-seed0/metrics/summaries.yaml,430,23ab9fa4ce813a106bda5fa337c213d9597f4bee48ef2760e4a0e1adcc871d70
students-ei,run_manifest,outputs/students-ei/ei_c7x14-seed0/manifest.yaml,2820,105018d434942eb3ada1e3ddc5d6ceb31f1d4d33e98ea6e0ff55c87c663c4a84
students-ei,canonical_epoch_log,outputs/students-ei/ei_c7x14-seed0/metrics/paper_replication/ei_c7x14.jsonl,78868,cb430e6c9977dbc7726e47c2d41ab2eb2bce2ea4573a4c64a152afa0bcfe0fdf
students-ei,training_summary,outputs/students-ei/ei_c7x14-seed0/metrics/summaries.yaml,428,aff7a9e9bbfab7d078cd58fce0478ba86e54f3aefd9d181ee429992ef11d28f0
students-ei,run_manifest,outputs/students-ei/ei_c8x16-seed0/manifest.yaml,2820,38f5a6e8accf29733cbb7746d9b2c82fd2e72ad3c94891509267f553db65b4d7
students-ei,canonical_epoch_log,outputs/students-ei/ei_c8x16-seed0/metrics/paper_replication/ei_c8x16.jsonl,78806,108fcef702bbfa8dd796d926c7d69a2cac9f31b2c5f2a32dcfa7e14c220f8b05
students-ei,training_summary,outputs/students-ei/ei_c8x16-seed0/metrics/summaries.yaml,428,efff650ee73e8b68341db22eb95055bd8e7055839eea3a1146e6e363da16e3e7
students-ei,run_manifest,outputs/students-ei/ei_c8x16_hd1f64-seed0/manifest.yaml,2862,2a4a5c03297ac18736398dd0f6af1c9e77e91610bb3c7407190a2d6463e797d4
students-ei,canonical_epoch_log,outputs/students-ei/ei_c8x16_hd1f64-seed0/metrics/paper_replication/ei_c8x16_hd1f64.jsonl,80253,d97cfb9e095132178c41c2ff6767447e94de52dcbbce4b5224fe707acdbf96dc
students-ei,training_summary,outputs/students-ei/ei_c8x16_hd1f64-seed0/metrics/summaries.yaml,444,fc0bc3a5a5266b6b5629706ce909b7d908c872ced842486f168d6d39dedd5afa
students-ei,run_manifest,outputs/students-ei/ei_c8x16_hd2f64-seed0/manifest.yaml,2862,40cc17dffeb00b9a5de6b8426da9650b6b7ff85e33839410a47059271bfc3b5d
students-ei,canonical_epoch_log,outputs/students-ei/ei_c8x16_hd2f64-seed0/metrics/paper_replication/ei_c8x16_hd2f64.jsonl,80252,5d9525b33d9515c0923129cbbe618286610be8402b653ad34d24da16184f96b1
students-ei,training_summary,outputs/students-ei/ei_c8x16_hd2f64-seed0/metrics/summaries.yaml,444,0cf81cff882318b4917425cddb9c9b8d9c99a5dba67139b75283cab8aab9a002
students-ei,run_manifest,outputs/students-ei/ei_c9x18-seed0/manifest.yaml,2820,7a769b9191e2842d99d4800ba1995ae631f8591387a64488700bd100c5566734
students-ei,canonical_epoch_log,outputs/students-ei/ei_c9x18-seed0/metrics/paper_replication/ei_c9x18.jsonl,78824,190a6a938538b58731f30aa00422736b6ccf5b4c933457461153c59c06a955e6
students-ei,training_summary,outputs/students-ei/ei_c9x18-seed0/metrics/summaries.yaml,430,67e9001c45181762bf9f7159cea5c26793d21621efeccff5e771ae3d3e4aa77f
students-ei-adamw,run_manifest,outputs/students-ei-adamw/ei_c10x20-seed0/manifest.yaml,2784,c9ad3c3f32ce0190990b39bbcca408044a24d77f455912b5694fa1e62f81e580
students-ei-adamw,canonical_epoch_log,outputs/students-ei-adamw/ei_c10x20-seed0/metrics/paper_replication/ei_c10x20.jsonl,81608,e92534ec522a27c41f3771704576675103eb1e4353c1745354751f0356616cae
students-ei-adamw,training_summary,outputs/students-ei-adamw/ei_c10x20-seed0/metrics/summaries.yaml,432,20aa0b4eb717decfdf48b988484d76d328b204df906a5c700d0e91d8eb8df467
students-ei-adamw,run_manifest,outputs/students-ei-adamw/ei_c4x8-seed0/manifest.yaml,2772,9607cf20c67eeeecc6070e713146d690e0cfdce1086740e419e8803119216acc
students-ei-adamw,canonical_epoch_log,outputs/students-ei-adamw/ei_c4x8-seed0/metrics/paper_replication/ei_c4x8.jsonl,81231,161e4f6f6d9dbda205f28493fc0f1967e661e7bced62048fe975b149d8239af5
students-ei-adamw,training_summary,outputs/students-ei-adamw/ei_c4x8-seed0/metrics/summaries.yaml,428,bcfe5ff10341291918562cb348d71aaeb61b60f33cc8cfac3b05513756ce9a31
students-ei-adamw,run_manifest,outputs/students-ei-adamw/ei_c4x8_hd2f32-seed0/manifest.yaml,2814,b5272c42d3d68bfa97948e3b820d0960cda9084ad0d68cdd050a36ae67eaf415
students-ei-adamw,canonical_epoch_log,outputs/students-ei-adamw/ei_c4x8_hd2f32-seed0/metrics/paper_replication/ei_c4x8_hd2f32.jsonl,82734,1910c2714bc8ba40219b40082847ca988e5682efcedd9faa5f6ff37729f62dbb
students-ei-adamw,training_summary,outputs/students-ei-adamw/ei_c4x8_hd2f32-seed0/metrics/summaries.yaml,442,a59279cee1d0eec6dd387880c822cc16b6dd97e1149c53bb61defa0f46df450a
students-ei-adamw,run_manifest,outputs/students-ei-adamw/ei_c8x16-seed0/manifest.yaml,2778,1be5bedfb4413b28df2a489bddb5133e1296dc941095241c304474778792e47b
students-ei-adamw,canonical_epoch_log,outputs/students-ei-adamw/ei_c8x16-seed0/metrics/paper_replication/ei_c8x16.jsonl,81474,05d8501a0f6b5802534a89627671e53aca2775f681af5654d59501edd4cf5f20
students-ei-adamw,training_summary,outputs/students-ei-adamw/ei_c8x16-seed0/metrics/summaries.yaml,430,0d61e6c637234b718fd4560a3b9a3dfb04e77e4994e8cfae70fd4b125e9086b8
students-ei-adamw,run_manifest,outputs/students-ei-adamw/ei_c8x16_hd2f64-seed0/manifest.yaml,2820,dffe6ac1563c82a2182e36e9bd138b863a7ef7e1764696154d5fb1d0c66b62a1
students-ei-adamw,canonical_epoch_log,outputs/students-ei-adamw/ei_c8x16_hd2f64-seed0/metrics/paper_replication/ei_c8x16_hd2f64.jsonl,82824,005e1b623d1e56b980364ac15fb96d635706758e5ef3a3d42e0ea6b394c6b0c9
students-ei-adamw,training_summary,outputs/students-ei-adamw/ei_c8x16_hd2f64-seed0/metrics/summaries.yaml,443,032cc4380cabba4469c410d2c4e12b339c0dbc1feddf0e6f4dabb603f02fa161
students-msd,run_manifest,outputs/students-msd/sparknet_msd_a13_dense-seed0/manifest.yaml,2828,14cac8244737da9cff427d6ae9739e0e5da6674c8dcd7dace887d7c18fe9afa4
students-msd,canonical_epoch_log,outputs/students-msd/sparknet_msd_a13_dense-seed0/metrics/paper_replication/sparknet_msd_a13_dense.jsonl,90057,2ba82d6bc9ae2fbf4da09c2b12d2b21b41830fb0f68bcccb63a5b874b1713759
students-msd,training_summary,outputs/students-msd/sparknet_msd_a13_dense-seed0/metrics/summaries.yaml,458,7b8e350e5e8ea6a9bf256d9ef560abc46dc7b7df575d02d19bca90628a853093
students-msd,run_manifest,outputs/students-msd/sparknet_msd_a13_dense-seed1/manifest.yaml,2828,02f9665bd717215ce43e808b6ffef86700d10401bfa2a6837daadd5acbfefc67
students-msd,canonical_epoch_log,outputs/students-msd/sparknet_msd_a13_dense-seed1/metrics/paper_replication/sparknet_msd_a13_dense.jsonl,90115,3c18a4cc92b0b7ee810d68d6ca1f8d6abfb82ecd88bca54caebc3162f29a6fbb
students-msd,training_summary,outputs/students-msd/sparknet_msd_a13_dense-seed1/metrics/summaries.yaml,458,cd543e5d6a679bbb6fd942c90edcb92c8790593f871f43211853d29406fe11d9
students-msd,run_manifest,outputs/students-msd/sparknet_msd_a13_dense-seed2/manifest.yaml,2828,21a920988c34ccd0495a7f5899d696a14e7c0668946958b6dd9d4d968acc5672
students-msd,canonical_epoch_log,outputs/students-msd/sparknet_msd_a13_dense-seed2/metrics/paper_replication/sparknet_msd_a13_dense.jsonl,90104,c6c4364d5f1ce7e6e72b2648f9953903e6574e7cf975f00a6433211eea0fb039
students-msd,training_summary,outputs/students-msd/sparknet_msd_a13_dense-seed2/metrics/summaries.yaml,458,6c5e828e4012fc485b099b36b0d1ecd3fc63240bd6370ec5e0d6f5a8525b5482
students-msd,run_manifest,outputs/students-msd/sparknet_msd_a13_lin-seed0/manifest.yaml,2816,7e2555a641852f85629343576578aa0955d57701c89502d29ee25e473a261792
students-msd,canonical_epoch_log,outputs/students-msd/sparknet_msd_a13_lin-seed0/metrics/paper_replication/sparknet_msd_a13_lin.jsonl,89723,3104093cb7eb9020ebb0e4d892cbcda4a802b0f326e4e697c6a555f47838d689
students-msd,training_summary,outputs/students-msd/sparknet_msd_a13_lin-seed0/metrics/summaries.yaml,454,aaeedd07c22075d0967dd3dbaa9eed28c8347896bf776eb784e7c94dc200889f
students-msd,run_manifest,outputs/students-msd/sparknet_msd_a13_lin-seed1/manifest.yaml,2816,c4e095dfa12a1bbb6ac65206cd1b0b3a0e864506153ea88964309fb8786c4baa
students-msd,canonical_epoch_log,outputs/students-msd/sparknet_msd_a13_lin-seed1/metrics/paper_replication/sparknet_msd_a13_lin.jsonl,89667,6d5ba2386dc8336d46dda8d43910dad3fd9d72b886c133a3b1cb673f0dbc4157
students-msd,training_summary,outputs/students-msd/sparknet_msd_a13_lin-seed1/metrics/summaries.yaml,453,ff3303eee6907a3edb10d78fb1ed761cdd1af809ac0d6ec1387f41b9e05bd9f6
students-msd,run_manifest,outputs/students-msd/sparknet_msd_a13_lin-seed2/manifest.yaml,2816,d99e2cdc53d3a6591ab70463243a09c2f5749fb1dbaef5878871e53fe7384400
students-msd,canonical_epoch_log,outputs/students-msd/sparknet_msd_a13_lin-seed2/metrics/paper_replication/sparknet_msd_a13_lin.jsonl,89694,a594cee6ced39bcb7e17483649a0e7a4160e38670e249285c91a76afb6309609
students-msd,training_summary,outputs/students-msd/sparknet_msd_a13_lin-seed2/metrics/summaries.yaml,454,82f5ec28b4d5745ae4bfbd632b8a35ff8d704a28a1ce3a6f8aed6715063a144e
students-msd,run_manifest,outputs/students-msd/sparknet_msd_a13_relu-seed0/manifest.yaml,2822,3190604c84b0bc98cf454fbf7aaf42d495b69f4508054a122a624ec2509a7fdf
students-msd,canonical_epoch_log,outputs/students-msd/sparknet_msd_a13_relu-seed0/metrics/paper_replication/sparknet_msd_a13_relu.jsonl,89908,7ce97858b631ef3732e2a32cd063a84027acbce8b4dd9fec3bb518379b9e9ebf
students-msd,training_summary,outputs/students-msd/sparknet_msd_a13_relu-seed0/metrics/summaries.yaml,454,c326c22e2f37d831ec638d9d003479d8d6a244bb099cf05b8ea32d80b54feed5
students-msd,run_manifest,outputs/students-msd/sparknet_msd_a13_relu-seed1/manifest.yaml,2822,6fd55d17c70604d9e096f71fe21b627cd0167c0c68a2afaf319baec489c8a057
students-msd,canonical_epoch_log,outputs/students-msd/sparknet_msd_a13_relu-seed1/metrics/paper_replication/sparknet_msd_a13_relu.jsonl,89906,ec7be8545f79e5b7475754787ebdad9b2efe86953fe9a3954a906c305e9896ea
students-msd,training_summary,outputs/students-msd/sparknet_msd_a13_relu-seed1/metrics/summaries.yaml,456,0e45e2bd5b129353fcb6efa574560396440560e11011d07cd81441cdea4d03c0
students-msd,run_manifest,outputs/students-msd/sparknet_msd_a13_relu-seed2/manifest.yaml,2822,4402fc0a0231042a7aceb06ce83b6569e9aaac0c64a3c746358a22a74b4bf186
students-msd,canonical_epoch_log,outputs/students-msd/sparknet_msd_a13_relu-seed2/metrics/paper_replication/sparknet_msd_a13_relu.jsonl,89914,1bfeaf4d453c9bbf1d757fcbfc712264a5c493bd342a440936bc46378e7a33e0
students-msd,training_summary,outputs/students-msd/sparknet_msd_a13_relu-seed2/metrics/summaries.yaml,455,0c8c11980ee42838371caeadb3d84218de5eb8b2c0720d965444a37de3c8a714
students-msd,run_manifest,outputs/students-msd/sparknet_msd_a_1scale-seed0/manifest.yaml,2822,e7d1f45b291b6f7610a9b853e9fc20be129a253737db48afc6f6e158d6a44821
students-msd,canonical_epoch_log,outputs/students-msd/sparknet_msd_a_1scale-seed0/metrics/paper_replication/sparknet_msd_a_1scale.jsonl,89875,b10e5e05372b6c815ef2cebc7ea921f72ef039ebf13d78c6f107b2b7494531a2
students-msd,training_summary,outputs/students-msd/sparknet_msd_a_1scale-seed0/metrics/summaries.yaml,454,4629667e81b58f9e320ef440e71714b5bfb6f3a32916e745335f3136f5034ef4
students-msd,run_manifest,outputs/students-msd/sparknet_msd_a_1scale-seed1/manifest.yaml,2822,9ca740abb12a1ba6a1d4214f06db1b0aee6c886101b2b468c4d04f985d5d22c7
students-msd,canonical_epoch_log,outputs/students-msd/sparknet_msd_a_1scale-seed1/metrics/paper_replication/sparknet_msd_a_1scale.jsonl,89921,ecf796a667db81bf8586150995fe82b084ab16dd6fe29c9e47585cde18d75299
students-msd,training_summary,outputs/students-msd/sparknet_msd_a_1scale-seed1/metrics/summaries.yaml,456,d961cf14aa387751077d261b6f8fa52f29777ca1bac6124aa8f67641e65b92ac
students-msd,run_manifest,outputs/students-msd/sparknet_msd_a_1scale-seed2/manifest.yaml,2822,84cecd9ad848c01f6e1dca2de6b82259c1f9fb6af4fda11deaea29b6cf72d2f0
students-msd,canonical_epoch_log,outputs/students-msd/sparknet_msd_a_1scale-seed2/metrics/paper_replication/sparknet_msd_a_1scale.jsonl,89921,90344ef33bcead20d7d1e0e06ef6d30714797a2ef84a328d240eb4f97cac2144
students-msd,training_summary,outputs/students-msd/sparknet_msd_a_1scale-seed2/metrics/summaries.yaml,456,199dd93f32bb2aeb5c8fad5a010702c3ff038149d423a351ea843b984022efd6
students-msd,run_manifest,outputs/students-msd/sparknet_msd_a_dense-seed0/manifest.yaml,2816,331b348ef591c2d3aac1edd37a73d227267721b319c4ea91cb090bff59ea6683
students-msd,canonical_epoch_log,outputs/students-msd/sparknet_msd_a_dense-seed0/metrics/paper_replication/sparknet_msd_a_dense.jsonl,89705,be110d46b608d6a1efe4adc3da56e870e51071a4fdd869d835556d0b91ba0189
students-msd,training_summary,outputs/students-msd/sparknet_msd_a_dense-seed0/metrics/summaries.yaml,454,c64f44b4e7e7a5898962fafc95d4e3099aa97568c7ebcb1f8abe45a559127c2f
students-msd,run_manifest,outputs/students-msd/sparknet_msd_a_dense-seed1/manifest.yaml,2816,61a24ba948311a78cce7aaac59a0750594ea1f699db8b27bf061b2f85fe73290
students-msd,canonical_epoch_log,outputs/students-msd/sparknet_msd_a_dense-seed1/metrics/paper_replication/sparknet_msd_a_dense.jsonl,89681,99681dc198962c44de8d2cea9d2127798237e93bda427dabd9f4bb28f31f9500
students-msd,training_summary,outputs/students-msd/sparknet_msd_a_dense-seed1/metrics/summaries.yaml,454,a9db9eb063b0f815bb944a65509586236c3e3dfdd791bf20b387c15d3f6751ff
students-msd,run_manifest,outputs/students-msd/sparknet_msd_a_dense-seed2/manifest.yaml,2816,7bca23280fc543f3bcd13dda62e2e1fc88c16c931cb702f2997092bff09a816f
students-msd,canonical_epoch_log,outputs/students-msd/sparknet_msd_a_dense-seed2/metrics/paper_replication/sparknet_msd_a_dense.jsonl,89691,299e588de21cb741d5ebc828f61fffbe3f377052b8f66747de5bbac5daf91437
students-msd,training_summary,outputs/students-msd/sparknet_msd_a_dense-seed2/metrics/summaries.yaml,454,4aeaf658ba00c859b0e7154b4012f23aa7758a454cc6fc44f3c18eb57dbaa87a
students-msd,run_manifest,outputs/students-msd/sparknet_msd_a_lin-seed0/manifest.yaml,2804,cbca8379ced00f0de90971726cf5408732adbf0043d52894862982f632aa6936
students-msd,canonical_epoch_log,outputs/students-msd/sparknet_msd_a_lin-seed0/metrics/paper_replication/sparknet_msd_a_lin.jsonl,89211,c8ebea9b195a2cfb782d400c3fec2f4e7cf72da4b9b168f132ba92d51ee8d8c6
students-msd,training_summary,outputs/students-msd/sparknet_msd_a_lin-seed0/metrics/summaries.yaml,449,aed72d644dfa90863dc77774296a2980314aee0716687a56656dc4b8106e6ad4
students-msd,run_manifest,outputs/students-msd/sparknet_msd_a_lin-seed1/manifest.yaml,2804,15945aeaed0d887316cc536095e4f85eb68a6d138bf47759cb99bd81a8ed5c5a
students-msd,canonical_epoch_log,outputs/students-msd/sparknet_msd_a_lin-seed1/metrics/paper_replication/sparknet_msd_a_lin.jsonl,89199,1a35c352f95f5a2681afbfa47dc031b4816366f7423f592d4d70487cb52b9872
students-msd,training_summary,outputs/students-msd/sparknet_msd_a_lin-seed1/metrics/summaries.yaml,450,4a574852a6b4057bf50b8bbbcba7562d08458d43505ed6fd6fc523924a3b8ad6
students-msd,run_manifest,outputs/students-msd/sparknet_msd_a_lin-seed2/manifest.yaml,2804,64d2315c91e28d7e59d1646f65d089da61618f972692695af33370175e1004a6
students-msd,canonical_epoch_log,outputs/students-msd/sparknet_msd_a_lin-seed2/metrics/paper_replication/sparknet_msd_a_lin.jsonl,89208,21b220c24847b283ef567b284573d8dd73e58a5fd73a730f5774d4b69c0762d0
students-msd,training_summary,outputs/students-msd/sparknet_msd_a_lin-seed2/metrics/summaries.yaml,450,d6e3c0f49568668cf396a60317168fd3f1152f1db2c27fd73cc5ebb301f9f9ca
students-msd,run_manifest,outputs/students-msd/sparknet_msd_a_relu-seed0/manifest.yaml,2811,7af3104fe73c461ea54746607983833b76c93935eae93f39916898ed4dea2cc0
students-msd,canonical_epoch_log,outputs/students-msd/sparknet_msd_a_relu-seed0/metrics/paper_replication/sparknet_msd_a_relu.jsonl,89433,258263b31b5710a0ff99cb929276f181f1ef455ae111a4e9e00c3345f05191b3
students-msd,training_summary,outputs/students-msd/sparknet_msd_a_relu-seed0/metrics/summaries.yaml,452,b37a4ec4d3c1ad896c50493d9fe651cb88f31f0c771c513018b856e19eb2076d
students-msd,run_manifest,outputs/students-msd/sparknet_msd_a_relu-seed1/manifest.yaml,2811,164e4316c2fcb4c91c794399e3284718ad20a8a5caf2bbcc5c78d2c43a6d239b
students-msd,canonical_epoch_log,outputs/students-msd/sparknet_msd_a_relu-seed1/metrics/paper_replication/sparknet_msd_a_relu.jsonl,89443,0bd223af5777806d69410f8c6964a0d7813e8a9daf587971181be20929c15b6c
students-msd,training_summary,outputs/students-msd/sparknet_msd_a_relu-seed1/metrics/summaries.yaml,452,2815ae4e0c9dc6c6844e939abc931018d57f60ec4adad9d4d14c6e87e8c1da47
students-msd,run_manifest,outputs/students-msd/sparknet_msd_a_relu-seed2/manifest.yaml,2811,e38574bf82c8149bac119f213c6c9a7864ae242ea9fc3f1032b6934148652409
students-msd,canonical_epoch_log,outputs/students-msd/sparknet_msd_a_relu-seed2/metrics/paper_replication/sparknet_msd_a_relu.jsonl,89416,d80e6b65095829c032ed1b38f7d1cd600eb5e25f77330ba2528538e34bb6417a
students-msd,training_summary,outputs/students-msd/sparknet_msd_a_relu-seed2/metrics/summaries.yaml,452,dea4579dac569fa467011cba2eb79b18a2870d4e7536109371088cb70d1f21f5
students-msd,run_manifest,outputs/students-msd/sparknet_msd_b_dense-seed0/manifest.yaml,2816,65e552a7fdbfc64e64bbeb42c9bd81578e1591bad6e322e8c42095acbbbc131e
students-msd,canonical_epoch_log,outputs/students-msd/sparknet_msd_b_dense-seed0/metrics/paper_replication/sparknet_msd_b_dense.jsonl,89409,804c60a005544df5418fa682692bba5dcdba968c2c6d00364aee12b6e90f697d
students-msd,training_summary,outputs/students-msd/sparknet_msd_b_dense-seed0/metrics/summaries.yaml,454,48838413c740bc08ec8583e36487607c9a2c7ff9be20f24df1703220dad5d9b9
students-msd,run_manifest,outputs/students-msd/sparknet_msd_b_dense-seed1/manifest.yaml,2816,5ed5d1c3843f47ab9dbf7ad615fb8bb46d3464b23d34ad707dee81bbd8a8c89e
students-msd,canonical_epoch_log,outputs/students-msd/sparknet_msd_b_dense-seed1/metrics/paper_replication/sparknet_msd_b_dense.jsonl,89457,69831990ec4fca7a1706c500278432a731d7f32159190d5226de192dd64e7340
students-msd,training_summary,outputs/students-msd/sparknet_msd_b_dense-seed1/metrics/summaries.yaml,454,bdb10780d647629cbc7afd61a7be3cfb278f6f306908b91e07bcc865d8dd3fa2
students-msd,run_manifest,outputs/students-msd/sparknet_msd_b_dense-seed2/manifest.yaml,2816,e952351da97564acda4c588f398807c1dd2d5e4d7f70504ee0de27e89076d216
students-msd,canonical_epoch_log,outputs/students-msd/sparknet_msd_b_dense-seed2/metrics/paper_replication/sparknet_msd_b_dense.jsonl,89388,07e709a5e45f92435024455ae6b78055a7446a8dd1a7605f40611a4c2b54e5a6
students-msd,training_summary,outputs/students-msd/sparknet_msd_b_dense-seed2/metrics/summaries.yaml,453,e7c441723f636f67fa5b944d492d92aa21ecb1c69caac306d60d7663115fbc66
students-msd,run_manifest,outputs/students-msd/sparknet_msd_b_lin-seed0/manifest.yaml,2804,6bc9f5a110aec247c741d09593f07344f8c57d1166e7022ba219ca28afcddadb
students-msd,canonical_epoch_log,outputs/students-msd/sparknet_msd_b_lin-seed0/metrics/paper_replication/sparknet_msd_b_lin.jsonl,89029,ba59803c40853e3e26d28231b72a3f2a09db346b9e937b2506867124c97e6f3e
students-msd,training_summary,outputs/students-msd/sparknet_msd_b_lin-seed0/metrics/summaries.yaml,449,7ed0a76829664f2fed03b58246b81418f7e27f33012a3fc767c924fad8c83c23
students-msd,run_manifest,outputs/students-msd/sparknet_msd_b_lin-seed1/manifest.yaml,2804,dacc2866ed34c6f9055aae82b97a070b59bdab4a796b26b50c8b450b58a7ed26
students-msd,canonical_epoch_log,outputs/students-msd/sparknet_msd_b_lin-seed1/metrics/paper_replication/sparknet_msd_b_lin.jsonl,89064,3b44472e0b0f7f60b9d52b02dbd6ed2dda776349571c83889aeea0d72774b54e
students-msd,training_summary,outputs/students-msd/sparknet_msd_b_lin-seed1/metrics/summaries.yaml,450,4272857e910c93c7058d7fabbe5cf4be756471bfd2366ec8c3fe41221c4979e5
students-msd,run_manifest,outputs/students-msd/sparknet_msd_b_lin-seed2/manifest.yaml,2804,e8959ef98d00e8109a1582cc9a369944b332fab715ddec106aa14953bc8b96d1
students-msd,canonical_epoch_log,outputs/students-msd/sparknet_msd_b_lin-seed2/metrics/paper_replication/sparknet_msd_b_lin.jsonl,89049,886cdc8b64b6b2970247d6fb70bf673193bd08071825de9c056d9b015024958c
students-msd,training_summary,outputs/students-msd/sparknet_msd_b_lin-seed2/metrics/summaries.yaml,450,6eef275058b998fad511c380919a5fbfdc5bbf339ab3f493ea0dde793b690e88
students-msd,run_manifest,outputs/students-msd/sparknet_msd_b_relu-seed0/manifest.yaml,2810,28b78dee3df36ebc50c8d8105f10cb19742e65246116f4f6e07b616460ae4f25
students-msd,canonical_epoch_log,outputs/students-msd/sparknet_msd_b_relu-seed0/metrics/paper_replication/sparknet_msd_b_relu.jsonl,89355,d098e53102e05e952446ee1d3369a423e3178cc3f7db72ae1dc51cb7356260b6
students-msd,training_summary,outputs/students-msd/sparknet_msd_b_relu-seed0/metrics/summaries.yaml,452,ab2b74623846b8b999171d3f3b338872b02176ebeef3ad2e53e560449223c3a8
students-msd,run_manifest,outputs/students-msd/sparknet_msd_b_relu-seed1/manifest.yaml,2810,62d22aa505549442bc9cf43d87da7d269a2a28d8aa1933bea3c62c24c44c7ea7
students-msd,canonical_epoch_log,outputs/students-msd/sparknet_msd_b_relu-seed1/metrics/paper_replication/sparknet_msd_b_relu.jsonl,89310,183f54d86ec02f2caa1e3c7fa97fb12812468617bb1832f542e008b90406e2a7
students-msd,training_summary,outputs/students-msd/sparknet_msd_b_relu-seed1/metrics/summaries.yaml,452,75d8bdf0d5682eea8805060e28c612deaff2df97d56d65d913cf821872ec988b
students-msd,run_manifest,outputs/students-msd/sparknet_msd_b_relu-seed2/manifest.yaml,2810,ec12216150d5ab8e89c4a49e60844c6d47baff854fd5b93a3d66daa54cd41632
students-msd,canonical_epoch_log,outputs/students-msd/sparknet_msd_b_relu-seed2/metrics/paper_replication/sparknet_msd_b_relu.jsonl,89310,92344a8f7e42a12cf5078aa2e628cd0da3fbdda05cb34bfffbe8605cc1617002
students-msd,training_summary,outputs/students-msd/sparknet_msd_b_relu-seed2/metrics/summaries.yaml,452,6db4152079ce3c2b7476429b4be6040722d8cacdd25e5a10987c16c33dfc0873
dendritic_framework_w18,canonical_pai_architecture_scores,dendritic_framework_w18/dendritic_framework_w18_best_arch_scores.csv,79,0ca3c2220b1265dec52128f85049259fecf8ff2f5398a273af45f4ef5d0e32dc
